domain,scenario,seed,element_id,gt_fault,gt_self_clearing,lead_gain_min,t_first_correct_verdict,time_to_correct_diagnosis_min,degraded_minutes,down_minutes,n_ambiguous_decisions,n_wait_decisions,conv_escalated,layer_escalated,conv_unnecessary_dispatch,layer_unnecessary_dispatch,t_fault_onset,t_first_detectable,t_decision_layer_actionable,t_conventional_escalation,t_ticket,t_service_impact,t_outage,t_recovery,t_environment_cleared,false_calm_window_min,pre_escalation_window_min,exposure_window_min,decision_margin_min,conventional_margin_min,time_to_diagnosis_min,detect_tp,detect_fp,detect_fn,detect_tn,detect_precision,detect_recall,detect_f1,detect_fpr,detect_fnr,layer_esc_tp,layer_esc_fp,layer_esc_fn,layer_esc_tn,layer_esc_precision,layer_esc_recall,layer_esc_f1,layer_esc_fpr,layer_esc_fnr,conv_esc_tp,conv_esc_fp,conv_esc_fn,conv_esc_tn,conv_esc_precision,conv_esc_recall,conv_esc_f1,conv_esc_fpr,conv_esc_fnr,provenance,exposure_conventional,exposure_decision_layer,exposure_delta,exposure_delta_pct,decision_layer_dispatched_unnecessarily,conventional_dispatched_unnecessarily
microwave,mw_rain_cell,1,POP~R_D00_1,rain_fade,True,18.0,175.0,0.0,0.0,0.0,0,26,True,False,True,False,150.0,175.0,175.0,193.0,199.0,,,,260.0,18.0,18.0,,,,0.0,26,0,25,550,1.0,0.5098039215686274,0.6753246753246753,0.0,0.49019607843137253,0,0,0,601,,,,0.0,,0,408,0,193,0.0,,,0.6788685524126455,,ILLUSTRATIVE - not derived from operator financial data,900.0,0.0,900.0,100.0,False,True
microwave,mw_rain_cell,2,POP~R_D00_1,rain_fade,True,16.0,178.0,0.0,0.0,0.0,0,23,True,False,True,False,150.0,178.0,178.0,194.0,200.0,,,,260.0,16.0,16.0,,,,0.0,23,0,28,550,1.0,0.45098039215686275,0.6216216216216216,0.0,0.5490196078431373,0,0,0,601,,,,0.0,,0,407,0,194,0.0,,,0.6772046589018302,,ILLUSTRATIVE - not derived from operator financial data,900.0,0.0,900.0,100.0,False,True
microwave,mw_rain_cell,3,POP~R_D00_1,rain_fade,True,17.0,176.0,0.0,0.0,0.0,0,25,True,False,True,False,150.0,176.0,176.0,193.0,199.0,,,,260.0,17.0,17.0,,,,0.0,25,0,26,550,1.0,0.49019607843137253,0.6578947368421052,0.0,0.5098039215686274,0,0,0,601,,,,0.0,,0,408,0,193,0.0,,,0.6788685524126455,,ILLUSTRATIVE - not derived from operator financial data,900.0,0.0,900.0,100.0,False,True
microwave,mw_rain_cell,4,POP~R_D00_1,rain_fade,True,17.0,176.0,0.0,0.0,0.0,0,25,True,False,True,False,150.0,176.0,176.0,193.0,199.0,,,,260.0,17.0,17.0,,,,0.0,25,0,26,550,1.0,0.49019607843137253,0.6578947368421052,0.0,0.5098039215686274,0,0,0,601,,,,0.0,,0,408,0,193,0.0,,,0.6788685524126455,,ILLUSTRATIVE - not derived from operator financial data,900.0,0.0,900.0,100.0,False,True
microwave,mw_rain_cell,5,POP~R_D00_1,rain_fade,True,16.0,179.0,0.0,0.0,0.0,0,21,True,False,True,False,150.0,179.0,179.0,195.0,201.0,,,,260.0,16.0,16.0,,,,0.0,21,0,30,550,1.0,0.4117647058823529,0.5833333333333334,0.0,0.5882352941176471,0,0,0,601,,,,0.0,,0,406,0,195,0.0,,,0.6755407653910149,,ILLUSTRATIVE - not derived from operator financial data,900.0,0.0,900.0,100.0,False,True
microwave,mw_rain_cell,6,POP~R_D00_1,rain_fade,True,14.0,176.0,0.0,0.0,0.0,0,23,True,False,True,False,150.0,176.0,176.0,190.0,196.0,,,,260.0,14.0,14.0,,,,0.0,23,0,28,550,1.0,0.45098039215686275,0.6216216216216216,0.0,0.5490196078431373,0,0,0,601,,,,0.0,,0,411,0,190,0.0,,,0.6838602329450915,,ILLUSTRATIVE - not derived from operator financial data,900.0,0.0,900.0,100.0,False,True
microwave,mw_rain_cell,7,POP~R_D00_1,rain_fade,True,16.0,176.0,0.0,0.0,0.0,0,24,True,False,True,False,150.0,176.0,176.0,192.0,198.0,,,,260.0,16.0,16.0,,,,0.0,24,0,27,550,1.0,0.47058823529411764,0.6399999999999999,0.0,0.5294117647058824,0,0,0,601,,,,0.0,,0,409,0,192,0.0,,,0.6805324459234608,,ILLUSTRATIVE - not derived from operator financial data,900.0,0.0,900.0,100.0,False,True
microwave,mw_rain_cell,8,POP~R_D00_1,rain_fade,True,16.0,178.0,0.0,0.0,0.0,0,21,True,False,True,False,150.0,178.0,178.0,194.0,200.0,,,,260.0,16.0,16.0,,,,0.0,21,0,30,550,1.0,0.4117647058823529,0.5833333333333334,0.0,0.5882352941176471,0,0,0,601,,,,0.0,,0,407,0,194,0.0,,,0.6772046589018302,,ILLUSTRATIVE - not derived from operator financial data,900.0,0.0,900.0,100.0,False,True
microwave,mw_rain_cell,9,POP~R_D00_1,rain_fade,True,17.0,176.0,0.0,0.0,0.0,0,24,True,False,True,False,150.0,176.0,176.0,193.0,199.0,,,,260.0,17.0,17.0,,,,0.0,24,0,27,550,1.0,0.47058823529411764,0.6399999999999999,0.0,0.5294117647058824,0,0,0,601,,,,0.0,,0,408,0,193,0.0,,,0.6788685524126455,,ILLUSTRATIVE - not derived from operator financial data,900.0,0.0,900.0,100.0,False,True
microwave,mw_rain_cell,10,POP~R_D00_1,rain_fade,True,16.0,177.0,0.0,0.0,0.0,0,24,True,False,True,False,150.0,177.0,177.0,193.0,199.0,,,,260.0,16.0,16.0,,,,0.0,24,0,27,550,1.0,0.47058823529411764,0.6399999999999999,0.0,0.5294117647058824,0,0,0,601,,,,0.0,,0,408,0,193,0.0,,,0.6788685524126455,,ILLUSTRATIVE - not derived from operator financial data,900.0,0.0,900.0,100.0,False,True
microwave,mw_rain_cell,11,POP~R_D00_1,rain_fade,True,15.0,177.0,0.0,0.0,0.0,0,25,True,False,True,False,150.0,177.0,177.0,192.0,198.0,,,,260.0,15.0,15.0,,,,0.0,25,0,26,550,1.0,0.49019607843137253,0.6578947368421052,0.0,0.5098039215686274,0,0,0,601,,,,0.0,,0,409,0,192,0.0,,,0.6805324459234608,,ILLUSTRATIVE - not derived from operator financial data,900.0,0.0,900.0,100.0,False,True
microwave,mw_rain_cell,12,POP~R_D00_1,rain_fade,True,16.0,177.0,0.0,0.0,0.0,0,21,True,True,True,True,150.0,177.0,177.0,193.0,199.0,,,,260.0,16.0,16.0,,,,0.0,23,0,28,550,1.0,0.45098039215686275,0.6216216216216216,0.0,0.5490196078431373,0,2,0,599,0.0,,,0.0033277870216306157,,0,408,0,193,0.0,,,0.6788685524126455,,ILLUSTRATIVE - not derived from operator financial data,900.0,900.0,0.0,0.0,True,True
microwave,mw_rain_cell,13,POP~R_D00_1,rain_fade,True,14.0,180.0,0.0,0.0,0.0,0,20,True,False,True,False,150.0,180.0,180.0,194.0,200.0,,,,260.0,14.0,14.0,,,,0.0,20,0,31,550,1.0,0.39215686274509803,0.5633802816901409,0.0,0.6078431372549019,0,0,0,601,,,,0.0,,0,407,0,194,0.0,,,0.6772046589018302,,ILLUSTRATIVE - not derived from operator financial data,900.0,0.0,900.0,100.0,False,True
microwave,mw_rain_cell,14,POP~R_D00_1,rain_fade,True,18.0,173.0,0.0,0.0,0.0,0,27,True,False,True,False,150.0,173.0,173.0,191.0,197.0,,,,260.0,18.0,18.0,,,,0.0,27,0,24,550,1.0,0.5294117647058824,0.6923076923076924,0.0,0.47058823529411764,0,0,0,601,,,,0.0,,0,410,0,191,0.0,,,0.6821963394342762,,ILLUSTRATIVE - not derived from operator financial data,900.0,0.0,900.0,100.0,False,True
microwave,mw_rain_cell,15,POP~R_D00_1,rain_fade,True,19.0,175.0,0.0,0.0,0.0,0,27,True,False,True,False,150.0,175.0,175.0,194.0,200.0,,,,260.0,19.0,19.0,,,,0.0,27,0,24,550,1.0,0.5294117647058824,0.6923076923076924,0.0,0.47058823529411764,0,0,0,601,,,,0.0,,0,407,0,194,0.0,,,0.6772046589018302,,ILLUSTRATIVE - not derived from operator financial data,900.0,0.0,900.0,100.0,False,True
microwave,mw_rain_cell,16,POP~R_D00_1,rain_fade,True,16.0,178.0,0.0,0.0,0.0,0,22,True,False,True,False,150.0,178.0,178.0,194.0,200.0,,,,260.0,16.0,16.0,,,,0.0,22,0,29,550,1.0,0.43137254901960786,0.6027397260273972,0.0,0.5686274509803921,0,0,0,601,,,,0.0,,0,407,0,194,0.0,,,0.6772046589018302,,ILLUSTRATIVE - not derived from operator financial data,900.0,0.0,900.0,100.0,False,True
microwave,mw_rain_cell,17,POP~R_D00_1,rain_fade,True,17.0,175.0,0.0,0.0,0.0,0,27,True,False,True,False,150.0,175.0,175.0,192.0,198.0,,,,260.0,17.0,17.0,,,,0.0,27,0,24,550,1.0,0.5294117647058824,0.6923076923076924,0.0,0.47058823529411764,0,0,0,601,,,,0.0,,0,409,0,192,0.0,,,0.6805324459234608,,ILLUSTRATIVE - not derived from operator financial data,900.0,0.0,900.0,100.0,False,True
microwave,mw_rain_cell,18,POP~R_D00_1,rain_fade,True,16.0,177.0,0.0,0.0,0.0,0,24,True,False,True,False,150.0,177.0,177.0,193.0,199.0,,,,260.0,16.0,16.0,,,,0.0,24,0,27,550,1.0,0.47058823529411764,0.6399999999999999,0.0,0.5294117647058824,0,0,0,601,,,,0.0,,0,408,0,193,0.0,,,0.6788685524126455,,ILLUSTRATIVE - not derived from operator financial data,900.0,0.0,900.0,100.0,False,True
microwave,mw_rain_cell,19,POP~R_D00_1,rain_fade,True,15.0,177.0,0.0,0.0,0.0,0,24,True,False,True,False,150.0,177.0,177.0,192.0,198.0,,,,260.0,15.0,15.0,,,,0.0,24,0,27,550,1.0,0.47058823529411764,0.6399999999999999,0.0,0.5294117647058824,0,0,0,601,,,,0.0,,0,409,0,192,0.0,,,0.6805324459234608,,ILLUSTRATIVE - not derived from operator financial data,900.0,0.0,900.0,100.0,False,True
microwave,mw_rain_cell,20,POP~R_D00_1,rain_fade,True,16.0,178.0,0.0,0.0,0.0,0,23,True,False,True,False,150.0,178.0,178.0,194.0,200.0,,,,260.0,16.0,16.0,,,,0.0,23,0,28,550,1.0,0.45098039215686275,0.6216216216216216,0.0,0.5490196078431373,0,0,0,601,,,,0.0,,0,407,0,194,0.0,,,0.6772046589018302,,ILLUSTRATIVE - not derived from operator financial data,900.0,0.0,900.0,100.0,False,True
microwave,mw_rain_cell,21,POP~R_D00_1,rain_fade,True,18.0,177.0,0.0,0.0,0.0,0,23,True,True,True,True,150.0,177.0,177.0,195.0,201.0,,,,260.0,18.0,18.0,,,,0.0,25,0,26,550,1.0,0.49019607843137253,0.6578947368421052,0.0,0.5098039215686274,0,2,0,599,0.0,,,0.0033277870216306157,,0,406,0,195,0.0,,,0.6755407653910149,,ILLUSTRATIVE - not derived from operator financial data,900.0,900.0,0.0,0.0,True,True
microwave,mw_rain_cell,22,POP~R_D00_1,rain_fade,True,18.0,174.0,0.0,0.0,0.0,0,26,True,False,True,False,150.0,174.0,174.0,192.0,198.0,,,,260.0,18.0,18.0,,,,0.0,26,0,25,550,1.0,0.5098039215686274,0.6753246753246753,0.0,0.49019607843137253,0,0,0,601,,,,0.0,,0,409,0,192,0.0,,,0.6805324459234608,,ILLUSTRATIVE - not derived from operator financial data,900.0,0.0,900.0,100.0,False,True
microwave,mw_rain_cell,23,POP~R_D00_1,rain_fade,True,18.0,175.0,0.0,0.0,0.0,0,25,True,False,True,False,150.0,175.0,175.0,193.0,199.0,,,,260.0,18.0,18.0,,,,0.0,25,0,26,550,1.0,0.49019607843137253,0.6578947368421052,0.0,0.5098039215686274,0,0,0,601,,,,0.0,,0,408,0,193,0.0,,,0.6788685524126455,,ILLUSTRATIVE - not derived from operator financial data,900.0,0.0,900.0,100.0,False,True
microwave,mw_rain_cell,24,POP~R_D00_1,rain_fade,True,17.0,176.0,0.0,0.0,0.0,0,23,True,False,True,False,150.0,176.0,176.0,193.0,199.0,,,,260.0,17.0,17.0,,,,0.0,23,0,28,550,1.0,0.45098039215686275,0.6216216216216216,0.0,0.5490196078431373,0,0,0,601,,,,0.0,,0,408,0,193,0.0,,,0.6788685524126455,,ILLUSTRATIVE - not derived from operator financial data,900.0,0.0,900.0,100.0,False,True
microwave,mw_rain_cell,25,POP~R_D00_1,rain_fade,True,17.0,176.0,0.0,0.0,0.0,0,23,True,False,True,False,150.0,176.0,176.0,193.0,199.0,,,,260.0,17.0,17.0,,,,0.0,23,0,28,550,1.0,0.45098039215686275,0.6216216216216216,0.0,0.5490196078431373,0,0,0,601,,,,0.0,,0,408,0,193,0.0,,,0.6788685524126455,,ILLUSTRATIVE - not derived from operator financial data,900.0,0.0,900.0,100.0,False,True
microwave,mw_rain_cell,26,POP~R_D00_1,rain_fade,True,16.0,176.0,0.0,0.0,0.0,0,25,True,False,True,False,150.0,176.0,176.0,192.0,198.0,,,,260.0,16.0,16.0,,,,0.0,25,0,26,550,1.0,0.49019607843137253,0.6578947368421052,0.0,0.5098039215686274,0,0,0,601,,,,0.0,,0,409,0,192,0.0,,,0.6805324459234608,,ILLUSTRATIVE - not derived from operator financial data,900.0,0.0,900.0,100.0,False,True
microwave,mw_rain_cell,27,POP~R_D00_1,rain_fade,True,15.0,179.0,0.0,0.0,0.0,0,21,True,False,True,False,150.0,179.0,179.0,194.0,200.0,,,,260.0,15.0,15.0,,,,0.0,21,0,30,550,1.0,0.4117647058823529,0.5833333333333334,0.0,0.5882352941176471,0,0,0,601,,,,0.0,,0,407,0,194,0.0,,,0.6772046589018302,,ILLUSTRATIVE - not derived from operator financial data,900.0,0.0,900.0,100.0,False,True
microwave,mw_rain_cell,28,POP~R_D00_1,rain_fade,True,15.0,178.0,0.0,0.0,0.0,0,22,True,False,True,False,150.0,178.0,178.0,193.0,199.0,,,,260.0,15.0,15.0,,,,0.0,22,0,29,550,1.0,0.43137254901960786,0.6027397260273972,0.0,0.5686274509803921,0,0,0,601,,,,0.0,,0,408,0,193,0.0,,,0.6788685524126455,,ILLUSTRATIVE - not derived from operator financial data,900.0,0.0,900.0,100.0,False,True
microwave,mw_rain_cell,29,POP~R_D00_1,rain_fade,True,16.0,177.0,0.0,0.0,0.0,0,24,True,False,True,False,150.0,177.0,177.0,193.0,199.0,,,,260.0,16.0,16.0,,,,0.0,24,0,27,550,1.0,0.47058823529411764,0.6399999999999999,0.0,0.5294117647058824,0,0,0,601,,,,0.0,,0,408,0,193,0.0,,,0.6788685524126455,,ILLUSTRATIVE - not derived from operator financial data,900.0,0.0,900.0,100.0,False,True
microwave,mw_rain_cell,30,POP~R_D00_1,rain_fade,True,19.0,174.0,0.0,0.0,0.0,0,26,True,False,True,False,150.0,174.0,174.0,193.0,199.0,,,,260.0,19.0,19.0,,,,0.0,26,0,25,550,1.0,0.5098039215686274,0.6753246753246753,0.0,0.49019607843137253,0,0,0,601,,,,0.0,,0,408,0,193,0.0,,,0.6788685524126455,,ILLUSTRATIVE - not derived from operator financial data,900.0,0.0,900.0,100.0,False,True
microwave,mw_directional_hardware,1,POP~R_D05_1,hardware_directional,False,13.0,232.0,8.0,316.0,0.0,8,0,True,True,False,False,170.0,224.0,232.0,245.0,251.0,280.0,,,,21.0,13.0,56.0,48.0,35.0,8.0,377,0,53,171,1.0,0.8767441860465116,0.9343246592317225,0.0,0.12325581395348838,369,0,61,171,1.0,0.858139534883721,0.9236545682102629,0.0,0.14186046511627906,356,0,74,171,1.0,0.827906976744186,0.905852417302799,0.0,0.17209302325581396,ILLUSTRATIVE - not derived from operator financial data,2356.4,2355.0,1.4,0.1,False,False
microwave,mw_directional_hardware,2,POP~R_D05_1,hardware_directional,False,11.0,241.0,10.0,323.0,0.0,10,0,True,True,False,False,170.0,231.0,241.0,252.0,258.0,277.0,,,,21.0,11.0,46.0,36.0,25.0,10.0,370,0,60,171,1.0,0.8604651162790697,0.9249999999999999,0.0,0.13953488372093023,360,0,70,171,1.0,0.8372093023255814,0.9113924050632911,0.0,0.16279069767441862,349,0,81,171,1.0,0.8116279069767441,0.8960205391527599,0.0,0.1883720930232558,ILLUSTRATIVE - not derived from operator financial data,2359.2,2358.01,1.19,0.1,False,False
microwave,mw_directional_hardware,3,POP~R_D05_1,hardware_directional,False,18.0,235.0,5.0,323.0,0.0,10,0,True,True,False,False,170.0,230.0,235.0,253.0,259.0,276.0,,,,23.0,18.0,46.0,41.0,23.0,5.0,371,0,59,171,1.0,0.8627906976744186,0.9263420724094882,0.0,0.1372093023255814,361,0,69,171,1.0,0.8395348837209302,0.9127686472819216,0.0,0.16046511627906976,348,0,82,171,1.0,0.8093023255813954,0.8946015424164524,0.0,0.19069767441860466,ILLUSTRATIVE - not derived from operator financial data,2359.2,2357.26,1.94,0.1,False,False
microwave,mw_directional_hardware,4,POP~R_D05_1,hardware_directional,False,13.0,236.0,7.0,320.0,0.0,7,0,True,True,False,False,170.0,229.0,236.0,249.0,255.0,276.0,,,,20.0,13.0,47.0,40.0,27.0,7.0,372,0,58,171,1.0,0.8651162790697674,0.9276807980049876,0.0,0.13488372093023257,365,0,65,171,1.0,0.8488372093023255,0.9182389937106918,0.0,0.1511627906976744,352,0,78,171,1.0,0.8186046511627907,0.9002557544757033,0.0,0.1813953488372093,ILLUSTRATIVE - not derived from operator financial data,2358.0,2356.6,1.4,0.1,False,False
microwave,mw_directional_hardware,5,POP~R_D05_1,hardware_directional,False,12.0,235.0,9.0,321.0,0.0,9,0,True,True,False,False,170.0,226.0,235.0,247.0,253.0,280.0,,,,21.0,12.0,54.0,45.0,33.0,9.0,375,0,55,171,1.0,0.872093023255814,0.9316770186335404,0.0,0.12790697674418605,366,0,64,171,1.0,0.8511627906976744,0.9195979899497487,0.0,0.14883720930232558,354,0,76,171,1.0,0.8232558139534883,0.903061224489796,0.0,0.17674418604651163,ILLUSTRATIVE - not derived from operator financial data,2358.4,2357.1,1.3,0.1,False,False
microwave,mw_directional_hardware,6,POP~R_D05_1,hardware_directional,False,13.0,230.0,9.0,317.0,0.0,9,0,True,True,False,False,170.0,221.0,230.0,243.0,249.0,280.0,,,,22.0,13.0,59.0,50.0,37.0,9.0,380,0,50,171,1.0,0.8837209302325582,0.9382716049382717,0.0,0.11627906976744186,371,0,59,171,1.0,0.8627906976744186,0.9263420724094882,0.0,0.1372093023255814,358,0,72,171,1.0,0.8325581395348837,0.9086294416243654,0.0,0.16744186046511628,ILLUSTRATIVE - not derived from operator financial data,2356.8,2355.4,1.4,0.1,False,False
microwave,mw_directional_hardware,7,POP~R_D05_1,hardware_directional,False,12.0,239.0,13.0,322.0,0.0,13,0,True,True,False,False,170.0,226.0,239.0,251.0,257.0,279.0,,,,25.0,12.0,53.0,40.0,28.0,13.0,375,0,55,171,1.0,0.872093023255814,0.9316770186335404,0.0,0.12790697674418605,362,0,68,171,1.0,0.8418604651162791,0.9141414141414141,0.0,0.15813953488372093,350,0,80,171,1.0,0.813953488372093,0.8974358974358974,0.0,0.18604651162790697,ILLUSTRATIVE - not derived from operator financial data,2358.8,2357.5,1.3,0.1,False,False
microwave,mw_directional_hardware,8,POP~R_D05_1,hardware_directional,False,14.0,233.0,12.0,325.0,0.0,12,0,True,True,False,False,170.0,221.0,233.0,247.0,253.0,274.0,,,,26.0,14.0,53.0,41.0,27.0,12.0,380,0,50,171,1.0,0.8837209302325582,0.9382716049382717,0.0,0.11627906976744186,368,0,62,171,1.0,0.8558139534883721,0.9223057644110275,0.0,0.14418604651162792,354,0,76,171,1.0,0.8232558139534883,0.903061224489796,0.0,0.17674418604651163,ILLUSTRATIVE - not derived from operator financial data,2360.0,2358.49,1.51,0.1,False,False
microwave,mw_directional_hardware,9,POP~R_D05_1,hardware_directional,False,18.0,235.0,10.0,322.0,0.0,10,0,True,True,False,False,170.0,225.0,235.0,253.0,259.0,279.0,,,,28.0,18.0,54.0,44.0,26.0,10.0,376,0,54,171,1.0,0.8744186046511628,0.9330024813895782,0.0,0.12558139534883722,366,0,64,171,1.0,0.8511627906976744,0.9195979899497487,0.0,0.14883720930232558,348,0,82,171,1.0,0.8093023255813954,0.8946015424164524,0.0,0.19069767441860466,ILLUSTRATIVE - not derived from operator financial data,2358.8,2356.86,1.94,0.1,False,False
microwave,mw_directional_hardware,10,POP~R_D05_1,hardware_directional,False,21.0,232.0,7.0,326.0,0.0,7,0,True,True,False,False,170.0,225.0,232.0,253.0,259.0,275.0,,,,28.0,21.0,50.0,43.0,22.0,7.0,376,0,54,171,1.0,0.8744186046511628,0.9330024813895782,0.0,0.12558139534883722,369,0,61,171,1.0,0.858139534883721,0.9236545682102629,0.0,0.14186046511627906,348,0,82,171,1.0,0.8093023255813954,0.8946015424164524,0.0,0.19069767441860466,ILLUSTRATIVE - not derived from operator financial data,2360.4,2358.13,2.27,0.1,False,False
microwave,mw_directional_hardware,11,POP~R_D05_1,hardware_directional,False,10.0,243.0,12.0,324.0,0.0,12,0,True,True,False,False,170.0,231.0,243.0,253.0,259.0,276.0,,,,22.0,10.0,45.0,33.0,23.0,12.0,370,0,60,171,1.0,0.8604651162790697,0.9249999999999999,0.0,0.13953488372093023,358,0,72,171,1.0,0.8325581395348837,0.9086294416243654,0.0,0.16744186046511628,348,0,82,171,1.0,0.8093023255813954,0.8946015424164524,0.0,0.19069767441860466,ILLUSTRATIVE - not derived from operator financial data,2359.6,2358.52,1.08,0.0,False,False
microwave,mw_directional_hardware,12,POP~R_D05_1,hardware_directional,False,15.0,236.0,11.0,326.0,0.0,11,0,True,True,False,False,170.0,225.0,236.0,251.0,257.0,268.0,,,,26.0,15.0,43.0,32.0,17.0,11.0,376,0,54,171,1.0,0.8744186046511628,0.9330024813895782,0.0,0.12558139534883722,365,0,65,171,1.0,0.8488372093023255,0.9182389937106918,0.0,0.1511627906976744,350,0,80,171,1.0,0.813953488372093,0.8974358974358974,0.0,0.18604651162790697,ILLUSTRATIVE - not derived from operator financial data,2360.4,2358.78,1.62,0.1,False,False
microwave,mw_directional_hardware,13,POP~R_D05_1,hardware_directional,False,16.0,236.0,11.0,320.0,0.0,11,0,True,True,False,False,170.0,225.0,236.0,252.0,258.0,279.0,,,,27.0,16.0,54.0,43.0,27.0,11.0,376,0,54,171,1.0,0.8744186046511628,0.9330024813895782,0.0,0.12558139534883722,365,0,65,171,1.0,0.8488372093023255,0.9182389937106918,0.0,0.1511627906976744,349,0,81,171,1.0,0.8116279069767441,0.8960205391527599,0.0,0.1883720930232558,ILLUSTRATIVE - not derived from operator financial data,2358.0,2356.27,1.73,0.1,False,False
microwave,mw_directional_hardware,14,POP~R_D05_1,hardware_directional,False,9.0,236.0,12.0,325.0,0.0,9,0,True,True,False,False,170.0,224.0,236.0,245.0,251.0,273.0,,,,21.0,9.0,49.0,37.0,28.0,12.0,374,0,56,171,1.0,0.8697674418604651,0.9303482587064676,0.0,0.13023255813953488,365,0,65,171,1.0,0.8488372093023255,0.9182389937106918,0.0,0.1511627906976744,356,0,74,171,1.0,0.827906976744186,0.905852417302799,0.0,0.17209302325581396,ILLUSTRATIVE - not derived from operator financial data,2360.0,2359.03,0.97,0.0,False,False
microwave,mw_directional_hardware,15,POP~R_D05_1,hardware_directional,False,12.0,235.0,7.0,325.0,0.0,7,0,True,True,False,False,170.0,228.0,235.0,247.0,253.0,276.0,,,,19.0,12.0,48.0,41.0,29.0,7.0,373,0,57,171,1.0,0.8674418604651163,0.9290161892901618,0.0,0.1325581395348837,366,0,64,171,1.0,0.8511627906976744,0.9195979899497487,0.0,0.14883720930232558,354,0,76,171,1.0,0.8232558139534883,0.903061224489796,0.0,0.17674418604651163,ILLUSTRATIVE - not derived from operator financial data,2360.0,2358.7,1.3,0.1,False,False
microwave,mw_directional_hardware,16,POP~R_D05_1,hardware_directional,False,13.0,236.0,8.0,322.0,0.0,8,0,True,True,False,False,170.0,228.0,236.0,249.0,255.0,277.0,,,,21.0,13.0,49.0,41.0,28.0,8.0,373,0,57,171,1.0,0.8674418604651163,0.9290161892901618,0.0,0.1325581395348837,365,0,65,171,1.0,0.8488372093023255,0.9182389937106918,0.0,0.1511627906976744,352,0,78,171,1.0,0.8186046511627907,0.9002557544757033,0.0,0.1813953488372093,ILLUSTRATIVE - not derived from operator financial data,2358.8,2357.4,1.4,0.1,False,False
microwave,mw_directional_hardware,17,POP~R_D05_1,hardware_directional,False,21.0,233.0,9.0,322.0,0.0,9,0,True,True,False,False,170.0,224.0,233.0,254.0,260.0,279.0,,,,30.0,21.0,55.0,46.0,25.0,9.0,377,0,53,171,1.0,0.8767441860465116,0.9343246592317225,0.0,0.12325581395348838,368,0,62,171,1.0,0.8558139534883721,0.9223057644110275,0.0,0.14418604651162792,347,0,83,171,1.0,0.8069767441860465,0.8931788931788932,0.0,0.1930232558139535,ILLUSTRATIVE - not derived from operator financial data,2358.8,2356.53,2.27,0.1,False,False
microwave,mw_directional_hardware,18,POP~R_D05_1,hardware_directional,False,12.0,239.0,17.0,324.0,0.0,17,0,True,True,False,False,170.0,222.0,239.0,251.0,257.0,271.0,,,,29.0,12.0,49.0,32.0,20.0,17.0,379,0,51,171,1.0,0.8813953488372093,0.9369592088998764,0.0,0.1186046511627907,362,0,68,171,1.0,0.8418604651162791,0.9141414141414141,0.0,0.15813953488372093,350,0,80,171,1.0,0.813953488372093,0.8974358974358974,0.0,0.18604651162790697,ILLUSTRATIVE - not derived from operator financial data,2359.6,2358.3,1.3,0.1,False,False
microwave,mw_directional_hardware,19,POP~R_D05_1,hardware_directional,False,12.0,237.0,9.0,323.0,0.0,9,0,True,True,False,False,170.0,228.0,237.0,249.0,255.0,275.0,,,,21.0,12.0,47.0,38.0,26.0,9.0,373,0,57,171,1.0,0.8674418604651163,0.9290161892901618,0.0,0.1325581395348837,364,0,66,171,1.0,0.8465116279069768,0.9168765743073048,0.0,0.15348837209302327,352,0,78,171,1.0,0.8186046511627907,0.9002557544757033,0.0,0.1813953488372093,ILLUSTRATIVE - not derived from operator financial data,2359.2,2357.9,1.3,0.1,False,False
microwave,mw_directional_hardware,20,POP~R_D05_1,hardware_directional,False,20.0,230.0,7.0,317.0,0.0,7,0,True,True,False,False,170.0,223.0,230.0,250.0,256.0,284.0,,,,27.0,20.0,61.0,54.0,34.0,7.0,378,0,52,171,1.0,0.8790697674418605,0.9356435643564356,0.0,0.12093023255813953,371,0,59,171,1.0,0.8627906976744186,0.9263420724094882,0.0,0.1372093023255814,351,0,79,171,1.0,0.8162790697674419,0.8988476312419975,0.0,0.18372093023255814,ILLUSTRATIVE - not derived from operator financial data,2356.8,2354.64,2.16,0.1,False,False
microwave,mw_directional_hardware,21,POP~R_D05_1,hardware_directional,False,9.0,239.0,12.0,325.0,0.0,12,0,True,True,False,False,170.0,227.0,239.0,248.0,254.0,275.0,,,,21.0,9.0,48.0,36.0,27.0,12.0,374,0,56,171,1.0,0.8697674418604651,0.9303482587064676,0.0,0.13023255813953488,362,0,68,171,1.0,0.8418604651162791,0.9141414141414141,0.0,0.15813953488372093,353,0,77,171,1.0,0.8209302325581396,0.9016602809706258,0.0,0.17906976744186046,ILLUSTRATIVE - not derived from operator financial data,2360.0,2359.03,0.97,0.0,False,False
microwave,mw_directional_hardware,22,POP~R_D05_1,hardware_directional,False,14.0,240.0,17.0,320.0,0.0,17,0,True,True,False,False,170.0,223.0,240.0,254.0,260.0,281.0,,,,31.0,14.0,58.0,41.0,27.0,17.0,378,0,52,171,1.0,0.8790697674418605,0.9356435643564356,0.0,0.12093023255813953,361,0,69,171,1.0,0.8395348837209302,0.9127686472819216,0.0,0.16046511627906976,347,0,83,171,1.0,0.8069767441860465,0.8931788931788932,0.0,0.1930232558139535,ILLUSTRATIVE - not derived from operator financial data,2358.0,2356.49,1.51,0.1,False,False
microwave,mw_directional_hardware,23,POP~R_D05_1,hardware_directional,False,19.0,231.0,6.0,319.0,0.0,6,0,True,True,False,False,170.0,225.0,231.0,250.0,256.0,281.0,,,,25.0,19.0,56.0,50.0,31.0,6.0,376,0,54,171,1.0,0.8744186046511628,0.9330024813895782,0.0,0.12558139534883722,370,0,60,171,1.0,0.8604651162790697,0.9249999999999999,0.0,0.13953488372093023,351,0,79,171,1.0,0.8162790697674419,0.8988476312419975,0.0,0.18372093023255814,ILLUSTRATIVE - not derived from operator financial data,2357.6,2355.55,2.05,0.1,False,False
microwave,mw_directional_hardware,24,POP~R_D05_1,hardware_directional,False,10.0,240.0,16.0,322.0,0.0,16,0,True,True,False,False,170.0,224.0,240.0,250.0,256.0,278.0,,,,26.0,10.0,54.0,38.0,28.0,16.0,377,0,53,171,1.0,0.8767441860465116,0.9343246592317225,0.0,0.12325581395348838,361,0,69,171,1.0,0.8395348837209302,0.9127686472819216,0.0,0.16046511627906976,351,0,79,171,1.0,0.8162790697674419,0.8988476312419975,0.0,0.18372093023255814,ILLUSTRATIVE - not derived from operator financial data,2358.8,2357.72,1.08,0.0,False,False
microwave,mw_directional_hardware,25,POP~R_D05_1,hardware_directional,False,18.0,238.0,11.0,318.0,0.0,11,0,True,True,False,False,170.0,227.0,238.0,256.0,262.0,281.0,,,,29.0,18.0,54.0,43.0,25.0,11.0,374,0,56,171,1.0,0.8697674418604651,0.9303482587064676,0.0,0.13023255813953488,363,0,67,171,1.0,0.8441860465116279,0.9155107187894073,0.0,0.1558139534883721,345,0,85,171,1.0,0.8023255813953488,0.8903225806451612,0.0,0.19767441860465115,ILLUSTRATIVE - not derived from operator financial data,2357.2,2355.26,1.94,0.1,False,False
microwave,mw_directional_hardware,26,POP~R_D05_1,hardware_directional,False,13.0,231.0,7.0,326.0,0.0,7,0,True,True,False,False,170.0,224.0,231.0,244.0,250.0,275.0,,,,20.0,13.0,51.0,44.0,31.0,7.0,377,0,53,171,1.0,0.8767441860465116,0.9343246592317225,0.0,0.12325581395348838,370,0,60,171,1.0,0.8604651162790697,0.9249999999999999,0.0,0.13953488372093023,357,0,73,171,1.0,0.8302325581395349,0.9072426937738246,0.0,0.1697674418604651,ILLUSTRATIVE - not derived from operator financial data,2360.4,2359.0,1.4,0.1,False,False
microwave,mw_directional_hardware,27,POP~R_D05_1,hardware_directional,False,16.0,238.0,9.0,324.0,0.0,14,0,True,True,False,False,170.0,229.0,238.0,254.0,260.0,277.0,,,,25.0,16.0,48.0,39.0,23.0,9.0,372,0,58,171,1.0,0.8651162790697674,0.9276807980049876,0.0,0.13488372093023257,358,0,72,171,1.0,0.8325581395348837,0.9086294416243654,0.0,0.16744186046511628,347,0,83,171,1.0,0.8069767441860465,0.8931788931788932,0.0,0.1930232558139535,ILLUSTRATIVE - not derived from operator financial data,2359.6,2357.87,1.73,0.1,False,False
microwave,mw_directional_hardware,28,POP~R_D05_1,hardware_directional,False,12.0,241.0,12.0,321.0,0.0,12,0,True,True,False,False,170.0,229.0,241.0,253.0,259.0,280.0,,,,24.0,12.0,51.0,39.0,27.0,12.0,372,0,58,171,1.0,0.8651162790697674,0.9276807980049876,0.0,0.13488372093023257,360,0,70,171,1.0,0.8372093023255814,0.9113924050632911,0.0,0.16279069767441862,348,0,82,171,1.0,0.8093023255813954,0.8946015424164524,0.0,0.19069767441860466,ILLUSTRATIVE - not derived from operator financial data,2358.4,2357.1,1.3,0.1,False,False
microwave,mw_directional_hardware,29,POP~R_D05_1,hardware_directional,False,12.0,241.0,17.0,317.0,0.0,17,0,True,True,False,False,170.0,224.0,241.0,253.0,259.0,283.0,,,,29.0,12.0,59.0,42.0,30.0,17.0,377,0,53,171,1.0,0.8767441860465116,0.9343246592317225,0.0,0.12325581395348838,360,0,70,171,1.0,0.8372093023255814,0.9113924050632911,0.0,0.16279069767441862,348,0,82,171,1.0,0.8093023255813954,0.8946015424164524,0.0,0.19069767441860466,ILLUSTRATIVE - not derived from operator financial data,2356.8,2355.5,1.3,0.1,False,False
microwave,mw_directional_hardware,30,POP~R_D05_1,hardware_directional,False,15.0,235.0,7.0,319.0,0.0,7,0,True,True,False,False,170.0,228.0,235.0,250.0,256.0,282.0,,,,22.0,15.0,54.0,47.0,32.0,7.0,373,0,57,171,1.0,0.8674418604651163,0.9290161892901618,0.0,0.1325581395348837,366,0,64,171,1.0,0.8511627906976744,0.9195979899497487,0.0,0.14883720930232558,351,0,79,171,1.0,0.8162790697674419,0.8988476312419975,0.0,0.18372093023255814,ILLUSTRATIVE - not derived from operator financial data,2357.6,2355.98,1.62,0.1,False,False
microwave,mw_hidden_in_storm,1,POP~R_D05_1,hardware_directional,False,13.0,192.0,12.0,323.0,0.0,8,12,True,True,False,False,175.0,180.0,180.0,193.0,199.0,203.0,,,,13.0,13.0,23.0,23.0,10.0,0.0,410,0,24,167,1.0,0.9447004608294931,0.9715639810426541,0.0,0.055299539170506916,390,0,35,176,1.0,0.9176470588235294,0.9570552147239264,0.0,0.08235294117647059,408,0,17,176,1.0,0.96,0.9795918367346939,0.0,0.04,ILLUSTRATIVE - not derived from operator financial data,2359.2,2357.8,1.4,0.1,False,False
microwave,mw_hidden_in_storm,2,POP~R_D05_1,hardware_directional,False,12.0,181.0,2.0,324.0,0.0,8,2,True,True,False,False,175.0,179.0,179.0,191.0,197.0,277.0,,,,12.0,12.0,98.0,98.0,86.0,0.0,402,0,32,167,1.0,0.9262672811059908,0.9617224880382775,0.0,0.07373271889400922,392,0,33,176,1.0,0.9223529411764706,0.9596083231334149,0.0,0.07764705882352942,410,0,15,176,1.0,0.9647058823529412,0.9820359281437125,0.0,0.03529411764705882,ILLUSTRATIVE - not derived from operator financial data,2359.6,2358.3,1.3,0.1,False,False
microwave,mw_hidden_in_storm,3,POP~R_D05_1,hardware_directional,False,12.0,190.0,9.0,332.0,0.0,10,17,True,True,False,False,175.0,181.0,181.0,193.0,199.0,202.0,,,,12.0,12.0,21.0,21.0,9.0,0.0,402,0,32,167,1.0,0.9262672811059908,0.9617224880382775,0.0,0.07373271889400922,375,0,50,176,1.0,0.8823529411764706,0.9375,0.0,0.11764705882352941,408,0,17,176,1.0,0.96,0.9795918367346939,0.0,0.04,ILLUSTRATIVE - not derived from operator financial data,2362.8,2361.5,1.3,0.1,False,False
microwave,mw_hidden_in_storm,4,POP~R_D05_1,hardware_directional,False,13.0,189.0,10.0,338.0,0.0,9,10,True,True,False,False,175.0,179.0,179.0,192.0,198.0,200.0,,,,13.0,13.0,21.0,21.0,8.0,0.0,406,0,28,167,1.0,0.9354838709677419,0.9666666666666666,0.0,0.06451612903225806,387,0,38,176,1.0,0.9105882352941177,0.9532019704433498,0.0,0.08941176470588236,409,0,16,176,1.0,0.9623529411764706,0.9808153477218226,0.0,0.03764705882352941,ILLUSTRATIVE - not derived from operator financial data,2365.2,2363.8,1.4,0.1,False,False
microwave,mw_hidden_in_storm,5,POP~R_D05_1,hardware_directional,False,14.0,196.0,15.0,326.0,0.0,7,15,True,True,False,False,175.0,181.0,181.0,195.0,201.0,274.0,,,,14.0,14.0,93.0,93.0,79.0,0.0,405,0,29,167,1.0,0.9331797235023042,0.9654350417163289,0.0,0.06682027649769585,383,0,42,176,1.0,0.9011764705882352,0.948019801980198,0.0,0.0988235294117647,406,0,19,176,1.0,0.9552941176470588,0.9771359807460891,0.0,0.04470588235294118,ILLUSTRATIVE - not derived from operator financial data,2360.4,2358.89,1.51,0.1,False,False
microwave,mw_hidden_in_storm,6,POP~R_D05_1,hardware_directional,False,11.0,184.0,3.0,327.0,0.0,10,3,True,True,False,False,175.0,181.0,181.0,192.0,198.0,203.0,,,,11.0,11.0,22.0,22.0,11.0,0.0,412,0,22,167,1.0,0.9493087557603687,0.9739952718676123,0.0,0.05069124423963134,399,0,26,176,1.0,0.9388235294117647,0.9684466019417475,0.0,0.0611764705882353,409,0,16,176,1.0,0.9623529411764706,0.9808153477218226,0.0,0.03764705882352941,ILLUSTRATIVE - not derived from operator financial data,2360.8,2359.61,1.19,0.1,False,False
microwave,mw_hidden_in_storm,7,POP~R_D05_1,hardware_directional,False,13.0,195.0,16.0,324.0,0.0,13,17,True,True,False,False,175.0,179.0,179.0,192.0,198.0,277.0,,,,13.0,13.0,98.0,98.0,85.0,0.0,409,0,25,167,1.0,0.9423963133640553,0.9703440094899171,0.0,0.0576036866359447,379,0,46,176,1.0,0.8917647058823529,0.9427860696517413,0.0,0.10823529411764705,409,0,16,176,1.0,0.9623529411764706,0.9808153477218226,0.0,0.03764705882352941,ILLUSTRATIVE - not derived from operator financial data,2359.6,2358.2,1.4,0.1,False,False
microwave,mw_hidden_in_storm,8,POP~R_D05_1,hardware_directional,False,13.0,195.0,14.0,329.0,0.0,7,14,True,True,False,False,175.0,181.0,181.0,194.0,200.0,208.0,,,,13.0,13.0,27.0,27.0,14.0,0.0,407,0,27,167,1.0,0.9377880184331797,0.9678953626634959,0.0,0.06221198156682028,386,0,39,176,1.0,0.908235294117647,0.9519112207151664,0.0,0.09176470588235294,407,0,18,176,1.0,0.9576470588235294,0.9783653846153847,0.0,0.042352941176470586,ILLUSTRATIVE - not derived from operator financial data,2361.6,2360.2,1.4,0.1,False,False
microwave,mw_hidden_in_storm,9,POP~R_D05_1,hardware_directional,False,14.0,190.0,10.0,325.0,0.0,14,10,True,True,False,False,175.0,180.0,180.0,194.0,200.0,201.0,,,,14.0,14.0,21.0,21.0,7.0,0.0,408,0,26,167,1.0,0.9400921658986175,0.9691211401425179,0.0,0.059907834101382486,384,0,41,176,1.0,0.9035294117647059,0.9493201483312732,0.0,0.09647058823529411,407,0,18,176,1.0,0.9576470588235294,0.9783653846153847,0.0,0.042352941176470586,ILLUSTRATIVE - not derived from operator financial data,2360.0,2358.49,1.51,0.1,False,False
microwave,mw_hidden_in_storm,10,POP~R_D05_1,hardware_directional,False,13.0,182.0,3.0,333.0,0.0,11,8,True,True,False,False,175.0,179.0,179.0,192.0,198.0,200.0,,,,13.0,13.0,21.0,21.0,8.0,0.0,408,0,26,167,1.0,0.9400921658986175,0.9691211401425179,0.0,0.059907834101382486,389,0,36,176,1.0,0.9152941176470588,0.9557739557739557,0.0,0.08470588235294117,409,0,16,176,1.0,0.9623529411764706,0.9808153477218226,0.0,0.03764705882352941,ILLUSTRATIVE - not derived from operator financial data,2363.2,2361.8,1.4,0.1,False,False
microwave,mw_hidden_in_storm,11,POP~R_D05_1,hardware_directional,False,13.0,187.0,8.0,334.0,0.0,11,8,True,True,False,False,175.0,179.0,179.0,192.0,198.0,196.0,,,,13.0,13.0,17.0,17.0,4.0,0.0,403,0,31,167,1.0,0.9285714285714286,0.962962962962963,0.0,0.07142857142857142,384,0,41,176,1.0,0.9035294117647059,0.9493201483312732,0.0,0.09647058823529411,409,0,16,176,1.0,0.9623529411764706,0.9808153477218226,0.0,0.03764705882352941,ILLUSTRATIVE - not derived from operator financial data,2363.6,2362.2,1.4,0.1,False,False
microwave,mw_hidden_in_storm,12,POP~R_D05_1,hardware_directional,False,14.0,195.0,15.0,332.0,0.0,11,15,True,True,False,False,175.0,180.0,180.0,194.0,200.0,267.0,,,,14.0,14.0,87.0,87.0,73.0,0.0,409,0,25,167,1.0,0.9423963133640553,0.9703440094899171,0.0,0.0576036866359447,383,0,42,176,1.0,0.9011764705882352,0.948019801980198,0.0,0.0988235294117647,407,0,18,176,1.0,0.9576470588235294,0.9783653846153847,0.0,0.042352941176470586,ILLUSTRATIVE - not derived from operator financial data,2362.8,2361.29,1.51,0.1,False,False
microwave,mw_hidden_in_storm,13,POP~R_D05_1,hardware_directional,False,15.0,191.0,12.0,323.0,0.0,8,12,True,True,False,False,175.0,179.0,179.0,194.0,200.0,278.0,,,,15.0,15.0,99.0,99.0,84.0,0.0,407,0,27,167,1.0,0.9377880184331797,0.9678953626634959,0.0,0.06221198156682028,387,0,38,176,1.0,0.9105882352941177,0.9532019704433498,0.0,0.08941176470588236,407,0,18,176,1.0,0.9576470588235294,0.9783653846153847,0.0,0.042352941176470586,ILLUSTRATIVE - not derived from operator financial data,2359.2,2357.58,1.62,0.1,False,False
microwave,mw_hidden_in_storm,14,POP~R_D05_1,hardware_directional,False,13.0,187.0,7.0,331.0,0.0,8,8,True,True,False,False,175.0,180.0,180.0,193.0,199.0,208.0,,,,13.0,13.0,28.0,28.0,15.0,0.0,406,0,28,167,1.0,0.9354838709677419,0.9666666666666666,0.0,0.06451612903225806,390,0,35,176,1.0,0.9176470588235294,0.9570552147239264,0.0,0.08235294117647059,408,0,17,176,1.0,0.96,0.9795918367346939,0.0,0.04,ILLUSTRATIVE - not derived from operator financial data,2362.4,2361.0,1.4,0.1,False,False
microwave,mw_hidden_in_storm,15,POP~R_D05_1,hardware_directional,False,12.0,185.0,4.0,329.0,0.0,4,4,True,True,False,False,175.0,181.0,181.0,193.0,199.0,203.0,,,,12.0,12.0,22.0,22.0,10.0,0.0,401,0,33,167,1.0,0.923963133640553,0.9604790419161677,0.0,0.07603686635944701,393,0,32,176,1.0,0.9247058823529412,0.9608801955990219,0.0,0.07529411764705882,408,0,17,176,1.0,0.96,0.9795918367346939,0.0,0.04,ILLUSTRATIVE - not derived from operator financial data,2361.6,2360.3,1.3,0.1,False,False
microwave,mw_hidden_in_storm,16,POP~R_D05_1,hardware_directional,False,13.0,188.0,8.0,333.0,0.0,9,8,True,True,False,False,175.0,180.0,180.0,193.0,199.0,200.0,,,,13.0,13.0,20.0,20.0,7.0,0.0,406,0,28,167,1.0,0.9354838709677419,0.9666666666666666,0.0,0.06451612903225806,389,0,36,176,1.0,0.9152941176470588,0.9557739557739557,0.0,0.08470588235294117,408,0,17,176,1.0,0.96,0.9795918367346939,0.0,0.04,ILLUSTRATIVE - not derived from operator financial data,2363.2,2361.8,1.4,0.1,False,False
microwave,mw_hidden_in_storm,17,POP~R_D05_1,hardware_directional,False,13.0,190.0,9.0,332.0,0.0,14,9,True,True,False,False,175.0,181.0,181.0,194.0,200.0,200.0,,,,13.0,13.0,19.0,19.0,6.0,0.0,405,0,29,167,1.0,0.9331797235023042,0.9654350417163289,0.0,0.06682027649769585,382,0,43,176,1.0,0.8988235294117647,0.946716232961586,0.0,0.1011764705882353,407,0,18,176,1.0,0.9576470588235294,0.9783653846153847,0.0,0.042352941176470586,ILLUSTRATIVE - not derived from operator financial data,2362.8,2361.4,1.4,0.1,False,False
microwave,mw_hidden_in_storm,18,POP~R_D05_1,hardware_directional,False,13.0,189.0,10.0,335.0,0.0,13,10,True,True,False,False,175.0,179.0,179.0,192.0,198.0,201.0,,,,13.0,13.0,22.0,22.0,9.0,0.0,409,0,25,167,1.0,0.9423963133640553,0.9703440094899171,0.0,0.0576036866359447,386,0,39,176,1.0,0.908235294117647,0.9519112207151664,0.0,0.09176470588235294,409,0,16,176,1.0,0.9623529411764706,0.9808153477218226,0.0,0.03764705882352941,ILLUSTRATIVE - not derived from operator financial data,2364.0,2362.6,1.4,0.1,False,False
microwave,mw_hidden_in_storm,19,POP~R_D05_1,hardware_directional,False,12.0,187.0,6.0,329.0,0.0,9,6,True,True,False,False,175.0,181.0,181.0,193.0,199.0,206.0,,,,12.0,12.0,25.0,25.0,13.0,0.0,405,0,29,167,1.0,0.9331797235023042,0.9654350417163289,0.0,0.06682027649769585,390,0,35,176,1.0,0.9176470588235294,0.9570552147239264,0.0,0.08235294117647059,408,0,17,176,1.0,0.96,0.9795918367346939,0.0,0.04,ILLUSTRATIVE - not derived from operator financial data,2361.6,2360.3,1.3,0.1,False,False
microwave,mw_hidden_in_storm,20,POP~R_D05_1,hardware_directional,False,13.0,196.0,15.0,324.0,0.0,6,15,True,True,False,False,175.0,181.0,181.0,194.0,200.0,202.0,,,,13.0,13.0,21.0,21.0,8.0,0.0,409,0,25,167,1.0,0.9423963133640553,0.9703440094899171,0.0,0.0576036866359447,388,0,37,176,1.0,0.9129411764705883,0.9544895448954489,0.0,0.08705882352941176,407,0,18,176,1.0,0.9576470588235294,0.9783653846153847,0.0,0.042352941176470586,ILLUSTRATIVE - not derived from operator financial data,2359.6,2358.2,1.4,0.1,False,False
microwave,mw_hidden_in_storm,21,POP~R_D05_1,hardware_directional,False,13.0,185.0,5.0,329.0,0.0,12,5,True,True,False,False,175.0,180.0,180.0,193.0,199.0,203.0,,,,13.0,13.0,23.0,23.0,10.0,0.0,407,0,27,167,1.0,0.9377880184331797,0.9678953626634959,0.0,0.06221198156682028,390,0,35,176,1.0,0.9176470588235294,0.9570552147239264,0.0,0.08235294117647059,408,0,17,176,1.0,0.96,0.9795918367346939,0.0,0.04,ILLUSTRATIVE - not derived from operator financial data,2361.6,2360.2,1.4,0.1,False,False
microwave,mw_hidden_in_storm,22,POP~R_D05_1,hardware_directional,False,13.0,185.0,5.0,322.0,0.0,13,5,True,True,False,False,175.0,180.0,180.0,193.0,199.0,206.0,,,,13.0,13.0,26.0,26.0,13.0,0.0,407,0,27,167,1.0,0.9377880184331797,0.9678953626634959,0.0,0.06221198156682028,389,0,36,176,1.0,0.9152941176470588,0.9557739557739557,0.0,0.08470588235294117,408,0,17,176,1.0,0.96,0.9795918367346939,0.0,0.04,ILLUSTRATIVE - not derived from operator financial data,2358.8,2357.4,1.4,0.1,False,False
microwave,mw_hidden_in_storm,23,POP~R_D05_1,hardware_directional,False,13.0,190.0,10.0,327.0,0.0,9,10,True,True,False,False,175.0,180.0,180.0,193.0,199.0,199.0,,,,13.0,13.0,19.0,19.0,6.0,0.0,408,0,26,167,1.0,0.9400921658986175,0.9691211401425179,0.0,0.059907834101382486,389,0,36,176,1.0,0.9152941176470588,0.9557739557739557,0.0,0.08470588235294117,408,0,17,176,1.0,0.96,0.9795918367346939,0.0,0.04,ILLUSTRATIVE - not derived from operator financial data,2360.8,2359.4,1.4,0.1,False,False
microwave,mw_hidden_in_storm,24,POP~R_D05_1,hardware_directional,False,13.0,187.0,7.0,325.0,0.0,16,15,True,True,False,False,175.0,180.0,180.0,193.0,199.0,273.0,,,,13.0,13.0,93.0,93.0,80.0,0.0,410,0,24,167,1.0,0.9447004608294931,0.9715639810426541,0.0,0.055299539170506916,379,0,46,176,1.0,0.8917647058823529,0.9427860696517413,0.0,0.10823529411764705,408,0,17,176,1.0,0.96,0.9795918367346939,0.0,0.04,ILLUSTRATIVE - not derived from operator financial data,2360.0,2358.6,1.4,0.1,False,False
microwave,mw_hidden_in_storm,25,POP~R_D05_1,hardware_directional,False,13.0,203.0,22.0,320.0,0.0,12,22,True,True,False,False,175.0,181.0,181.0,194.0,200.0,281.0,,,,13.0,13.0,100.0,100.0,87.0,0.0,405,0,29,167,1.0,0.9331797235023042,0.9654350417163289,0.0,0.06682027649769585,371,0,54,176,1.0,0.8729411764705882,0.9321608040201005,0.0,0.12705882352941175,407,0,18,176,1.0,0.9576470588235294,0.9783653846153847,0.0,0.042352941176470586,ILLUSTRATIVE - not derived from operator financial data,2358.0,2356.6,1.4,0.1,False,False
microwave,mw_hidden_in_storm,26,POP~R_D05_1,hardware_directional,False,12.0,195.0,14.0,329.0,0.0,8,14,True,True,False,False,175.0,181.0,181.0,193.0,199.0,208.0,,,,12.0,12.0,27.0,27.0,15.0,0.0,408,0,26,167,1.0,0.9400921658986175,0.9691211401425179,0.0,0.059907834101382486,386,0,39,176,1.0,0.908235294117647,0.9519112207151664,0.0,0.09176470588235294,408,0,17,176,1.0,0.96,0.9795918367346939,0.0,0.04,ILLUSTRATIVE - not derived from operator financial data,2361.6,2360.3,1.3,0.1,False,False
microwave,mw_hidden_in_storm,27,POP~R_D05_1,hardware_directional,False,13.0,191.0,11.0,327.0,0.0,15,11,True,True,False,False,175.0,180.0,180.0,193.0,199.0,206.0,,,,13.0,13.0,26.0,26.0,13.0,0.0,405,0,29,167,1.0,0.9331797235023042,0.9654350417163289,0.0,0.06682027649769585,379,0,46,176,1.0,0.8917647058823529,0.9427860696517413,0.0,0.10823529411764705,408,0,17,176,1.0,0.96,0.9795918367346939,0.0,0.04,ILLUSTRATIVE - not derived from operator financial data,2360.8,2359.4,1.4,0.1,False,False
microwave,mw_hidden_in_storm,28,POP~R_D05_1,hardware_directional,False,13.0,192.0,12.0,328.0,0.0,13,12,True,True,False,False,175.0,180.0,180.0,193.0,199.0,201.0,,,,13.0,13.0,21.0,21.0,8.0,0.0,405,0,29,167,1.0,0.9331797235023042,0.9654350417163289,0.0,0.06682027649769585,380,0,45,176,1.0,0.8941176470588236,0.9440993788819877,0.0,0.10588235294117647,408,0,17,176,1.0,0.96,0.9795918367346939,0.0,0.04,ILLUSTRATIVE - not derived from operator financial data,2361.2,2359.8,1.4,0.1,False,False
microwave,mw_hidden_in_storm,29,POP~R_D05_1,hardware_directional,False,14.0,192.0,11.0,327.0,0.0,13,11,True,True,False,False,175.0,181.0,181.0,195.0,201.0,199.0,,,,14.0,14.0,18.0,18.0,4.0,0.0,405,0,29,167,1.0,0.9331797235023042,0.9654350417163289,0.0,0.06682027649769585,381,0,44,176,1.0,0.8964705882352941,0.9454094292803971,0.0,0.10352941176470588,406,0,19,176,1.0,0.9552941176470588,0.9771359807460891,0.0,0.04470588235294118,ILLUSTRATIVE - not derived from operator financial data,2360.8,2359.29,1.51,0.1,False,False
microwave,mw_hidden_in_storm,30,POP~R_D05_1,hardware_directional,False,13.0,194.0,13.0,320.0,0.0,7,13,True,True,False,False,175.0,181.0,181.0,194.0,200.0,203.0,,,,13.0,13.0,22.0,22.0,9.0,0.0,405,0,29,167,1.0,0.9331797235023042,0.9654350417163289,0.0,0.06682027649769585,385,0,40,176,1.0,0.9058823529411765,0.9506172839506173,0.0,0.09411764705882353,407,0,18,176,1.0,0.9576470588235294,0.9783653846153847,0.0,0.042352941176470586,ILLUSTRATIVE - not derived from operator financial data,2358.0,2356.6,1.4,0.1,False,False
microwave,mw_interference,1,POP~R_D05_1,interference,False,21.0,184.0,0.0,0.0,0.0,1,0,True,True,False,False,180.0,184.0,184.0,205.0,211.0,,,,,21.0,21.0,,,,0.0,417,0,3,181,1.0,0.9928571428571429,0.996415770609319,0.0,0.007142857142857143,416,0,4,181,1.0,0.9904761904761905,0.9952153110047847,0.0,0.009523809523809525,396,0,24,181,1.0,0.9428571428571428,0.9705882352941176,0.0,0.05714285714285714,ILLUSTRATIVE - not derived from operator financial data,900.0,900.0,0.0,0.0,False,False
microwave,mw_interference,2,POP~R_D05_1,interference,False,20.0,185.0,0.0,0.0,0.0,0,0,True,True,False,False,180.0,185.0,185.0,205.0,211.0,,,,,20.0,20.0,,,,0.0,416,0,4,181,1.0,0.9904761904761905,0.9952153110047847,0.0,0.009523809523809525,416,0,4,181,1.0,0.9904761904761905,0.9952153110047847,0.0,0.009523809523809525,396,0,24,181,1.0,0.9428571428571428,0.9705882352941176,0.0,0.05714285714285714,ILLUSTRATIVE - not derived from operator financial data,900.0,900.0,0.0,0.0,False,False
microwave,mw_interference,3,POP~R_D05_1,interference,False,20.0,185.0,0.0,0.0,0.0,1,0,True,True,False,False,180.0,185.0,185.0,205.0,211.0,,,,,20.0,20.0,,,,0.0,416,0,4,181,1.0,0.9904761904761905,0.9952153110047847,0.0,0.009523809523809525,415,0,5,181,1.0,0.9880952380952381,0.9940119760479043,0.0,0.011904761904761904,396,0,24,181,1.0,0.9428571428571428,0.9705882352941176,0.0,0.05714285714285714,ILLUSTRATIVE - not derived from operator financial data,900.0,900.0,0.0,0.0,False,False
microwave,mw_interference,4,POP~R_D05_1,interference,False,21.0,184.0,0.0,0.0,0.0,1,0,True,True,False,False,180.0,184.0,184.0,205.0,211.0,,,,,21.0,21.0,,,,0.0,417,0,3,181,1.0,0.9928571428571429,0.996415770609319,0.0,0.007142857142857143,416,0,4,181,1.0,0.9904761904761905,0.9952153110047847,0.0,0.009523809523809525,396,0,24,181,1.0,0.9428571428571428,0.9705882352941176,0.0,0.05714285714285714,ILLUSTRATIVE - not derived from operator financial data,900.0,900.0,0.0,0.0,False,False
microwave,mw_interference,5,POP~R_D05_1,interference,False,21.0,184.0,0.0,0.0,0.0,0,0,True,True,False,False,180.0,184.0,184.0,205.0,211.0,,,,,21.0,21.0,,,,0.0,417,0,3,181,1.0,0.9928571428571429,0.996415770609319,0.0,0.007142857142857143,417,0,3,181,1.0,0.9928571428571429,0.996415770609319,0.0,0.007142857142857143,396,0,24,181,1.0,0.9428571428571428,0.9705882352941176,0.0,0.05714285714285714,ILLUSTRATIVE - not derived from operator financial data,900.0,900.0,0.0,0.0,False,False
microwave,mw_interference,6,POP~R_D05_1,interference,False,20.0,185.0,0.0,0.0,0.0,4,0,True,True,False,False,180.0,185.0,185.0,205.0,211.0,,,,,20.0,20.0,,,,0.0,416,0,4,181,1.0,0.9904761904761905,0.9952153110047847,0.0,0.009523809523809525,412,0,8,181,1.0,0.9809523809523809,0.9903846153846153,0.0,0.01904761904761905,396,0,24,181,1.0,0.9428571428571428,0.9705882352941176,0.0,0.05714285714285714,ILLUSTRATIVE - not derived from operator financial data,900.0,900.0,0.0,0.0,False,False
microwave,mw_interference,7,POP~R_D05_1,interference,False,20.0,185.0,0.0,0.0,0.0,1,0,True,True,False,False,180.0,185.0,185.0,205.0,211.0,,,,,20.0,20.0,,,,0.0,416,0,4,181,1.0,0.9904761904761905,0.9952153110047847,0.0,0.009523809523809525,415,0,5,181,1.0,0.9880952380952381,0.9940119760479043,0.0,0.011904761904761904,396,0,24,181,1.0,0.9428571428571428,0.9705882352941176,0.0,0.05714285714285714,ILLUSTRATIVE - not derived from operator financial data,900.0,900.0,0.0,0.0,False,False
microwave,mw_interference,8,POP~R_D05_1,interference,False,21.0,184.0,0.0,0.0,0.0,3,0,True,True,False,False,180.0,184.0,184.0,205.0,211.0,,,,,21.0,21.0,,,,0.0,417,0,3,181,1.0,0.9928571428571429,0.996415770609319,0.0,0.007142857142857143,414,0,6,181,1.0,0.9857142857142858,0.9928057553956835,0.0,0.014285714285714285,396,0,24,181,1.0,0.9428571428571428,0.9705882352941176,0.0,0.05714285714285714,ILLUSTRATIVE - not derived from operator financial data,900.0,900.0,0.0,0.0,False,False
microwave,mw_interference,9,POP~R_D05_1,interference,False,21.0,184.0,0.0,0.0,0.0,0,0,True,True,False,False,180.0,184.0,184.0,205.0,211.0,,,,,21.0,21.0,,,,0.0,417,0,3,181,1.0,0.9928571428571429,0.996415770609319,0.0,0.007142857142857143,417,0,3,181,1.0,0.9928571428571429,0.996415770609319,0.0,0.007142857142857143,396,0,24,181,1.0,0.9428571428571428,0.9705882352941176,0.0,0.05714285714285714,ILLUSTRATIVE - not derived from operator financial data,900.0,900.0,0.0,0.0,False,False
microwave,mw_interference,10,POP~R_D05_1,interference,False,20.0,185.0,0.0,0.0,0.0,0,0,True,True,False,False,180.0,185.0,185.0,205.0,211.0,,,,,20.0,20.0,,,,0.0,416,0,4,181,1.0,0.9904761904761905,0.9952153110047847,0.0,0.009523809523809525,416,0,4,181,1.0,0.9904761904761905,0.9952153110047847,0.0,0.009523809523809525,396,0,24,181,1.0,0.9428571428571428,0.9705882352941176,0.0,0.05714285714285714,ILLUSTRATIVE - not derived from operator financial data,900.0,900.0,0.0,0.0,False,False
microwave,mw_interference,11,POP~R_D05_1,interference,False,21.0,184.0,0.0,0.0,0.0,0,0,True,True,False,False,180.0,184.0,184.0,205.0,211.0,,,,,21.0,21.0,,,,0.0,417,0,3,181,1.0,0.9928571428571429,0.996415770609319,0.0,0.007142857142857143,417,0,3,181,1.0,0.9928571428571429,0.996415770609319,0.0,0.007142857142857143,396,0,24,181,1.0,0.9428571428571428,0.9705882352941176,0.0,0.05714285714285714,ILLUSTRATIVE - not derived from operator financial data,900.0,900.0,0.0,0.0,False,False
microwave,mw_interference,12,POP~R_D05_1,interference,False,20.0,185.0,0.0,0.0,0.0,5,0,True,True,False,False,180.0,185.0,185.0,205.0,211.0,,,,,20.0,20.0,,,,0.0,416,0,4,181,1.0,0.9904761904761905,0.9952153110047847,0.0,0.009523809523809525,411,0,9,181,1.0,0.9785714285714285,0.9891696750902527,0.0,0.02142857142857143,396,0,24,181,1.0,0.9428571428571428,0.9705882352941176,0.0,0.05714285714285714,ILLUSTRATIVE - not derived from operator financial data,900.0,900.0,0.0,0.0,False,False
microwave,mw_interference,13,POP~R_D05_1,interference,False,20.0,185.0,0.0,0.0,0.0,2,0,True,True,False,False,180.0,185.0,185.0,205.0,211.0,,,,,20.0,20.0,,,,0.0,416,0,4,181,1.0,0.9904761904761905,0.9952153110047847,0.0,0.009523809523809525,414,0,6,181,1.0,0.9857142857142858,0.9928057553956835,0.0,0.014285714285714285,396,0,24,181,1.0,0.9428571428571428,0.9705882352941176,0.0,0.05714285714285714,ILLUSTRATIVE - not derived from operator financial data,900.0,900.0,0.0,0.0,False,False
microwave,mw_interference,14,POP~R_D05_1,interference,False,21.0,184.0,0.0,0.0,0.0,2,0,True,True,False,False,180.0,184.0,184.0,205.0,211.0,,,,,21.0,21.0,,,,0.0,417,0,3,181,1.0,0.9928571428571429,0.996415770609319,0.0,0.007142857142857143,415,0,5,181,1.0,0.9880952380952381,0.9940119760479043,0.0,0.011904761904761904,396,0,24,181,1.0,0.9428571428571428,0.9705882352941176,0.0,0.05714285714285714,ILLUSTRATIVE - not derived from operator financial data,900.0,900.0,0.0,0.0,False,False
microwave,mw_interference,15,POP~R_D05_1,interference,False,20.0,185.0,0.0,0.0,0.0,0,0,True,True,False,False,180.0,185.0,185.0,205.0,211.0,,,,,20.0,20.0,,,,0.0,416,0,4,181,1.0,0.9904761904761905,0.9952153110047847,0.0,0.009523809523809525,416,0,4,181,1.0,0.9904761904761905,0.9952153110047847,0.0,0.009523809523809525,396,0,24,181,1.0,0.9428571428571428,0.9705882352941176,0.0,0.05714285714285714,ILLUSTRATIVE - not derived from operator financial data,900.0,900.0,0.0,0.0,False,False
microwave,mw_interference,16,POP~R_D05_1,interference,False,20.0,185.0,0.0,0.0,0.0,0,0,True,True,False,False,180.0,185.0,185.0,205.0,211.0,,,,,20.0,20.0,,,,0.0,416,0,4,181,1.0,0.9904761904761905,0.9952153110047847,0.0,0.009523809523809525,416,0,4,181,1.0,0.9904761904761905,0.9952153110047847,0.0,0.009523809523809525,396,0,24,181,1.0,0.9428571428571428,0.9705882352941176,0.0,0.05714285714285714,ILLUSTRATIVE - not derived from operator financial data,900.0,900.0,0.0,0.0,False,False
microwave,mw_interference,17,POP~R_D05_1,interference,False,20.0,185.0,0.0,0.0,0.0,1,0,True,True,False,False,180.0,185.0,185.0,205.0,211.0,,,,,20.0,20.0,,,,0.0,416,0,4,181,1.0,0.9904761904761905,0.9952153110047847,0.0,0.009523809523809525,415,0,5,181,1.0,0.9880952380952381,0.9940119760479043,0.0,0.011904761904761904,396,0,24,181,1.0,0.9428571428571428,0.9705882352941176,0.0,0.05714285714285714,ILLUSTRATIVE - not derived from operator financial data,900.0,900.0,0.0,0.0,False,False
microwave,mw_interference,18,POP~R_D05_1,interference,False,20.0,184.0,0.0,0.0,0.0,2,0,True,True,False,False,180.0,184.0,184.0,204.0,210.0,,,,,20.0,20.0,,,,0.0,417,0,3,181,1.0,0.9928571428571429,0.996415770609319,0.0,0.007142857142857143,415,0,5,181,1.0,0.9880952380952381,0.9940119760479043,0.0,0.011904761904761904,397,0,23,181,1.0,0.9452380952380952,0.9718482252141982,0.0,0.05476190476190476,ILLUSTRATIVE - not derived from operator financial data,900.0,900.0,0.0,0.0,False,False
microwave,mw_interference,19,POP~R_D05_1,interference,False,21.0,184.0,0.0,0.0,0.0,4,0,True,True,False,False,180.0,184.0,184.0,205.0,211.0,,,,,21.0,21.0,,,,0.0,417,0,3,181,1.0,0.9928571428571429,0.996415770609319,0.0,0.007142857142857143,413,0,7,181,1.0,0.9833333333333333,0.9915966386554621,0.0,0.016666666666666666,396,0,24,181,1.0,0.9428571428571428,0.9705882352941176,0.0,0.05714285714285714,ILLUSTRATIVE - not derived from operator financial data,900.0,900.0,0.0,0.0,False,False
microwave,mw_interference,20,POP~R_D05_1,interference,False,20.0,185.0,0.0,0.0,0.0,1,0,True,True,False,False,180.0,185.0,185.0,205.0,211.0,,,,,20.0,20.0,,,,0.0,416,0,4,181,1.0,0.9904761904761905,0.9952153110047847,0.0,0.009523809523809525,415,0,5,181,1.0,0.9880952380952381,0.9940119760479043,0.0,0.011904761904761904,396,0,24,181,1.0,0.9428571428571428,0.9705882352941176,0.0,0.05714285714285714,ILLUSTRATIVE - not derived from operator financial data,900.0,900.0,0.0,0.0,False,False
microwave,mw_interference,21,POP~R_D05_1,interference,False,20.0,185.0,0.0,0.0,0.0,0,0,True,True,False,False,180.0,185.0,185.0,205.0,211.0,,,,,20.0,20.0,,,,0.0,416,0,4,181,1.0,0.9904761904761905,0.9952153110047847,0.0,0.009523809523809525,416,0,4,181,1.0,0.9904761904761905,0.9952153110047847,0.0,0.009523809523809525,396,0,24,181,1.0,0.9428571428571428,0.9705882352941176,0.0,0.05714285714285714,ILLUSTRATIVE - not derived from operator financial data,900.0,900.0,0.0,0.0,False,False
microwave,mw_interference,22,POP~R_D05_1,interference,False,20.0,185.0,0.0,0.0,0.0,5,0,True,True,False,False,180.0,185.0,185.0,205.0,211.0,,,,,20.0,20.0,,,,0.0,416,0,4,181,1.0,0.9904761904761905,0.9952153110047847,0.0,0.009523809523809525,411,0,9,181,1.0,0.9785714285714285,0.9891696750902527,0.0,0.02142857142857143,396,0,24,181,1.0,0.9428571428571428,0.9705882352941176,0.0,0.05714285714285714,ILLUSTRATIVE - not derived from operator financial data,900.0,900.0,0.0,0.0,False,False
microwave,mw_interference,23,POP~R_D05_1,interference,False,21.0,184.0,0.0,0.0,0.0,3,0,True,True,False,False,180.0,184.0,184.0,205.0,211.0,,,,,21.0,21.0,,,,0.0,417,0,3,181,1.0,0.9928571428571429,0.996415770609319,0.0,0.007142857142857143,414,0,6,181,1.0,0.9857142857142858,0.9928057553956835,0.0,0.014285714285714285,396,0,24,181,1.0,0.9428571428571428,0.9705882352941176,0.0,0.05714285714285714,ILLUSTRATIVE - not derived from operator financial data,900.0,900.0,0.0,0.0,False,False
microwave,mw_interference,24,POP~R_D05_1,interference,False,19.0,186.0,0.0,0.0,0.0,1,0,True,True,False,False,180.0,186.0,186.0,205.0,211.0,,,,,19.0,19.0,,,,0.0,415,0,5,181,1.0,0.9880952380952381,0.9940119760479043,0.0,0.011904761904761904,414,0,6,181,1.0,0.9857142857142858,0.9928057553956835,0.0,0.014285714285714285,396,0,24,181,1.0,0.9428571428571428,0.9705882352941176,0.0,0.05714285714285714,ILLUSTRATIVE - not derived from operator financial data,900.0,900.0,0.0,0.0,False,False
microwave,mw_interference,25,POP~R_D05_1,interference,False,20.0,185.0,0.0,0.0,0.0,1,0,True,True,False,False,180.0,185.0,185.0,205.0,211.0,,,,,20.0,20.0,,,,0.0,416,0,4,181,1.0,0.9904761904761905,0.9952153110047847,0.0,0.009523809523809525,415,0,5,181,1.0,0.9880952380952381,0.9940119760479043,0.0,0.011904761904761904,396,0,24,181,1.0,0.9428571428571428,0.9705882352941176,0.0,0.05714285714285714,ILLUSTRATIVE - not derived from operator financial data,900.0,900.0,0.0,0.0,False,False
microwave,mw_interference,26,POP~R_D05_1,interference,False,20.0,185.0,0.0,0.0,0.0,2,0,True,True,False,False,180.0,185.0,185.0,205.0,211.0,,,,,20.0,20.0,,,,0.0,416,0,4,181,1.0,0.9904761904761905,0.9952153110047847,0.0,0.009523809523809525,414,0,6,181,1.0,0.9857142857142858,0.9928057553956835,0.0,0.014285714285714285,396,0,24,181,1.0,0.9428571428571428,0.9705882352941176,0.0,0.05714285714285714,ILLUSTRATIVE - not derived from operator financial data,900.0,900.0,0.0,0.0,False,False
microwave,mw_interference,27,POP~R_D05_1,interference,False,20.0,185.0,0.0,0.0,0.0,2,0,True,True,False,False,180.0,185.0,185.0,205.0,211.0,,,,,20.0,20.0,,,,0.0,416,0,4,181,1.0,0.9904761904761905,0.9952153110047847,0.0,0.009523809523809525,414,0,6,181,1.0,0.9857142857142858,0.9928057553956835,0.0,0.014285714285714285,396,0,24,181,1.0,0.9428571428571428,0.9705882352941176,0.0,0.05714285714285714,ILLUSTRATIVE - not derived from operator financial data,900.0,900.0,0.0,0.0,False,False
microwave,mw_interference,28,POP~R_D05_1,interference,False,21.0,184.0,0.0,0.0,0.0,3,0,True,True,False,False,180.0,184.0,184.0,205.0,211.0,,,,,21.0,21.0,,,,0.0,417,0,3,181,1.0,0.9928571428571429,0.996415770609319,0.0,0.007142857142857143,414,0,6,181,1.0,0.9857142857142858,0.9928057553956835,0.0,0.014285714285714285,396,0,24,181,1.0,0.9428571428571428,0.9705882352941176,0.0,0.05714285714285714,ILLUSTRATIVE - not derived from operator financial data,900.0,900.0,0.0,0.0,False,False
microwave,mw_interference,29,POP~R_D05_1,interference,False,20.0,185.0,0.0,0.0,0.0,0,0,True,True,False,False,180.0,185.0,185.0,205.0,211.0,,,,,20.0,20.0,,,,0.0,416,0,4,181,1.0,0.9904761904761905,0.9952153110047847,0.0,0.009523809523809525,416,0,4,181,1.0,0.9904761904761905,0.9952153110047847,0.0,0.009523809523809525,396,0,24,181,1.0,0.9428571428571428,0.9705882352941176,0.0,0.05714285714285714,ILLUSTRATIVE - not derived from operator financial data,900.0,900.0,0.0,0.0,False,False
microwave,mw_interference,30,POP~R_D05_1,interference,False,21.0,184.0,0.0,0.0,0.0,3,0,True,True,False,False,180.0,184.0,184.0,205.0,211.0,,,,,21.0,21.0,,,,0.0,417,0,3,181,1.0,0.9928571428571429,0.996415770609319,0.0,0.007142857142857143,414,0,6,181,1.0,0.9857142857142858,0.9928057553956835,0.0,0.014285714285714285,396,0,24,181,1.0,0.9428571428571428,0.9705882352941176,0.0,0.05714285714285714,ILLUSTRATIVE - not derived from operator financial data,900.0,900.0,0.0,0.0,False,False
microwave,mw_config_change,1,POP~R_D05_1,config_change,False,11.0,193.0,0.0,0.0,0.0,0,0,True,True,False,False,190.0,193.0,193.0,204.0,210.0,,,,,11.0,11.0,,,,0.0,408,0,2,191,1.0,0.9951219512195122,0.9975550122249389,0.0,0.004878048780487805,408,0,2,191,1.0,0.9951219512195122,0.9975550122249389,0.0,0.004878048780487805,397,0,13,191,1.0,0.9682926829268292,0.9838909541511772,0.0,0.03170731707317073,ILLUSTRATIVE - not derived from operator financial data,900.0,900.0,0.0,0.0,False,False
microwave,mw_config_change,2,POP~R_D05_1,config_change,False,10.0,193.0,0.0,0.0,0.0,0,0,True,True,False,False,190.0,193.0,193.0,203.0,209.0,,,,,10.0,10.0,,,,0.0,408,0,2,191,1.0,0.9951219512195122,0.9975550122249389,0.0,0.004878048780487805,408,0,2,191,1.0,0.9951219512195122,0.9975550122249389,0.0,0.004878048780487805,398,0,12,191,1.0,0.9707317073170731,0.9851485148514851,0.0,0.02926829268292683,ILLUSTRATIVE - not derived from operator financial data,900.0,900.0,0.0,0.0,False,False
microwave,mw_config_change,3,POP~R_D05_1,config_change,False,10.0,193.0,0.0,0.0,0.0,0,0,True,True,False,False,190.0,193.0,193.0,203.0,209.0,,,,,10.0,10.0,,,,0.0,408,0,2,191,1.0,0.9951219512195122,0.9975550122249389,0.0,0.004878048780487805,408,0,2,191,1.0,0.9951219512195122,0.9975550122249389,0.0,0.004878048780487805,398,0,12,191,1.0,0.9707317073170731,0.9851485148514851,0.0,0.02926829268292683,ILLUSTRATIVE - not derived from operator financial data,900.0,900.0,0.0,0.0,False,False
microwave,mw_config_change,4,POP~R_D05_1,config_change,False,11.0,193.0,0.0,0.0,0.0,0,0,True,True,False,False,190.0,193.0,193.0,204.0,210.0,,,,,11.0,11.0,,,,0.0,408,0,2,191,1.0,0.9951219512195122,0.9975550122249389,0.0,0.004878048780487805,408,0,2,191,1.0,0.9951219512195122,0.9975550122249389,0.0,0.004878048780487805,397,0,13,191,1.0,0.9682926829268292,0.9838909541511772,0.0,0.03170731707317073,ILLUSTRATIVE - not derived from operator financial data,900.0,900.0,0.0,0.0,False,False
microwave,mw_config_change,5,POP~R_D05_1,config_change,False,11.0,193.0,0.0,0.0,0.0,0,0,True,True,False,False,190.0,193.0,193.0,204.0,210.0,,,,,11.0,11.0,,,,0.0,408,0,2,191,1.0,0.9951219512195122,0.9975550122249389,0.0,0.004878048780487805,408,0,2,191,1.0,0.9951219512195122,0.9975550122249389,0.0,0.004878048780487805,397,0,13,191,1.0,0.9682926829268292,0.9838909541511772,0.0,0.03170731707317073,ILLUSTRATIVE - not derived from operator financial data,900.0,900.0,0.0,0.0,False,False
microwave,mw_config_change,6,POP~R_D05_1,config_change,False,10.0,193.0,0.0,0.0,0.0,0,0,True,True,False,False,190.0,193.0,193.0,203.0,209.0,,,,,10.0,10.0,,,,0.0,408,0,2,191,1.0,0.9951219512195122,0.9975550122249389,0.0,0.004878048780487805,408,0,2,191,1.0,0.9951219512195122,0.9975550122249389,0.0,0.004878048780487805,398,0,12,191,1.0,0.9707317073170731,0.9851485148514851,0.0,0.02926829268292683,ILLUSTRATIVE - not derived from operator financial data,900.0,900.0,0.0,0.0,False,False
microwave,mw_config_change,7,POP~R_D05_1,config_change,False,11.0,193.0,0.0,0.0,0.0,0,0,True,True,False,False,190.0,193.0,193.0,204.0,210.0,,,,,11.0,11.0,,,,0.0,408,0,2,191,1.0,0.9951219512195122,0.9975550122249389,0.0,0.004878048780487805,408,0,2,191,1.0,0.9951219512195122,0.9975550122249389,0.0,0.004878048780487805,397,0,13,191,1.0,0.9682926829268292,0.9838909541511772,0.0,0.03170731707317073,ILLUSTRATIVE - not derived from operator financial data,900.0,900.0,0.0,0.0,False,False
microwave,mw_config_change,8,POP~R_D05_1,config_change,False,11.0,193.0,0.0,0.0,0.0,0,0,True,True,False,False,190.0,193.0,193.0,204.0,210.0,,,,,11.0,11.0,,,,0.0,408,0,2,191,1.0,0.9951219512195122,0.9975550122249389,0.0,0.004878048780487805,408,0,2,191,1.0,0.9951219512195122,0.9975550122249389,0.0,0.004878048780487805,397,0,13,191,1.0,0.9682926829268292,0.9838909541511772,0.0,0.03170731707317073,ILLUSTRATIVE - not derived from operator financial data,900.0,900.0,0.0,0.0,False,False
microwave,mw_config_change,9,POP~R_D05_1,config_change,False,10.0,193.0,0.0,0.0,0.0,0,0,True,True,False,False,190.0,193.0,193.0,203.0,209.0,,,,,10.0,10.0,,,,0.0,408,0,2,191,1.0,0.9951219512195122,0.9975550122249389,0.0,0.004878048780487805,408,0,2,191,1.0,0.9951219512195122,0.9975550122249389,0.0,0.004878048780487805,398,0,12,191,1.0,0.9707317073170731,0.9851485148514851,0.0,0.02926829268292683,ILLUSTRATIVE - not derived from operator financial data,900.0,900.0,0.0,0.0,False,False
microwave,mw_config_change,10,POP~R_D05_1,config_change,False,11.0,193.0,0.0,0.0,0.0,0,0,True,True,False,False,190.0,193.0,193.0,204.0,210.0,,,,,11.0,11.0,,,,0.0,408,0,2,191,1.0,0.9951219512195122,0.9975550122249389,0.0,0.004878048780487805,408,0,2,191,1.0,0.9951219512195122,0.9975550122249389,0.0,0.004878048780487805,397,0,13,191,1.0,0.9682926829268292,0.9838909541511772,0.0,0.03170731707317073,ILLUSTRATIVE - not derived from operator financial data,900.0,900.0,0.0,0.0,False,False
microwave,mw_config_change,11,POP~R_D05_1,config_change,False,10.0,193.0,0.0,0.0,0.0,0,0,True,True,False,False,190.0,193.0,193.0,203.0,209.0,,,,,10.0,10.0,,,,0.0,408,0,2,191,1.0,0.9951219512195122,0.9975550122249389,0.0,0.004878048780487805,408,0,2,191,1.0,0.9951219512195122,0.9975550122249389,0.0,0.004878048780487805,398,0,12,191,1.0,0.9707317073170731,0.9851485148514851,0.0,0.02926829268292683,ILLUSTRATIVE - not derived from operator financial data,900.0,900.0,0.0,0.0,False,False
microwave,mw_config_change,12,POP~R_D05_1,config_change,False,11.0,193.0,0.0,0.0,0.0,0,0,True,True,False,False,190.0,193.0,193.0,204.0,210.0,,,,,11.0,11.0,,,,0.0,408,0,2,191,1.0,0.9951219512195122,0.9975550122249389,0.0,0.004878048780487805,408,0,2,191,1.0,0.9951219512195122,0.9975550122249389,0.0,0.004878048780487805,397,0,13,191,1.0,0.9682926829268292,0.9838909541511772,0.0,0.03170731707317073,ILLUSTRATIVE - not derived from operator financial data,900.0,900.0,0.0,0.0,False,False
microwave,mw_config_change,13,POP~R_D05_1,config_change,False,11.0,193.0,0.0,0.0,0.0,0,0,True,True,False,False,190.0,193.0,193.0,204.0,210.0,,,,,11.0,11.0,,,,0.0,408,0,2,191,1.0,0.9951219512195122,0.9975550122249389,0.0,0.004878048780487805,408,0,2,191,1.0,0.9951219512195122,0.9975550122249389,0.0,0.004878048780487805,397,0,13,191,1.0,0.9682926829268292,0.9838909541511772,0.0,0.03170731707317073,ILLUSTRATIVE - not derived from operator financial data,900.0,900.0,0.0,0.0,False,False
microwave,mw_config_change,14,POP~R_D05_1,config_change,False,11.0,193.0,0.0,0.0,0.0,0,0,True,True,False,False,190.0,193.0,193.0,204.0,210.0,,,,,11.0,11.0,,,,0.0,408,0,2,191,1.0,0.9951219512195122,0.9975550122249389,0.0,0.004878048780487805,408,0,2,191,1.0,0.9951219512195122,0.9975550122249389,0.0,0.004878048780487805,397,0,13,191,1.0,0.9682926829268292,0.9838909541511772,0.0,0.03170731707317073,ILLUSTRATIVE - not derived from operator financial data,900.0,900.0,0.0,0.0,False,False
microwave,mw_config_change,15,POP~R_D05_1,config_change,False,11.0,193.0,0.0,0.0,0.0,0,0,True,True,False,False,190.0,193.0,193.0,204.0,210.0,,,,,11.0,11.0,,,,0.0,408,0,2,191,1.0,0.9951219512195122,0.9975550122249389,0.0,0.004878048780487805,408,0,2,191,1.0,0.9951219512195122,0.9975550122249389,0.0,0.004878048780487805,397,0,13,191,1.0,0.9682926829268292,0.9838909541511772,0.0,0.03170731707317073,ILLUSTRATIVE - not derived from operator financial data,900.0,900.0,0.0,0.0,False,False
microwave,mw_config_change,16,POP~R_D05_1,config_change,False,11.0,193.0,0.0,0.0,0.0,0,0,True,True,False,False,190.0,193.0,193.0,204.0,210.0,,,,,11.0,11.0,,,,0.0,408,0,2,191,1.0,0.9951219512195122,0.9975550122249389,0.0,0.004878048780487805,408,0,2,191,1.0,0.9951219512195122,0.9975550122249389,0.0,0.004878048780487805,397,0,13,191,1.0,0.9682926829268292,0.9838909541511772,0.0,0.03170731707317073,ILLUSTRATIVE - not derived from operator financial data,900.0,900.0,0.0,0.0,False,False
microwave,mw_config_change,17,POP~R_D05_1,config_change,False,11.0,193.0,0.0,0.0,0.0,0,0,True,True,False,False,190.0,193.0,193.0,204.0,210.0,,,,,11.0,11.0,,,,0.0,408,0,2,191,1.0,0.9951219512195122,0.9975550122249389,0.0,0.004878048780487805,408,0,2,191,1.0,0.9951219512195122,0.9975550122249389,0.0,0.004878048780487805,397,0,13,191,1.0,0.9682926829268292,0.9838909541511772,0.0,0.03170731707317073,ILLUSTRATIVE - not derived from operator financial data,900.0,900.0,0.0,0.0,False,False
microwave,mw_config_change,18,POP~R_D05_1,config_change,False,11.0,193.0,0.0,0.0,0.0,0,0,True,True,False,False,190.0,193.0,193.0,204.0,210.0,,,,,11.0,11.0,,,,0.0,408,0,2,191,1.0,0.9951219512195122,0.9975550122249389,0.0,0.004878048780487805,408,0,2,191,1.0,0.9951219512195122,0.9975550122249389,0.0,0.004878048780487805,397,0,13,191,1.0,0.9682926829268292,0.9838909541511772,0.0,0.03170731707317073,ILLUSTRATIVE - not derived from operator financial data,900.0,900.0,0.0,0.0,False,False
microwave,mw_config_change,19,POP~R_D05_1,config_change,False,11.0,193.0,0.0,0.0,0.0,0,0,True,True,False,False,190.0,193.0,193.0,204.0,210.0,,,,,11.0,11.0,,,,0.0,408,0,2,191,1.0,0.9951219512195122,0.9975550122249389,0.0,0.004878048780487805,408,0,2,191,1.0,0.9951219512195122,0.9975550122249389,0.0,0.004878048780487805,397,0,13,191,1.0,0.9682926829268292,0.9838909541511772,0.0,0.03170731707317073,ILLUSTRATIVE - not derived from operator financial data,900.0,900.0,0.0,0.0,False,False
microwave,mw_config_change,20,POP~R_D05_1,config_change,False,11.0,193.0,0.0,0.0,0.0,0,0,True,True,False,False,190.0,193.0,193.0,204.0,210.0,,,,,11.0,11.0,,,,0.0,408,0,2,191,1.0,0.9951219512195122,0.9975550122249389,0.0,0.004878048780487805,408,0,2,191,1.0,0.9951219512195122,0.9975550122249389,0.0,0.004878048780487805,397,0,13,191,1.0,0.9682926829268292,0.9838909541511772,0.0,0.03170731707317073,ILLUSTRATIVE - not derived from operator financial data,900.0,900.0,0.0,0.0,False,False
microwave,mw_config_change,21,POP~R_D05_1,config_change,False,12.0,193.0,0.0,0.0,0.0,0,0,True,True,False,False,190.0,193.0,193.0,205.0,211.0,,,,,12.0,12.0,,,,0.0,408,0,2,191,1.0,0.9951219512195122,0.9975550122249389,0.0,0.004878048780487805,408,0,2,191,1.0,0.9951219512195122,0.9975550122249389,0.0,0.004878048780487805,396,0,14,191,1.0,0.9658536585365853,0.9826302729528535,0.0,0.03414634146341464,ILLUSTRATIVE - not derived from operator financial data,900.0,900.0,0.0,0.0,False,False
microwave,mw_config_change,22,POP~R_D05_1,config_change,False,11.0,193.0,0.0,0.0,0.0,0,0,True,True,False,False,190.0,193.0,193.0,204.0,210.0,,,,,11.0,11.0,,,,0.0,408,0,2,191,1.0,0.9951219512195122,0.9975550122249389,0.0,0.004878048780487805,408,0,2,191,1.0,0.9951219512195122,0.9975550122249389,0.0,0.004878048780487805,397,0,13,191,1.0,0.9682926829268292,0.9838909541511772,0.0,0.03170731707317073,ILLUSTRATIVE - not derived from operator financial data,900.0,900.0,0.0,0.0,False,False
microwave,mw_config_change,23,POP~R_D05_1,config_change,False,10.0,193.0,0.0,0.0,0.0,0,0,True,True,False,False,190.0,193.0,193.0,203.0,209.0,,,,,10.0,10.0,,,,0.0,408,0,2,191,1.0,0.9951219512195122,0.9975550122249389,0.0,0.004878048780487805,408,0,2,191,1.0,0.9951219512195122,0.9975550122249389,0.0,0.004878048780487805,398,0,12,191,1.0,0.9707317073170731,0.9851485148514851,0.0,0.02926829268292683,ILLUSTRATIVE - not derived from operator financial data,900.0,900.0,0.0,0.0,False,False
microwave,mw_config_change,24,POP~R_D05_1,config_change,False,11.0,193.0,0.0,0.0,0.0,0,0,True,True,False,False,190.0,193.0,193.0,204.0,210.0,,,,,11.0,11.0,,,,0.0,408,0,2,191,1.0,0.9951219512195122,0.9975550122249389,0.0,0.004878048780487805,408,0,2,191,1.0,0.9951219512195122,0.9975550122249389,0.0,0.004878048780487805,397,0,13,191,1.0,0.9682926829268292,0.9838909541511772,0.0,0.03170731707317073,ILLUSTRATIVE - not derived from operator financial data,900.0,900.0,0.0,0.0,False,False
microwave,mw_config_change,25,POP~R_D05_1,config_change,False,11.0,193.0,0.0,0.0,0.0,0,0,True,True,False,False,190.0,193.0,193.0,204.0,210.0,,,,,11.0,11.0,,,,0.0,408,0,2,191,1.0,0.9951219512195122,0.9975550122249389,0.0,0.004878048780487805,408,0,2,191,1.0,0.9951219512195122,0.9975550122249389,0.0,0.004878048780487805,397,0,13,191,1.0,0.9682926829268292,0.9838909541511772,0.0,0.03170731707317073,ILLUSTRATIVE - not derived from operator financial data,900.0,900.0,0.0,0.0,False,False
microwave,mw_config_change,26,POP~R_D05_1,config_change,False,11.0,193.0,0.0,0.0,0.0,0,0,True,True,False,False,190.0,193.0,193.0,204.0,210.0,,,,,11.0,11.0,,,,0.0,408,0,2,191,1.0,0.9951219512195122,0.9975550122249389,0.0,0.004878048780487805,408,0,2,191,1.0,0.9951219512195122,0.9975550122249389,0.0,0.004878048780487805,397,0,13,191,1.0,0.9682926829268292,0.9838909541511772,0.0,0.03170731707317073,ILLUSTRATIVE - not derived from operator financial data,900.0,900.0,0.0,0.0,False,False
microwave,mw_config_change,27,POP~R_D05_1,config_change,False,11.0,193.0,0.0,0.0,0.0,0,0,True,True,False,False,190.0,193.0,193.0,204.0,210.0,,,,,11.0,11.0,,,,0.0,408,0,2,191,1.0,0.9951219512195122,0.9975550122249389,0.0,0.004878048780487805,408,0,2,191,1.0,0.9951219512195122,0.9975550122249389,0.0,0.004878048780487805,397,0,13,191,1.0,0.9682926829268292,0.9838909541511772,0.0,0.03170731707317073,ILLUSTRATIVE - not derived from operator financial data,900.0,900.0,0.0,0.0,False,False
microwave,mw_config_change,28,POP~R_D05_1,config_change,False,11.0,193.0,0.0,0.0,0.0,0,0,True,True,False,False,190.0,193.0,193.0,204.0,210.0,,,,,11.0,11.0,,,,0.0,408,0,2,191,1.0,0.9951219512195122,0.9975550122249389,0.0,0.004878048780487805,408,0,2,191,1.0,0.9951219512195122,0.9975550122249389,0.0,0.004878048780487805,397,0,13,191,1.0,0.9682926829268292,0.9838909541511772,0.0,0.03170731707317073,ILLUSTRATIVE - not derived from operator financial data,900.0,900.0,0.0,0.0,False,False
microwave,mw_config_change,29,POP~R_D05_1,config_change,False,11.0,193.0,0.0,0.0,0.0,0,0,True,True,False,False,190.0,193.0,193.0,204.0,210.0,,,,,11.0,11.0,,,,0.0,408,0,2,191,1.0,0.9951219512195122,0.9975550122249389,0.0,0.004878048780487805,408,0,2,191,1.0,0.9951219512195122,0.9975550122249389,0.0,0.004878048780487805,397,0,13,191,1.0,0.9682926829268292,0.9838909541511772,0.0,0.03170731707317073,ILLUSTRATIVE - not derived from operator financial data,900.0,900.0,0.0,0.0,False,False
microwave,mw_config_change,30,POP~R_D05_1,config_change,False,11.0,193.0,0.0,0.0,0.0,0,0,True,True,False,False,190.0,193.0,193.0,204.0,210.0,,,,,11.0,11.0,,,,0.0,408,0,2,191,1.0,0.9951219512195122,0.9975550122249389,0.0,0.004878048780487805,408,0,2,191,1.0,0.9951219512195122,0.9975550122249389,0.0,0.004878048780487805,397,0,13,191,1.0,0.9682926829268292,0.9838909541511772,0.0,0.03170731707317073,ILLUSTRATIVE - not derived from operator financial data,900.0,900.0,0.0,0.0,False,False
leo_ntn,leo_low_elevation,1,UT00,low_elevation,True,,,,0.0,0.0,3,0,False,True,False,True,,173.0,175.0,,,,,,,,,,,,2.0,0,4,0,597,0.0,,,0.0066555740432612314,,0,1,0,600,0.0,,,0.0016638935108153079,,0,0,0,601,,,,0.0,,ILLUSTRATIVE - not derived from operator financial data,0.0,900.0,-900.0,,True,False
leo_ntn,leo_low_elevation,2,UT00,low_elevation,True,,,,0.0,0.0,19,0,False,False,False,False,,133.0,,,,,,,,,,,,,,0,19,0,582,0.0,,,0.03161397670549085,,0,0,0,601,,,,0.0,,0,0,0,601,,,,0.0,,ILLUSTRATIVE - not derived from operator financial data,0.0,0.0,0.0,,False,False
leo_ntn,leo_low_elevation,3,UT00,low_elevation,True,,,,0.0,0.0,8,0,False,False,False,False,,212.0,,,,,,,,,,,,,,0,8,0,593,0.0,,,0.013311148086522463,,0,0,0,601,,,,0.0,,0,0,0,601,,,,0.0,,ILLUSTRATIVE - not derived from operator financial data,0.0,0.0,0.0,,False,False
leo_ntn,leo_low_elevation,4,UT00,low_elevation,True,,,,0.0,0.0,20,1,False,False,False,False,,157.0,233.0,,,,,,,,,,,,76.0,0,21,0,580,0.0,,,0.03494176372712146,,0,0,0,601,,,,0.0,,0,0,0,601,,,,0.0,,ILLUSTRATIVE - not derived from operator financial data,0.0,0.0,0.0,,False,False
leo_ntn,leo_low_elevation,5,UT00,low_elevation,True,,,,0.0,0.0,3,0,False,False,False,False,,433.0,,,,,,,,,,,,,,0,3,0,598,0.0,,,0.004991680532445923,,0,0,0,601,,,,0.0,,0,0,0,601,,,,0.0,,ILLUSTRATIVE - not derived from operator financial data,0.0,0.0,0.0,,False,False
leo_ntn,leo_low_elevation,6,UT00,low_elevation,True,,,,0.0,0.0,0,0,False,False,False,False,,,,,,,,,,,,,,,,0,0,0,601,,,,0.0,,0,0,0,601,,,,0.0,,0,0,0,601,,,,0.0,,ILLUSTRATIVE - not derived from operator financial data,0.0,0.0,0.0,,False,False
leo_ntn,leo_low_elevation,7,UT00,low_elevation,True,,,,0.0,0.0,6,0,False,False,False,False,,234.0,,,,,,,,,,,,,,0,6,0,595,0.0,,,0.009983361064891847,,0,0,0,601,,,,0.0,,0,0,0,601,,,,0.0,,ILLUSTRATIVE - not derived from operator financial data,0.0,0.0,0.0,,False,False
leo_ntn,leo_low_elevation,8,UT00,low_elevation,True,,,,0.0,0.0,10,0,False,False,False,False,,381.0,,,,,,,,,,,,,,0,10,0,591,0.0,,,0.016638935108153077,,0,0,0,601,,,,0.0,,0,0,0,601,,,,0.0,,ILLUSTRATIVE - not derived from operator financial data,0.0,0.0,0.0,,False,False
leo_ntn,leo_low_elevation,9,UT00,low_elevation,True,,,,0.0,0.0,0,0,False,False,False,False,,,,,,,,,,,,,,,,0,0,0,601,,,,0.0,,0,0,0,601,,,,0.0,,0,0,0,601,,,,0.0,,ILLUSTRATIVE - not derived from operator financial data,0.0,0.0,0.0,,False,False
leo_ntn,leo_low_elevation,10,UT00,low_elevation,True,,,,0.0,0.0,0,0,False,False,False,False,,,,,,,,,,,,,,,,0,0,0,601,,,,0.0,,0,0,0,601,,,,0.0,,0,0,0,601,,,,0.0,,ILLUSTRATIVE - not derived from operator financial data,0.0,0.0,0.0,,False,False
leo_ntn,leo_low_elevation,11,UT00,low_elevation,True,,,,0.0,0.0,1,0,False,False,False,False,,486.0,,,,,,,,,,,,,,0,1,0,600,0.0,,,0.0016638935108153079,,0,0,0,601,,,,0.0,,0,0,0,601,,,,0.0,,ILLUSTRATIVE - not derived from operator financial data,0.0,0.0,0.0,,False,False
leo_ntn,leo_low_elevation,12,UT00,low_elevation,True,,,,0.0,0.0,0,0,False,False,False,False,,,,,,,,,,,,,,,,0,0,0,601,,,,0.0,,0,0,0,601,,,,0.0,,0,0,0,601,,,,0.0,,ILLUSTRATIVE - not derived from operator financial data,0.0,0.0,0.0,,False,False
leo_ntn,leo_low_elevation,13,UT00,low_elevation,True,,,,0.0,0.0,0,0,False,False,False,False,,,,,,,,,,,,,,,,0,0,0,601,,,,0.0,,0,0,0,601,,,,0.0,,0,0,0,601,,,,0.0,,ILLUSTRATIVE - not derived from operator financial data,0.0,0.0,0.0,,False,False
leo_ntn,leo_low_elevation,14,UT00,low_elevation,True,,,,0.0,0.0,12,0,False,False,False,False,,175.0,,,,,,,,,,,,,,0,12,0,589,0.0,,,0.019966722129783693,,0,0,0,601,,,,0.0,,0,0,0,601,,,,0.0,,ILLUSTRATIVE - not derived from operator financial data,0.0,0.0,0.0,,False,False
leo_ntn,leo_low_elevation,15,UT00,low_elevation,True,,,,0.0,0.0,3,0,False,False,False,False,,581.0,,,,,,,,,,,,,,0,3,0,598,0.0,,,0.004991680532445923,,0,0,0,601,,,,0.0,,0,0,0,601,,,,0.0,,ILLUSTRATIVE - not derived from operator financial data,0.0,0.0,0.0,,False,False
leo_ntn,leo_low_elevation,16,UT00,low_elevation,True,,,,0.0,0.0,8,0,False,False,False,False,,577.0,,,,,,,,,,,,,,0,8,0,593,0.0,,,0.013311148086522463,,0,0,0,601,,,,0.0,,0,0,0,601,,,,0.0,,ILLUSTRATIVE - not derived from operator financial data,0.0,0.0,0.0,,False,False
leo_ntn,leo_low_elevation,17,UT00,low_elevation,True,,,,0.0,0.0,12,1,False,False,False,False,,160.0,323.0,,,,,,,,,,,,163.0,0,13,0,588,0.0,,,0.021630615640599003,,0,0,0,601,,,,0.0,,0,0,0,601,,,,0.0,,ILLUSTRATIVE - not derived from operator financial data,0.0,0.0,0.0,,False,False
leo_ntn,leo_low_elevation,18,UT00,low_elevation,True,,,,0.0,0.0,16,0,False,False,False,False,,146.0,,,,,,,,,,,,,,0,16,0,585,0.0,,,0.026622296173044926,,0,0,0,601,,,,0.0,,0,0,0,601,,,,0.0,,ILLUSTRATIVE - not derived from operator financial data,0.0,0.0,0.0,,False,False
leo_ntn,leo_low_elevation,19,UT00,low_elevation,True,,,,0.0,0.0,25,0,False,False,False,False,,255.0,,,,,,,,,,,,,,0,25,0,576,0.0,,,0.04159733777038269,,0,0,0,601,,,,0.0,,0,0,0,601,,,,0.0,,ILLUSTRATIVE - not derived from operator financial data,0.0,0.0,0.0,,False,False
leo_ntn,leo_low_elevation,20,UT00,low_elevation,True,,,,0.0,0.0,0,0,False,False,False,False,,,,,,,,,,,,,,,,0,0,0,601,,,,0.0,,0,0,0,601,,,,0.0,,0,0,0,601,,,,0.0,,ILLUSTRATIVE - not derived from operator financial data,0.0,0.0,0.0,,False,False
leo_ntn,leo_low_elevation,21,UT00,low_elevation,True,,,,0.0,0.0,12,1,False,False,False,False,,236.0,350.0,,,,,,,,,,,,114.0,0,13,0,588,0.0,,,0.021630615640599003,,0,0,0,601,,,,0.0,,0,0,0,601,,,,0.0,,ILLUSTRATIVE - not derived from operator financial data,0.0,0.0,0.0,,False,False
leo_ntn,leo_low_elevation,22,UT00,low_elevation,True,,,,0.0,0.0,0,0,False,False,False,False,,,,,,,,,,,,,,,,0,0,0,601,,,,0.0,,0,0,0,601,,,,0.0,,0,0,0,601,,,,0.0,,ILLUSTRATIVE - not derived from operator financial data,0.0,0.0,0.0,,False,False
leo_ntn,leo_low_elevation,23,UT00,low_elevation,True,,,,0.0,0.0,3,0,False,False,False,False,,128.0,,,,,,,,,,,,,,0,3,0,598,0.0,,,0.004991680532445923,,0,0,0,601,,,,0.0,,0,0,0,601,,,,0.0,,ILLUSTRATIVE - not derived from operator financial data,0.0,0.0,0.0,,False,False
leo_ntn,leo_low_elevation,24,UT00,low_elevation,True,,,,0.0,0.0,1,1,False,False,False,False,,341.0,341.0,,,,,,,,,,,,0.0,0,2,0,599,0.0,,,0.0033277870216306157,,0,0,0,601,,,,0.0,,0,0,0,601,,,,0.0,,ILLUSTRATIVE - not derived from operator financial data,0.0,0.0,0.0,,False,False
leo_ntn,leo_low_elevation,25,UT00,low_elevation,True,,,,0.0,0.0,3,0,False,False,False,False,,195.0,,,,,,,,,,,,,,0,3,0,598,0.0,,,0.004991680532445923,,0,0,0,601,,,,0.0,,0,0,0,601,,,,0.0,,ILLUSTRATIVE - not derived from operator financial data,0.0,0.0,0.0,,False,False
leo_ntn,leo_low_elevation,26,UT00,low_elevation,True,,,,0.0,0.0,0,0,False,False,False,False,,,,,,,,,,,,,,,,0,0,0,601,,,,0.0,,0,0,0,601,,,,0.0,,0,0,0,601,,,,0.0,,ILLUSTRATIVE - not derived from operator financial data,0.0,0.0,0.0,,False,False
leo_ntn,leo_low_elevation,27,UT00,low_elevation,True,,,,0.0,0.0,2,0,False,False,False,False,,397.0,,,,,,,,,,,,,,0,2,0,599,0.0,,,0.0033277870216306157,,0,0,0,601,,,,0.0,,0,0,0,601,,,,0.0,,ILLUSTRATIVE - not derived from operator financial data,0.0,0.0,0.0,,False,False
leo_ntn,leo_low_elevation,28,UT00,low_elevation,True,,,,0.0,0.0,3,1,False,False,False,False,,236.0,296.0,,,,,,,,,,,,60.0,0,4,0,597,0.0,,,0.0066555740432612314,,0,0,0,601,,,,0.0,,0,0,0,601,,,,0.0,,ILLUSTRATIVE - not derived from operator financial data,0.0,0.0,0.0,,False,False
leo_ntn,leo_low_elevation,29,UT00,low_elevation,True,,,,0.0,0.0,3,0,False,False,False,False,,288.0,,,,,,,,,,,,,,0,3,0,598,0.0,,,0.004991680532445923,,0,0,0,601,,,,0.0,,0,0,0,601,,,,0.0,,ILLUSTRATIVE - not derived from operator financial data,0.0,0.0,0.0,,False,False
leo_ntn,leo_low_elevation,30,UT00,low_elevation,True,,,,0.0,0.0,6,0,False,False,False,False,,213.0,,,,,,,,,,,,,,0,6,0,595,0.0,,,0.009983361064891847,,0,0,0,601,,,,0.0,,0,0,0,601,,,,0.0,,ILLUSTRATIVE - not derived from operator financial data,0.0,0.0,0.0,,False,False
leo_ntn,leo_ground_rain,1,UT00,propagation_fade,True,5.0,157.0,0.0,7.0,75.0,1,93,True,False,True,False,150.0,157.0,157.0,162.0,168.0,161.0,162.0,,260.0,5.0,5.0,4.0,4.0,-1.0,0.0,94,0,15,492,1.0,0.8623853211009175,0.9261083743842364,0.0,0.13761467889908258,0,0,0,601,,,,0.0,,0,439,0,162,0.0,,,0.7304492512479202,,ILLUSTRATIVE - not derived from operator financial data,1657.13,735.26,921.87,55.6,False,True
leo_ntn,leo_ground_rain,2,UT00,propagation_fade,True,7.0,154.0,21.0,4.0,79.0,12,102,True,False,True,False,150.0,133.0,154.0,161.0,167.0,157.0,161.0,,260.0,28.0,7.0,24.0,3.0,-4.0,21.0,102,12,7,480,0.8947368421052632,0.9357798165137615,0.9147982062780269,0.024390243902439025,0.06422018348623854,0,0,0,601,,,,0.0,,0,440,0,161,0.0,,,0.7321131447587355,,ILLUSTRATIVE - not derived from operator financial data,1674.8,744.79,930.01,55.5,False,True
leo_ntn,leo_ground_rain,3,UT00,propagation_fade,True,3.0,159.0,0.0,5.0,77.0,7,95,True,False,True,False,150.0,159.0,159.0,162.0,168.0,161.0,162.0,,260.0,3.0,3.0,2.0,2.0,-1.0,0.0,95,7,14,485,0.9313725490196079,0.8715596330275229,0.900473933649289,0.014227642276422764,0.12844036697247707,0,0,0,601,,,,0.0,,0,439,0,162,0.0,,,0.7304492512479202,,ILLUSTRATIVE - not derived from operator financial data,1662.6,749.48,913.12,54.9,False,True
leo_ntn,leo_ground_rain,4,UT00,propagation_fade,True,3.0,154.0,0.0,2.0,81.0,11,100,True,False,True,False,150.0,154.0,154.0,157.0,163.0,157.0,157.0,,260.0,3.0,3.0,3.0,3.0,0.0,0.0,99,12,10,480,0.8918918918918919,0.908256880733945,0.9,0.024390243902439025,0.09174311926605505,0,0,0,601,,,,0.0,,0,444,0,157,0.0,,,0.7387687188019967,,ILLUSTRATIVE - not derived from operator financial data,1680.27,767.14,913.13,54.3,False,True
leo_ntn,leo_ground_rain,5,UT00,propagation_fade,True,2.0,160.0,0.0,7.0,75.0,3,94,True,False,True,False,150.0,160.0,160.0,162.0,168.0,161.0,162.0,,260.0,2.0,2.0,1.0,1.0,-1.0,0.0,94,3,15,489,0.9690721649484536,0.8623853211009175,0.912621359223301,0.006097560975609756,0.13761467889908258,0,0,0,601,,,,0.0,,0,439,0,162,0.0,,,0.7304492512479202,,ILLUSTRATIVE - not derived from operator financial data,1657.13,748.39,908.74,54.8,False,True
leo_ntn,leo_ground_rain,6,UT00,propagation_fade,True,6.0,155.0,0.0,5.0,78.0,1,97,True,False,True,False,150.0,155.0,155.0,161.0,167.0,157.0,161.0,,260.0,6.0,6.0,2.0,2.0,-4.0,0.0,98,0,11,492,1.0,0.8990825688073395,0.9468599033816426,0.0,0.10091743119266056,0,0,0,601,,,,0.0,,0,440,0,161,0.0,,,0.7321131447587355,,ILLUSTRATIVE - not derived from operator financial data,1672.07,745.82,926.25,55.4,False,True
leo_ntn,leo_ground_rain,7,UT00,propagation_fade,True,7.0,155.0,0.0,9.0,74.0,5,99,True,False,True,False,150.0,155.0,155.0,162.0,168.0,157.0,162.0,,260.0,7.0,7.0,2.0,2.0,-5.0,0.0,99,5,10,487,0.9519230769230769,0.908256880733945,0.9295774647887324,0.01016260162601626,0.09174311926605505,0,0,0,601,,,,0.0,,0,439,0,162,0.0,,,0.7304492512479202,,ILLUSTRATIVE - not derived from operator financial data,1661.13,730.52,930.61,56.0,False,True
leo_ntn,leo_ground_rain,8,UT00,propagation_fade,True,7.0,155.0,0.0,9.0,73.0,11,97,True,False,True,False,150.0,155.0,155.0,162.0,168.0,157.0,162.0,,260.0,7.0,7.0,2.0,2.0,-5.0,0.0,97,11,12,481,0.8981481481481481,0.8899082568807339,0.8940092165898618,0.022357723577235773,0.11009174311926606,0,0,0,601,,,,0.0,,0,439,0,162,0.0,,,0.7304492512479202,,ILLUSTRATIVE - not derived from operator financial data,1651.67,721.05,930.62,56.3,False,True
leo_ntn,leo_ground_rain,9,UT00,propagation_fade,True,6.0,156.0,0.0,6.0,77.0,0,95,True,False,True,False,150.0,156.0,156.0,162.0,168.0,157.0,162.0,,260.0,6.0,6.0,1.0,1.0,-5.0,0.0,95,0,14,492,1.0,0.8715596330275229,0.9313725490196079,0.0,0.12844036697247707,0,0,0,601,,,,0.0,,0,439,0,162,0.0,,,0.7304492512479202,,ILLUSTRATIVE - not derived from operator financial data,1669.33,743.09,926.24,55.5,False,True
leo_ntn,leo_ground_rain,10,UT00,propagation_fade,True,7.0,155.0,0.0,8.0,75.0,0,99,True,False,True,False,150.0,155.0,155.0,162.0,168.0,157.0,162.0,,260.0,7.0,7.0,2.0,2.0,-5.0,0.0,99,0,10,492,1.0,0.908256880733945,0.9519230769230769,0.0,0.09174311926605505,0,0,0,601,,,,0.0,,0,439,0,162,0.0,,,0.7304492512479202,,ILLUSTRATIVE - not derived from operator financial data,1663.87,733.25,930.62,55.9,False,True
leo_ntn,leo_ground_rain,11,UT00,propagation_fade,True,7.0,155.0,0.0,8.0,75.0,1,97,True,False,True,False,150.0,155.0,155.0,162.0,168.0,157.0,162.0,,260.0,7.0,7.0,2.0,2.0,-5.0,0.0,97,1,12,491,0.9897959183673469,0.8899082568807339,0.9371980676328503,0.0020325203252032522,0.11009174311926606,0,0,0,601,,,,0.0,,0,439,0,162,0.0,,,0.7304492512479202,,ILLUSTRATIVE - not derived from operator financial data,1663.87,733.25,930.62,55.9,False,True
leo_ntn,leo_ground_rain,12,UT00,propagation_fade,True,7.0,155.0,0.0,6.0,77.0,1,99,True,False,True,False,150.0,155.0,155.0,162.0,168.0,157.0,162.0,,260.0,7.0,7.0,2.0,2.0,-5.0,0.0,99,1,10,491,0.99,0.908256880733945,0.9473684210526316,0.0020325203252032522,0.09174311926605505,0,0,0,601,,,,0.0,,0,439,0,162,0.0,,,0.7304492512479202,,ILLUSTRATIVE - not derived from operator financial data,1669.33,738.72,930.61,55.7,False,True
leo_ntn,leo_ground_rain,13,UT00,propagation_fade,True,7.0,155.0,0.0,6.0,76.0,0,99,True,False,True,False,150.0,155.0,155.0,162.0,168.0,161.0,162.0,,260.0,7.0,7.0,6.0,6.0,-1.0,0.0,99,0,10,492,1.0,0.908256880733945,0.9519230769230769,0.0,0.09174311926605505,0,0,0,601,,,,0.0,,0,439,0,162,0.0,,,0.7304492512479202,,ILLUSTRATIVE - not derived from operator financial data,1659.87,729.25,930.62,56.1,False,True
leo_ntn,leo_ground_rain,14,UT00,propagation_fade,True,7.0,155.0,0.0,8.0,75.0,11,99,True,False,True,False,150.0,155.0,155.0,162.0,168.0,157.0,162.0,,260.0,7.0,7.0,2.0,2.0,-5.0,0.0,99,11,10,481,0.9,0.908256880733945,0.9041095890410958,0.022357723577235773,0.09174311926605505,0,0,0,601,,,,0.0,,0,439,0,162,0.0,,,0.7304492512479202,,ILLUSTRATIVE - not derived from operator financial data,1663.87,733.25,930.62,55.9,False,True
leo_ntn,leo_ground_rain,15,UT00,propagation_fade,True,5.0,157.0,0.0,8.0,75.0,3,95,True,False,True,False,150.0,157.0,157.0,162.0,168.0,157.0,162.0,,260.0,5.0,5.0,0.0,0.0,-5.0,0.0,95,3,14,489,0.9693877551020408,0.8715596330275229,0.9178743961352657,0.006097560975609756,0.12844036697247707,0,0,0,601,,,,0.0,,0,439,0,162,0.0,,,0.7304492512479202,,ILLUSTRATIVE - not derived from operator financial data,1663.87,742.0,921.87,55.4,False,True
leo_ntn,leo_ground_rain,16,UT00,propagation_fade,True,7.0,155.0,0.0,7.0,75.0,9,100,True,False,True,False,150.0,155.0,155.0,162.0,168.0,157.0,162.0,,260.0,7.0,7.0,2.0,2.0,-5.0,0.0,100,9,9,483,0.9174311926605505,0.9174311926605505,0.9174311926605505,0.018292682926829267,0.08256880733944955,0,0,0,601,,,,0.0,,0,439,0,162,0.0,,,0.7304492512479202,,ILLUSTRATIVE - not derived from operator financial data,1657.13,726.52,930.61,56.2,False,True
leo_ntn,leo_ground_rain,17,UT00,propagation_fade,True,7.0,155.0,0.0,5.0,77.0,10,99,True,False,True,False,150.0,155.0,155.0,162.0,168.0,161.0,162.0,,260.0,7.0,7.0,6.0,6.0,-1.0,0.0,97,12,12,480,0.8899082568807339,0.8899082568807339,0.8899082568807339,0.024390243902439025,0.11009174311926606,0,0,0,601,,,,0.0,,0,439,0,162,0.0,,,0.7304492512479202,,ILLUSTRATIVE - not derived from operator financial data,1662.6,731.98,930.62,56.0,False,True
leo_ntn,leo_ground_rain,18,UT00,propagation_fade,True,7.0,155.0,9.0,7.0,77.0,9,100,True,False,True,False,150.0,146.0,155.0,162.0,168.0,157.0,162.0,,260.0,16.0,7.0,11.0,2.0,-5.0,9.0,100,9,9,483,0.9174311926605505,0.9174311926605505,0.9174311926605505,0.018292682926829267,0.08256880733944955,0,0,0,601,,,,0.0,,0,439,0,162,0.0,,,0.7304492512479202,,ILLUSTRATIVE - not derived from operator financial data,1676.07,745.45,930.62,55.5,False,True
leo_ntn,leo_ground_rain,19,UT00,propagation_fade,True,8.0,154.0,0.0,8.0,75.0,24,100,True,False,True,False,150.0,154.0,154.0,162.0,168.0,157.0,162.0,,260.0,8.0,8.0,3.0,3.0,-5.0,0.0,100,24,9,468,0.8064516129032258,0.9174311926605505,0.8583690987124464,0.04878048780487805,0.08256880733944955,0,0,0,601,,,,0.0,,0,439,0,162,0.0,,,0.7304492512479202,,ILLUSTRATIVE - not derived from operator financial data,1663.87,728.87,935.0,56.2,False,True
leo_ntn,leo_ground_rain,20,UT00,propagation_fade,True,7.0,155.0,0.0,7.0,74.0,0,96,True,False,True,False,150.0,155.0,155.0,162.0,168.0,161.0,162.0,,260.0,7.0,7.0,6.0,6.0,-1.0,0.0,96,0,13,492,1.0,0.8807339449541285,0.9365853658536586,0.0,0.11926605504587157,0,0,0,601,,,,0.0,,0,439,0,162,0.0,,,0.7304492512479202,,ILLUSTRATIVE - not derived from operator financial data,1647.67,717.05,930.62,56.5,False,True
leo_ntn,leo_ground_rain,21,UT00,propagation_fade,True,8.0,154.0,0.0,5.0,78.0,14,100,True,False,True,False,150.0,154.0,154.0,162.0,168.0,157.0,162.0,,260.0,8.0,8.0,3.0,3.0,-5.0,0.0,100,14,9,478,0.8771929824561403,0.9174311926605505,0.8968609865470852,0.028455284552845527,0.08256880733944955,0,0,0,601,,,,0.0,,0,439,0,162,0.0,,,0.7304492512479202,,ILLUSTRATIVE - not derived from operator financial data,1672.07,737.07,935.0,55.9,False,True
leo_ntn,leo_ground_rain,22,UT00,propagation_fade,True,6.0,155.0,0.0,5.0,78.0,0,98,True,False,True,False,150.0,155.0,155.0,161.0,167.0,157.0,161.0,,260.0,6.0,6.0,2.0,2.0,-4.0,0.0,98,0,11,492,1.0,0.8990825688073395,0.9468599033816426,0.0,0.10091743119266056,0,0,0,601,,,,0.0,,0,440,0,161,0.0,,,0.7321131447587355,,ILLUSTRATIVE - not derived from operator financial data,1672.07,745.82,926.25,55.4,False,True
leo_ntn,leo_ground_rain,23,UT00,propagation_fade,True,7.0,155.0,27.0,7.0,76.0,3,96,True,False,True,False,150.0,128.0,155.0,162.0,168.0,157.0,162.0,,260.0,34.0,7.0,29.0,2.0,-5.0,27.0,96,3,13,489,0.9696969696969697,0.8807339449541285,0.9230769230769231,0.006097560975609756,0.11926605504587157,0,0,0,601,,,,0.0,,0,439,0,162,0.0,,,0.7304492512479202,,ILLUSTRATIVE - not derived from operator financial data,1666.6,735.98,930.62,55.8,False,True
leo_ntn,leo_ground_rain,24,UT00,propagation_fade,True,2.0,160.0,0.0,8.0,75.0,2,95,True,False,True,False,150.0,160.0,160.0,162.0,168.0,157.0,162.0,,260.0,2.0,2.0,-3.0,-3.0,-5.0,0.0,93,4,16,488,0.9587628865979382,0.8532110091743119,0.9029126213592232,0.008130081300813009,0.14678899082568808,0,0,0,601,,,,0.0,,0,439,0,162,0.0,,,0.7304492512479202,,ILLUSTRATIVE - not derived from operator financial data,1663.87,755.12,908.75,54.6,False,True
leo_ntn,leo_ground_rain,25,UT00,propagation_fade,True,2.0,155.0,0.0,6.0,77.0,1,101,True,False,True,False,150.0,155.0,155.0,157.0,163.0,157.0,157.0,,260.0,2.0,2.0,2.0,2.0,0.0,0.0,102,0,7,492,1.0,0.9357798165137615,0.966824644549763,0.0,0.06422018348623854,0,0,0,601,,,,0.0,,0,444,0,157,0.0,,,0.7387687188019967,,ILLUSTRATIVE - not derived from operator financial data,1669.33,760.59,908.74,54.4,False,True
leo_ntn,leo_ground_rain,26,UT00,propagation_fade,True,5.0,157.0,0.0,5.0,78.0,0,95,True,False,True,False,150.0,157.0,157.0,162.0,168.0,157.0,162.0,,260.0,5.0,5.0,0.0,0.0,-5.0,0.0,95,0,14,492,1.0,0.8715596330275229,0.9313725490196079,0.0,0.12844036697247707,0,0,0,601,,,,0.0,,0,439,0,162,0.0,,,0.7304492512479202,,ILLUSTRATIVE - not derived from operator financial data,1672.07,750.2,921.87,55.1,False,True
leo_ntn,leo_ground_rain,27,UT00,propagation_fade,True,7.0,155.0,0.0,8.0,75.0,4,96,True,False,True,False,150.0,155.0,155.0,162.0,168.0,157.0,162.0,,260.0,7.0,7.0,2.0,2.0,-5.0,0.0,98,2,11,490,0.98,0.8990825688073395,0.937799043062201,0.0040650406504065045,0.10091743119266056,0,0,0,601,,,,0.0,,0,439,0,162,0.0,,,0.7304492512479202,,ILLUSTRATIVE - not derived from operator financial data,1663.87,733.25,930.62,55.9,False,True
leo_ntn,leo_ground_rain,28,UT00,propagation_fade,True,6.0,155.0,0.0,6.0,77.0,2,98,True,False,True,False,150.0,155.0,155.0,161.0,167.0,157.0,161.0,,260.0,6.0,6.0,2.0,2.0,-4.0,0.0,98,2,11,490,0.98,0.8990825688073395,0.937799043062201,0.0040650406504065045,0.10091743119266056,0,0,0,601,,,,0.0,,0,440,0,161,0.0,,,0.7321131447587355,,ILLUSTRATIVE - not derived from operator financial data,1669.33,743.09,926.24,55.5,False,True
leo_ntn,leo_ground_rain,29,UT00,propagation_fade,True,2.0,155.0,0.0,5.0,78.0,4,98,True,False,True,False,150.0,155.0,155.0,157.0,163.0,157.0,157.0,,260.0,2.0,2.0,2.0,2.0,0.0,0.0,98,4,11,488,0.9607843137254902,0.8990825688073395,0.9289099526066351,0.008130081300813009,0.10091743119266056,0,0,0,601,,,,0.0,,0,444,0,157,0.0,,,0.7387687188019967,,ILLUSTRATIVE - not derived from operator financial data,1672.07,763.32,908.75,54.3,False,True
leo_ntn,leo_ground_rain,30,UT00,propagation_fade,True,2.0,160.0,0.0,7.0,77.0,8,86,True,False,True,False,150.0,160.0,160.0,162.0,168.0,157.0,162.0,,260.0,2.0,2.0,-3.0,-3.0,-5.0,0.0,93,1,16,491,0.9893617021276596,0.8532110091743119,0.916256157635468,0.0020325203252032522,0.14678899082568808,0,0,0,601,,,,0.0,,0,439,0,162,0.0,,,0.7304492512479202,,ILLUSTRATIVE - not derived from operator financial data,1676.07,767.32,908.75,54.2,False,True
leo_ntn,leo_rf_subsystem,1,UT00,rf_subsystem,False,266.0,252.0,79.0,0.0,0.0,17,0,True,True,False,False,170.0,173.0,175.0,441.0,447.0,,,,,268.0,266.0,,,,2.0,104,4,3,490,0.9629629629629629,0.9719626168224299,0.9674418604651163,0.008097165991902834,0.028037383177570093,90,1,17,493,0.989010989010989,0.8411214953271028,0.9090909090909092,0.0020242914979757085,0.1588785046728972,42,118,65,376,0.2625,0.3925233644859813,0.3146067415730337,0.2388663967611336,0.6074766355140186,ILLUSTRATIVE - not derived from operator financial data,900.0,900.0,0.0,0.0,False,False
leo_ntn,leo_rf_subsystem,2,UT00,rf_subsystem,False,153.0,252.0,119.0,0.0,0.0,29,0,True,True,False,False,170.0,133.0,252.0,405.0,411.0,,,,,272.0,153.0,,,,119.0,100,19,7,475,0.8403361344537815,0.9345794392523364,0.8849557522123893,0.038461538461538464,0.06542056074766354,90,0,17,494,1.0,0.8411214953271028,0.9137055837563453,0.0,0.1588785046728972,52,144,55,350,0.2653061224489796,0.48598130841121495,0.3432343234323433,0.291497975708502,0.514018691588785,ILLUSTRATIVE - not derived from operator financial data,900.0,900.0,0.0,0.0,False,False
leo_ntn,leo_rf_subsystem,3,UT00,rf_subsystem,False,153.0,234.0,34.0,0.0,0.0,14,0,True,True,False,False,170.0,200.0,234.0,387.0,393.0,,,,,187.0,153.0,,,,34.0,100,8,7,486,0.9259259259259259,0.9345794392523364,0.9302325581395349,0.016194331983805668,0.06542056074766354,94,0,13,494,1.0,0.8785046728971962,0.9353233830845772,0.0,0.12149532710280374,57,157,50,337,0.26635514018691586,0.5327102803738317,0.35514018691588783,0.31781376518218624,0.4672897196261682,ILLUSTRATIVE - not derived from operator financial data,900.0,900.0,0.0,0.0,False,False
leo_ntn,leo_rf_subsystem,4,UT00,rf_subsystem,False,171.0,216.0,59.0,0.0,0.0,23,1,True,True,False,False,170.0,157.0,216.0,387.0,393.0,,,,,230.0,171.0,,,,59.0,101,21,6,473,0.8278688524590164,0.9439252336448598,0.8820960698689956,0.04251012145748988,0.056074766355140186,98,0,9,494,1.0,0.9158878504672897,0.9560975609756098,0.0,0.08411214953271028,57,157,50,337,0.26635514018691586,0.5327102803738317,0.35514018691588783,0.31781376518218624,0.4672897196261682,ILLUSTRATIVE - not derived from operator financial data,900.0,900.0,0.0,0.0,False,False
leo_ntn,leo_rf_subsystem,5,UT00,rf_subsystem,False,207.0,234.0,51.0,0.0,0.0,7,0,True,True,False,False,170.0,183.0,234.0,441.0,447.0,,,,,258.0,207.0,,,,51.0,101,0,6,494,1.0,0.9439252336448598,0.9711538461538461,0.0,0.056074766355140186,94,0,13,494,1.0,0.8785046728971962,0.9353233830845772,0.0,0.12149532710280374,42,118,65,376,0.2625,0.3925233644859813,0.3146067415730337,0.2388663967611336,0.6074766355140186,ILLUSTRATIVE - not derived from operator financial data,900.0,900.0,0.0,0.0,False,False
leo_ntn,leo_rf_subsystem,6,UT00,rf_subsystem,False,261.0,234.0,16.0,0.0,0.0,2,0,True,True,False,False,170.0,218.0,234.0,495.0,501.0,,,,,277.0,261.0,,,,16.0,96,0,11,494,1.0,0.897196261682243,0.9458128078817734,0.0,0.102803738317757,94,0,13,494,1.0,0.8785046728971962,0.9353233830845772,0.0,0.12149532710280374,27,79,80,415,0.25471698113207547,0.2523364485981308,0.2535211267605634,0.15991902834008098,0.7476635514018691,ILLUSTRATIVE - not derived from operator financial data,900.0,900.0,0.0,0.0,False,False
leo_ntn,leo_rf_subsystem,7,UT00,rf_subsystem,False,257.0,217.0,33.0,0.0,0.0,10,1,True,True,False,False,170.0,184.0,184.0,441.0,447.0,,,,,257.0,257.0,,,,0.0,103,5,4,489,0.9537037037037037,0.9626168224299065,0.958139534883721,0.010121457489878543,0.037383177570093455,97,0,10,494,1.0,0.9065420560747663,0.9509803921568627,0.0,0.09345794392523364,42,118,65,376,0.2625,0.3925233644859813,0.3146067415730337,0.2388663967611336,0.6074766355140186,ILLUSTRATIVE - not derived from operator financial data,900.0,900.0,0.0,0.0,False,False
leo_ntn,leo_rf_subsystem,8,UT00,rf_subsystem,False,207.0,234.0,34.0,0.0,0.0,6,0,True,True,False,False,170.0,200.0,234.0,441.0,447.0,,,,,241.0,207.0,,,,34.0,100,0,7,494,1.0,0.9345794392523364,0.966183574879227,0.0,0.06542056074766354,94,0,13,494,1.0,0.8785046728971962,0.9353233830845772,0.0,0.12149532710280374,42,118,65,376,0.2625,0.3925233644859813,0.3146067415730337,0.2388663967611336,0.6074766355140186,ILLUSTRATIVE - not derived from operator financial data,900.0,900.0,0.0,0.0,False,False
leo_ntn,leo_rf_subsystem,9,UT00,rf_subsystem,False,168.0,219.0,2.0,0.0,0.0,2,0,True,True,False,False,170.0,217.0,219.0,387.0,393.0,,,,,170.0,168.0,,,,2.0,97,0,10,494,1.0,0.9065420560747663,0.9509803921568627,0.0,0.09345794392523364,95,0,12,494,1.0,0.8878504672897196,0.9405940594059405,0.0,0.11214953271028037,57,157,50,337,0.26635514018691586,0.5327102803738317,0.35514018691588783,0.31781376518218624,0.4672897196261682,ILLUSTRATIVE - not derived from operator financial data,900.0,900.0,0.0,0.0,False,False
leo_ntn,leo_rf_subsystem,10,UT00,rf_subsystem,False,187.0,218.0,18.0,0.0,0.0,2,0,True,True,False,False,170.0,200.0,200.0,387.0,393.0,,,,,187.0,187.0,,,,0.0,100,0,7,494,1.0,0.9345794392523364,0.966183574879227,0.0,0.06542056074766354,98,0,9,494,1.0,0.9158878504672897,0.9560975609756098,0.0,0.08411214953271028,57,157,50,337,0.26635514018691586,0.5327102803738317,0.35514018691588783,0.31781376518218624,0.4672897196261682,ILLUSTRATIVE - not derived from operator financial data,900.0,900.0,0.0,0.0,False,False
leo_ntn,leo_rf_subsystem,11,UT00,rf_subsystem,False,,234.0,18.0,0.0,0.0,4,0,False,True,False,False,170.0,216.0,234.0,,,,,,,,,,,,18.0,98,0,9,494,1.0,0.9158878504672897,0.9560975609756098,0.0,0.08411214953271028,94,0,13,494,1.0,0.8785046728971962,0.9353233830845772,0.0,0.12149532710280374,0,0,107,494,,0.0,,0.0,1.0,ILLUSTRATIVE - not derived from operator financial data,0.0,900.0,-900.0,,False,False
leo_ntn,leo_rf_subsystem,12,UT00,rf_subsystem,False,189.0,216.0,16.0,0.0,0.0,2,0,True,True,False,False,170.0,200.0,216.0,405.0,411.0,,,,,205.0,189.0,,,,16.0,100,0,7,494,1.0,0.9345794392523364,0.966183574879227,0.0,0.06542056074766354,98,0,9,494,1.0,0.9158878504672897,0.9560975609756098,0.0,0.08411214953271028,52,144,55,350,0.2653061224489796,0.48598130841121495,0.3432343234323433,0.291497975708502,0.514018691588785,ILLUSTRATIVE - not derived from operator financial data,900.0,900.0,0.0,0.0,False,False
leo_ntn,leo_rf_subsystem,13,UT00,rf_subsystem,False,171.0,216.0,16.0,0.0,0.0,2,0,True,True,False,False,170.0,200.0,216.0,387.0,393.0,,,,,187.0,171.0,,,,16.0,100,0,7,494,1.0,0.9345794392523364,0.966183574879227,0.0,0.06542056074766354,98,0,9,494,1.0,0.9158878504672897,0.9560975609756098,0.0,0.08411214953271028,57,157,50,337,0.26635514018691586,0.5327102803738317,0.35514018691588783,0.31781376518218624,0.4672897196261682,ILLUSTRATIVE - not derived from operator financial data,900.0,900.0,0.0,0.0,False,False
leo_ntn,leo_rf_subsystem,14,UT00,rf_subsystem,False,152.0,253.0,78.0,0.0,0.0,19,0,True,True,False,False,170.0,175.0,253.0,405.0,411.0,,,,,230.0,152.0,,,,78.0,96,12,11,482,0.8888888888888888,0.897196261682243,0.8930232558139535,0.024291497975708502,0.102803738317757,89,0,18,494,1.0,0.8317757009345794,0.9081632653061225,0.0,0.16822429906542055,52,144,55,350,0.2653061224489796,0.48598130841121495,0.3432343234323433,0.291497975708502,0.514018691588785,ILLUSTRATIVE - not derived from operator financial data,900.0,900.0,0.0,0.0,False,False
leo_ntn,leo_rf_subsystem,15,UT00,rf_subsystem,False,260.0,252.0,34.0,0.0,0.0,9,0,True,True,False,False,170.0,218.0,252.0,512.0,518.0,,,,,294.0,260.0,,,,34.0,96,3,11,491,0.9696969696969697,0.897196261682243,0.9320388349514562,0.006072874493927126,0.102803738317757,90,0,17,494,1.0,0.8411214953271028,0.9137055837563453,0.0,0.1588785046728972,22,67,85,427,0.24719101123595505,0.205607476635514,0.22448979591836737,0.13562753036437247,0.794392523364486,ILLUSTRATIVE - not derived from operator financial data,900.0,900.0,0.0,0.0,False,False
leo_ntn,leo_rf_subsystem,16,UT00,rf_subsystem,False,150.0,237.0,19.0,0.0,0.0,10,0,True,True,False,False,170.0,218.0,237.0,387.0,393.0,,,,,169.0,150.0,,,,19.0,96,5,11,489,0.9504950495049505,0.897196261682243,0.923076923076923,0.010121457489878543,0.102803738317757,91,0,16,494,1.0,0.8504672897196262,0.9191919191919192,0.0,0.14953271028037382,57,157,50,337,0.26635514018691586,0.5327102803738317,0.35514018691588783,0.31781376518218624,0.4672897196261682,ILLUSTRATIVE - not derived from operator financial data,900.0,900.0,0.0,0.0,False,False
leo_ntn,leo_rf_subsystem,17,UT00,rf_subsystem,False,276.0,219.0,59.0,0.0,0.0,19,2,True,True,False,False,170.0,160.0,184.0,460.0,466.0,,,,,300.0,276.0,,,,24.0,103,13,4,481,0.8879310344827587,0.9626168224299065,0.9237668161434978,0.02631578947368421,0.037383177570093455,95,0,12,494,1.0,0.8878504672897196,0.9405940594059405,0.0,0.11214953271028037,37,104,70,390,0.2624113475177305,0.34579439252336447,0.2983870967741935,0.21052631578947367,0.6542056074766355,ILLUSTRATIVE - not derived from operator financial data,900.0,900.0,0.0,0.0,False,False
leo_ntn,leo_rf_subsystem,18,UT00,rf_subsystem,False,243.0,234.0,88.0,0.0,0.0,18,0,True,True,False,False,170.0,146.0,234.0,477.0,483.0,,,,,331.0,243.0,,,,88.0,103,9,4,485,0.9196428571428571,0.9626168224299065,0.9406392694063926,0.018218623481781375,0.037383177570093455,94,0,13,494,1.0,0.8785046728971962,0.9353233830845772,0.0,0.12149532710280374,32,92,75,402,0.25806451612903225,0.29906542056074764,0.277056277056277,0.1862348178137652,0.7009345794392523,ILLUSTRATIVE - not derived from operator financial data,900.0,900.0,0.0,0.0,False,False
leo_ntn,leo_rf_subsystem,19,UT00,rf_subsystem,False,171.0,216.0,35.0,0.0,0.0,6,0,True,True,False,False,170.0,181.0,216.0,387.0,393.0,,,,,206.0,171.0,,,,35.0,103,1,4,493,0.9903846153846154,0.9626168224299065,0.976303317535545,0.0020242914979757085,0.037383177570093455,98,0,9,494,1.0,0.9158878504672897,0.9560975609756098,0.0,0.08411214953271028,57,157,50,337,0.26635514018691586,0.5327102803738317,0.35514018691588783,0.31781376518218624,0.4672897196261682,ILLUSTRATIVE - not derived from operator financial data,900.0,900.0,0.0,0.0,False,False
leo_ntn,leo_rf_subsystem,20,UT00,rf_subsystem,False,222.0,219.0,19.0,0.0,0.0,5,0,True,True,False,False,170.0,200.0,219.0,441.0,447.0,,,,,241.0,222.0,,,,19.0,100,0,7,494,1.0,0.9345794392523364,0.966183574879227,0.0,0.06542056074766354,95,0,12,494,1.0,0.8878504672897196,0.9405940594059405,0.0,0.11214953271028037,42,118,65,376,0.2625,0.3925233644859813,0.3146067415730337,0.2388663967611336,0.6074766355140186,ILLUSTRATIVE - not derived from operator financial data,900.0,900.0,0.0,0.0,False,False
leo_ntn,leo_rf_subsystem,21,UT00,rf_subsystem,False,294.0,201.0,19.0,0.0,0.0,10,1,True,True,False,False,170.0,182.0,201.0,495.0,501.0,,,,,313.0,294.0,,,,19.0,105,5,2,489,0.9545454545454546,0.9813084112149533,0.967741935483871,0.010121457489878543,0.018691588785046728,99,0,8,494,1.0,0.9252336448598131,0.9611650485436893,0.0,0.07476635514018691,27,79,80,415,0.25471698113207547,0.2523364485981308,0.2535211267605634,0.15991902834008098,0.7476635514018691,ILLUSTRATIVE - not derived from operator financial data,900.0,900.0,0.0,0.0,False,False
leo_ntn,leo_rf_subsystem,22,UT00,rf_subsystem,False,168.0,237.0,37.0,0.0,0.0,14,0,True,True,False,False,170.0,200.0,237.0,405.0,411.0,,,,,205.0,168.0,,,,37.0,100,0,7,494,1.0,0.9345794392523364,0.966183574879227,0.0,0.06542056074766354,86,0,21,494,1.0,0.8037383177570093,0.8911917098445596,0.0,0.19626168224299065,52,144,55,350,0.2653061224489796,0.48598130841121495,0.3432343234323433,0.291497975708502,0.514018691588785,ILLUSTRATIVE - not derived from operator financial data,900.0,900.0,0.0,0.0,False,False
leo_ntn,leo_rf_subsystem,23,UT00,rf_subsystem,False,206.0,217.0,89.0,0.0,0.0,6,0,True,True,False,False,170.0,128.0,199.0,405.0,411.0,,,,,277.0,206.0,,,,71.0,101,3,6,491,0.9711538461538461,0.9439252336448598,0.957345971563981,0.006072874493927126,0.056074766355140186,98,0,9,494,1.0,0.9158878504672897,0.9560975609756098,0.0,0.08411214953271028,52,144,55,350,0.2653061224489796,0.48598130841121495,0.3432343234323433,0.291497975708502,0.514018691588785,ILLUSTRATIVE - not derived from operator financial data,900.0,900.0,0.0,0.0,False,False
leo_ntn,leo_rf_subsystem,24,UT00,rf_subsystem,False,153.0,234.0,34.0,0.0,0.0,4,1,True,True,False,False,170.0,200.0,234.0,387.0,393.0,,,,,187.0,153.0,,,,34.0,97,2,10,492,0.9797979797979798,0.9065420560747663,0.9417475728155339,0.004048582995951417,0.09345794392523364,94,0,13,494,1.0,0.8785046728971962,0.9353233830845772,0.0,0.12149532710280374,57,157,50,337,0.26635514018691586,0.5327102803738317,0.35514018691588783,0.31781376518218624,0.4672897196261682,ILLUSTRATIVE - not derived from operator financial data,900.0,900.0,0.0,0.0,False,False
leo_ntn,leo_rf_subsystem,25,UT00,rf_subsystem,False,,237.0,42.0,0.0,0.0,10,0,False,True,False,False,170.0,195.0,237.0,,,,,,,,,,,,42.0,98,3,9,491,0.9702970297029703,0.9158878504672897,0.9423076923076923,0.006072874493927126,0.08411214953271028,91,0,16,494,1.0,0.8504672897196262,0.9191919191919192,0.0,0.14953271028037382,0,0,107,494,,0.0,,0.0,1.0,ILLUSTRATIVE - not derived from operator financial data,0.0,900.0,-900.0,,False,False
leo_ntn,leo_rf_subsystem,26,UT00,rf_subsystem,False,189.0,252.0,36.0,0.0,0.0,8,0,True,True,False,False,170.0,216.0,252.0,441.0,447.0,,,,,225.0,189.0,,,,36.0,98,0,9,494,1.0,0.9158878504672897,0.9560975609756098,0.0,0.08411214953271028,90,0,17,494,1.0,0.8411214953271028,0.9137055837563453,0.0,0.1588785046728972,42,118,65,376,0.2625,0.3925233644859813,0.3146067415730337,0.2388663967611336,0.6074766355140186,ILLUSTRATIVE - not derived from operator financial data,900.0,900.0,0.0,0.0,False,False
leo_ntn,leo_rf_subsystem,27,UT00,rf_subsystem,False,225.0,216.0,16.0,0.0,0.0,3,0,True,True,False,False,170.0,200.0,216.0,441.0,447.0,,,,,241.0,225.0,,,,16.0,100,1,7,493,0.9900990099009901,0.9345794392523364,0.9615384615384615,0.0020242914979757085,0.06542056074766354,98,0,9,494,1.0,0.9158878504672897,0.9560975609756098,0.0,0.08411214953271028,42,118,65,376,0.2625,0.3925233644859813,0.3146067415730337,0.2388663967611336,0.6074766355140186,ILLUSTRATIVE - not derived from operator financial data,900.0,900.0,0.0,0.0,False,False
leo_ntn,leo_rf_subsystem,28,UT00,rf_subsystem,False,171.0,234.0,34.0,0.0,0.0,7,1,True,True,False,False,170.0,200.0,234.0,405.0,411.0,,,,,205.0,171.0,,,,34.0,100,2,7,492,0.9803921568627451,0.9345794392523364,0.9569377990430622,0.004048582995951417,0.06542056074766354,94,0,13,494,1.0,0.8785046728971962,0.9353233830845772,0.0,0.12149532710280374,52,144,55,350,0.2653061224489796,0.48598130841121495,0.3432343234323433,0.291497975708502,0.514018691588785,ILLUSTRATIVE - not derived from operator financial data,900.0,900.0,0.0,0.0,False,False
leo_ntn,leo_rf_subsystem,29,UT00,rf_subsystem,False,258.0,219.0,37.0,0.0,0.0,12,0,True,True,False,False,170.0,182.0,219.0,477.0,483.0,,,,,295.0,258.0,,,,37.0,105,2,2,492,0.9813084112149533,0.9813084112149533,0.9813084112149533,0.004048582995951417,0.018691588785046728,95,0,12,494,1.0,0.8878504672897196,0.9405940594059405,0.0,0.11214953271028037,32,92,75,402,0.25806451612903225,0.29906542056074764,0.277056277056277,0.1862348178137652,0.7009345794392523,ILLUSTRATIVE - not derived from operator financial data,900.0,900.0,0.0,0.0,False,False
leo_ntn,leo_rf_subsystem,30,UT00,rf_subsystem,False,170.0,235.0,35.0,0.0,0.0,13,0,True,True,False,False,170.0,200.0,235.0,405.0,411.0,,,,,205.0,170.0,,,,35.0,100,6,7,488,0.9433962264150944,0.9345794392523364,0.9389671361502347,0.012145748987854251,0.06542056074766354,93,0,14,494,1.0,0.8691588785046729,0.9299999999999999,0.0,0.1308411214953271,52,144,55,350,0.2653061224489796,0.48598130841121495,0.3432343234323433,0.291497975708502,0.514018691588785,ILLUSTRATIVE - not derived from operator financial data,900.0,900.0,0.0,0.0,False,False
leo_ntn,leo_pointing,1,UT00,pointing_attitude,False,302.0,218.0,45.0,0.0,0.0,3,0,True,True,False,False,175.0,173.0,175.0,477.0,483.0,,,,,304.0,302.0,,,,2.0,96,4,11,490,0.96,0.897196261682243,0.927536231884058,0.008097165991902834,0.102803738317757,96,1,11,493,0.9896907216494846,0.897196261682243,0.9411764705882352,0.0020242914979757085,0.102803738317757,32,92,75,402,0.25806451612903225,0.29906542056074764,0.277056277056277,0.1862348178137652,0.7009345794392523,ILLUSTRATIVE - not derived from operator financial data,900.0,900.0,0.0,0.0,False,False
leo_ntn,leo_pointing,2,UT00,pointing_attitude,False,241.0,200.0,67.0,0.0,0.0,19,0,True,True,False,False,175.0,133.0,200.0,441.0,447.0,,,,,308.0,241.0,,,,67.0,100,19,7,475,0.8403361344537815,0.9345794392523364,0.8849557522123893,0.038461538461538464,0.06542056074766354,100,0,7,494,1.0,0.9345794392523364,0.966183574879227,0.0,0.06542056074766354,42,118,65,376,0.2625,0.3925233644859813,0.3146067415730337,0.2388663967611336,0.6074766355140186,ILLUSTRATIVE - not derived from operator financial data,900.0,900.0,0.0,0.0,False,False
leo_ntn,leo_pointing,3,UT00,pointing_attitude,False,207.0,216.0,16.0,0.0,0.0,10,0,True,True,False,False,175.0,200.0,216.0,423.0,429.0,,,,,223.0,207.0,,,,16.0,100,8,7,486,0.9259259259259259,0.9345794392523364,0.9302325581395349,0.016194331983805668,0.06542056074766354,98,0,9,494,1.0,0.9158878504672897,0.9560975609756098,0.0,0.08411214953271028,47,131,60,363,0.2640449438202247,0.4392523364485981,0.32982456140350874,0.2651821862348178,0.5607476635514018,ILLUSTRATIVE - not derived from operator financial data,900.0,900.0,0.0,0.0,False,False
leo_ntn,leo_pointing,4,UT00,pointing_attitude,False,,199.0,42.0,0.0,0.0,20,1,False,True,False,False,175.0,157.0,199.0,,,,,,,,,,,,42.0,101,21,6,473,0.8278688524590164,0.9439252336448598,0.8820960698689956,0.04251012145748988,0.056074766355140186,101,0,6,494,1.0,0.9439252336448598,0.9711538461538461,0.0,0.056074766355140186,0,0,107,494,,0.0,,0.0,1.0,ILLUSTRATIVE - not derived from operator financial data,0.0,900.0,-900.0,,False,False
leo_ntn,leo_pointing,5,UT00,pointing_attitude,False,224.0,217.0,0.0,0.0,0.0,0,0,True,True,False,False,175.0,217.0,217.0,441.0,447.0,,,,,224.0,224.0,,,,0.0,97,0,10,494,1.0,0.9065420560747663,0.9509803921568627,0.0,0.09345794392523364,97,0,10,494,1.0,0.9065420560747663,0.9509803921568627,0.0,0.09345794392523364,42,118,65,376,0.2625,0.3925233644859813,0.3146067415730337,0.2388663967611336,0.6074766355140186,ILLUSTRATIVE - not derived from operator financial data,900.0,900.0,0.0,0.0,False,False
leo_ntn,leo_pointing,6,UT00,pointing_attitude,False,,217.0,0.0,0.0,0.0,0,0,False,True,False,False,175.0,217.0,217.0,,,,,,,,,,,,0.0,97,0,10,494,1.0,0.9065420560747663,0.9509803921568627,0.0,0.09345794392523364,97,0,10,494,1.0,0.9065420560747663,0.9509803921568627,0.0,0.09345794392523364,0,0,107,494,,0.0,,0.0,1.0,ILLUSTRATIVE - not derived from operator financial data,0.0,900.0,-900.0,,False,False
leo_ntn,leo_pointing,7,UT00,pointing_attitude,False,,217.0,0.0,0.0,0.0,5,0,False,True,False,False,175.0,217.0,217.0,,,,,,,,,,,,0.0,97,5,10,489,0.9509803921568627,0.9065420560747663,0.9282296650717703,0.010121457489878543,0.09345794392523364,97,0,10,494,1.0,0.9065420560747663,0.9509803921568627,0.0,0.09345794392523364,0,0,107,494,,0.0,,0.0,1.0,ILLUSTRATIVE - not derived from operator financial data,0.0,900.0,-900.0,,False,False
leo_ntn,leo_pointing,8,UT00,pointing_attitude,False,,200.0,0.0,0.0,0.0,0,0,False,True,False,False,175.0,200.0,200.0,,,,,,,,,,,,0.0,100,0,7,494,1.0,0.9345794392523364,0.966183574879227,0.0,0.06542056074766354,100,0,7,494,1.0,0.9345794392523364,0.966183574879227,0.0,0.06542056074766354,0,0,107,494,,0.0,,0.0,1.0,ILLUSTRATIVE - not derived from operator financial data,0.0,900.0,-900.0,,False,False
leo_ntn,leo_pointing,9,UT00,pointing_attitude,False,,218.0,0.0,0.0,0.0,0,0,False,True,False,False,175.0,218.0,218.0,,,,,,,,,,,,0.0,96,0,11,494,1.0,0.897196261682243,0.9458128078817734,0.0,0.102803738317757,96,0,11,494,1.0,0.897196261682243,0.9458128078817734,0.0,0.102803738317757,0,0,107,494,,0.0,,0.0,1.0,ILLUSTRATIVE - not derived from operator financial data,0.0,900.0,-900.0,,False,False
leo_ntn,leo_pointing,10,UT00,pointing_attitude,False,,218.0,0.0,0.0,0.0,0,0,False,True,False,False,175.0,218.0,218.0,,,,,,,,,,,,0.0,96,0,11,494,1.0,0.897196261682243,0.9458128078817734,0.0,0.102803738317757,96,0,11,494,1.0,0.897196261682243,0.9458128078817734,0.0,0.102803738317757,0,0,107,494,,0.0,,0.0,1.0,ILLUSTRATIVE - not derived from operator financial data,0.0,900.0,-900.0,,False,False
leo_ntn,leo_pointing,11,UT00,pointing_attitude,False,,218.0,0.0,0.0,0.0,0,0,False,True,False,False,175.0,218.0,218.0,,,,,,,,,,,,0.0,96,0,11,494,1.0,0.897196261682243,0.9458128078817734,0.0,0.102803738317757,96,0,11,494,1.0,0.897196261682243,0.9458128078817734,0.0,0.102803738317757,0,0,107,494,,0.0,,0.0,1.0,ILLUSTRATIVE - not derived from operator financial data,0.0,900.0,-900.0,,False,False
leo_ntn,leo_pointing,12,UT00,pointing_attitude,False,,218.0,0.0,0.0,0.0,0,0,False,True,False,False,175.0,218.0,218.0,,,,,,,,,,,,0.0,96,0,11,494,1.0,0.897196261682243,0.9458128078817734,0.0,0.102803738317757,96,0,11,494,1.0,0.897196261682243,0.9458128078817734,0.0,0.102803738317757,0,0,107,494,,0.0,,0.0,1.0,ILLUSTRATIVE - not derived from operator financial data,0.0,900.0,-900.0,,False,False
leo_ntn,leo_pointing,13,UT00,pointing_attitude,False,,217.0,0.0,0.0,0.0,0,0,False,True,False,False,175.0,217.0,217.0,,,,,,,,,,,,0.0,97,0,10,494,1.0,0.9065420560747663,0.9509803921568627,0.0,0.09345794392523364,97,0,10,494,1.0,0.9065420560747663,0.9509803921568627,0.0,0.09345794392523364,0,0,107,494,,0.0,,0.0,1.0,ILLUSTRATIVE - not derived from operator financial data,0.0,900.0,-900.0,,False,False
leo_ntn,leo_pointing,14,UT00,pointing_attitude,False,259.0,218.0,43.0,0.0,0.0,12,0,True,True,False,False,175.0,175.0,218.0,477.0,483.0,,,,,302.0,259.0,,,,43.0,96,12,11,482,0.8888888888888888,0.897196261682243,0.8930232558139535,0.024291497975708502,0.102803738317757,96,0,11,494,1.0,0.897196261682243,0.9458128078817734,0.0,0.102803738317757,32,92,75,402,0.25806451612903225,0.29906542056074764,0.277056277056277,0.1862348178137652,0.7009345794392523,ILLUSTRATIVE - not derived from operator financial data,900.0,900.0,0.0,0.0,False,False
leo_ntn,leo_pointing,15,UT00,pointing_attitude,False,,218.0,0.0,0.0,0.0,3,0,False,True,False,False,175.0,218.0,218.0,,,,,,,,,,,,0.0,96,3,11,491,0.9696969696969697,0.897196261682243,0.9320388349514562,0.006072874493927126,0.102803738317757,96,0,11,494,1.0,0.897196261682243,0.9458128078817734,0.0,0.102803738317757,0,0,107,494,,0.0,,0.0,1.0,ILLUSTRATIVE - not derived from operator financial data,0.0,900.0,-900.0,,False,False
leo_ntn,leo_pointing,16,UT00,pointing_attitude,False,367.0,218.0,0.0,0.0,0.0,5,0,True,True,False,False,175.0,218.0,218.0,585.0,591.0,,,,,367.0,367.0,,,,0.0,96,5,11,489,0.9504950495049505,0.897196261682243,0.923076923076923,0.010121457489878543,0.102803738317757,96,0,11,494,1.0,0.897196261682243,0.9458128078817734,0.0,0.102803738317757,4,12,103,482,0.25,0.037383177570093455,0.06504065040650406,0.024291497975708502,0.9626168224299065,ILLUSTRATIVE - not derived from operator financial data,900.0,900.0,0.0,0.0,False,False
leo_ntn,leo_pointing,17,UT00,pointing_attitude,False,,218.0,58.0,0.0,0.0,12,1,False,True,False,False,175.0,160.0,218.0,,,,,,,,,,,,58.0,96,13,11,481,0.8807339449541285,0.897196261682243,0.8888888888888888,0.02631578947368421,0.102803738317757,96,0,11,494,1.0,0.897196261682243,0.9458128078817734,0.0,0.102803738317757,0,0,107,494,,0.0,,0.0,1.0,ILLUSTRATIVE - not derived from operator financial data,0.0,900.0,-900.0,,False,False
leo_ntn,leo_pointing,18,UT00,pointing_attitude,False,,200.0,54.0,0.0,0.0,9,0,False,True,False,False,175.0,146.0,200.0,,,,,,,,,,,,54.0,100,9,7,485,0.9174311926605505,0.9345794392523364,0.925925925925926,0.018218623481781375,0.06542056074766354,100,0,7,494,1.0,0.9345794392523364,0.966183574879227,0.0,0.06542056074766354,0,0,107,494,,0.0,,0.0,1.0,ILLUSTRATIVE - not derived from operator financial data,0.0,900.0,-900.0,,False,False
leo_ntn,leo_pointing,19,UT00,pointing_attitude,False,,199.0,0.0,0.0,0.0,1,0,False,True,False,False,175.0,199.0,199.0,,,,,,,,,,,,0.0,101,1,6,493,0.9901960784313726,0.9439252336448598,0.9665071770334929,0.0020242914979757085,0.056074766355140186,101,0,6,494,1.0,0.9439252336448598,0.9711538461538461,0.0,0.056074766355140186,0,0,107,494,,0.0,,0.0,1.0,ILLUSTRATIVE - not derived from operator financial data,0.0,900.0,-900.0,,False,False
leo_ntn,leo_pointing,20,UT00,pointing_attitude,False,,217.0,0.0,0.0,0.0,0,0,False,True,False,False,175.0,217.0,217.0,,,,,,,,,,,,0.0,97,0,10,494,1.0,0.9065420560747663,0.9509803921568627,0.0,0.09345794392523364,97,0,10,494,1.0,0.9065420560747663,0.9509803921568627,0.0,0.09345794392523364,0,0,107,494,,0.0,,0.0,1.0,ILLUSTRATIVE - not derived from operator financial data,0.0,900.0,-900.0,,False,False
leo_ntn,leo_pointing,21,UT00,pointing_attitude,False,,199.0,0.0,0.0,0.0,4,1,False,True,False,False,175.0,199.0,199.0,,,,,,,,,,,,0.0,98,5,9,489,0.9514563106796117,0.9158878504672897,0.9333333333333335,0.010121457489878543,0.08411214953271028,98,0,9,494,1.0,0.9158878504672897,0.9560975609756098,0.0,0.08411214953271028,0,0,107,494,,0.0,,0.0,1.0,ILLUSTRATIVE - not derived from operator financial data,0.0,900.0,-900.0,,False,False
leo_ntn,leo_pointing,22,UT00,pointing_attitude,False,,218.0,0.0,0.0,0.0,0,0,False,True,False,False,175.0,218.0,218.0,,,,,,,,,,,,0.0,96,0,11,494,1.0,0.897196261682243,0.9458128078817734,0.0,0.102803738317757,96,0,11,494,1.0,0.897196261682243,0.9458128078817734,0.0,0.102803738317757,0,0,107,494,,0.0,,0.0,1.0,ILLUSTRATIVE - not derived from operator financial data,0.0,900.0,-900.0,,False,False
leo_ntn,leo_pointing,23,UT00,pointing_attitude,False,,217.0,89.0,0.0,0.0,3,0,False,True,False,False,175.0,128.0,217.0,,,,,,,,,,,,89.0,97,3,10,491,0.97,0.9065420560747663,0.9371980676328503,0.006072874493927126,0.09345794392523364,97,0,10,494,1.0,0.9065420560747663,0.9509803921568627,0.0,0.09345794392523364,0,0,107,494,,0.0,,0.0,1.0,ILLUSTRATIVE - not derived from operator financial data,0.0,900.0,-900.0,,False,False
leo_ntn,leo_pointing,24,UT00,pointing_attitude,False,,218.0,0.0,0.0,0.0,1,1,False,True,False,False,175.0,218.0,218.0,,,,,,,,,,,,0.0,90,2,17,492,0.9782608695652174,0.8411214953271028,0.9045226130653266,0.004048582995951417,0.1588785046728972,90,0,17,494,1.0,0.8411214953271028,0.9137055837563453,0.0,0.1588785046728972,0,0,107,494,,0.0,,0.0,1.0,ILLUSTRATIVE - not derived from operator financial data,0.0,900.0,-900.0,,False,False
leo_ntn,leo_pointing,25,UT00,pointing_attitude,False,,200.0,5.0,0.0,0.0,3,0,False,True,False,False,175.0,195.0,200.0,,,,,,,,,,,,5.0,100,3,7,491,0.970873786407767,0.9345794392523364,0.9523809523809522,0.006072874493927126,0.06542056074766354,100,0,7,494,1.0,0.9345794392523364,0.966183574879227,0.0,0.06542056074766354,0,0,107,494,,0.0,,0.0,1.0,ILLUSTRATIVE - not derived from operator financial data,0.0,900.0,-900.0,,False,False
leo_ntn,leo_pointing,26,UT00,pointing_attitude,False,,218.0,0.0,0.0,0.0,0,0,False,True,False,False,175.0,218.0,218.0,,,,,,,,,,,,0.0,96,0,11,494,1.0,0.897196261682243,0.9458128078817734,0.0,0.102803738317757,96,0,11,494,1.0,0.897196261682243,0.9458128078817734,0.0,0.102803738317757,0,0,107,494,,0.0,,0.0,1.0,ILLUSTRATIVE - not derived from operator financial data,0.0,900.0,-900.0,,False,False
leo_ntn,leo_pointing,27,UT00,pointing_attitude,False,,200.0,0.0,0.0,0.0,1,0,False,True,False,False,175.0,200.0,200.0,,,,,,,,,,,,0.0,100,1,7,493,0.9900990099009901,0.9345794392523364,0.9615384615384615,0.0020242914979757085,0.06542056074766354,100,0,7,494,1.0,0.9345794392523364,0.966183574879227,0.0,0.06542056074766354,0,0,107,494,,0.0,,0.0,1.0,ILLUSTRATIVE - not derived from operator financial data,0.0,900.0,-900.0,,False,False
leo_ntn,leo_pointing,28,UT00,pointing_attitude,False,,200.0,0.0,0.0,0.0,1,1,False,True,False,False,175.0,200.0,200.0,,,,,,,,,,,,0.0,100,2,7,492,0.9803921568627451,0.9345794392523364,0.9569377990430622,0.004048582995951417,0.06542056074766354,100,0,7,494,1.0,0.9345794392523364,0.966183574879227,0.0,0.06542056074766354,0,0,107,494,,0.0,,0.0,1.0,ILLUSTRATIVE - not derived from operator financial data,0.0,900.0,-900.0,,False,False
leo_ntn,leo_pointing,29,UT00,pointing_attitude,False,,200.0,0.0,0.0,0.0,2,0,False,True,False,False,175.0,200.0,200.0,,,,,,,,,,,,0.0,100,2,7,492,0.9803921568627451,0.9345794392523364,0.9569377990430622,0.004048582995951417,0.06542056074766354,100,0,7,494,1.0,0.9345794392523364,0.966183574879227,0.0,0.06542056074766354,0,0,107,494,,0.0,,0.0,1.0,ILLUSTRATIVE - not derived from operator financial data,0.0,900.0,-900.0,,False,False
leo_ntn,leo_pointing,30,UT00,pointing_attitude,False,,218.0,5.0,0.0,0.0,6,0,False,True,False,False,175.0,213.0,218.0,,,,,,,,,,,,5.0,96,6,11,488,0.9411764705882353,0.897196261682243,0.9186602870813397,0.012145748987854251,0.102803738317757,96,0,11,494,1.0,0.897196261682243,0.9458128078817734,0.0,0.102803738317757,0,0,107,494,,0.0,,0.0,1.0,ILLUSTRATIVE - not derived from operator financial data,0.0,900.0,-900.0,,False,False
leo_ntn,leo_gateway_side,1,UT00,gateway_side,False,21.0,189.0,16.0,0.0,0.0,9,0,True,True,False,False,180.0,173.0,175.0,196.0,202.0,,,,,23.0,21.0,,,,2.0,413,3,7,178,0.9927884615384616,0.9833333333333333,0.9880382775119617,0.016574585635359115,0.016666666666666666,406,1,14,180,0.9975429975429976,0.9666666666666667,0.9818621523579203,0.0055248618784530384,0.03333333333333333,405,0,15,181,1.0,0.9642857142857143,0.9818181818181818,0.0,0.03571428571428571,ILLUSTRATIVE - not derived from operator financial data,900.0,900.0,0.0,0.0,False,False
leo_ntn,leo_gateway_side,2,UT00,gateway_side,False,15.0,187.0,54.0,3.0,0.0,6,0,True,True,False,False,180.0,133.0,187.0,202.0,208.0,440.0,,,,69.0,15.0,307.0,253.0,238.0,54.0,407,3,13,178,0.9926829268292683,0.969047619047619,0.9807228915662649,0.016574585635359115,0.030952380952380953,404,0,16,181,1.0,0.9619047619047619,0.9805825242718447,0.0,0.0380952380952381,399,0,21,181,1.0,0.95,0.9743589743589743,0.0,0.05,ILLUSTRATIVE - not derived from operator financial data,920.2,911.11,9.09,1.0,False,False
leo_ntn,leo_gateway_side,3,UT00,gateway_side,False,7.0,195.0,0.0,0.0,0.0,0,0,True,True,False,False,180.0,195.0,195.0,202.0,208.0,,,,,7.0,7.0,,,,0.0,400,0,20,181,1.0,0.9523809523809523,0.975609756097561,0.0,0.047619047619047616,400,0,20,181,1.0,0.9523809523809523,0.975609756097561,0.0,0.047619047619047616,399,0,21,181,1.0,0.95,0.9743589743589743,0.0,0.05,ILLUSTRATIVE - not derived from operator financial data,900.0,900.0,0.0,0.0,False,False
leo_ntn,leo_gateway_side,4,UT00,gateway_side,False,14.0,191.0,34.0,0.0,0.0,17,0,True,True,False,False,180.0,157.0,191.0,205.0,211.0,,,,,48.0,14.0,,,,34.0,414,8,6,173,0.981042654028436,0.9857142857142858,0.983372921615202,0.04419889502762431,0.014285714285714285,405,0,15,181,1.0,0.9642857142857143,0.9818181818181818,0.0,0.03571428571428571,396,0,24,181,1.0,0.9428571428571428,0.9705882352941176,0.0,0.05714285714285714,ILLUSTRATIVE - not derived from operator financial data,900.0,900.0,0.0,0.0,False,False
leo_ntn,leo_gateway_side,5,UT00,gateway_side,False,1.0,197.0,10.0,0.0,0.0,2,0,True,True,False,False,180.0,187.0,197.0,198.0,204.0,,,,,11.0,1.0,,,,10.0,404,0,16,181,1.0,0.9619047619047619,0.9805825242718447,0.0,0.0380952380952381,402,0,18,181,1.0,0.9571428571428572,0.9781021897810218,0.0,0.04285714285714286,403,0,17,181,1.0,0.9595238095238096,0.9793438639125152,0.0,0.04047619047619048,ILLUSTRATIVE - not derived from operator financial data,900.0,900.0,0.0,0.0,False,False
leo_ntn,leo_gateway_side,6,UT00,gateway_side,False,8.0,195.0,0.0,1.0,0.0,2,0,True,True,False,False,180.0,195.0,195.0,203.0,209.0,489.0,,,,8.0,8.0,294.0,294.0,286.0,0.0,403,0,17,181,1.0,0.9595238095238096,0.9793438639125152,0.0,0.04047619047619048,401,0,19,181,1.0,0.9547619047619048,0.976857490864799,0.0,0.04523809523809524,398,0,22,181,1.0,0.9476190476190476,0.9731051344743276,0.0,0.05238095238095238,ILLUSTRATIVE - not derived from operator financial data,906.73,903.7,3.03,0.3,False,False
leo_ntn,leo_gateway_side,7,UT00,gateway_side,False,8.0,195.0,0.0,0.0,0.0,1,0,True,True,False,False,180.0,195.0,195.0,203.0,209.0,,,,,8.0,8.0,,,,0.0,402,0,18,181,1.0,0.9571428571428572,0.9781021897810218,0.0,0.04285714285714286,401,0,19,181,1.0,0.9547619047619048,0.976857490864799,0.0,0.04523809523809524,398,0,22,181,1.0,0.9476190476190476,0.9731051344743276,0.0,0.05238095238095238,ILLUSTRATIVE - not derived from operator financial data,900.0,900.0,0.0,0.0,False,False
leo_ntn,leo_gateway_side,8,UT00,gateway_side,False,9.0,195.0,0.0,1.0,0.0,2,0,True,True,False,False,180.0,195.0,195.0,204.0,210.0,534.0,,,,9.0,9.0,339.0,339.0,330.0,0.0,401,0,19,181,1.0,0.9547619047619048,0.976857490864799,0.0,0.04523809523809524,399,0,21,181,1.0,0.95,0.9743589743589743,0.0,0.05,397,0,23,181,1.0,0.9452380952380952,0.9718482252141982,0.0,0.05476190476190476,ILLUSTRATIVE - not derived from operator financial data,906.73,903.7,3.03,0.3,False,False
leo_ntn,leo_gateway_side,9,UT00,gateway_side,False,9.0,196.0,1.0,0.0,0.0,1,0,True,True,False,False,180.0,195.0,196.0,205.0,211.0,,,,,10.0,9.0,,,,1.0,402,0,18,181,1.0,0.9571428571428572,0.9781021897810218,0.0,0.04285714285714286,401,0,19,181,1.0,0.9547619047619048,0.976857490864799,0.0,0.04523809523809524,396,0,24,181,1.0,0.9428571428571428,0.9705882352941176,0.0,0.05714285714285714,ILLUSTRATIVE - not derived from operator financial data,900.0,900.0,0.0,0.0,False,False
leo_ntn,leo_gateway_side,10,UT00,gateway_side,False,11.0,196.0,0.0,0.0,0.0,2,0,True,True,False,False,180.0,196.0,196.0,207.0,213.0,,,,,11.0,11.0,,,,0.0,399,0,21,181,1.0,0.95,0.9743589743589743,0.0,0.05,397,0,23,181,1.0,0.9452380952380952,0.9718482252141982,0.0,0.05476190476190476,394,0,26,181,1.0,0.9380952380952381,0.9680589680589681,0.0,0.06190476190476191,ILLUSTRATIVE - not derived from operator financial data,900.0,900.0,0.0,0.0,False,False
leo_ntn,leo_gateway_side,11,UT00,gateway_side,False,11.0,196.0,4.0,0.0,0.0,1,0,True,True,False,False,180.0,192.0,196.0,207.0,213.0,,,,,15.0,11.0,,,,4.0,402,0,18,181,1.0,0.9571428571428572,0.9781021897810218,0.0,0.04285714285714286,401,0,19,181,1.0,0.9547619047619048,0.976857490864799,0.0,0.04523809523809524,394,0,26,181,1.0,0.9380952380952381,0.9680589680589681,0.0,0.06190476190476191,ILLUSTRATIVE - not derived from operator financial data,900.0,900.0,0.0,0.0,False,False
leo_ntn,leo_gateway_side,12,UT00,gateway_side,False,7.0,191.0,4.0,0.0,0.0,3,0,True,True,False,False,180.0,187.0,191.0,198.0,204.0,,,,,11.0,7.0,,,,4.0,405,0,15,181,1.0,0.9642857142857143,0.9818181818181818,0.0,0.03571428571428571,402,0,18,181,1.0,0.9571428571428572,0.9781021897810218,0.0,0.04285714285714286,403,0,17,181,1.0,0.9595238095238096,0.9793438639125152,0.0,0.04047619047619048,ILLUSTRATIVE - not derived from operator financial data,900.0,900.0,0.0,0.0,False,False
leo_ntn,leo_gateway_side,13,UT00,gateway_side,False,7.0,200.0,0.0,1.0,0.0,0,0,True,True,False,False,180.0,200.0,200.0,207.0,213.0,386.0,,,,7.0,7.0,186.0,186.0,179.0,0.0,398,0,22,181,1.0,0.9476190476190476,0.9731051344743276,0.0,0.05238095238095238,398,0,22,181,1.0,0.9476190476190476,0.9731051344743276,0.0,0.05238095238095238,394,0,26,181,1.0,0.9380952380952381,0.9680589680589681,0.0,0.06190476190476191,ILLUSTRATIVE - not derived from operator financial data,906.73,903.7,3.03,0.3,False,False
leo_ntn,leo_gateway_side,14,UT00,gateway_side,False,16.0,189.0,14.0,2.0,0.0,2,0,True,True,False,False,180.0,175.0,189.0,205.0,211.0,458.0,,,,30.0,16.0,283.0,269.0,253.0,14.0,409,1,11,180,0.9975609756097561,0.9738095238095238,0.9855421686746987,0.0055248618784530384,0.02619047619047619,408,0,12,181,1.0,0.9714285714285714,0.9855072463768115,0.0,0.02857142857142857,396,0,24,181,1.0,0.9428571428571428,0.9705882352941176,0.0,0.05714285714285714,ILLUSTRATIVE - not derived from operator financial data,913.47,907.41,6.06,0.7,False,False
leo_ntn,leo_gateway_side,15,UT00,gateway_side,False,11.0,191.0,0.0,1.0,0.0,0,0,True,True,False,False,180.0,191.0,191.0,202.0,208.0,220.0,,,,11.0,11.0,29.0,29.0,18.0,0.0,406,0,14,181,1.0,0.9666666666666667,0.983050847457627,0.0,0.03333333333333333,406,0,14,181,1.0,0.9666666666666667,0.983050847457627,0.0,0.03333333333333333,399,0,21,181,1.0,0.95,0.9743589743589743,0.0,0.05,ILLUSTRATIVE - not derived from operator financial data,906.73,903.7,3.03,0.3,False,False
leo_ntn,leo_gateway_side,16,UT00,gateway_side,False,11.0,191.0,4.0,1.0,0.0,7,0,True,True,False,False,180.0,187.0,191.0,202.0,208.0,579.0,,,,15.0,11.0,392.0,388.0,377.0,4.0,409,0,11,181,1.0,0.9738095238095238,0.9867310012062726,0.0,0.02619047619047619,402,0,18,181,1.0,0.9571428571428572,0.9781021897810218,0.0,0.04285714285714286,399,0,21,181,1.0,0.95,0.9743589743589743,0.0,0.05,ILLUSTRATIVE - not derived from operator financial data,906.73,903.7,3.03,0.3,False,False
leo_ntn,leo_gateway_side,17,UT00,gateway_side,False,10.0,192.0,32.0,0.0,0.0,8,0,True,True,False,False,180.0,160.0,192.0,202.0,208.0,,,,,42.0,10.0,,,,32.0,404,2,16,179,0.9950738916256158,0.9619047619047619,0.9782082324455206,0.011049723756906077,0.0380952380952381,398,0,22,181,1.0,0.9476190476190476,0.9731051344743276,0.0,0.05238095238095238,399,0,21,181,1.0,0.95,0.9743589743589743,0.0,0.05,ILLUSTRATIVE - not derived from operator financial data,900.0,900.0,0.0,0.0,False,False
leo_ntn,leo_gateway_side,18,UT00,gateway_side,False,12.0,190.0,44.0,1.0,0.0,8,0,True,True,False,False,180.0,146.0,190.0,202.0,208.0,229.0,,,,56.0,12.0,83.0,39.0,27.0,44.0,408,6,12,175,0.9855072463768116,0.9714285714285714,0.9784172661870504,0.03314917127071823,0.02857142857142857,406,0,14,181,1.0,0.9666666666666667,0.983050847457627,0.0,0.03333333333333333,399,0,21,181,1.0,0.95,0.9743589743589743,0.0,0.05,ILLUSTRATIVE - not derived from operator financial data,906.73,903.7,3.03,0.3,False,False
leo_ntn,leo_gateway_side,19,UT00,gateway_side,False,7.0,196.0,9.0,1.0,0.0,3,0,True,True,False,False,180.0,187.0,196.0,203.0,209.0,368.0,,,,16.0,7.0,181.0,172.0,165.0,9.0,406,0,14,181,1.0,0.9666666666666667,0.983050847457627,0.0,0.03333333333333333,403,0,17,181,1.0,0.9595238095238096,0.9793438639125152,0.0,0.04047619047619048,398,0,22,181,1.0,0.9476190476190476,0.9731051344743276,0.0,0.05238095238095238,ILLUSTRATIVE - not derived from operator financial data,906.73,903.7,3.03,0.3,False,False
leo_ntn,leo_gateway_side,20,UT00,gateway_side,False,10.0,196.0,1.0,1.0,0.0,1,0,True,True,False,False,180.0,195.0,196.0,206.0,212.0,440.0,,,,11.0,10.0,245.0,244.0,234.0,1.0,402,0,18,181,1.0,0.9571428571428572,0.9781021897810218,0.0,0.04285714285714286,401,0,19,181,1.0,0.9547619047619048,0.976857490864799,0.0,0.04523809523809524,395,0,25,181,1.0,0.9404761904761905,0.9693251533742331,0.0,0.05952380952380952,ILLUSTRATIVE - not derived from operator financial data,906.73,903.7,3.03,0.3,False,False
leo_ntn,leo_gateway_side,21,UT00,gateway_side,False,11.0,192.0,0.0,0.0,0.0,1,0,True,True,False,False,180.0,192.0,192.0,203.0,209.0,,,,,11.0,11.0,,,,0.0,404,0,16,181,1.0,0.9619047619047619,0.9805825242718447,0.0,0.0380952380952381,403,0,17,181,1.0,0.9595238095238096,0.9793438639125152,0.0,0.04047619047619048,398,0,22,181,1.0,0.9476190476190476,0.9731051344743276,0.0,0.05238095238095238,ILLUSTRATIVE - not derived from operator financial data,900.0,900.0,0.0,0.0,False,False
leo_ntn,leo_gateway_side,22,UT00,gateway_side,False,8.0,195.0,0.0,0.0,0.0,3,0,True,True,False,False,180.0,195.0,195.0,203.0,209.0,,,,,8.0,8.0,,,,0.0,400,0,20,181,1.0,0.9523809523809523,0.975609756097561,0.0,0.047619047619047616,397,0,23,181,1.0,0.9452380952380952,0.9718482252141982,0.0,0.05476190476190476,398,0,22,181,1.0,0.9476190476190476,0.9731051344743276,0.0,0.05238095238095238,ILLUSTRATIVE - not derived from operator financial data,900.0,900.0,0.0,0.0,False,False
leo_ntn,leo_gateway_side,23,UT00,gateway_side,False,8.0,195.0,67.0,2.0,0.0,4,0,True,True,False,False,180.0,128.0,195.0,203.0,209.0,350.0,,,,75.0,8.0,222.0,155.0,147.0,67.0,402,3,18,178,0.9925925925925926,0.9571428571428572,0.9745454545454545,0.016574585635359115,0.04285714285714286,401,0,19,181,1.0,0.9547619047619048,0.976857490864799,0.0,0.04523809523809524,398,0,22,181,1.0,0.9476190476190476,0.9731051344743276,0.0,0.05238095238095238,ILLUSTRATIVE - not derived from operator financial data,913.47,907.41,6.06,0.7,False,False
leo_ntn,leo_gateway_side,24,UT00,gateway_side,False,8.0,195.0,0.0,1.0,0.0,0,0,True,True,False,False,180.0,195.0,195.0,203.0,209.0,489.0,,,,8.0,8.0,294.0,294.0,286.0,0.0,401,0,19,181,1.0,0.9547619047619048,0.976857490864799,0.0,0.04523809523809524,401,0,19,181,1.0,0.9547619047619048,0.976857490864799,0.0,0.04523809523809524,398,0,22,181,1.0,0.9476190476190476,0.9731051344743276,0.0,0.05238095238095238,ILLUSTRATIVE - not derived from operator financial data,906.73,903.7,3.03,0.3,False,False
leo_ntn,leo_gateway_side,25,UT00,gateway_side,False,12.0,191.0,7.0,1.0,0.0,4,0,True,True,False,False,180.0,184.0,191.0,203.0,209.0,359.0,,,,19.0,12.0,175.0,168.0,156.0,7.0,408,0,12,181,1.0,0.9714285714285714,0.9855072463768115,0.0,0.02857142857142857,404,0,16,181,1.0,0.9619047619047619,0.9805825242718447,0.0,0.0380952380952381,398,0,22,181,1.0,0.9476190476190476,0.9731051344743276,0.0,0.05238095238095238,ILLUSTRATIVE - not derived from operator financial data,906.73,903.7,3.03,0.3,False,False
leo_ntn,leo_gateway_side,26,UT00,gateway_side,False,12.0,195.0,0.0,1.0,0.0,1,0,True,True,False,False,180.0,195.0,195.0,207.0,213.0,395.0,,,,12.0,12.0,200.0,200.0,188.0,0.0,397,0,23,181,1.0,0.9452380952380952,0.9718482252141982,0.0,0.05476190476190476,396,0,24,181,1.0,0.9428571428571428,0.9705882352941176,0.0,0.05714285714285714,394,0,26,181,1.0,0.9380952380952381,0.9680589680589681,0.0,0.06190476190476191,ILLUSTRATIVE - not derived from operator financial data,906.73,903.7,3.03,0.3,False,False
leo_ntn,leo_gateway_side,27,UT00,gateway_side,False,8.0,195.0,8.0,0.0,0.0,4,0,True,True,False,False,180.0,187.0,195.0,203.0,209.0,,,,,16.0,8.0,,,,8.0,407,0,13,181,1.0,0.969047619047619,0.9842805320435308,0.0,0.030952380952380953,403,0,17,181,1.0,0.9595238095238096,0.9793438639125152,0.0,0.04047619047619048,398,0,22,181,1.0,0.9476190476190476,0.9731051344743276,0.0,0.05238095238095238,ILLUSTRATIVE - not derived from operator financial data,900.0,900.0,0.0,0.0,False,False
leo_ntn,leo_gateway_side,28,UT00,gateway_side,False,3.0,195.0,4.0,0.0,0.0,2,0,True,True,False,False,180.0,191.0,195.0,198.0,204.0,,,,,7.0,3.0,,,,4.0,406,0,14,181,1.0,0.9666666666666667,0.983050847457627,0.0,0.03333333333333333,404,0,16,181,1.0,0.9619047619047619,0.9805825242718447,0.0,0.0380952380952381,403,0,17,181,1.0,0.9595238095238096,0.9793438639125152,0.0,0.04047619047619048,ILLUSTRATIVE - not derived from operator financial data,900.0,900.0,0.0,0.0,False,False
leo_ntn,leo_gateway_side,29,UT00,gateway_side,False,5.0,195.0,4.0,0.0,0.0,2,0,True,True,False,False,180.0,191.0,195.0,200.0,206.0,,,,,9.0,5.0,,,,4.0,408,0,12,181,1.0,0.9714285714285714,0.9855072463768115,0.0,0.02857142857142857,406,0,14,181,1.0,0.9666666666666667,0.983050847457627,0.0,0.03333333333333333,401,0,19,181,1.0,0.9547619047619048,0.976857490864799,0.0,0.04523809523809524,ILLUSTRATIVE - not derived from operator financial data,900.0,900.0,0.0,0.0,False,False
leo_ntn,leo_gateway_side,30,UT00,gateway_side,False,6.0,195.0,0.0,2.0,0.0,0,0,True,True,False,False,180.0,195.0,195.0,201.0,207.0,211.0,,,,6.0,6.0,16.0,16.0,10.0,0.0,400,0,20,181,1.0,0.9523809523809523,0.975609756097561,0.0,0.047619047619047616,400,0,20,181,1.0,0.9523809523809523,0.975609756097561,0.0,0.047619047619047616,400,0,20,181,1.0,0.9523809523809523,0.975609756097561,0.0,0.047619047619047616,ILLUSTRATIVE - not derived from operator financial data,913.47,907.41,6.06,0.7,False,False
leo_ntn,leo_hidden_in_rain,1,UT00,rf_subsystem,False,5.0,157.0,0.0,7.0,76.0,1,93,True,True,False,False,175.0,157.0,157.0,162.0,168.0,161.0,162.0,,,5.0,5.0,4.0,4.0,-1.0,0.0,180,0,15,406,1.0,0.9230769230769231,0.9600000000000001,0.0,0.07692307692307693,86,0,21,494,1.0,0.8037383177570093,0.8911917098445596,0.0,0.19626168224299065,107,332,0,162,0.2437357630979499,1.0,0.39194139194139194,0.6720647773279352,0.0,ILLUSTRATIVE - not derived from operator financial data,1666.6,1644.73,21.87,1.3,False,False
leo_ntn,leo_hidden_in_rain,2,UT00,rf_subsystem,False,7.0,154.0,21.0,4.0,80.0,13,102,True,True,False,False,175.0,133.0,154.0,161.0,167.0,157.0,161.0,,,28.0,7.0,24.0,3.0,-4.0,21.0,188,12,7,394,0.94,0.9641025641025641,0.9518987341772152,0.029556650246305417,0.035897435897435895,85,0,22,494,1.0,0.794392523364486,0.8854166666666666,0.0,0.205607476635514,107,333,0,161,0.2431818181818182,1.0,0.3912248628884827,0.6740890688259109,0.0,ILLUSTRATIVE - not derived from operator financial data,1684.27,1654.25,30.02,1.8,False,False
leo_ntn,leo_hidden_in_rain,3,UT00,rf_subsystem,False,3.0,159.0,0.0,6.0,78.0,8,95,True,True,False,False,175.0,159.0,159.0,162.0,168.0,161.0,162.0,,,3.0,3.0,2.0,2.0,-1.0,0.0,181,7,14,399,0.9627659574468085,0.9282051282051282,0.9451697127937337,0.017241379310344827,0.07179487179487179,85,0,22,494,1.0,0.794392523364486,0.8854166666666666,0.0,0.205607476635514,107,332,0,162,0.2437357630979499,1.0,0.39194139194139194,0.6720647773279352,0.0,ILLUSTRATIVE - not derived from operator financial data,1678.8,1665.68,13.12,0.8,False,False
leo_ntn,leo_hidden_in_rain,4,UT00,rf_subsystem,False,3.0,154.0,0.0,3.0,81.0,11,100,True,True,False,False,175.0,154.0,154.0,157.0,163.0,157.0,157.0,,,3.0,3.0,3.0,3.0,0.0,0.0,185,12,10,394,0.9390862944162437,0.9487179487179487,0.9438775510204082,0.029556650246305417,0.05128205128205128,86,0,21,494,1.0,0.8037383177570093,0.8911917098445596,0.0,0.19626168224299065,107,337,0,157,0.240990990990991,1.0,0.38838475499092556,0.6821862348178138,0.0,ILLUSTRATIVE - not derived from operator financial data,1687.0,1673.88,13.12,0.8,False,False
leo_ntn,leo_hidden_in_rain,5,UT00,rf_subsystem,False,2.0,160.0,0.0,8.0,75.0,0,94,True,True,False,False,175.0,160.0,160.0,162.0,168.0,161.0,162.0,,,2.0,2.0,1.0,1.0,-1.0,0.0,180,0,15,406,1.0,0.9230769230769231,0.9600000000000001,0.0,0.07692307692307693,86,0,21,494,1.0,0.8037383177570093,0.8911917098445596,0.0,0.19626168224299065,107,332,0,162,0.2437357630979499,1.0,0.39194139194139194,0.6720647773279352,0.0,ILLUSTRATIVE - not derived from operator financial data,1663.87,1655.12,8.75,0.5,False,False
leo_ntn,leo_hidden_in_rain,6,UT00,rf_subsystem,False,6.0,155.0,0.0,6.0,78.0,1,97,True,True,False,False,175.0,155.0,155.0,161.0,167.0,157.0,161.0,,,6.0,6.0,2.0,2.0,-4.0,0.0,184,0,11,406,1.0,0.9435897435897436,0.9709762532981531,0.0,0.05641025641025641,86,0,21,494,1.0,0.8037383177570093,0.8911917098445596,0.0,0.19626168224299065,107,333,0,161,0.2431818181818182,1.0,0.3912248628884827,0.6740890688259109,0.0,ILLUSTRATIVE - not derived from operator financial data,1678.8,1652.56,26.24,1.6,False,False
leo_ntn,leo_hidden_in_rain,7,UT00,rf_subsystem,False,7.0,155.0,0.0,9.0,75.0,5,99,True,True,False,False,175.0,155.0,155.0,162.0,168.0,157.0,162.0,,,7.0,7.0,2.0,2.0,-5.0,0.0,185,5,10,401,0.9736842105263158,0.9487179487179487,0.9610389610389611,0.012315270935960592,0.05128205128205128,86,0,21,494,1.0,0.8037383177570093,0.8911917098445596,0.0,0.19626168224299065,107,332,0,162,0.2437357630979499,1.0,0.39194139194139194,0.6720647773279352,0.0,ILLUSTRATIVE - not derived from operator financial data,1670.6,1639.98,30.62,1.8,False,False
leo_ntn,leo_hidden_in_rain,8,UT00,rf_subsystem,False,7.0,155.0,0.0,9.0,74.0,0,97,True,True,False,False,175.0,155.0,155.0,162.0,168.0,157.0,162.0,,,7.0,7.0,2.0,2.0,-5.0,0.0,183,0,12,406,1.0,0.9384615384615385,0.9682539682539683,0.0,0.06153846153846154,86,0,21,494,1.0,0.8037383177570093,0.8911917098445596,0.0,0.19626168224299065,107,332,0,162,0.2437357630979499,1.0,0.39194139194139194,0.6720647773279352,0.0,ILLUSTRATIVE - not derived from operator financial data,1661.13,1630.52,30.61,1.8,False,False
leo_ntn,leo_hidden_in_rain,9,UT00,rf_subsystem,False,6.0,156.0,0.0,7.0,77.0,0,95,True,True,False,False,175.0,156.0,156.0,162.0,168.0,157.0,162.0,,,6.0,6.0,1.0,1.0,-5.0,0.0,181,0,14,406,1.0,0.9282051282051282,0.9627659574468085,0.0,0.07179487179487179,86,0,21,494,1.0,0.8037383177570093,0.8911917098445596,0.0,0.19626168224299065,107,332,0,162,0.2437357630979499,1.0,0.39194139194139194,0.6720647773279352,0.0,ILLUSTRATIVE - not derived from operator financial data,1676.07,1649.82,26.25,1.6,False,False
leo_ntn,leo_hidden_in_rain,10,UT00,rf_subsystem,False,7.0,155.0,0.0,8.0,76.0,1,98,True,True,False,False,175.0,155.0,155.0,162.0,168.0,157.0,162.0,,,7.0,7.0,2.0,2.0,-5.0,0.0,185,0,10,406,1.0,0.9487179487179487,0.9736842105263158,0.0,0.05128205128205128,86,0,21,494,1.0,0.8037383177570093,0.8911917098445596,0.0,0.19626168224299065,107,332,0,162,0.2437357630979499,1.0,0.39194139194139194,0.6720647773279352,0.0,ILLUSTRATIVE - not derived from operator financial data,1673.33,1642.72,30.61,1.8,False,False
leo_ntn,leo_hidden_in_rain,11,UT00,rf_subsystem,False,7.0,155.0,0.0,8.0,76.0,0,97,True,True,False,False,175.0,155.0,155.0,162.0,168.0,157.0,162.0,,,7.0,7.0,2.0,2.0,-5.0,0.0,183,0,12,406,1.0,0.9384615384615385,0.9682539682539683,0.0,0.06153846153846154,86,0,21,494,1.0,0.8037383177570093,0.8911917098445596,0.0,0.19626168224299065,107,332,0,162,0.2437357630979499,1.0,0.39194139194139194,0.6720647773279352,0.0,ILLUSTRATIVE - not derived from operator financial data,1673.33,1642.72,30.61,1.8,False,False
leo_ntn,leo_hidden_in_rain,12,UT00,rf_subsystem,False,7.0,155.0,0.0,7.0,77.0,2,99,True,True,False,False,175.0,155.0,155.0,162.0,168.0,157.0,162.0,,,7.0,7.0,2.0,2.0,-5.0,0.0,185,1,10,405,0.9946236559139785,0.9487179487179487,0.9711286089238845,0.0024630541871921183,0.05128205128205128,85,0,22,494,1.0,0.794392523364486,0.8854166666666666,0.0,0.205607476635514,107,332,0,162,0.2437357630979499,1.0,0.39194139194139194,0.6720647773279352,0.0,ILLUSTRATIVE - not derived from operator financial data,1676.07,1645.45,30.62,1.8,False,False
leo_ntn,leo_hidden_in_rain,13,UT00,rf_subsystem,False,7.0,155.0,0.0,6.0,77.0,2,97,True,True,False,False,175.0,155.0,155.0,162.0,168.0,161.0,162.0,,,7.0,7.0,6.0,6.0,-1.0,0.0,185,0,10,406,1.0,0.9487179487179487,0.9736842105263158,0.0,0.05128205128205128,86,0,21,494,1.0,0.8037383177570093,0.8911917098445596,0.0,0.19626168224299065,107,332,0,162,0.2437357630979499,1.0,0.39194139194139194,0.6720647773279352,0.0,ILLUSTRATIVE - not derived from operator financial data,1669.33,1638.72,30.61,1.8,False,False
leo_ntn,leo_hidden_in_rain,14,UT00,rf_subsystem,False,7.0,155.0,0.0,8.0,76.0,11,99,True,True,False,False,175.0,155.0,155.0,162.0,168.0,157.0,162.0,,,7.0,7.0,2.0,2.0,-5.0,0.0,185,11,10,395,0.9438775510204082,0.9487179487179487,0.9462915601023018,0.027093596059113302,0.05128205128205128,86,0,21,494,1.0,0.8037383177570093,0.8911917098445596,0.0,0.19626168224299065,107,332,0,162,0.2437357630979499,1.0,0.39194139194139194,0.6720647773279352,0.0,ILLUSTRATIVE - not derived from operator financial data,1673.33,1642.72,30.61,1.8,False,False
leo_ntn,leo_hidden_in_rain,15,UT00,rf_subsystem,False,5.0,157.0,0.0,9.0,75.0,4,95,True,True,False,False,175.0,157.0,157.0,162.0,168.0,157.0,162.0,,,5.0,5.0,0.0,0.0,-5.0,0.0,181,3,14,403,0.9836956521739131,0.9282051282051282,0.9551451187335093,0.007389162561576354,0.07179487179487179,85,0,22,494,1.0,0.794392523364486,0.8854166666666666,0.0,0.205607476635514,107,332,0,162,0.2437357630979499,1.0,0.39194139194139194,0.6720647773279352,0.0,ILLUSTRATIVE - not derived from operator financial data,1670.6,1648.73,21.87,1.3,False,False
leo_ntn,leo_hidden_in_rain,16,UT00,rf_subsystem,False,7.0,155.0,0.0,8.0,75.0,6,100,True,True,False,False,175.0,155.0,155.0,162.0,168.0,157.0,162.0,,,7.0,7.0,2.0,2.0,-5.0,0.0,186,6,9,400,0.96875,0.9538461538461539,0.9612403100775193,0.014778325123152709,0.046153846153846156,86,0,21,494,1.0,0.8037383177570093,0.8911917098445596,0.0,0.19626168224299065,107,332,0,162,0.2437357630979499,1.0,0.39194139194139194,0.6720647773279352,0.0,ILLUSTRATIVE - not derived from operator financial data,1663.87,1633.25,30.62,1.8,False,False
leo_ntn,leo_hidden_in_rain,17,UT00,rf_subsystem,False,7.0,155.0,0.0,6.0,77.0,10,99,True,True,False,False,175.0,155.0,155.0,162.0,168.0,161.0,162.0,,,7.0,7.0,6.0,6.0,-1.0,0.0,183,12,12,394,0.9384615384615385,0.9384615384615385,0.9384615384615385,0.029556650246305417,0.06153846153846154,86,0,21,494,1.0,0.8037383177570093,0.8911917098445596,0.0,0.19626168224299065,107,332,0,162,0.2437357630979499,1.0,0.39194139194139194,0.6720647773279352,0.0,ILLUSTRATIVE - not derived from operator financial data,1669.33,1638.72,30.61,1.8,False,False
leo_ntn,leo_hidden_in_rain,18,UT00,rf_subsystem,False,7.0,155.0,9.0,8.0,77.0,6,100,True,True,False,False,175.0,146.0,155.0,162.0,168.0,157.0,162.0,,,16.0,7.0,11.0,2.0,-5.0,9.0,186,6,9,400,0.96875,0.9538461538461539,0.9612403100775193,0.014778325123152709,0.046153846153846156,86,0,21,494,1.0,0.8037383177570093,0.8911917098445596,0.0,0.19626168224299065,107,332,0,162,0.2437357630979499,1.0,0.39194139194139194,0.6720647773279352,0.0,ILLUSTRATIVE - not derived from operator financial data,1682.8,1652.18,30.62,1.8,False,False
leo_ntn,leo_hidden_in_rain,19,UT00,rf_subsystem,False,8.0,154.0,0.0,8.0,76.0,1,100,True,True,False,False,175.0,154.0,154.0,162.0,168.0,157.0,162.0,,,8.0,8.0,3.0,3.0,-5.0,0.0,186,1,9,405,0.9946524064171123,0.9538461538461539,0.9738219895287957,0.0024630541871921183,0.046153846153846156,86,0,21,494,1.0,0.8037383177570093,0.8911917098445596,0.0,0.19626168224299065,107,332,0,162,0.2437357630979499,1.0,0.39194139194139194,0.6720647773279352,0.0,ILLUSTRATIVE - not derived from operator financial data,1673.33,1638.34,34.99,2.1,False,False
leo_ntn,leo_hidden_in_rain,20,UT00,rf_subsystem,False,7.0,155.0,0.0,7.0,75.0,0,96,True,True,False,False,175.0,155.0,155.0,162.0,168.0,161.0,162.0,,,7.0,7.0,6.0,6.0,-1.0,0.0,182,0,13,406,1.0,0.9333333333333333,0.9655172413793104,0.0,0.06666666666666667,86,0,21,494,1.0,0.8037383177570093,0.8911917098445596,0.0,0.19626168224299065,107,332,0,162,0.2437357630979499,1.0,0.39194139194139194,0.6720647773279352,0.0,ILLUSTRATIVE - not derived from operator financial data,1657.13,1626.52,30.61,1.8,False,False
leo_ntn,leo_hidden_in_rain,21,UT00,rf_subsystem,False,8.0,154.0,0.0,6.0,78.0,6,100,True,True,False,False,175.0,154.0,154.0,162.0,168.0,157.0,162.0,,,8.0,8.0,3.0,3.0,-5.0,0.0,186,6,9,400,0.96875,0.9538461538461539,0.9612403100775193,0.014778325123152709,0.046153846153846156,86,0,21,494,1.0,0.8037383177570093,0.8911917098445596,0.0,0.19626168224299065,107,332,0,162,0.2437357630979499,1.0,0.39194139194139194,0.6720647773279352,0.0,ILLUSTRATIVE - not derived from operator financial data,1678.8,1643.81,34.99,2.1,False,False
leo_ntn,leo_hidden_in_rain,22,UT00,rf_subsystem,False,6.0,155.0,0.0,5.0,79.0,4,98,True,True,False,False,175.0,155.0,155.0,161.0,167.0,157.0,161.0,,,6.0,6.0,2.0,2.0,-4.0,0.0,184,0,11,406,1.0,0.9435897435897436,0.9709762532981531,0.0,0.05641025641025641,82,0,25,494,1.0,0.7663551401869159,0.8677248677248678,0.0,0.2336448598130841,107,333,0,161,0.2431818181818182,1.0,0.3912248628884827,0.6740890688259109,0.0,ILLUSTRATIVE - not derived from operator financial data,1681.53,1655.29,26.24,1.6,False,False
leo_ntn,leo_hidden_in_rain,23,UT00,rf_subsystem,False,7.0,155.0,27.0,8.0,76.0,4,95,True,True,False,False,175.0,128.0,155.0,162.0,168.0,157.0,162.0,,,34.0,7.0,29.0,2.0,-5.0,27.0,182,3,13,403,0.9837837837837838,0.9333333333333333,0.9578947368421054,0.007389162561576354,0.06666666666666667,86,0,21,494,1.0,0.8037383177570093,0.8911917098445596,0.0,0.19626168224299065,107,332,0,162,0.2437357630979499,1.0,0.39194139194139194,0.6720647773279352,0.0,ILLUSTRATIVE - not derived from operator financial data,1673.33,1642.72,30.61,1.8,False,False
leo_ntn,leo_hidden_in_rain,24,UT00,rf_subsystem,False,2.0,160.0,0.0,8.0,76.0,2,95,True,True,False,False,175.0,160.0,160.0,162.0,168.0,157.0,162.0,,,2.0,2.0,-3.0,-3.0,-5.0,0.0,179,4,16,402,0.9781420765027322,0.9179487179487179,0.9470899470899472,0.009852216748768473,0.08205128205128205,86,0,21,494,1.0,0.8037383177570093,0.8911917098445596,0.0,0.19626168224299065,107,332,0,162,0.2437357630979499,1.0,0.39194139194139194,0.6720647773279352,0.0,ILLUSTRATIVE - not derived from operator financial data,1673.33,1664.59,8.74,0.5,False,False
leo_ntn,leo_hidden_in_rain,25,UT00,rf_subsystem,False,2.0,155.0,0.0,6.0,78.0,5,101,True,True,False,False,175.0,155.0,155.0,157.0,163.0,157.0,157.0,,,2.0,2.0,2.0,2.0,0.0,0.0,188,0,7,406,1.0,0.9641025641025641,0.9817232375979111,0.0,0.035897435897435895,82,0,25,494,1.0,0.7663551401869159,0.8677248677248678,0.0,0.2336448598130841,107,337,0,157,0.240990990990991,1.0,0.38838475499092556,0.6821862348178138,0.0,ILLUSTRATIVE - not derived from operator financial data,1678.8,1670.05,8.75,0.5,False,False
leo_ntn,leo_hidden_in_rain,26,UT00,rf_subsystem,False,5.0,157.0,0.0,6.0,78.0,0,95,True,True,False,False,175.0,157.0,157.0,162.0,168.0,157.0,162.0,,,5.0,5.0,0.0,0.0,-5.0,0.0,181,0,14,406,1.0,0.9282051282051282,0.9627659574468085,0.0,0.07179487179487179,86,0,21,494,1.0,0.8037383177570093,0.8911917098445596,0.0,0.19626168224299065,107,332,0,162,0.2437357630979499,1.0,0.39194139194139194,0.6720647773279352,0.0,ILLUSTRATIVE - not derived from operator financial data,1678.8,1656.93,21.87,1.3,False,False
leo_ntn,leo_hidden_in_rain,27,UT00,rf_subsystem,False,7.0,155.0,0.0,7.0,76.0,3,96,True,True,False,False,175.0,155.0,155.0,162.0,168.0,157.0,162.0,,,7.0,7.0,2.0,2.0,-5.0,0.0,184,1,11,405,0.9945945945945946,0.9435897435897436,0.968421052631579,0.0024630541871921183,0.05641025641025641,86,0,21,494,1.0,0.8037383177570093,0.8911917098445596,0.0,0.19626168224299065,107,332,0,162,0.2437357630979499,1.0,0.39194139194139194,0.6720647773279352,0.0,ILLUSTRATIVE - not derived from operator financial data,1666.6,1635.98,30.62,1.8,False,False
leo_ntn,leo_hidden_in_rain,28,UT00,rf_subsystem,False,6.0,155.0,0.0,7.0,77.0,2,98,True,True,False,False,175.0,155.0,155.0,161.0,167.0,157.0,161.0,,,6.0,6.0,2.0,2.0,-4.0,0.0,184,2,11,404,0.989247311827957,0.9435897435897436,0.9658792650918635,0.0049261083743842365,0.05641025641025641,86,0,21,494,1.0,0.8037383177570093,0.8911917098445596,0.0,0.19626168224299065,107,333,0,161,0.2431818181818182,1.0,0.3912248628884827,0.6740890688259109,0.0,ILLUSTRATIVE - not derived from operator financial data,1676.07,1649.82,26.25,1.6,False,False
leo_ntn,leo_hidden_in_rain,29,UT00,rf_subsystem,False,2.0,155.0,0.0,6.0,78.0,2,98,True,True,False,False,175.0,155.0,155.0,157.0,163.0,157.0,157.0,,,2.0,2.0,2.0,2.0,0.0,0.0,184,2,11,404,0.989247311827957,0.9435897435897436,0.9658792650918635,0.0049261083743842365,0.05641025641025641,86,0,21,494,1.0,0.8037383177570093,0.8911917098445596,0.0,0.19626168224299065,107,337,0,157,0.240990990990991,1.0,0.38838475499092556,0.6821862348178138,0.0,ILLUSTRATIVE - not derived from operator financial data,1678.8,1670.05,8.75,0.5,False,False
leo_ntn,leo_hidden_in_rain,30,UT00,rf_subsystem,False,2.0,160.0,0.0,8.0,78.0,9,85,True,True,False,False,175.0,160.0,160.0,162.0,168.0,157.0,162.0,,,2.0,2.0,-3.0,-3.0,-5.0,0.0,179,1,16,405,0.9944444444444445,0.9179487179487179,0.9546666666666667,0.0024630541871921183,0.08205128205128205,86,0,21,494,1.0,0.8037383177570093,0.8911917098445596,0.0,0.19626168224299065,107,332,0,162,0.2437357630979499,1.0,0.39194139194139194,0.6720647773279352,0.0,ILLUSTRATIVE - not derived from operator financial data,1692.27,1683.52,8.75,0.5,False,False
