domain,scenario,seed,element_id,gt_fault,gt_self_clearing,lead_gain_min,t_first_correct_verdict,time_to_correct_diagnosis_min,degraded_minutes,down_minutes,n_ambiguous_decisions,n_wait_decisions,conv_escalated,layer_escalated,conv_unnecessary_dispatch,layer_unnecessary_dispatch,t_fault_onset,t_first_detectable,t_decision_layer_actionable,t_conventional_escalation,t_ticket,t_service_impact,t_outage,t_recovery,t_environment_cleared,false_calm_window_min,pre_escalation_window_min,exposure_window_min,decision_margin_min,conventional_margin_min,time_to_diagnosis_min,detect_tp,detect_fp,detect_fn,detect_tn,detect_precision,detect_recall,detect_f1,detect_fpr,detect_fnr,layer_esc_tp,layer_esc_fp,layer_esc_fn,layer_esc_tn,layer_esc_precision,layer_esc_recall,layer_esc_f1,layer_esc_fpr,layer_esc_fnr,conv_esc_tp,conv_esc_fp,conv_esc_fn,conv_esc_tn,conv_esc_precision,conv_esc_recall,conv_esc_f1,conv_esc_fpr,conv_esc_fnr,provenance,exposure_conventional,exposure_decision_layer,exposure_delta,exposure_delta_pct,decision_layer_dispatched_unnecessarily,conventional_dispatched_unnecessarily,sweep_axis,param_label,smoothing_window,persistence_m,persistence_n,escalation_delay_min,warmup_variant
microwave,mw_rain_cell,1,POP~R_D00_1,rain_fade,True,7.0,175.0,0.0,0.0,0.0,0,26,True,False,True,False,150.0,175.0,175.0,182.0,188.0,,,,260.0,7.0,7.0,,,,0.0,26,0,25,550,1.0,0.5098039215686274,0.6753246753246753,0.0,0.49019607843137253,0,0,0,601,,,,0.0,,0,419,0,182,0.0,,,0.697171381031614,,ILLUSTRATIVE - not derived from operator financial data,900.0,0.0,900.0,100.0,False,True,degenerate,degenerate,1.0,1.0,1.0,0.0,a_as_run_600min
microwave,mw_rain_cell,2,POP~R_D00_1,rain_fade,True,3.0,178.0,0.0,0.0,0.0,0,23,True,False,True,False,150.0,178.0,178.0,181.0,187.0,,,,260.0,3.0,3.0,,,,0.0,23,0,28,550,1.0,0.45098039215686275,0.6216216216216216,0.0,0.5490196078431373,0,0,0,601,,,,0.0,,0,420,0,181,0.0,,,0.6988352745424293,,ILLUSTRATIVE - not derived from operator financial data,900.0,0.0,900.0,100.0,False,True,degenerate,degenerate,1.0,1.0,1.0,0.0,a_as_run_600min
microwave,mw_rain_cell,3,POP~R_D00_1,rain_fade,True,4.0,176.0,0.0,0.0,0.0,0,25,True,False,True,False,150.0,176.0,176.0,180.0,186.0,,,,260.0,4.0,4.0,,,,0.0,25,0,26,550,1.0,0.49019607843137253,0.6578947368421052,0.0,0.5098039215686274,0,0,0,601,,,,0.0,,0,421,0,180,0.0,,,0.7004991680532446,,ILLUSTRATIVE - not derived from operator financial data,900.0,0.0,900.0,100.0,False,True,degenerate,degenerate,1.0,1.0,1.0,0.0,a_as_run_600min
microwave,mw_rain_cell,4,POP~R_D00_1,rain_fade,True,5.0,176.0,0.0,0.0,0.0,0,25,True,False,True,False,150.0,176.0,176.0,181.0,187.0,,,,260.0,5.0,5.0,,,,0.0,25,0,26,550,1.0,0.49019607843137253,0.6578947368421052,0.0,0.5098039215686274,0,0,0,601,,,,0.0,,0,420,0,181,0.0,,,0.6988352745424293,,ILLUSTRATIVE - not derived from operator financial data,900.0,0.0,900.0,100.0,False,True,degenerate,degenerate,1.0,1.0,1.0,0.0,a_as_run_600min
microwave,mw_rain_cell,5,POP~R_D00_1,rain_fade,True,4.0,179.0,0.0,0.0,0.0,0,21,True,False,True,False,150.0,179.0,179.0,183.0,189.0,,,,260.0,4.0,4.0,,,,0.0,21,0,30,550,1.0,0.4117647058823529,0.5833333333333334,0.0,0.5882352941176471,0,0,0,601,,,,0.0,,0,418,0,183,0.0,,,0.6955074875207987,,ILLUSTRATIVE - not derived from operator financial data,900.0,0.0,900.0,100.0,False,True,degenerate,degenerate,1.0,1.0,1.0,0.0,a_as_run_600min
microwave,mw_rain_cell,6,POP~R_D00_1,rain_fade,True,2.0,176.0,0.0,0.0,0.0,0,23,True,False,True,False,150.0,176.0,176.0,178.0,184.0,,,,260.0,2.0,2.0,,,,0.0,23,0,28,550,1.0,0.45098039215686275,0.6216216216216216,0.0,0.5490196078431373,0,0,0,601,,,,0.0,,0,423,0,178,0.0,,,0.7038269550748752,,ILLUSTRATIVE - not derived from operator financial data,900.0,0.0,900.0,100.0,False,True,degenerate,degenerate,1.0,1.0,1.0,0.0,a_as_run_600min
microwave,mw_rain_cell,7,POP~R_D00_1,rain_fade,True,4.0,176.0,0.0,0.0,0.0,0,24,True,False,True,False,150.0,176.0,176.0,180.0,186.0,,,,260.0,4.0,4.0,,,,0.0,24,0,27,550,1.0,0.47058823529411764,0.6399999999999999,0.0,0.5294117647058824,0,0,0,601,,,,0.0,,0,421,0,180,0.0,,,0.7004991680532446,,ILLUSTRATIVE - not derived from operator financial data,900.0,0.0,900.0,100.0,False,True,degenerate,degenerate,1.0,1.0,1.0,0.0,a_as_run_600min
microwave,mw_rain_cell,8,POP~R_D00_1,rain_fade,True,4.0,178.0,0.0,0.0,0.0,0,21,True,False,True,False,150.0,178.0,178.0,182.0,188.0,,,,260.0,4.0,4.0,,,,0.0,21,0,30,550,1.0,0.4117647058823529,0.5833333333333334,0.0,0.5882352941176471,0,0,0,601,,,,0.0,,0,419,0,182,0.0,,,0.697171381031614,,ILLUSTRATIVE - not derived from operator financial data,900.0,0.0,900.0,100.0,False,True,degenerate,degenerate,1.0,1.0,1.0,0.0,a_as_run_600min
microwave,mw_rain_cell,9,POP~R_D00_1,rain_fade,True,5.0,176.0,0.0,0.0,0.0,0,24,True,False,True,False,150.0,176.0,176.0,181.0,187.0,,,,260.0,5.0,5.0,,,,0.0,24,0,27,550,1.0,0.47058823529411764,0.6399999999999999,0.0,0.5294117647058824,0,0,0,601,,,,0.0,,0,420,0,181,0.0,,,0.6988352745424293,,ILLUSTRATIVE - not derived from operator financial data,900.0,0.0,900.0,100.0,False,True,degenerate,degenerate,1.0,1.0,1.0,0.0,a_as_run_600min
microwave,mw_rain_cell,10,POP~R_D00_1,rain_fade,True,3.0,177.0,0.0,0.0,0.0,0,24,True,False,True,False,150.0,177.0,177.0,180.0,186.0,,,,260.0,3.0,3.0,,,,0.0,24,0,27,550,1.0,0.47058823529411764,0.6399999999999999,0.0,0.5294117647058824,0,0,0,601,,,,0.0,,0,421,0,180,0.0,,,0.7004991680532446,,ILLUSTRATIVE - not derived from operator financial data,900.0,0.0,900.0,100.0,False,True,degenerate,degenerate,1.0,1.0,1.0,0.0,a_as_run_600min
microwave,mw_rain_cell,11,POP~R_D00_1,rain_fade,True,3.0,177.0,0.0,0.0,0.0,0,25,True,False,True,False,150.0,177.0,177.0,180.0,186.0,,,,260.0,3.0,3.0,,,,0.0,25,0,26,550,1.0,0.49019607843137253,0.6578947368421052,0.0,0.5098039215686274,0,0,0,601,,,,0.0,,0,421,0,180,0.0,,,0.7004991680532446,,ILLUSTRATIVE - not derived from operator financial data,900.0,0.0,900.0,100.0,False,True,degenerate,degenerate,1.0,1.0,1.0,0.0,a_as_run_600min
microwave,mw_rain_cell,12,POP~R_D00_1,rain_fade,True,4.0,177.0,0.0,0.0,0.0,0,21,True,True,True,True,150.0,177.0,177.0,181.0,187.0,,,,260.0,4.0,4.0,,,,0.0,23,0,28,550,1.0,0.45098039215686275,0.6216216216216216,0.0,0.5490196078431373,0,2,0,599,0.0,,,0.0033277870216306157,,0,420,0,181,0.0,,,0.6988352745424293,,ILLUSTRATIVE - not derived from operator financial data,900.0,900.0,0.0,0.0,True,True,degenerate,degenerate,1.0,1.0,1.0,0.0,a_as_run_600min
microwave,mw_rain_cell,13,POP~R_D00_1,rain_fade,True,3.0,180.0,0.0,0.0,0.0,0,20,True,False,True,False,150.0,180.0,180.0,183.0,189.0,,,,260.0,3.0,3.0,,,,0.0,20,0,31,550,1.0,0.39215686274509803,0.5633802816901409,0.0,0.6078431372549019,0,0,0,601,,,,0.0,,0,418,0,183,0.0,,,0.6955074875207987,,ILLUSTRATIVE - not derived from operator financial data,900.0,0.0,900.0,100.0,False,True,degenerate,degenerate,1.0,1.0,1.0,0.0,a_as_run_600min
microwave,mw_rain_cell,14,POP~R_D00_1,rain_fade,True,5.0,173.0,0.0,0.0,0.0,0,27,True,False,True,False,150.0,173.0,173.0,178.0,184.0,,,,260.0,5.0,5.0,,,,0.0,27,0,24,550,1.0,0.5294117647058824,0.6923076923076924,0.0,0.47058823529411764,0,0,0,601,,,,0.0,,0,423,0,178,0.0,,,0.7038269550748752,,ILLUSTRATIVE - not derived from operator financial data,900.0,0.0,900.0,100.0,False,True,degenerate,degenerate,1.0,1.0,1.0,0.0,a_as_run_600min
microwave,mw_rain_cell,15,POP~R_D00_1,rain_fade,True,8.0,175.0,0.0,0.0,0.0,0,27,True,False,True,False,150.0,175.0,175.0,183.0,189.0,,,,260.0,8.0,8.0,,,,0.0,27,0,24,550,1.0,0.5294117647058824,0.6923076923076924,0.0,0.47058823529411764,0,0,0,601,,,,0.0,,0,418,0,183,0.0,,,0.6955074875207987,,ILLUSTRATIVE - not derived from operator financial data,900.0,0.0,900.0,100.0,False,True,degenerate,degenerate,1.0,1.0,1.0,0.0,a_as_run_600min
microwave,mw_directional_hardware,1,POP~R_D05_1,hardware_directional,False,1.0,232.0,8.0,316.0,0.0,8,0,True,True,False,False,170.0,224.0,232.0,233.0,239.0,280.0,,,,9.0,1.0,56.0,48.0,47.0,8.0,377,0,53,171,1.0,0.8767441860465116,0.9343246592317225,0.0,0.12325581395348838,369,0,61,171,1.0,0.858139534883721,0.9236545682102629,0.0,0.14186046511627906,368,0,62,171,1.0,0.8558139534883721,0.9223057644110275,0.0,0.14418604651162792,ILLUSTRATIVE - not derived from operator financial data,2356.4,2356.29,0.11,0.0,False,False,degenerate,degenerate,1.0,1.0,1.0,0.0,a_as_run_600min
microwave,mw_directional_hardware,2,POP~R_D05_1,hardware_directional,False,-2.0,241.0,10.0,323.0,0.0,10,0,True,True,False,False,170.0,231.0,241.0,239.0,245.0,277.0,,,,8.0,-2.0,46.0,36.0,38.0,10.0,370,0,60,171,1.0,0.8604651162790697,0.9249999999999999,0.0,0.13953488372093023,360,0,70,171,1.0,0.8372093023255814,0.9113924050632911,0.0,0.16279069767441862,362,0,68,171,1.0,0.8418604651162791,0.9141414141414141,0.0,0.15813953488372093,ILLUSTRATIVE - not derived from operator financial data,2359.2,2359.2,0.0,0.0,False,False,degenerate,degenerate,1.0,1.0,1.0,0.0,a_as_run_600min
microwave,mw_directional_hardware,3,POP~R_D05_1,hardware_directional,False,6.0,235.0,5.0,323.0,0.0,10,0,True,True,False,False,170.0,230.0,235.0,241.0,247.0,276.0,,,,11.0,6.0,46.0,41.0,35.0,5.0,371,0,59,171,1.0,0.8627906976744186,0.9263420724094882,0.0,0.1372093023255814,361,0,69,171,1.0,0.8395348837209302,0.9127686472819216,0.0,0.16046511627906976,360,0,70,171,1.0,0.8372093023255814,0.9113924050632911,0.0,0.16279069767441862,ILLUSTRATIVE - not derived from operator financial data,2359.2,2358.55,0.65,0.0,False,False,degenerate,degenerate,1.0,1.0,1.0,0.0,a_as_run_600min
microwave,mw_directional_hardware,4,POP~R_D05_1,hardware_directional,False,1.0,236.0,7.0,320.0,0.0,7,0,True,True,False,False,170.0,229.0,236.0,237.0,243.0,276.0,,,,8.0,1.0,47.0,40.0,39.0,7.0,372,0,58,171,1.0,0.8651162790697674,0.9276807980049876,0.0,0.13488372093023257,365,0,65,171,1.0,0.8488372093023255,0.9182389937106918,0.0,0.1511627906976744,364,0,66,171,1.0,0.8465116279069768,0.9168765743073048,0.0,0.15348837209302327,ILLUSTRATIVE - not derived from operator financial data,2358.0,2357.89,0.11,0.0,False,False,degenerate,degenerate,1.0,1.0,1.0,0.0,a_as_run_600min
microwave,mw_directional_hardware,5,POP~R_D05_1,hardware_directional,False,-1.0,235.0,9.0,321.0,0.0,9,0,True,True,False,False,170.0,226.0,235.0,234.0,240.0,280.0,,,,8.0,-1.0,54.0,45.0,46.0,9.0,375,0,55,171,1.0,0.872093023255814,0.9316770186335404,0.0,0.12790697674418605,366,0,64,171,1.0,0.8511627906976744,0.9195979899497487,0.0,0.14883720930232558,367,0,63,171,1.0,0.8534883720930233,0.9209535759096612,0.0,0.14651162790697675,ILLUSTRATIVE - not derived from operator financial data,2358.4,2358.4,0.0,0.0,False,False,degenerate,degenerate,1.0,1.0,1.0,0.0,a_as_run_600min
microwave,mw_directional_hardware,6,POP~R_D05_1,hardware_directional,False,0.0,230.0,9.0,317.0,0.0,9,0,True,True,False,False,170.0,221.0,230.0,230.0,236.0,280.0,,,,9.0,0.0,59.0,50.0,50.0,9.0,380,0,50,171,1.0,0.8837209302325582,0.9382716049382717,0.0,0.11627906976744186,371,0,59,171,1.0,0.8627906976744186,0.9263420724094882,0.0,0.1372093023255814,371,0,59,171,1.0,0.8627906976744186,0.9263420724094882,0.0,0.1372093023255814,ILLUSTRATIVE - not derived from operator financial data,2356.8,2356.8,0.0,0.0,False,False,degenerate,degenerate,1.0,1.0,1.0,0.0,a_as_run_600min
microwave,mw_directional_hardware,7,POP~R_D05_1,hardware_directional,False,1.0,239.0,13.0,322.0,0.0,13,0,True,True,False,False,170.0,226.0,239.0,240.0,246.0,279.0,,,,14.0,1.0,53.0,40.0,39.0,13.0,375,0,55,171,1.0,0.872093023255814,0.9316770186335404,0.0,0.12790697674418605,362,0,68,171,1.0,0.8418604651162791,0.9141414141414141,0.0,0.15813953488372093,361,0,69,171,1.0,0.8395348837209302,0.9127686472819216,0.0,0.16046511627906976,ILLUSTRATIVE - not derived from operator financial data,2358.8,2358.69,0.11,0.0,False,False,degenerate,degenerate,1.0,1.0,1.0,0.0,a_as_run_600min
microwave,mw_directional_hardware,8,POP~R_D05_1,hardware_directional,False,3.0,233.0,12.0,325.0,0.0,12,0,True,True,False,False,170.0,221.0,233.0,236.0,242.0,274.0,,,,15.0,3.0,53.0,41.0,38.0,12.0,380,0,50,171,1.0,0.8837209302325582,0.9382716049382717,0.0,0.11627906976744186,368,0,62,171,1.0,0.8558139534883721,0.9223057644110275,0.0,0.14418604651162792,365,0,65,171,1.0,0.8488372093023255,0.9182389937106918,0.0,0.1511627906976744,ILLUSTRATIVE - not derived from operator financial data,2360.0,2359.68,0.32,0.0,False,False,degenerate,degenerate,1.0,1.0,1.0,0.0,a_as_run_600min
microwave,mw_directional_hardware,9,POP~R_D05_1,hardware_directional,False,6.0,235.0,10.0,322.0,0.0,10,0,True,True,False,False,170.0,225.0,235.0,241.0,247.0,279.0,,,,16.0,6.0,54.0,44.0,38.0,10.0,376,0,54,171,1.0,0.8744186046511628,0.9330024813895782,0.0,0.12558139534883722,366,0,64,171,1.0,0.8511627906976744,0.9195979899497487,0.0,0.14883720930232558,360,0,70,171,1.0,0.8372093023255814,0.9113924050632911,0.0,0.16279069767441862,ILLUSTRATIVE - not derived from operator financial data,2358.8,2358.15,0.65,0.0,False,False,degenerate,degenerate,1.0,1.0,1.0,0.0,a_as_run_600min
microwave,mw_directional_hardware,10,POP~R_D05_1,hardware_directional,False,5.0,232.0,7.0,326.0,0.0,7,0,True,True,False,False,170.0,225.0,232.0,237.0,243.0,275.0,,,,12.0,5.0,50.0,43.0,38.0,7.0,376,0,54,171,1.0,0.8744186046511628,0.9330024813895782,0.0,0.12558139534883722,369,0,61,171,1.0,0.858139534883721,0.9236545682102629,0.0,0.14186046511627906,364,0,66,171,1.0,0.8465116279069768,0.9168765743073048,0.0,0.15348837209302327,ILLUSTRATIVE - not derived from operator financial data,2360.4,2359.86,0.54,0.0,False,False,degenerate,degenerate,1.0,1.0,1.0,0.0,a_as_run_600min
microwave,mw_directional_hardware,11,POP~R_D05_1,hardware_directional,False,-4.0,243.0,12.0,324.0,0.0,12,0,True,True,False,False,170.0,231.0,243.0,239.0,245.0,276.0,,,,8.0,-4.0,45.0,33.0,37.0,12.0,370,0,60,171,1.0,0.8604651162790697,0.9249999999999999,0.0,0.13953488372093023,358,0,72,171,1.0,0.8325581395348837,0.9086294416243654,0.0,0.16744186046511628,362,0,68,171,1.0,0.8418604651162791,0.9141414141414141,0.0,0.15813953488372093,ILLUSTRATIVE - not derived from operator financial data,2359.6,2359.6,0.0,0.0,False,False,degenerate,degenerate,1.0,1.0,1.0,0.0,a_as_run_600min
microwave,mw_directional_hardware,12,POP~R_D05_1,hardware_directional,False,3.0,236.0,11.0,326.0,0.0,11,0,True,True,False,False,170.0,225.0,236.0,239.0,245.0,268.0,,,,14.0,3.0,43.0,32.0,29.0,11.0,376,0,54,171,1.0,0.8744186046511628,0.9330024813895782,0.0,0.12558139534883722,365,0,65,171,1.0,0.8488372093023255,0.9182389937106918,0.0,0.1511627906976744,362,0,68,171,1.0,0.8418604651162791,0.9141414141414141,0.0,0.15813953488372093,ILLUSTRATIVE - not derived from operator financial data,2360.4,2360.08,0.32,0.0,False,False,degenerate,degenerate,1.0,1.0,1.0,0.0,a_as_run_600min
microwave,mw_directional_hardware,13,POP~R_D05_1,hardware_directional,False,3.0,236.0,11.0,320.0,0.0,11,0,True,True,False,False,170.0,225.0,236.0,239.0,245.0,279.0,,,,14.0,3.0,54.0,43.0,40.0,11.0,376,0,54,171,1.0,0.8744186046511628,0.9330024813895782,0.0,0.12558139534883722,365,0,65,171,1.0,0.8488372093023255,0.9182389937106918,0.0,0.1511627906976744,362,0,68,171,1.0,0.8418604651162791,0.9141414141414141,0.0,0.15813953488372093,ILLUSTRATIVE - not derived from operator financial data,2358.0,2357.68,0.32,0.0,False,False,degenerate,degenerate,1.0,1.0,1.0,0.0,a_as_run_600min
microwave,mw_directional_hardware,14,POP~R_D05_1,hardware_directional,False,-3.0,236.0,12.0,325.0,0.0,9,0,True,True,False,False,170.0,224.0,236.0,233.0,239.0,273.0,,,,9.0,-3.0,49.0,37.0,40.0,12.0,374,0,56,171,1.0,0.8697674418604651,0.9303482587064676,0.0,0.13023255813953488,365,0,65,171,1.0,0.8488372093023255,0.9182389937106918,0.0,0.1511627906976744,368,0,62,171,1.0,0.8558139534883721,0.9223057644110275,0.0,0.14418604651162792,ILLUSTRATIVE - not derived from operator financial data,2360.0,2360.0,0.0,0.0,False,False,degenerate,degenerate,1.0,1.0,1.0,0.0,a_as_run_600min
microwave,mw_directional_hardware,15,POP~R_D05_1,hardware_directional,False,0.0,235.0,7.0,325.0,0.0,7,0,True,True,False,False,170.0,228.0,235.0,235.0,241.0,276.0,,,,7.0,0.0,48.0,41.0,41.0,7.0,373,0,57,171,1.0,0.8674418604651163,0.9290161892901618,0.0,0.1325581395348837,366,0,64,171,1.0,0.8511627906976744,0.9195979899497487,0.0,0.14883720930232558,366,0,64,171,1.0,0.8511627906976744,0.9195979899497487,0.0,0.14883720930232558,ILLUSTRATIVE - not derived from operator financial data,2360.0,2360.0,0.0,0.0,False,False,degenerate,degenerate,1.0,1.0,1.0,0.0,a_as_run_600min
microwave,mw_hidden_in_storm,1,POP~R_D05_1,hardware_directional,False,1.0,192.0,12.0,323.0,0.0,8,12,True,True,False,False,175.0,180.0,180.0,181.0,187.0,203.0,,,,1.0,1.0,23.0,23.0,22.0,0.0,410,0,24,167,1.0,0.9447004608294931,0.9715639810426541,0.0,0.055299539170506916,390,0,35,176,1.0,0.9176470588235294,0.9570552147239264,0.0,0.08235294117647059,420,0,5,176,1.0,0.9882352941176471,0.9940828402366864,0.0,0.011764705882352941,ILLUSTRATIVE - not derived from operator financial data,2359.2,2359.09,0.11,0.0,False,False,degenerate,degenerate,1.0,1.0,1.0,0.0,a_as_run_600min
microwave,mw_hidden_in_storm,2,POP~R_D05_1,hardware_directional,False,0.0,181.0,2.0,324.0,0.0,8,2,True,True,False,False,175.0,179.0,179.0,179.0,185.0,277.0,,,,0.0,0.0,98.0,98.0,98.0,0.0,402,0,32,167,1.0,0.9262672811059908,0.9617224880382775,0.0,0.07373271889400922,392,0,33,176,1.0,0.9223529411764706,0.9596083231334149,0.0,0.07764705882352942,422,0,3,176,1.0,0.9929411764705882,0.9964580873671782,0.0,0.007058823529411765,ILLUSTRATIVE - not derived from operator financial data,2359.6,2359.6,0.0,0.0,False,False,degenerate,degenerate,1.0,1.0,1.0,0.0,a_as_run_600min
microwave,mw_hidden_in_storm,3,POP~R_D05_1,hardware_directional,False,0.0,190.0,9.0,332.0,0.0,10,17,True,True,False,False,175.0,181.0,181.0,181.0,187.0,202.0,,,,0.0,0.0,21.0,21.0,21.0,0.0,402,0,32,167,1.0,0.9262672811059908,0.9617224880382775,0.0,0.07373271889400922,375,0,50,176,1.0,0.8823529411764706,0.9375,0.0,0.11764705882352941,420,0,5,176,1.0,0.9882352941176471,0.9940828402366864,0.0,0.011764705882352941,ILLUSTRATIVE - not derived from operator financial data,2362.8,2362.8,0.0,0.0,False,False,degenerate,degenerate,1.0,1.0,1.0,0.0,a_as_run_600min
microwave,mw_hidden_in_storm,4,POP~R_D05_1,hardware_directional,False,1.0,189.0,10.0,338.0,0.0,9,10,True,True,False,False,175.0,179.0,179.0,180.0,186.0,200.0,,,,1.0,1.0,21.0,21.0,20.0,0.0,406,0,28,167,1.0,0.9354838709677419,0.9666666666666666,0.0,0.06451612903225806,387,0,38,176,1.0,0.9105882352941177,0.9532019704433498,0.0,0.08941176470588236,421,0,4,176,1.0,0.9905882352941177,0.9952718676122931,0.0,0.009411764705882352,ILLUSTRATIVE - not derived from operator financial data,2365.2,2365.09,0.11,0.0,False,False,degenerate,degenerate,1.0,1.0,1.0,0.0,a_as_run_600min
microwave,mw_hidden_in_storm,5,POP~R_D05_1,hardware_directional,False,2.0,196.0,15.0,326.0,0.0,7,15,True,True,False,False,175.0,181.0,181.0,183.0,189.0,274.0,,,,2.0,2.0,93.0,93.0,91.0,0.0,405,0,29,167,1.0,0.9331797235023042,0.9654350417163289,0.0,0.06682027649769585,383,0,42,176,1.0,0.9011764705882352,0.948019801980198,0.0,0.0988235294117647,418,0,7,176,1.0,0.9835294117647059,0.9916963226571768,0.0,0.01647058823529412,ILLUSTRATIVE - not derived from operator financial data,2360.4,2360.18,0.22,0.0,False,False,degenerate,degenerate,1.0,1.0,1.0,0.0,a_as_run_600min
microwave,mw_hidden_in_storm,6,POP~R_D05_1,hardware_directional,False,0.0,184.0,3.0,327.0,0.0,10,3,True,True,False,False,175.0,181.0,181.0,181.0,187.0,203.0,,,,0.0,0.0,22.0,22.0,22.0,0.0,412,0,22,167,1.0,0.9493087557603687,0.9739952718676123,0.0,0.05069124423963134,399,0,26,176,1.0,0.9388235294117647,0.9684466019417475,0.0,0.0611764705882353,420,0,5,176,1.0,0.9882352941176471,0.9940828402366864,0.0,0.011764705882352941,ILLUSTRATIVE - not derived from operator financial data,2360.8,2360.8,0.0,0.0,False,False,degenerate,degenerate,1.0,1.0,1.0,0.0,a_as_run_600min
microwave,mw_hidden_in_storm,7,POP~R_D05_1,hardware_directional,False,0.0,195.0,16.0,324.0,0.0,13,17,True,True,False,False,175.0,179.0,179.0,179.0,185.0,277.0,,,,0.0,0.0,98.0,98.0,98.0,0.0,409,0,25,167,1.0,0.9423963133640553,0.9703440094899171,0.0,0.0576036866359447,379,0,46,176,1.0,0.8917647058823529,0.9427860696517413,0.0,0.10823529411764705,422,0,3,176,1.0,0.9929411764705882,0.9964580873671782,0.0,0.007058823529411765,ILLUSTRATIVE - not derived from operator financial data,2359.6,2359.6,0.0,0.0,False,False,degenerate,degenerate,1.0,1.0,1.0,0.0,a_as_run_600min
microwave,mw_hidden_in_storm,8,POP~R_D05_1,hardware_directional,False,0.0,195.0,14.0,329.0,0.0,7,14,True,True,False,False,175.0,181.0,181.0,181.0,187.0,208.0,,,,0.0,0.0,27.0,27.0,27.0,0.0,407,0,27,167,1.0,0.9377880184331797,0.9678953626634959,0.0,0.06221198156682028,386,0,39,176,1.0,0.908235294117647,0.9519112207151664,0.0,0.09176470588235294,420,0,5,176,1.0,0.9882352941176471,0.9940828402366864,0.0,0.011764705882352941,ILLUSTRATIVE - not derived from operator financial data,2361.6,2361.6,0.0,0.0,False,False,degenerate,degenerate,1.0,1.0,1.0,0.0,a_as_run_600min
microwave,mw_hidden_in_storm,9,POP~R_D05_1,hardware_directional,False,1.0,190.0,10.0,325.0,0.0,14,10,True,True,False,False,175.0,180.0,180.0,181.0,187.0,201.0,,,,1.0,1.0,21.0,21.0,20.0,0.0,408,0,26,167,1.0,0.9400921658986175,0.9691211401425179,0.0,0.059907834101382486,384,0,41,176,1.0,0.9035294117647059,0.9493201483312732,0.0,0.09647058823529411,420,0,5,176,1.0,0.9882352941176471,0.9940828402366864,0.0,0.011764705882352941,ILLUSTRATIVE - not derived from operator financial data,2360.0,2359.89,0.11,0.0,False,False,degenerate,degenerate,1.0,1.0,1.0,0.0,a_as_run_600min
microwave,mw_hidden_in_storm,10,POP~R_D05_1,hardware_directional,False,2.0,182.0,3.0,333.0,0.0,11,8,True,True,False,False,175.0,179.0,179.0,181.0,187.0,200.0,,,,2.0,2.0,21.0,21.0,19.0,0.0,408,0,26,167,1.0,0.9400921658986175,0.9691211401425179,0.0,0.059907834101382486,389,0,36,176,1.0,0.9152941176470588,0.9557739557739557,0.0,0.08470588235294117,420,0,5,176,1.0,0.9882352941176471,0.9940828402366864,0.0,0.011764705882352941,ILLUSTRATIVE - not derived from operator financial data,2363.2,2362.98,0.22,0.0,False,False,degenerate,degenerate,1.0,1.0,1.0,0.0,a_as_run_600min
microwave,mw_hidden_in_storm,11,POP~R_D05_1,hardware_directional,False,1.0,187.0,8.0,334.0,0.0,11,8,True,True,False,False,175.0,179.0,179.0,180.0,186.0,196.0,,,,1.0,1.0,17.0,17.0,16.0,0.0,403,0,31,167,1.0,0.9285714285714286,0.962962962962963,0.0,0.07142857142857142,384,0,41,176,1.0,0.9035294117647059,0.9493201483312732,0.0,0.09647058823529411,421,0,4,176,1.0,0.9905882352941177,0.9952718676122931,0.0,0.009411764705882352,ILLUSTRATIVE - not derived from operator financial data,2363.6,2363.49,0.11,0.0,False,False,degenerate,degenerate,1.0,1.0,1.0,0.0,a_as_run_600min
microwave,mw_hidden_in_storm,12,POP~R_D05_1,hardware_directional,False,2.0,195.0,15.0,332.0,0.0,11,15,True,True,False,False,175.0,180.0,180.0,182.0,188.0,267.0,,,,2.0,2.0,87.0,87.0,85.0,0.0,409,0,25,167,1.0,0.9423963133640553,0.9703440094899171,0.0,0.0576036866359447,383,0,42,176,1.0,0.9011764705882352,0.948019801980198,0.0,0.0988235294117647,419,0,6,176,1.0,0.9858823529411764,0.9928909952606635,0.0,0.01411764705882353,ILLUSTRATIVE - not derived from operator financial data,2362.8,2362.58,0.22,0.0,False,False,degenerate,degenerate,1.0,1.0,1.0,0.0,a_as_run_600min
microwave,mw_hidden_in_storm,13,POP~R_D05_1,hardware_directional,False,2.0,191.0,12.0,323.0,0.0,8,12,True,True,False,False,175.0,179.0,179.0,181.0,187.0,278.0,,,,2.0,2.0,99.0,99.0,97.0,0.0,407,0,27,167,1.0,0.9377880184331797,0.9678953626634959,0.0,0.06221198156682028,387,0,38,176,1.0,0.9105882352941177,0.9532019704433498,0.0,0.08941176470588236,420,0,5,176,1.0,0.9882352941176471,0.9940828402366864,0.0,0.011764705882352941,ILLUSTRATIVE - not derived from operator financial data,2359.2,2358.98,0.22,0.0,False,False,degenerate,degenerate,1.0,1.0,1.0,0.0,a_as_run_600min
microwave,mw_hidden_in_storm,14,POP~R_D05_1,hardware_directional,False,1.0,187.0,7.0,331.0,0.0,8,8,True,True,False,False,175.0,180.0,180.0,181.0,187.0,208.0,,,,1.0,1.0,28.0,28.0,27.0,0.0,406,0,28,167,1.0,0.9354838709677419,0.9666666666666666,0.0,0.06451612903225806,390,0,35,176,1.0,0.9176470588235294,0.9570552147239264,0.0,0.08235294117647059,420,0,5,176,1.0,0.9882352941176471,0.9940828402366864,0.0,0.011764705882352941,ILLUSTRATIVE - not derived from operator financial data,2362.4,2362.29,0.11,0.0,False,False,degenerate,degenerate,1.0,1.0,1.0,0.0,a_as_run_600min
microwave,mw_hidden_in_storm,15,POP~R_D05_1,hardware_directional,False,0.0,185.0,4.0,329.0,0.0,4,4,True,True,False,False,175.0,181.0,181.0,181.0,187.0,203.0,,,,0.0,0.0,22.0,22.0,22.0,0.0,401,0,33,167,1.0,0.923963133640553,0.9604790419161677,0.0,0.07603686635944701,393,0,32,176,1.0,0.9247058823529412,0.9608801955990219,0.0,0.07529411764705882,420,0,5,176,1.0,0.9882352941176471,0.9940828402366864,0.0,0.011764705882352941,ILLUSTRATIVE - not derived from operator financial data,2361.6,2361.6,0.0,0.0,False,False,degenerate,degenerate,1.0,1.0,1.0,0.0,a_as_run_600min
microwave,mw_interference,1,POP~R_D05_1,interference,False,8.0,184.0,0.0,0.0,0.0,1,0,True,True,False,False,180.0,184.0,184.0,192.0,198.0,,,,,8.0,8.0,,,,0.0,417,0,3,181,1.0,0.9928571428571429,0.996415770609319,0.0,0.007142857142857143,416,0,4,181,1.0,0.9904761904761905,0.9952153110047847,0.0,0.009523809523809525,409,0,11,181,1.0,0.9738095238095238,0.9867310012062726,0.0,0.02619047619047619,ILLUSTRATIVE - not derived from operator financial data,900.0,900.0,0.0,0.0,False,False,degenerate,degenerate,1.0,1.0,1.0,0.0,a_as_run_600min
microwave,mw_interference,2,POP~R_D05_1,interference,False,9.0,185.0,0.0,0.0,0.0,0,0,True,True,False,False,180.0,185.0,185.0,194.0,200.0,,,,,9.0,9.0,,,,0.0,416,0,4,181,1.0,0.9904761904761905,0.9952153110047847,0.0,0.009523809523809525,416,0,4,181,1.0,0.9904761904761905,0.9952153110047847,0.0,0.009523809523809525,407,0,13,181,1.0,0.969047619047619,0.9842805320435308,0.0,0.030952380952380953,ILLUSTRATIVE - not derived from operator financial data,900.0,900.0,0.0,0.0,False,False,degenerate,degenerate,1.0,1.0,1.0,0.0,a_as_run_600min
microwave,mw_interference,3,POP~R_D05_1,interference,False,8.0,185.0,0.0,0.0,0.0,1,0,True,True,False,False,180.0,185.0,185.0,193.0,199.0,,,,,8.0,8.0,,,,0.0,416,0,4,181,1.0,0.9904761904761905,0.9952153110047847,0.0,0.009523809523809525,415,0,5,181,1.0,0.9880952380952381,0.9940119760479043,0.0,0.011904761904761904,408,0,12,181,1.0,0.9714285714285714,0.9855072463768115,0.0,0.02857142857142857,ILLUSTRATIVE - not derived from operator financial data,900.0,900.0,0.0,0.0,False,False,degenerate,degenerate,1.0,1.0,1.0,0.0,a_as_run_600min
microwave,mw_interference,4,POP~R_D05_1,interference,False,9.0,184.0,0.0,0.0,0.0,1,0,True,True,False,False,180.0,184.0,184.0,193.0,199.0,,,,,9.0,9.0,,,,0.0,417,0,3,181,1.0,0.9928571428571429,0.996415770609319,0.0,0.007142857142857143,416,0,4,181,1.0,0.9904761904761905,0.9952153110047847,0.0,0.009523809523809525,408,0,12,181,1.0,0.9714285714285714,0.9855072463768115,0.0,0.02857142857142857,ILLUSTRATIVE - not derived from operator financial data,900.0,900.0,0.0,0.0,False,False,degenerate,degenerate,1.0,1.0,1.0,0.0,a_as_run_600min
microwave,mw_interference,5,POP~R_D05_1,interference,False,9.0,184.0,0.0,0.0,0.0,0,0,True,True,False,False,180.0,184.0,184.0,193.0,199.0,,,,,9.0,9.0,,,,0.0,417,0,3,181,1.0,0.9928571428571429,0.996415770609319,0.0,0.007142857142857143,417,0,3,181,1.0,0.9928571428571429,0.996415770609319,0.0,0.007142857142857143,408,0,12,181,1.0,0.9714285714285714,0.9855072463768115,0.0,0.02857142857142857,ILLUSTRATIVE - not derived from operator financial data,900.0,900.0,0.0,0.0,False,False,degenerate,degenerate,1.0,1.0,1.0,0.0,a_as_run_600min
microwave,mw_interference,6,POP~R_D05_1,interference,False,8.0,185.0,0.0,0.0,0.0,4,0,True,True,False,False,180.0,185.0,185.0,193.0,199.0,,,,,8.0,8.0,,,,0.0,416,0,4,181,1.0,0.9904761904761905,0.9952153110047847,0.0,0.009523809523809525,412,0,8,181,1.0,0.9809523809523809,0.9903846153846153,0.0,0.01904761904761905,408,0,12,181,1.0,0.9714285714285714,0.9855072463768115,0.0,0.02857142857142857,ILLUSTRATIVE - not derived from operator financial data,900.0,900.0,0.0,0.0,False,False,degenerate,degenerate,1.0,1.0,1.0,0.0,a_as_run_600min
microwave,mw_interference,7,POP~R_D05_1,interference,False,7.0,185.0,0.0,0.0,0.0,1,0,True,True,False,False,180.0,185.0,185.0,192.0,198.0,,,,,7.0,7.0,,,,0.0,416,0,4,181,1.0,0.9904761904761905,0.9952153110047847,0.0,0.009523809523809525,415,0,5,181,1.0,0.9880952380952381,0.9940119760479043,0.0,0.011904761904761904,409,0,11,181,1.0,0.9738095238095238,0.9867310012062726,0.0,0.02619047619047619,ILLUSTRATIVE - not derived from operator financial data,900.0,900.0,0.0,0.0,False,False,degenerate,degenerate,1.0,1.0,1.0,0.0,a_as_run_600min
microwave,mw_interference,8,POP~R_D05_1,interference,False,8.0,184.0,0.0,0.0,0.0,3,0,True,True,False,False,180.0,184.0,184.0,192.0,198.0,,,,,8.0,8.0,,,,0.0,417,0,3,181,1.0,0.9928571428571429,0.996415770609319,0.0,0.007142857142857143,414,0,6,181,1.0,0.9857142857142858,0.9928057553956835,0.0,0.014285714285714285,409,0,11,181,1.0,0.9738095238095238,0.9867310012062726,0.0,0.02619047619047619,ILLUSTRATIVE - not derived from operator financial data,900.0,900.0,0.0,0.0,False,False,degenerate,degenerate,1.0,1.0,1.0,0.0,a_as_run_600min
microwave,mw_interference,9,POP~R_D05_1,interference,False,10.0,184.0,0.0,0.0,0.0,0,0,True,True,False,False,180.0,184.0,184.0,194.0,200.0,,,,,10.0,10.0,,,,0.0,417,0,3,181,1.0,0.9928571428571429,0.996415770609319,0.0,0.007142857142857143,417,0,3,181,1.0,0.9928571428571429,0.996415770609319,0.0,0.007142857142857143,407,0,13,181,1.0,0.969047619047619,0.9842805320435308,0.0,0.030952380952380953,ILLUSTRATIVE - not derived from operator financial data,900.0,900.0,0.0,0.0,False,False,degenerate,degenerate,1.0,1.0,1.0,0.0,a_as_run_600min
microwave,mw_interference,10,POP~R_D05_1,interference,False,8.0,185.0,0.0,0.0,0.0,0,0,True,True,False,False,180.0,185.0,185.0,193.0,199.0,,,,,8.0,8.0,,,,0.0,416,0,4,181,1.0,0.9904761904761905,0.9952153110047847,0.0,0.009523809523809525,416,0,4,181,1.0,0.9904761904761905,0.9952153110047847,0.0,0.009523809523809525,408,0,12,181,1.0,0.9714285714285714,0.9855072463768115,0.0,0.02857142857142857,ILLUSTRATIVE - not derived from operator financial data,900.0,900.0,0.0,0.0,False,False,degenerate,degenerate,1.0,1.0,1.0,0.0,a_as_run_600min
microwave,mw_interference,11,POP~R_D05_1,interference,False,8.0,184.0,0.0,0.0,0.0,0,0,True,True,False,False,180.0,184.0,184.0,192.0,198.0,,,,,8.0,8.0,,,,0.0,417,0,3,181,1.0,0.9928571428571429,0.996415770609319,0.0,0.007142857142857143,417,0,3,181,1.0,0.9928571428571429,0.996415770609319,0.0,0.007142857142857143,409,0,11,181,1.0,0.9738095238095238,0.9867310012062726,0.0,0.02619047619047619,ILLUSTRATIVE - not derived from operator financial data,900.0,900.0,0.0,0.0,False,False,degenerate,degenerate,1.0,1.0,1.0,0.0,a_as_run_600min
microwave,mw_interference,12,POP~R_D05_1,interference,False,7.0,185.0,0.0,0.0,0.0,5,0,True,True,False,False,180.0,185.0,185.0,192.0,198.0,,,,,7.0,7.0,,,,0.0,416,0,4,181,1.0,0.9904761904761905,0.9952153110047847,0.0,0.009523809523809525,411,0,9,181,1.0,0.9785714285714285,0.9891696750902527,0.0,0.02142857142857143,409,0,11,181,1.0,0.9738095238095238,0.9867310012062726,0.0,0.02619047619047619,ILLUSTRATIVE - not derived from operator financial data,900.0,900.0,0.0,0.0,False,False,degenerate,degenerate,1.0,1.0,1.0,0.0,a_as_run_600min
microwave,mw_interference,13,POP~R_D05_1,interference,False,7.0,185.0,0.0,0.0,0.0,2,0,True,True,False,False,180.0,185.0,185.0,192.0,198.0,,,,,7.0,7.0,,,,0.0,416,0,4,181,1.0,0.9904761904761905,0.9952153110047847,0.0,0.009523809523809525,414,0,6,181,1.0,0.9857142857142858,0.9928057553956835,0.0,0.014285714285714285,409,0,11,181,1.0,0.9738095238095238,0.9867310012062726,0.0,0.02619047619047619,ILLUSTRATIVE - not derived from operator financial data,900.0,900.0,0.0,0.0,False,False,degenerate,degenerate,1.0,1.0,1.0,0.0,a_as_run_600min
microwave,mw_interference,14,POP~R_D05_1,interference,False,8.0,184.0,0.0,0.0,0.0,2,0,True,True,False,False,180.0,184.0,184.0,192.0,198.0,,,,,8.0,8.0,,,,0.0,417,0,3,181,1.0,0.9928571428571429,0.996415770609319,0.0,0.007142857142857143,415,0,5,181,1.0,0.9880952380952381,0.9940119760479043,0.0,0.011904761904761904,409,0,11,181,1.0,0.9738095238095238,0.9867310012062726,0.0,0.02619047619047619,ILLUSTRATIVE - not derived from operator financial data,900.0,900.0,0.0,0.0,False,False,degenerate,degenerate,1.0,1.0,1.0,0.0,a_as_run_600min
microwave,mw_interference,15,POP~R_D05_1,interference,False,8.0,185.0,0.0,0.0,0.0,0,0,True,True,False,False,180.0,185.0,185.0,193.0,199.0,,,,,8.0,8.0,,,,0.0,416,0,4,181,1.0,0.9904761904761905,0.9952153110047847,0.0,0.009523809523809525,416,0,4,181,1.0,0.9904761904761905,0.9952153110047847,0.0,0.009523809523809525,408,0,12,181,1.0,0.9714285714285714,0.9855072463768115,0.0,0.02857142857142857,ILLUSTRATIVE - not derived from operator financial data,900.0,900.0,0.0,0.0,False,False,degenerate,degenerate,1.0,1.0,1.0,0.0,a_as_run_600min
microwave,mw_config_change,1,POP~R_D05_1,config_change,False,-2.0,193.0,0.0,0.0,0.0,0,0,True,True,False,False,190.0,193.0,193.0,191.0,197.0,,,,,-2.0,-2.0,,,,0.0,408,0,2,191,1.0,0.9951219512195122,0.9975550122249389,0.0,0.004878048780487805,408,0,2,191,1.0,0.9951219512195122,0.9975550122249389,0.0,0.004878048780487805,410,0,0,191,1.0,1.0,1.0,0.0,0.0,ILLUSTRATIVE - not derived from operator financial data,900.0,900.0,0.0,0.0,False,False,degenerate,degenerate,1.0,1.0,1.0,0.0,a_as_run_600min
microwave,mw_config_change,2,POP~R_D05_1,config_change,False,-2.0,193.0,0.0,0.0,0.0,0,0,True,True,False,False,190.0,193.0,193.0,191.0,197.0,,,,,-2.0,-2.0,,,,0.0,408,0,2,191,1.0,0.9951219512195122,0.9975550122249389,0.0,0.004878048780487805,408,0,2,191,1.0,0.9951219512195122,0.9975550122249389,0.0,0.004878048780487805,410,0,0,191,1.0,1.0,1.0,0.0,0.0,ILLUSTRATIVE - not derived from operator financial data,900.0,900.0,0.0,0.0,False,False,degenerate,degenerate,1.0,1.0,1.0,0.0,a_as_run_600min
microwave,mw_config_change,3,POP~R_D05_1,config_change,False,-2.0,193.0,0.0,0.0,0.0,0,0,True,True,False,False,190.0,193.0,193.0,191.0,197.0,,,,,-2.0,-2.0,,,,0.0,408,0,2,191,1.0,0.9951219512195122,0.9975550122249389,0.0,0.004878048780487805,408,0,2,191,1.0,0.9951219512195122,0.9975550122249389,0.0,0.004878048780487805,410,0,0,191,1.0,1.0,1.0,0.0,0.0,ILLUSTRATIVE - not derived from operator financial data,900.0,900.0,0.0,0.0,False,False,degenerate,degenerate,1.0,1.0,1.0,0.0,a_as_run_600min
microwave,mw_config_change,4,POP~R_D05_1,config_change,False,-2.0,193.0,0.0,0.0,0.0,0,0,True,True,False,False,190.0,193.0,193.0,191.0,197.0,,,,,-2.0,-2.0,,,,0.0,408,0,2,191,1.0,0.9951219512195122,0.9975550122249389,0.0,0.004878048780487805,408,0,2,191,1.0,0.9951219512195122,0.9975550122249389,0.0,0.004878048780487805,410,0,0,191,1.0,1.0,1.0,0.0,0.0,ILLUSTRATIVE - not derived from operator financial data,900.0,900.0,0.0,0.0,False,False,degenerate,degenerate,1.0,1.0,1.0,0.0,a_as_run_600min
microwave,mw_config_change,5,POP~R_D05_1,config_change,False,-2.0,193.0,0.0,0.0,0.0,0,0,True,True,False,False,190.0,193.0,193.0,191.0,197.0,,,,,-2.0,-2.0,,,,0.0,408,0,2,191,1.0,0.9951219512195122,0.9975550122249389,0.0,0.004878048780487805,408,0,2,191,1.0,0.9951219512195122,0.9975550122249389,0.0,0.004878048780487805,410,0,0,191,1.0,1.0,1.0,0.0,0.0,ILLUSTRATIVE - not derived from operator financial data,900.0,900.0,0.0,0.0,False,False,degenerate,degenerate,1.0,1.0,1.0,0.0,a_as_run_600min
microwave,mw_config_change,6,POP~R_D05_1,config_change,False,-2.0,193.0,0.0,0.0,0.0,0,0,True,True,False,False,190.0,193.0,193.0,191.0,197.0,,,,,-2.0,-2.0,,,,0.0,408,0,2,191,1.0,0.9951219512195122,0.9975550122249389,0.0,0.004878048780487805,408,0,2,191,1.0,0.9951219512195122,0.9975550122249389,0.0,0.004878048780487805,410,0,0,191,1.0,1.0,1.0,0.0,0.0,ILLUSTRATIVE - not derived from operator financial data,900.0,900.0,0.0,0.0,False,False,degenerate,degenerate,1.0,1.0,1.0,0.0,a_as_run_600min
microwave,mw_config_change,7,POP~R_D05_1,config_change,False,-2.0,193.0,0.0,0.0,0.0,0,0,True,True,False,False,190.0,193.0,193.0,191.0,197.0,,,,,-2.0,-2.0,,,,0.0,408,0,2,191,1.0,0.9951219512195122,0.9975550122249389,0.0,0.004878048780487805,408,0,2,191,1.0,0.9951219512195122,0.9975550122249389,0.0,0.004878048780487805,410,0,0,191,1.0,1.0,1.0,0.0,0.0,ILLUSTRATIVE - not derived from operator financial data,900.0,900.0,0.0,0.0,False,False,degenerate,degenerate,1.0,1.0,1.0,0.0,a_as_run_600min
microwave,mw_config_change,8,POP~R_D05_1,config_change,False,-2.0,193.0,0.0,0.0,0.0,0,0,True,True,False,False,190.0,193.0,193.0,191.0,197.0,,,,,-2.0,-2.0,,,,0.0,408,0,2,191,1.0,0.9951219512195122,0.9975550122249389,0.0,0.004878048780487805,408,0,2,191,1.0,0.9951219512195122,0.9975550122249389,0.0,0.004878048780487805,410,0,0,191,1.0,1.0,1.0,0.0,0.0,ILLUSTRATIVE - not derived from operator financial data,900.0,900.0,0.0,0.0,False,False,degenerate,degenerate,1.0,1.0,1.0,0.0,a_as_run_600min
microwave,mw_config_change,9,POP~R_D05_1,config_change,False,-2.0,193.0,0.0,0.0,0.0,0,0,True,True,False,False,190.0,193.0,193.0,191.0,197.0,,,,,-2.0,-2.0,,,,0.0,408,0,2,191,1.0,0.9951219512195122,0.9975550122249389,0.0,0.004878048780487805,408,0,2,191,1.0,0.9951219512195122,0.9975550122249389,0.0,0.004878048780487805,410,0,0,191,1.0,1.0,1.0,0.0,0.0,ILLUSTRATIVE - not derived from operator financial data,900.0,900.0,0.0,0.0,False,False,degenerate,degenerate,1.0,1.0,1.0,0.0,a_as_run_600min
microwave,mw_config_change,10,POP~R_D05_1,config_change,False,-2.0,193.0,0.0,0.0,0.0,0,0,True,True,False,False,190.0,193.0,193.0,191.0,197.0,,,,,-2.0,-2.0,,,,0.0,408,0,2,191,1.0,0.9951219512195122,0.9975550122249389,0.0,0.004878048780487805,408,0,2,191,1.0,0.9951219512195122,0.9975550122249389,0.0,0.004878048780487805,410,0,0,191,1.0,1.0,1.0,0.0,0.0,ILLUSTRATIVE - not derived from operator financial data,900.0,900.0,0.0,0.0,False,False,degenerate,degenerate,1.0,1.0,1.0,0.0,a_as_run_600min
microwave,mw_config_change,11,POP~R_D05_1,config_change,False,-2.0,193.0,0.0,0.0,0.0,0,0,True,True,False,False,190.0,193.0,193.0,191.0,197.0,,,,,-2.0,-2.0,,,,0.0,408,0,2,191,1.0,0.9951219512195122,0.9975550122249389,0.0,0.004878048780487805,408,0,2,191,1.0,0.9951219512195122,0.9975550122249389,0.0,0.004878048780487805,410,0,0,191,1.0,1.0,1.0,0.0,0.0,ILLUSTRATIVE - not derived from operator financial data,900.0,900.0,0.0,0.0,False,False,degenerate,degenerate,1.0,1.0,1.0,0.0,a_as_run_600min
microwave,mw_config_change,12,POP~R_D05_1,config_change,False,-2.0,193.0,0.0,0.0,0.0,0,0,True,True,False,False,190.0,193.0,193.0,191.0,197.0,,,,,-2.0,-2.0,,,,0.0,408,0,2,191,1.0,0.9951219512195122,0.9975550122249389,0.0,0.004878048780487805,408,0,2,191,1.0,0.9951219512195122,0.9975550122249389,0.0,0.004878048780487805,410,0,0,191,1.0,1.0,1.0,0.0,0.0,ILLUSTRATIVE - not derived from operator financial data,900.0,900.0,0.0,0.0,False,False,degenerate,degenerate,1.0,1.0,1.0,0.0,a_as_run_600min
microwave,mw_config_change,13,POP~R_D05_1,config_change,False,-2.0,193.0,0.0,0.0,0.0,0,0,True,True,False,False,190.0,193.0,193.0,191.0,197.0,,,,,-2.0,-2.0,,,,0.0,408,0,2,191,1.0,0.9951219512195122,0.9975550122249389,0.0,0.004878048780487805,408,0,2,191,1.0,0.9951219512195122,0.9975550122249389,0.0,0.004878048780487805,410,0,0,191,1.0,1.0,1.0,0.0,0.0,ILLUSTRATIVE - not derived from operator financial data,900.0,900.0,0.0,0.0,False,False,degenerate,degenerate,1.0,1.0,1.0,0.0,a_as_run_600min
microwave,mw_config_change,14,POP~R_D05_1,config_change,False,-2.0,193.0,0.0,0.0,0.0,0,0,True,True,False,False,190.0,193.0,193.0,191.0,197.0,,,,,-2.0,-2.0,,,,0.0,408,0,2,191,1.0,0.9951219512195122,0.9975550122249389,0.0,0.004878048780487805,408,0,2,191,1.0,0.9951219512195122,0.9975550122249389,0.0,0.004878048780487805,410,0,0,191,1.0,1.0,1.0,0.0,0.0,ILLUSTRATIVE - not derived from operator financial data,900.0,900.0,0.0,0.0,False,False,degenerate,degenerate,1.0,1.0,1.0,0.0,a_as_run_600min
microwave,mw_config_change,15,POP~R_D05_1,config_change,False,-2.0,193.0,0.0,0.0,0.0,0,0,True,True,False,False,190.0,193.0,193.0,191.0,197.0,,,,,-2.0,-2.0,,,,0.0,408,0,2,191,1.0,0.9951219512195122,0.9975550122249389,0.0,0.004878048780487805,408,0,2,191,1.0,0.9951219512195122,0.9975550122249389,0.0,0.004878048780487805,410,0,0,191,1.0,1.0,1.0,0.0,0.0,ILLUSTRATIVE - not derived from operator financial data,900.0,900.0,0.0,0.0,False,False,degenerate,degenerate,1.0,1.0,1.0,0.0,a_as_run_600min
leo_ntn,leo_low_elevation,1,UT00,low_elevation,True,-175.0,,,0.0,0.0,3,0,True,True,True,True,,173.0,175.0,0.0,6.0,,,,,-173.0,-175.0,,,,2.0,0,4,0,597,0.0,,,0.0066555740432612314,,0,1,0,600,0.0,,,0.0016638935108153079,,0,601,0,0,0.0,,,1.0,,ILLUSTRATIVE - not derived from operator financial data,900.0,900.0,0.0,0.0,True,True,degenerate,degenerate,1.0,1.0,1.0,0.0,a_as_run_600min
leo_ntn,leo_low_elevation,2,UT00,low_elevation,True,,,,0.0,0.0,19,0,True,False,True,False,,133.0,,0.0,6.0,,,,,-133.0,,,,,,0,19,0,582,0.0,,,0.03161397670549085,,0,0,0,601,,,,0.0,,0,601,0,0,0.0,,,1.0,,ILLUSTRATIVE - not derived from operator financial data,900.0,0.0,900.0,100.0,False,True,degenerate,degenerate,1.0,1.0,1.0,0.0,a_as_run_600min
leo_ntn,leo_low_elevation,3,UT00,low_elevation,True,,,,0.0,0.0,8,0,True,False,True,False,,212.0,,0.0,6.0,,,,,-212.0,,,,,,0,8,0,593,0.0,,,0.013311148086522463,,0,0,0,601,,,,0.0,,0,601,0,0,0.0,,,1.0,,ILLUSTRATIVE - not derived from operator financial data,900.0,0.0,900.0,100.0,False,True,degenerate,degenerate,1.0,1.0,1.0,0.0,a_as_run_600min
leo_ntn,leo_low_elevation,4,UT00,low_elevation,True,-233.0,,,0.0,0.0,20,1,True,False,True,False,,157.0,233.0,0.0,6.0,,,,,-157.0,-233.0,,,,76.0,0,21,0,580,0.0,,,0.03494176372712146,,0,0,0,601,,,,0.0,,0,601,0,0,0.0,,,1.0,,ILLUSTRATIVE - not derived from operator financial data,900.0,0.0,900.0,100.0,False,True,degenerate,degenerate,1.0,1.0,1.0,0.0,a_as_run_600min
leo_ntn,leo_low_elevation,5,UT00,low_elevation,True,,,,0.0,0.0,3,0,True,False,True,False,,433.0,,0.0,6.0,,,,,-433.0,,,,,,0,3,0,598,0.0,,,0.004991680532445923,,0,0,0,601,,,,0.0,,0,601,0,0,0.0,,,1.0,,ILLUSTRATIVE - not derived from operator financial data,900.0,0.0,900.0,100.0,False,True,degenerate,degenerate,1.0,1.0,1.0,0.0,a_as_run_600min
leo_ntn,leo_low_elevation,6,UT00,low_elevation,True,,,,0.0,0.0,0,0,True,False,True,False,,,,0.0,6.0,,,,,,,,,,,0,0,0,601,,,,0.0,,0,0,0,601,,,,0.0,,0,601,0,0,0.0,,,1.0,,ILLUSTRATIVE - not derived from operator financial data,900.0,0.0,900.0,100.0,False,True,degenerate,degenerate,1.0,1.0,1.0,0.0,a_as_run_600min
leo_ntn,leo_low_elevation,7,UT00,low_elevation,True,,,,0.0,0.0,6,0,True,False,True,False,,234.0,,0.0,6.0,,,,,-234.0,,,,,,0,6,0,595,0.0,,,0.009983361064891847,,0,0,0,601,,,,0.0,,0,601,0,0,0.0,,,1.0,,ILLUSTRATIVE - not derived from operator financial data,900.0,0.0,900.0,100.0,False,True,degenerate,degenerate,1.0,1.0,1.0,0.0,a_as_run_600min
leo_ntn,leo_low_elevation,8,UT00,low_elevation,True,,,,0.0,0.0,10,0,True,False,True,False,,381.0,,9.0,15.0,,,,,-372.0,,,,,,0,10,0,591,0.0,,,0.016638935108153077,,0,0,0,601,,,,0.0,,0,592,0,9,0.0,,,0.9850249584026622,,ILLUSTRATIVE - not derived from operator financial data,900.0,0.0,900.0,100.0,False,True,degenerate,degenerate,1.0,1.0,1.0,0.0,a_as_run_600min
leo_ntn,leo_low_elevation,9,UT00,low_elevation,True,,,,0.0,0.0,0,0,True,False,True,False,,,,0.0,6.0,,,,,,,,,,,0,0,0,601,,,,0.0,,0,0,0,601,,,,0.0,,0,601,0,0,0.0,,,1.0,,ILLUSTRATIVE - not derived from operator financial data,900.0,0.0,900.0,100.0,False,True,degenerate,degenerate,1.0,1.0,1.0,0.0,a_as_run_600min
leo_ntn,leo_low_elevation,10,UT00,low_elevation,True,,,,0.0,0.0,0,0,True,False,True,False,,,,0.0,6.0,,,,,,,,,,,0,0,0,601,,,,0.0,,0,0,0,601,,,,0.0,,0,601,0,0,0.0,,,1.0,,ILLUSTRATIVE - not derived from operator financial data,900.0,0.0,900.0,100.0,False,True,degenerate,degenerate,1.0,1.0,1.0,0.0,a_as_run_600min
leo_ntn,leo_low_elevation,11,UT00,low_elevation,True,,,,0.0,0.0,1,0,True,False,True,False,,486.0,,0.0,6.0,,,,,-486.0,,,,,,0,1,0,600,0.0,,,0.0016638935108153079,,0,0,0,601,,,,0.0,,0,601,0,0,0.0,,,1.0,,ILLUSTRATIVE - not derived from operator financial data,900.0,0.0,900.0,100.0,False,True,degenerate,degenerate,1.0,1.0,1.0,0.0,a_as_run_600min
leo_ntn,leo_low_elevation,12,UT00,low_elevation,True,,,,0.0,0.0,0,0,True,False,True,False,,,,0.0,6.0,,,,,,,,,,,0,0,0,601,,,,0.0,,0,0,0,601,,,,0.0,,0,601,0,0,0.0,,,1.0,,ILLUSTRATIVE - not derived from operator financial data,900.0,0.0,900.0,100.0,False,True,degenerate,degenerate,1.0,1.0,1.0,0.0,a_as_run_600min
leo_ntn,leo_low_elevation,13,UT00,low_elevation,True,,,,0.0,0.0,0,0,True,False,True,False,,,,0.0,6.0,,,,,,,,,,,0,0,0,601,,,,0.0,,0,0,0,601,,,,0.0,,0,601,0,0,0.0,,,1.0,,ILLUSTRATIVE - not derived from operator financial data,900.0,0.0,900.0,100.0,False,True,degenerate,degenerate,1.0,1.0,1.0,0.0,a_as_run_600min
leo_ntn,leo_low_elevation,14,UT00,low_elevation,True,,,,0.0,0.0,12,0,True,False,True,False,,175.0,,0.0,6.0,,,,,-175.0,,,,,,0,12,0,589,0.0,,,0.019966722129783693,,0,0,0,601,,,,0.0,,0,601,0,0,0.0,,,1.0,,ILLUSTRATIVE - not derived from operator financial data,900.0,0.0,900.0,100.0,False,True,degenerate,degenerate,1.0,1.0,1.0,0.0,a_as_run_600min
leo_ntn,leo_low_elevation,15,UT00,low_elevation,True,,,,0.0,0.0,3,0,True,False,True,False,,581.0,,0.0,6.0,,,,,-581.0,,,,,,0,3,0,598,0.0,,,0.004991680532445923,,0,0,0,601,,,,0.0,,0,601,0,0,0.0,,,1.0,,ILLUSTRATIVE - not derived from operator financial data,900.0,0.0,900.0,100.0,False,True,degenerate,degenerate,1.0,1.0,1.0,0.0,a_as_run_600min
leo_ntn,leo_ground_rain,1,UT00,propagation_fade,True,-157.0,157.0,0.0,7.0,75.0,1,93,True,False,True,False,150.0,157.0,157.0,0.0,6.0,161.0,162.0,,260.0,-157.0,-157.0,4.0,4.0,161.0,0.0,94,0,15,492,1.0,0.8623853211009175,0.9261083743842364,0.0,0.13761467889908258,0,0,0,601,,,,0.0,,0,601,0,0,0.0,,,1.0,,ILLUSTRATIVE - not derived from operator financial data,1657.13,757.13,900.0,54.3,False,True,degenerate,degenerate,1.0,1.0,1.0,0.0,a_as_run_600min
leo_ntn,leo_ground_rain,2,UT00,propagation_fade,True,-154.0,154.0,21.0,4.0,79.0,12,102,True,False,True,False,150.0,133.0,154.0,0.0,6.0,157.0,161.0,,260.0,-133.0,-154.0,24.0,3.0,157.0,21.0,102,12,7,480,0.8947368421052632,0.9357798165137615,0.9147982062780269,0.024390243902439025,0.06422018348623854,0,0,0,601,,,,0.0,,0,601,0,0,0.0,,,1.0,,ILLUSTRATIVE - not derived from operator financial data,1674.8,774.8,900.0,53.7,False,True,degenerate,degenerate,1.0,1.0,1.0,0.0,a_as_run_600min
leo_ntn,leo_ground_rain,3,UT00,propagation_fade,True,-159.0,159.0,0.0,5.0,77.0,7,95,True,False,True,False,150.0,159.0,159.0,0.0,6.0,161.0,162.0,,260.0,-159.0,-159.0,2.0,2.0,161.0,0.0,95,7,14,485,0.9313725490196079,0.8715596330275229,0.900473933649289,0.014227642276422764,0.12844036697247707,0,0,0,601,,,,0.0,,0,601,0,0,0.0,,,1.0,,ILLUSTRATIVE - not derived from operator financial data,1662.6,762.6,900.0,54.1,False,True,degenerate,degenerate,1.0,1.0,1.0,0.0,a_as_run_600min
leo_ntn,leo_ground_rain,4,UT00,propagation_fade,True,-154.0,154.0,0.0,2.0,81.0,11,100,True,False,True,False,150.0,154.0,154.0,0.0,6.0,157.0,157.0,,260.0,-154.0,-154.0,3.0,3.0,157.0,0.0,99,12,10,480,0.8918918918918919,0.908256880733945,0.9,0.024390243902439025,0.09174311926605505,0,0,0,601,,,,0.0,,0,601,0,0,0.0,,,1.0,,ILLUSTRATIVE - not derived from operator financial data,1680.27,780.27,900.0,53.6,False,True,degenerate,degenerate,1.0,1.0,1.0,0.0,a_as_run_600min
leo_ntn,leo_ground_rain,5,UT00,propagation_fade,True,-160.0,160.0,0.0,7.0,75.0,3,94,True,False,True,False,150.0,160.0,160.0,0.0,6.0,161.0,162.0,,260.0,-160.0,-160.0,1.0,1.0,161.0,0.0,94,3,15,489,0.9690721649484536,0.8623853211009175,0.912621359223301,0.006097560975609756,0.13761467889908258,0,0,0,601,,,,0.0,,0,601,0,0,0.0,,,1.0,,ILLUSTRATIVE - not derived from operator financial data,1657.13,757.13,900.0,54.3,False,True,degenerate,degenerate,1.0,1.0,1.0,0.0,a_as_run_600min
leo_ntn,leo_ground_rain,6,UT00,propagation_fade,True,-155.0,155.0,0.0,5.0,78.0,1,97,True,False,True,False,150.0,155.0,155.0,0.0,6.0,157.0,161.0,,260.0,-155.0,-155.0,2.0,2.0,157.0,0.0,98,0,11,492,1.0,0.8990825688073395,0.9468599033816426,0.0,0.10091743119266056,0,0,0,601,,,,0.0,,0,601,0,0,0.0,,,1.0,,ILLUSTRATIVE - not derived from operator financial data,1672.07,772.07,900.0,53.8,False,True,degenerate,degenerate,1.0,1.0,1.0,0.0,a_as_run_600min
leo_ntn,leo_ground_rain,7,UT00,propagation_fade,True,-155.0,155.0,0.0,9.0,74.0,5,99,True,False,True,False,150.0,155.0,155.0,0.0,6.0,157.0,162.0,,260.0,-155.0,-155.0,2.0,2.0,157.0,0.0,99,5,10,487,0.9519230769230769,0.908256880733945,0.9295774647887324,0.01016260162601626,0.09174311926605505,0,0,0,601,,,,0.0,,0,601,0,0,0.0,,,1.0,,ILLUSTRATIVE - not derived from operator financial data,1661.13,761.13,900.0,54.2,False,True,degenerate,degenerate,1.0,1.0,1.0,0.0,a_as_run_600min
leo_ntn,leo_ground_rain,8,UT00,propagation_fade,True,-146.0,155.0,0.0,9.0,73.0,11,97,True,False,True,False,150.0,155.0,155.0,9.0,15.0,157.0,162.0,,260.0,-146.0,-146.0,2.0,2.0,148.0,0.0,97,11,12,481,0.8981481481481481,0.8899082568807339,0.8940092165898618,0.022357723577235773,0.11009174311926606,0,0,0,601,,,,0.0,,0,592,0,9,0.0,,,0.9850249584026622,,ILLUSTRATIVE - not derived from operator financial data,1651.67,751.67,900.0,54.5,False,True,degenerate,degenerate,1.0,1.0,1.0,0.0,a_as_run_600min
leo_ntn,leo_ground_rain,9,UT00,propagation_fade,True,-156.0,156.0,0.0,6.0,77.0,0,95,True,False,True,False,150.0,156.0,156.0,0.0,6.0,157.0,162.0,,260.0,-156.0,-156.0,1.0,1.0,157.0,0.0,95,0,14,492,1.0,0.8715596330275229,0.9313725490196079,0.0,0.12844036697247707,0,0,0,601,,,,0.0,,0,601,0,0,0.0,,,1.0,,ILLUSTRATIVE - not derived from operator financial data,1669.33,769.33,900.0,53.9,False,True,degenerate,degenerate,1.0,1.0,1.0,0.0,a_as_run_600min
leo_ntn,leo_ground_rain,10,UT00,propagation_fade,True,-155.0,155.0,0.0,8.0,75.0,0,99,True,False,True,False,150.0,155.0,155.0,0.0,6.0,157.0,162.0,,260.0,-155.0,-155.0,2.0,2.0,157.0,0.0,99,0,10,492,1.0,0.908256880733945,0.9519230769230769,0.0,0.09174311926605505,0,0,0,601,,,,0.0,,0,601,0,0,0.0,,,1.0,,ILLUSTRATIVE - not derived from operator financial data,1663.87,763.87,900.0,54.1,False,True,degenerate,degenerate,1.0,1.0,1.0,0.0,a_as_run_600min
leo_ntn,leo_ground_rain,11,UT00,propagation_fade,True,-155.0,155.0,0.0,8.0,75.0,1,97,True,False,True,False,150.0,155.0,155.0,0.0,6.0,157.0,162.0,,260.0,-155.0,-155.0,2.0,2.0,157.0,0.0,97,1,12,491,0.9897959183673469,0.8899082568807339,0.9371980676328503,0.0020325203252032522,0.11009174311926606,0,0,0,601,,,,0.0,,0,601,0,0,0.0,,,1.0,,ILLUSTRATIVE - not derived from operator financial data,1663.87,763.87,900.0,54.1,False,True,degenerate,degenerate,1.0,1.0,1.0,0.0,a_as_run_600min
leo_ntn,leo_ground_rain,12,UT00,propagation_fade,True,-155.0,155.0,0.0,6.0,77.0,1,99,True,False,True,False,150.0,155.0,155.0,0.0,6.0,157.0,162.0,,260.0,-155.0,-155.0,2.0,2.0,157.0,0.0,99,1,10,491,0.99,0.908256880733945,0.9473684210526316,0.0020325203252032522,0.09174311926605505,0,0,0,601,,,,0.0,,0,601,0,0,0.0,,,1.0,,ILLUSTRATIVE - not derived from operator financial data,1669.33,769.33,900.0,53.9,False,True,degenerate,degenerate,1.0,1.0,1.0,0.0,a_as_run_600min
leo_ntn,leo_ground_rain,13,UT00,propagation_fade,True,-155.0,155.0,0.0,6.0,76.0,0,99,True,False,True,False,150.0,155.0,155.0,0.0,6.0,161.0,162.0,,260.0,-155.0,-155.0,6.0,6.0,161.0,0.0,99,0,10,492,1.0,0.908256880733945,0.9519230769230769,0.0,0.09174311926605505,0,0,0,601,,,,0.0,,0,601,0,0,0.0,,,1.0,,ILLUSTRATIVE - not derived from operator financial data,1659.87,759.87,900.0,54.2,False,True,degenerate,degenerate,1.0,1.0,1.0,0.0,a_as_run_600min
leo_ntn,leo_ground_rain,14,UT00,propagation_fade,True,-155.0,155.0,0.0,8.0,75.0,11,99,True,False,True,False,150.0,155.0,155.0,0.0,6.0,157.0,162.0,,260.0,-155.0,-155.0,2.0,2.0,157.0,0.0,99,11,10,481,0.9,0.908256880733945,0.9041095890410958,0.022357723577235773,0.09174311926605505,0,0,0,601,,,,0.0,,0,601,0,0,0.0,,,1.0,,ILLUSTRATIVE - not derived from operator financial data,1663.87,763.87,900.0,54.1,False,True,degenerate,degenerate,1.0,1.0,1.0,0.0,a_as_run_600min
leo_ntn,leo_ground_rain,15,UT00,propagation_fade,True,-157.0,157.0,0.0,8.0,75.0,3,95,True,False,True,False,150.0,157.0,157.0,0.0,6.0,157.0,162.0,,260.0,-157.0,-157.0,0.0,0.0,157.0,0.0,95,3,14,489,0.9693877551020408,0.8715596330275229,0.9178743961352657,0.006097560975609756,0.12844036697247707,0,0,0,601,,,,0.0,,0,601,0,0,0.0,,,1.0,,ILLUSTRATIVE - not derived from operator financial data,1663.87,763.87,900.0,54.1,False,True,degenerate,degenerate,1.0,1.0,1.0,0.0,a_as_run_600min
leo_ntn,leo_rf_subsystem,1,UT00,rf_subsystem,False,-175.0,252.0,79.0,0.0,0.0,17,0,True,True,False,False,170.0,173.0,175.0,0.0,6.0,,,,,-173.0,-175.0,,,,2.0,104,4,3,490,0.9629629629629629,0.9719626168224299,0.9674418604651163,0.008097165991902834,0.028037383177570093,90,1,17,493,0.989010989010989,0.8411214953271028,0.9090909090909092,0.0020242914979757085,0.1588785046728972,107,494,0,0,0.17803660565723795,1.0,0.3022598870056497,1.0,0.0,ILLUSTRATIVE - not derived from operator financial data,900.0,900.0,0.0,0.0,False,False,degenerate,degenerate,1.0,1.0,1.0,0.0,a_as_run_600min
leo_ntn,leo_rf_subsystem,2,UT00,rf_subsystem,False,-252.0,252.0,119.0,0.0,0.0,29,0,True,True,False,False,170.0,133.0,252.0,0.0,6.0,,,,,-133.0,-252.0,,,,119.0,100,19,7,475,0.8403361344537815,0.9345794392523364,0.8849557522123893,0.038461538461538464,0.06542056074766354,90,0,17,494,1.0,0.8411214953271028,0.9137055837563453,0.0,0.1588785046728972,107,494,0,0,0.17803660565723795,1.0,0.3022598870056497,1.0,0.0,ILLUSTRATIVE - not derived from operator financial data,900.0,900.0,0.0,0.0,False,False,degenerate,degenerate,1.0,1.0,1.0,0.0,a_as_run_600min
leo_ntn,leo_rf_subsystem,3,UT00,rf_subsystem,False,-234.0,234.0,34.0,0.0,0.0,14,0,True,True,False,False,170.0,200.0,234.0,0.0,6.0,,,,,-200.0,-234.0,,,,34.0,100,8,7,486,0.9259259259259259,0.9345794392523364,0.9302325581395349,0.016194331983805668,0.06542056074766354,94,0,13,494,1.0,0.8785046728971962,0.9353233830845772,0.0,0.12149532710280374,107,494,0,0,0.17803660565723795,1.0,0.3022598870056497,1.0,0.0,ILLUSTRATIVE - not derived from operator financial data,900.0,900.0,0.0,0.0,False,False,degenerate,degenerate,1.0,1.0,1.0,0.0,a_as_run_600min
leo_ntn,leo_rf_subsystem,4,UT00,rf_subsystem,False,-216.0,216.0,59.0,0.0,0.0,23,1,True,True,False,False,170.0,157.0,216.0,0.0,6.0,,,,,-157.0,-216.0,,,,59.0,101,21,6,473,0.8278688524590164,0.9439252336448598,0.8820960698689956,0.04251012145748988,0.056074766355140186,98,0,9,494,1.0,0.9158878504672897,0.9560975609756098,0.0,0.08411214953271028,107,494,0,0,0.17803660565723795,1.0,0.3022598870056497,1.0,0.0,ILLUSTRATIVE - not derived from operator financial data,900.0,900.0,0.0,0.0,False,False,degenerate,degenerate,1.0,1.0,1.0,0.0,a_as_run_600min
leo_ntn,leo_rf_subsystem,5,UT00,rf_subsystem,False,-234.0,234.0,51.0,0.0,0.0,7,0,True,True,False,False,170.0,183.0,234.0,0.0,6.0,,,,,-183.0,-234.0,,,,51.0,101,0,6,494,1.0,0.9439252336448598,0.9711538461538461,0.0,0.056074766355140186,94,0,13,494,1.0,0.8785046728971962,0.9353233830845772,0.0,0.12149532710280374,107,494,0,0,0.17803660565723795,1.0,0.3022598870056497,1.0,0.0,ILLUSTRATIVE - not derived from operator financial data,900.0,900.0,0.0,0.0,False,False,degenerate,degenerate,1.0,1.0,1.0,0.0,a_as_run_600min
leo_ntn,leo_rf_subsystem,6,UT00,rf_subsystem,False,-234.0,234.0,16.0,0.0,0.0,2,0,True,True,False,False,170.0,218.0,234.0,0.0,6.0,,,,,-218.0,-234.0,,,,16.0,96,0,11,494,1.0,0.897196261682243,0.9458128078817734,0.0,0.102803738317757,94,0,13,494,1.0,0.8785046728971962,0.9353233830845772,0.0,0.12149532710280374,107,494,0,0,0.17803660565723795,1.0,0.3022598870056497,1.0,0.0,ILLUSTRATIVE - not derived from operator financial data,900.0,900.0,0.0,0.0,False,False,degenerate,degenerate,1.0,1.0,1.0,0.0,a_as_run_600min
leo_ntn,leo_rf_subsystem,7,UT00,rf_subsystem,False,-184.0,217.0,33.0,0.0,0.0,10,1,True,True,False,False,170.0,184.0,184.0,0.0,6.0,,,,,-184.0,-184.0,,,,0.0,103,5,4,489,0.9537037037037037,0.9626168224299065,0.958139534883721,0.010121457489878543,0.037383177570093455,97,0,10,494,1.0,0.9065420560747663,0.9509803921568627,0.0,0.09345794392523364,107,494,0,0,0.17803660565723795,1.0,0.3022598870056497,1.0,0.0,ILLUSTRATIVE - not derived from operator financial data,900.0,900.0,0.0,0.0,False,False,degenerate,degenerate,1.0,1.0,1.0,0.0,a_as_run_600min
leo_ntn,leo_rf_subsystem,8,UT00,rf_subsystem,False,-225.0,234.0,34.0,0.0,0.0,6,0,True,True,False,False,170.0,200.0,234.0,9.0,15.0,,,,,-191.0,-225.0,,,,34.0,100,0,7,494,1.0,0.9345794392523364,0.966183574879227,0.0,0.06542056074766354,94,0,13,494,1.0,0.8785046728971962,0.9353233830845772,0.0,0.12149532710280374,107,485,0,9,0.18074324324324326,1.0,0.30615164520743926,0.9817813765182186,0.0,ILLUSTRATIVE - not derived from operator financial data,900.0,900.0,0.0,0.0,False,False,degenerate,degenerate,1.0,1.0,1.0,0.0,a_as_run_600min
leo_ntn,leo_rf_subsystem,9,UT00,rf_subsystem,False,-219.0,219.0,2.0,0.0,0.0,2,0,True,True,False,False,170.0,217.0,219.0,0.0,6.0,,,,,-217.0,-219.0,,,,2.0,97,0,10,494,1.0,0.9065420560747663,0.9509803921568627,0.0,0.09345794392523364,95,0,12,494,1.0,0.8878504672897196,0.9405940594059405,0.0,0.11214953271028037,107,494,0,0,0.17803660565723795,1.0,0.3022598870056497,1.0,0.0,ILLUSTRATIVE - not derived from operator financial data,900.0,900.0,0.0,0.0,False,False,degenerate,degenerate,1.0,1.0,1.0,0.0,a_as_run_600min
leo_ntn,leo_rf_subsystem,10,UT00,rf_subsystem,False,-200.0,218.0,18.0,0.0,0.0,2,0,True,True,False,False,170.0,200.0,200.0,0.0,6.0,,,,,-200.0,-200.0,,,,0.0,100,0,7,494,1.0,0.9345794392523364,0.966183574879227,0.0,0.06542056074766354,98,0,9,494,1.0,0.9158878504672897,0.9560975609756098,0.0,0.08411214953271028,107,494,0,0,0.17803660565723795,1.0,0.3022598870056497,1.0,0.0,ILLUSTRATIVE - not derived from operator financial data,900.0,900.0,0.0,0.0,False,False,degenerate,degenerate,1.0,1.0,1.0,0.0,a_as_run_600min
leo_ntn,leo_rf_subsystem,11,UT00,rf_subsystem,False,-234.0,234.0,18.0,0.0,0.0,4,0,True,True,False,False,170.0,216.0,234.0,0.0,6.0,,,,,-216.0,-234.0,,,,18.0,98,0,9,494,1.0,0.9158878504672897,0.9560975609756098,0.0,0.08411214953271028,94,0,13,494,1.0,0.8785046728971962,0.9353233830845772,0.0,0.12149532710280374,107,494,0,0,0.17803660565723795,1.0,0.3022598870056497,1.0,0.0,ILLUSTRATIVE - not derived from operator financial data,900.0,900.0,0.0,0.0,False,False,degenerate,degenerate,1.0,1.0,1.0,0.0,a_as_run_600min
leo_ntn,leo_rf_subsystem,12,UT00,rf_subsystem,False,-216.0,216.0,16.0,0.0,0.0,2,0,True,True,False,False,170.0,200.0,216.0,0.0,6.0,,,,,-200.0,-216.0,,,,16.0,100,0,7,494,1.0,0.9345794392523364,0.966183574879227,0.0,0.06542056074766354,98,0,9,494,1.0,0.9158878504672897,0.9560975609756098,0.0,0.08411214953271028,107,494,0,0,0.17803660565723795,1.0,0.3022598870056497,1.0,0.0,ILLUSTRATIVE - not derived from operator financial data,900.0,900.0,0.0,0.0,False,False,degenerate,degenerate,1.0,1.0,1.0,0.0,a_as_run_600min
leo_ntn,leo_rf_subsystem,13,UT00,rf_subsystem,False,-216.0,216.0,16.0,0.0,0.0,2,0,True,True,False,False,170.0,200.0,216.0,0.0,6.0,,,,,-200.0,-216.0,,,,16.0,100,0,7,494,1.0,0.9345794392523364,0.966183574879227,0.0,0.06542056074766354,98,0,9,494,1.0,0.9158878504672897,0.9560975609756098,0.0,0.08411214953271028,107,494,0,0,0.17803660565723795,1.0,0.3022598870056497,1.0,0.0,ILLUSTRATIVE - not derived from operator financial data,900.0,900.0,0.0,0.0,False,False,degenerate,degenerate,1.0,1.0,1.0,0.0,a_as_run_600min
leo_ntn,leo_rf_subsystem,14,UT00,rf_subsystem,False,-253.0,253.0,78.0,0.0,0.0,19,0,True,True,False,False,170.0,175.0,253.0,0.0,6.0,,,,,-175.0,-253.0,,,,78.0,96,12,11,482,0.8888888888888888,0.897196261682243,0.8930232558139535,0.024291497975708502,0.102803738317757,89,0,18,494,1.0,0.8317757009345794,0.9081632653061225,0.0,0.16822429906542055,107,494,0,0,0.17803660565723795,1.0,0.3022598870056497,1.0,0.0,ILLUSTRATIVE - not derived from operator financial data,900.0,900.0,0.0,0.0,False,False,degenerate,degenerate,1.0,1.0,1.0,0.0,a_as_run_600min
leo_ntn,leo_rf_subsystem,15,UT00,rf_subsystem,False,-252.0,252.0,34.0,0.0,0.0,9,0,True,True,False,False,170.0,218.0,252.0,0.0,6.0,,,,,-218.0,-252.0,,,,34.0,96,3,11,491,0.9696969696969697,0.897196261682243,0.9320388349514562,0.006072874493927126,0.102803738317757,90,0,17,494,1.0,0.8411214953271028,0.9137055837563453,0.0,0.1588785046728972,107,494,0,0,0.17803660565723795,1.0,0.3022598870056497,1.0,0.0,ILLUSTRATIVE - not derived from operator financial data,900.0,900.0,0.0,0.0,False,False,degenerate,degenerate,1.0,1.0,1.0,0.0,a_as_run_600min
leo_ntn,leo_pointing,1,UT00,pointing_attitude,False,-175.0,218.0,45.0,0.0,0.0,3,0,True,True,False,False,175.0,173.0,175.0,0.0,6.0,,,,,-173.0,-175.0,,,,2.0,96,4,11,490,0.96,0.897196261682243,0.927536231884058,0.008097165991902834,0.102803738317757,96,1,11,493,0.9896907216494846,0.897196261682243,0.9411764705882352,0.0020242914979757085,0.102803738317757,107,494,0,0,0.17803660565723795,1.0,0.3022598870056497,1.0,0.0,ILLUSTRATIVE - not derived from operator financial data,900.0,900.0,0.0,0.0,False,False,degenerate,degenerate,1.0,1.0,1.0,0.0,a_as_run_600min
leo_ntn,leo_pointing,2,UT00,pointing_attitude,False,-200.0,200.0,67.0,0.0,0.0,19,0,True,True,False,False,175.0,133.0,200.0,0.0,6.0,,,,,-133.0,-200.0,,,,67.0,100,19,7,475,0.8403361344537815,0.9345794392523364,0.8849557522123893,0.038461538461538464,0.06542056074766354,100,0,7,494,1.0,0.9345794392523364,0.966183574879227,0.0,0.06542056074766354,107,494,0,0,0.17803660565723795,1.0,0.3022598870056497,1.0,0.0,ILLUSTRATIVE - not derived from operator financial data,900.0,900.0,0.0,0.0,False,False,degenerate,degenerate,1.0,1.0,1.0,0.0,a_as_run_600min
leo_ntn,leo_pointing,3,UT00,pointing_attitude,False,-216.0,216.0,16.0,0.0,0.0,10,0,True,True,False,False,175.0,200.0,216.0,0.0,6.0,,,,,-200.0,-216.0,,,,16.0,100,8,7,486,0.9259259259259259,0.9345794392523364,0.9302325581395349,0.016194331983805668,0.06542056074766354,98,0,9,494,1.0,0.9158878504672897,0.9560975609756098,0.0,0.08411214953271028,107,494,0,0,0.17803660565723795,1.0,0.3022598870056497,1.0,0.0,ILLUSTRATIVE - not derived from operator financial data,900.0,900.0,0.0,0.0,False,False,degenerate,degenerate,1.0,1.0,1.0,0.0,a_as_run_600min
leo_ntn,leo_pointing,4,UT00,pointing_attitude,False,-199.0,199.0,42.0,0.0,0.0,20,1,True,True,False,False,175.0,157.0,199.0,0.0,6.0,,,,,-157.0,-199.0,,,,42.0,101,21,6,473,0.8278688524590164,0.9439252336448598,0.8820960698689956,0.04251012145748988,0.056074766355140186,101,0,6,494,1.0,0.9439252336448598,0.9711538461538461,0.0,0.056074766355140186,107,494,0,0,0.17803660565723795,1.0,0.3022598870056497,1.0,0.0,ILLUSTRATIVE - not derived from operator financial data,900.0,900.0,0.0,0.0,False,False,degenerate,degenerate,1.0,1.0,1.0,0.0,a_as_run_600min
leo_ntn,leo_pointing,5,UT00,pointing_attitude,False,-217.0,217.0,0.0,0.0,0.0,0,0,True,True,False,False,175.0,217.0,217.0,0.0,6.0,,,,,-217.0,-217.0,,,,0.0,97,0,10,494,1.0,0.9065420560747663,0.9509803921568627,0.0,0.09345794392523364,97,0,10,494,1.0,0.9065420560747663,0.9509803921568627,0.0,0.09345794392523364,107,494,0,0,0.17803660565723795,1.0,0.3022598870056497,1.0,0.0,ILLUSTRATIVE - not derived from operator financial data,900.0,900.0,0.0,0.0,False,False,degenerate,degenerate,1.0,1.0,1.0,0.0,a_as_run_600min
leo_ntn,leo_pointing,6,UT00,pointing_attitude,False,-217.0,217.0,0.0,0.0,0.0,0,0,True,True,False,False,175.0,217.0,217.0,0.0,6.0,,,,,-217.0,-217.0,,,,0.0,97,0,10,494,1.0,0.9065420560747663,0.9509803921568627,0.0,0.09345794392523364,97,0,10,494,1.0,0.9065420560747663,0.9509803921568627,0.0,0.09345794392523364,107,494,0,0,0.17803660565723795,1.0,0.3022598870056497,1.0,0.0,ILLUSTRATIVE - not derived from operator financial data,900.0,900.0,0.0,0.0,False,False,degenerate,degenerate,1.0,1.0,1.0,0.0,a_as_run_600min
leo_ntn,leo_pointing,7,UT00,pointing_attitude,False,-217.0,217.0,0.0,0.0,0.0,5,0,True,True,False,False,175.0,217.0,217.0,0.0,6.0,,,,,-217.0,-217.0,,,,0.0,97,5,10,489,0.9509803921568627,0.9065420560747663,0.9282296650717703,0.010121457489878543,0.09345794392523364,97,0,10,494,1.0,0.9065420560747663,0.9509803921568627,0.0,0.09345794392523364,107,494,0,0,0.17803660565723795,1.0,0.3022598870056497,1.0,0.0,ILLUSTRATIVE - not derived from operator financial data,900.0,900.0,0.0,0.0,False,False,degenerate,degenerate,1.0,1.0,1.0,0.0,a_as_run_600min
leo_ntn,leo_pointing,8,UT00,pointing_attitude,False,-191.0,200.0,0.0,0.0,0.0,0,0,True,True,False,False,175.0,200.0,200.0,9.0,15.0,,,,,-191.0,-191.0,,,,0.0,100,0,7,494,1.0,0.9345794392523364,0.966183574879227,0.0,0.06542056074766354,100,0,7,494,1.0,0.9345794392523364,0.966183574879227,0.0,0.06542056074766354,107,485,0,9,0.18074324324324326,1.0,0.30615164520743926,0.9817813765182186,0.0,ILLUSTRATIVE - not derived from operator financial data,900.0,900.0,0.0,0.0,False,False,degenerate,degenerate,1.0,1.0,1.0,0.0,a_as_run_600min
leo_ntn,leo_pointing,9,UT00,pointing_attitude,False,-218.0,218.0,0.0,0.0,0.0,0,0,True,True,False,False,175.0,218.0,218.0,0.0,6.0,,,,,-218.0,-218.0,,,,0.0,96,0,11,494,1.0,0.897196261682243,0.9458128078817734,0.0,0.102803738317757,96,0,11,494,1.0,0.897196261682243,0.9458128078817734,0.0,0.102803738317757,107,494,0,0,0.17803660565723795,1.0,0.3022598870056497,1.0,0.0,ILLUSTRATIVE - not derived from operator financial data,900.0,900.0,0.0,0.0,False,False,degenerate,degenerate,1.0,1.0,1.0,0.0,a_as_run_600min
leo_ntn,leo_pointing,10,UT00,pointing_attitude,False,-218.0,218.0,0.0,0.0,0.0,0,0,True,True,False,False,175.0,218.0,218.0,0.0,6.0,,,,,-218.0,-218.0,,,,0.0,96,0,11,494,1.0,0.897196261682243,0.9458128078817734,0.0,0.102803738317757,96,0,11,494,1.0,0.897196261682243,0.9458128078817734,0.0,0.102803738317757,107,494,0,0,0.17803660565723795,1.0,0.3022598870056497,1.0,0.0,ILLUSTRATIVE - not derived from operator financial data,900.0,900.0,0.0,0.0,False,False,degenerate,degenerate,1.0,1.0,1.0,0.0,a_as_run_600min
leo_ntn,leo_pointing,11,UT00,pointing_attitude,False,-218.0,218.0,0.0,0.0,0.0,0,0,True,True,False,False,175.0,218.0,218.0,0.0,6.0,,,,,-218.0,-218.0,,,,0.0,96,0,11,494,1.0,0.897196261682243,0.9458128078817734,0.0,0.102803738317757,96,0,11,494,1.0,0.897196261682243,0.9458128078817734,0.0,0.102803738317757,107,494,0,0,0.17803660565723795,1.0,0.3022598870056497,1.0,0.0,ILLUSTRATIVE - not derived from operator financial data,900.0,900.0,0.0,0.0,False,False,degenerate,degenerate,1.0,1.0,1.0,0.0,a_as_run_600min
leo_ntn,leo_pointing,12,UT00,pointing_attitude,False,-218.0,218.0,0.0,0.0,0.0,0,0,True,True,False,False,175.0,218.0,218.0,0.0,6.0,,,,,-218.0,-218.0,,,,0.0,96,0,11,494,1.0,0.897196261682243,0.9458128078817734,0.0,0.102803738317757,96,0,11,494,1.0,0.897196261682243,0.9458128078817734,0.0,0.102803738317757,107,494,0,0,0.17803660565723795,1.0,0.3022598870056497,1.0,0.0,ILLUSTRATIVE - not derived from operator financial data,900.0,900.0,0.0,0.0,False,False,degenerate,degenerate,1.0,1.0,1.0,0.0,a_as_run_600min
leo_ntn,leo_pointing,13,UT00,pointing_attitude,False,-217.0,217.0,0.0,0.0,0.0,0,0,True,True,False,False,175.0,217.0,217.0,0.0,6.0,,,,,-217.0,-217.0,,,,0.0,97,0,10,494,1.0,0.9065420560747663,0.9509803921568627,0.0,0.09345794392523364,97,0,10,494,1.0,0.9065420560747663,0.9509803921568627,0.0,0.09345794392523364,107,494,0,0,0.17803660565723795,1.0,0.3022598870056497,1.0,0.0,ILLUSTRATIVE - not derived from operator financial data,900.0,900.0,0.0,0.0,False,False,degenerate,degenerate,1.0,1.0,1.0,0.0,a_as_run_600min
leo_ntn,leo_pointing,14,UT00,pointing_attitude,False,-218.0,218.0,43.0,0.0,0.0,12,0,True,True,False,False,175.0,175.0,218.0,0.0,6.0,,,,,-175.0,-218.0,,,,43.0,96,12,11,482,0.8888888888888888,0.897196261682243,0.8930232558139535,0.024291497975708502,0.102803738317757,96,0,11,494,1.0,0.897196261682243,0.9458128078817734,0.0,0.102803738317757,107,494,0,0,0.17803660565723795,1.0,0.3022598870056497,1.0,0.0,ILLUSTRATIVE - not derived from operator financial data,900.0,900.0,0.0,0.0,False,False,degenerate,degenerate,1.0,1.0,1.0,0.0,a_as_run_600min
leo_ntn,leo_pointing,15,UT00,pointing_attitude,False,-218.0,218.0,0.0,0.0,0.0,3,0,True,True,False,False,175.0,218.0,218.0,0.0,6.0,,,,,-218.0,-218.0,,,,0.0,96,3,11,491,0.9696969696969697,0.897196261682243,0.9320388349514562,0.006072874493927126,0.102803738317757,96,0,11,494,1.0,0.897196261682243,0.9458128078817734,0.0,0.102803738317757,107,494,0,0,0.17803660565723795,1.0,0.3022598870056497,1.0,0.0,ILLUSTRATIVE - not derived from operator financial data,900.0,900.0,0.0,0.0,False,False,degenerate,degenerate,1.0,1.0,1.0,0.0,a_as_run_600min
leo_ntn,leo_gateway_side,1,UT00,gateway_side,False,-175.0,189.0,16.0,0.0,0.0,9,0,True,True,False,False,180.0,173.0,175.0,0.0,6.0,,,,,-173.0,-175.0,,,,2.0,413,3,7,178,0.9927884615384616,0.9833333333333333,0.9880382775119617,0.016574585635359115,0.016666666666666666,406,1,14,180,0.9975429975429976,0.9666666666666667,0.9818621523579203,0.0055248618784530384,0.03333333333333333,420,181,0,0,0.6988352745424293,1.0,0.822722820763957,1.0,0.0,ILLUSTRATIVE - not derived from operator financial data,900.0,900.0,0.0,0.0,False,False,degenerate,degenerate,1.0,1.0,1.0,0.0,a_as_run_600min
leo_ntn,leo_gateway_side,2,UT00,gateway_side,False,-187.0,187.0,54.0,3.0,0.0,6,0,True,True,False,False,180.0,133.0,187.0,0.0,6.0,440.0,,,,-133.0,-187.0,307.0,253.0,440.0,54.0,407,3,13,178,0.9926829268292683,0.969047619047619,0.9807228915662649,0.016574585635359115,0.030952380952380953,404,0,16,181,1.0,0.9619047619047619,0.9805825242718447,0.0,0.0380952380952381,420,181,0,0,0.6988352745424293,1.0,0.822722820763957,1.0,0.0,ILLUSTRATIVE - not derived from operator financial data,920.2,920.2,0.0,0.0,False,False,degenerate,degenerate,1.0,1.0,1.0,0.0,a_as_run_600min
leo_ntn,leo_gateway_side,3,UT00,gateway_side,False,-195.0,195.0,0.0,0.0,0.0,0,0,True,True,False,False,180.0,195.0,195.0,0.0,6.0,,,,,-195.0,-195.0,,,,0.0,400,0,20,181,1.0,0.9523809523809523,0.975609756097561,0.0,0.047619047619047616,400,0,20,181,1.0,0.9523809523809523,0.975609756097561,0.0,0.047619047619047616,420,181,0,0,0.6988352745424293,1.0,0.822722820763957,1.0,0.0,ILLUSTRATIVE - not derived from operator financial data,900.0,900.0,0.0,0.0,False,False,degenerate,degenerate,1.0,1.0,1.0,0.0,a_as_run_600min
leo_ntn,leo_gateway_side,4,UT00,gateway_side,False,-191.0,191.0,34.0,0.0,0.0,17,0,True,True,False,False,180.0,157.0,191.0,0.0,6.0,,,,,-157.0,-191.0,,,,34.0,414,8,6,173,0.981042654028436,0.9857142857142858,0.983372921615202,0.04419889502762431,0.014285714285714285,405,0,15,181,1.0,0.9642857142857143,0.9818181818181818,0.0,0.03571428571428571,420,181,0,0,0.6988352745424293,1.0,0.822722820763957,1.0,0.0,ILLUSTRATIVE - not derived from operator financial data,900.0,900.0,0.0,0.0,False,False,degenerate,degenerate,1.0,1.0,1.0,0.0,a_as_run_600min
leo_ntn,leo_gateway_side,5,UT00,gateway_side,False,-197.0,197.0,10.0,0.0,0.0,2,0,True,True,False,False,180.0,187.0,197.0,0.0,6.0,,,,,-187.0,-197.0,,,,10.0,404,0,16,181,1.0,0.9619047619047619,0.9805825242718447,0.0,0.0380952380952381,402,0,18,181,1.0,0.9571428571428572,0.9781021897810218,0.0,0.04285714285714286,420,181,0,0,0.6988352745424293,1.0,0.822722820763957,1.0,0.0,ILLUSTRATIVE - not derived from operator financial data,900.0,900.0,0.0,0.0,False,False,degenerate,degenerate,1.0,1.0,1.0,0.0,a_as_run_600min
leo_ntn,leo_gateway_side,6,UT00,gateway_side,False,-195.0,195.0,0.0,1.0,0.0,2,0,True,True,False,False,180.0,195.0,195.0,0.0,6.0,489.0,,,,-195.0,-195.0,294.0,294.0,489.0,0.0,403,0,17,181,1.0,0.9595238095238096,0.9793438639125152,0.0,0.04047619047619048,401,0,19,181,1.0,0.9547619047619048,0.976857490864799,0.0,0.04523809523809524,420,181,0,0,0.6988352745424293,1.0,0.822722820763957,1.0,0.0,ILLUSTRATIVE - not derived from operator financial data,906.73,906.73,0.0,0.0,False,False,degenerate,degenerate,1.0,1.0,1.0,0.0,a_as_run_600min
leo_ntn,leo_gateway_side,7,UT00,gateway_side,False,-195.0,195.0,0.0,0.0,0.0,1,0,True,True,False,False,180.0,195.0,195.0,0.0,6.0,,,,,-195.0,-195.0,,,,0.0,402,0,18,181,1.0,0.9571428571428572,0.9781021897810218,0.0,0.04285714285714286,401,0,19,181,1.0,0.9547619047619048,0.976857490864799,0.0,0.04523809523809524,420,181,0,0,0.6988352745424293,1.0,0.822722820763957,1.0,0.0,ILLUSTRATIVE - not derived from operator financial data,900.0,900.0,0.0,0.0,False,False,degenerate,degenerate,1.0,1.0,1.0,0.0,a_as_run_600min
leo_ntn,leo_gateway_side,8,UT00,gateway_side,False,-186.0,195.0,0.0,1.0,0.0,2,0,True,True,False,False,180.0,195.0,195.0,9.0,15.0,534.0,,,,-186.0,-186.0,339.0,339.0,525.0,0.0,401,0,19,181,1.0,0.9547619047619048,0.976857490864799,0.0,0.04523809523809524,399,0,21,181,1.0,0.95,0.9743589743589743,0.0,0.05,420,172,0,9,0.7094594594594594,1.0,0.8300395256916996,0.9502762430939227,0.0,ILLUSTRATIVE - not derived from operator financial data,906.73,906.73,0.0,0.0,False,False,degenerate,degenerate,1.0,1.0,1.0,0.0,a_as_run_600min
leo_ntn,leo_gateway_side,9,UT00,gateway_side,False,-196.0,196.0,1.0,0.0,0.0,1,0,True,True,False,False,180.0,195.0,196.0,0.0,6.0,,,,,-195.0,-196.0,,,,1.0,402,0,18,181,1.0,0.9571428571428572,0.9781021897810218,0.0,0.04285714285714286,401,0,19,181,1.0,0.9547619047619048,0.976857490864799,0.0,0.04523809523809524,420,181,0,0,0.6988352745424293,1.0,0.822722820763957,1.0,0.0,ILLUSTRATIVE - not derived from operator financial data,900.0,900.0,0.0,0.0,False,False,degenerate,degenerate,1.0,1.0,1.0,0.0,a_as_run_600min
leo_ntn,leo_gateway_side,10,UT00,gateway_side,False,-196.0,196.0,0.0,0.0,0.0,2,0,True,True,False,False,180.0,196.0,196.0,0.0,6.0,,,,,-196.0,-196.0,,,,0.0,399,0,21,181,1.0,0.95,0.9743589743589743,0.0,0.05,397,0,23,181,1.0,0.9452380952380952,0.9718482252141982,0.0,0.05476190476190476,420,181,0,0,0.6988352745424293,1.0,0.822722820763957,1.0,0.0,ILLUSTRATIVE - not derived from operator financial data,900.0,900.0,0.0,0.0,False,False,degenerate,degenerate,1.0,1.0,1.0,0.0,a_as_run_600min
leo_ntn,leo_gateway_side,11,UT00,gateway_side,False,-196.0,196.0,4.0,0.0,0.0,1,0,True,True,False,False,180.0,192.0,196.0,0.0,6.0,,,,,-192.0,-196.0,,,,4.0,402,0,18,181,1.0,0.9571428571428572,0.9781021897810218,0.0,0.04285714285714286,401,0,19,181,1.0,0.9547619047619048,0.976857490864799,0.0,0.04523809523809524,420,181,0,0,0.6988352745424293,1.0,0.822722820763957,1.0,0.0,ILLUSTRATIVE - not derived from operator financial data,900.0,900.0,0.0,0.0,False,False,degenerate,degenerate,1.0,1.0,1.0,0.0,a_as_run_600min
leo_ntn,leo_gateway_side,12,UT00,gateway_side,False,-191.0,191.0,4.0,0.0,0.0,3,0,True,True,False,False,180.0,187.0,191.0,0.0,6.0,,,,,-187.0,-191.0,,,,4.0,405,0,15,181,1.0,0.9642857142857143,0.9818181818181818,0.0,0.03571428571428571,402,0,18,181,1.0,0.9571428571428572,0.9781021897810218,0.0,0.04285714285714286,420,181,0,0,0.6988352745424293,1.0,0.822722820763957,1.0,0.0,ILLUSTRATIVE - not derived from operator financial data,900.0,900.0,0.0,0.0,False,False,degenerate,degenerate,1.0,1.0,1.0,0.0,a_as_run_600min
leo_ntn,leo_gateway_side,13,UT00,gateway_side,False,-200.0,200.0,0.0,1.0,0.0,0,0,True,True,False,False,180.0,200.0,200.0,0.0,6.0,386.0,,,,-200.0,-200.0,186.0,186.0,386.0,0.0,398,0,22,181,1.0,0.9476190476190476,0.9731051344743276,0.0,0.05238095238095238,398,0,22,181,1.0,0.9476190476190476,0.9731051344743276,0.0,0.05238095238095238,420,181,0,0,0.6988352745424293,1.0,0.822722820763957,1.0,0.0,ILLUSTRATIVE - not derived from operator financial data,906.73,906.73,0.0,0.0,False,False,degenerate,degenerate,1.0,1.0,1.0,0.0,a_as_run_600min
leo_ntn,leo_gateway_side,14,UT00,gateway_side,False,-189.0,189.0,14.0,2.0,0.0,2,0,True,True,False,False,180.0,175.0,189.0,0.0,6.0,458.0,,,,-175.0,-189.0,283.0,269.0,458.0,14.0,409,1,11,180,0.9975609756097561,0.9738095238095238,0.9855421686746987,0.0055248618784530384,0.02619047619047619,408,0,12,181,1.0,0.9714285714285714,0.9855072463768115,0.0,0.02857142857142857,420,181,0,0,0.6988352745424293,1.0,0.822722820763957,1.0,0.0,ILLUSTRATIVE - not derived from operator financial data,913.47,913.47,0.0,0.0,False,False,degenerate,degenerate,1.0,1.0,1.0,0.0,a_as_run_600min
leo_ntn,leo_gateway_side,15,UT00,gateway_side,False,-191.0,191.0,0.0,1.0,0.0,0,0,True,True,False,False,180.0,191.0,191.0,0.0,6.0,220.0,,,,-191.0,-191.0,29.0,29.0,220.0,0.0,406,0,14,181,1.0,0.9666666666666667,0.983050847457627,0.0,0.03333333333333333,406,0,14,181,1.0,0.9666666666666667,0.983050847457627,0.0,0.03333333333333333,420,181,0,0,0.6988352745424293,1.0,0.822722820763957,1.0,0.0,ILLUSTRATIVE - not derived from operator financial data,906.73,906.73,0.0,0.0,False,False,degenerate,degenerate,1.0,1.0,1.0,0.0,a_as_run_600min
leo_ntn,leo_hidden_in_rain,1,UT00,rf_subsystem,False,-157.0,157.0,0.0,7.0,76.0,1,93,True,True,False,False,175.0,157.0,157.0,0.0,6.0,161.0,162.0,,,-157.0,-157.0,4.0,4.0,161.0,0.0,180,0,15,406,1.0,0.9230769230769231,0.9600000000000001,0.0,0.07692307692307693,86,0,21,494,1.0,0.8037383177570093,0.8911917098445596,0.0,0.19626168224299065,107,494,0,0,0.17803660565723795,1.0,0.3022598870056497,1.0,0.0,ILLUSTRATIVE - not derived from operator financial data,1666.6,1666.6,0.0,0.0,False,False,degenerate,degenerate,1.0,1.0,1.0,0.0,a_as_run_600min
leo_ntn,leo_hidden_in_rain,2,UT00,rf_subsystem,False,-154.0,154.0,21.0,4.0,80.0,13,102,True,True,False,False,175.0,133.0,154.0,0.0,6.0,157.0,161.0,,,-133.0,-154.0,24.0,3.0,157.0,21.0,188,12,7,394,0.94,0.9641025641025641,0.9518987341772152,0.029556650246305417,0.035897435897435895,85,0,22,494,1.0,0.794392523364486,0.8854166666666666,0.0,0.205607476635514,107,494,0,0,0.17803660565723795,1.0,0.3022598870056497,1.0,0.0,ILLUSTRATIVE - not derived from operator financial data,1684.27,1684.27,0.0,0.0,False,False,degenerate,degenerate,1.0,1.0,1.0,0.0,a_as_run_600min
leo_ntn,leo_hidden_in_rain,3,UT00,rf_subsystem,False,-159.0,159.0,0.0,6.0,78.0,8,95,True,True,False,False,175.0,159.0,159.0,0.0,6.0,161.0,162.0,,,-159.0,-159.0,2.0,2.0,161.0,0.0,181,7,14,399,0.9627659574468085,0.9282051282051282,0.9451697127937337,0.017241379310344827,0.07179487179487179,85,0,22,494,1.0,0.794392523364486,0.8854166666666666,0.0,0.205607476635514,107,494,0,0,0.17803660565723795,1.0,0.3022598870056497,1.0,0.0,ILLUSTRATIVE - not derived from operator financial data,1678.8,1678.8,0.0,0.0,False,False,degenerate,degenerate,1.0,1.0,1.0,0.0,a_as_run_600min
leo_ntn,leo_hidden_in_rain,4,UT00,rf_subsystem,False,-154.0,154.0,0.0,3.0,81.0,11,100,True,True,False,False,175.0,154.0,154.0,0.0,6.0,157.0,157.0,,,-154.0,-154.0,3.0,3.0,157.0,0.0,185,12,10,394,0.9390862944162437,0.9487179487179487,0.9438775510204082,0.029556650246305417,0.05128205128205128,86,0,21,494,1.0,0.8037383177570093,0.8911917098445596,0.0,0.19626168224299065,107,494,0,0,0.17803660565723795,1.0,0.3022598870056497,1.0,0.0,ILLUSTRATIVE - not derived from operator financial data,1687.0,1687.0,0.0,0.0,False,False,degenerate,degenerate,1.0,1.0,1.0,0.0,a_as_run_600min
leo_ntn,leo_hidden_in_rain,5,UT00,rf_subsystem,False,-160.0,160.0,0.0,8.0,75.0,0,94,True,True,False,False,175.0,160.0,160.0,0.0,6.0,161.0,162.0,,,-160.0,-160.0,1.0,1.0,161.0,0.0,180,0,15,406,1.0,0.9230769230769231,0.9600000000000001,0.0,0.07692307692307693,86,0,21,494,1.0,0.8037383177570093,0.8911917098445596,0.0,0.19626168224299065,107,494,0,0,0.17803660565723795,1.0,0.3022598870056497,1.0,0.0,ILLUSTRATIVE - not derived from operator financial data,1663.87,1663.87,0.0,0.0,False,False,degenerate,degenerate,1.0,1.0,1.0,0.0,a_as_run_600min
leo_ntn,leo_hidden_in_rain,6,UT00,rf_subsystem,False,-155.0,155.0,0.0,6.0,78.0,1,97,True,True,False,False,175.0,155.0,155.0,0.0,6.0,157.0,161.0,,,-155.0,-155.0,2.0,2.0,157.0,0.0,184,0,11,406,1.0,0.9435897435897436,0.9709762532981531,0.0,0.05641025641025641,86,0,21,494,1.0,0.8037383177570093,0.8911917098445596,0.0,0.19626168224299065,107,494,0,0,0.17803660565723795,1.0,0.3022598870056497,1.0,0.0,ILLUSTRATIVE - not derived from operator financial data,1678.8,1678.8,0.0,0.0,False,False,degenerate,degenerate,1.0,1.0,1.0,0.0,a_as_run_600min
leo_ntn,leo_hidden_in_rain,7,UT00,rf_subsystem,False,-155.0,155.0,0.0,9.0,75.0,5,99,True,True,False,False,175.0,155.0,155.0,0.0,6.0,157.0,162.0,,,-155.0,-155.0,2.0,2.0,157.0,0.0,185,5,10,401,0.9736842105263158,0.9487179487179487,0.9610389610389611,0.012315270935960592,0.05128205128205128,86,0,21,494,1.0,0.8037383177570093,0.8911917098445596,0.0,0.19626168224299065,107,494,0,0,0.17803660565723795,1.0,0.3022598870056497,1.0,0.0,ILLUSTRATIVE - not derived from operator financial data,1670.6,1670.6,0.0,0.0,False,False,degenerate,degenerate,1.0,1.0,1.0,0.0,a_as_run_600min
leo_ntn,leo_hidden_in_rain,8,UT00,rf_subsystem,False,-146.0,155.0,0.0,9.0,74.0,0,97,True,True,False,False,175.0,155.0,155.0,9.0,15.0,157.0,162.0,,,-146.0,-146.0,2.0,2.0,148.0,0.0,183,0,12,406,1.0,0.9384615384615385,0.9682539682539683,0.0,0.06153846153846154,86,0,21,494,1.0,0.8037383177570093,0.8911917098445596,0.0,0.19626168224299065,107,485,0,9,0.18074324324324326,1.0,0.30615164520743926,0.9817813765182186,0.0,ILLUSTRATIVE - not derived from operator financial data,1661.13,1661.13,0.0,0.0,False,False,degenerate,degenerate,1.0,1.0,1.0,0.0,a_as_run_600min
leo_ntn,leo_hidden_in_rain,9,UT00,rf_subsystem,False,-156.0,156.0,0.0,7.0,77.0,0,95,True,True,False,False,175.0,156.0,156.0,0.0,6.0,157.0,162.0,,,-156.0,-156.0,1.0,1.0,157.0,0.0,181,0,14,406,1.0,0.9282051282051282,0.9627659574468085,0.0,0.07179487179487179,86,0,21,494,1.0,0.8037383177570093,0.8911917098445596,0.0,0.19626168224299065,107,494,0,0,0.17803660565723795,1.0,0.3022598870056497,1.0,0.0,ILLUSTRATIVE - not derived from operator financial data,1676.07,1676.07,0.0,0.0,False,False,degenerate,degenerate,1.0,1.0,1.0,0.0,a_as_run_600min
leo_ntn,leo_hidden_in_rain,10,UT00,rf_subsystem,False,-155.0,155.0,0.0,8.0,76.0,1,98,True,True,False,False,175.0,155.0,155.0,0.0,6.0,157.0,162.0,,,-155.0,-155.0,2.0,2.0,157.0,0.0,185,0,10,406,1.0,0.9487179487179487,0.9736842105263158,0.0,0.05128205128205128,86,0,21,494,1.0,0.8037383177570093,0.8911917098445596,0.0,0.19626168224299065,107,494,0,0,0.17803660565723795,1.0,0.3022598870056497,1.0,0.0,ILLUSTRATIVE - not derived from operator financial data,1673.33,1673.33,0.0,0.0,False,False,degenerate,degenerate,1.0,1.0,1.0,0.0,a_as_run_600min
leo_ntn,leo_hidden_in_rain,11,UT00,rf_subsystem,False,-155.0,155.0,0.0,8.0,76.0,0,97,True,True,False,False,175.0,155.0,155.0,0.0,6.0,157.0,162.0,,,-155.0,-155.0,2.0,2.0,157.0,0.0,183,0,12,406,1.0,0.9384615384615385,0.9682539682539683,0.0,0.06153846153846154,86,0,21,494,1.0,0.8037383177570093,0.8911917098445596,0.0,0.19626168224299065,107,494,0,0,0.17803660565723795,1.0,0.3022598870056497,1.0,0.0,ILLUSTRATIVE - not derived from operator financial data,1673.33,1673.33,0.0,0.0,False,False,degenerate,degenerate,1.0,1.0,1.0,0.0,a_as_run_600min
leo_ntn,leo_hidden_in_rain,12,UT00,rf_subsystem,False,-155.0,155.0,0.0,7.0,77.0,2,99,True,True,False,False,175.0,155.0,155.0,0.0,6.0,157.0,162.0,,,-155.0,-155.0,2.0,2.0,157.0,0.0,185,1,10,405,0.9946236559139785,0.9487179487179487,0.9711286089238845,0.0024630541871921183,0.05128205128205128,85,0,22,494,1.0,0.794392523364486,0.8854166666666666,0.0,0.205607476635514,107,494,0,0,0.17803660565723795,1.0,0.3022598870056497,1.0,0.0,ILLUSTRATIVE - not derived from operator financial data,1676.07,1676.07,0.0,0.0,False,False,degenerate,degenerate,1.0,1.0,1.0,0.0,a_as_run_600min
leo_ntn,leo_hidden_in_rain,13,UT00,rf_subsystem,False,-155.0,155.0,0.0,6.0,77.0,2,97,True,True,False,False,175.0,155.0,155.0,0.0,6.0,161.0,162.0,,,-155.0,-155.0,6.0,6.0,161.0,0.0,185,0,10,406,1.0,0.9487179487179487,0.9736842105263158,0.0,0.05128205128205128,86,0,21,494,1.0,0.8037383177570093,0.8911917098445596,0.0,0.19626168224299065,107,494,0,0,0.17803660565723795,1.0,0.3022598870056497,1.0,0.0,ILLUSTRATIVE - not derived from operator financial data,1669.33,1669.33,0.0,0.0,False,False,degenerate,degenerate,1.0,1.0,1.0,0.0,a_as_run_600min
leo_ntn,leo_hidden_in_rain,14,UT00,rf_subsystem,False,-155.0,155.0,0.0,8.0,76.0,11,99,True,True,False,False,175.0,155.0,155.0,0.0,6.0,157.0,162.0,,,-155.0,-155.0,2.0,2.0,157.0,0.0,185,11,10,395,0.9438775510204082,0.9487179487179487,0.9462915601023018,0.027093596059113302,0.05128205128205128,86,0,21,494,1.0,0.8037383177570093,0.8911917098445596,0.0,0.19626168224299065,107,494,0,0,0.17803660565723795,1.0,0.3022598870056497,1.0,0.0,ILLUSTRATIVE - not derived from operator financial data,1673.33,1673.33,0.0,0.0,False,False,degenerate,degenerate,1.0,1.0,1.0,0.0,a_as_run_600min
leo_ntn,leo_hidden_in_rain,15,UT00,rf_subsystem,False,-157.0,157.0,0.0,9.0,75.0,4,95,True,True,False,False,175.0,157.0,157.0,0.0,6.0,157.0,162.0,,,-157.0,-157.0,0.0,0.0,157.0,0.0,181,3,14,403,0.9836956521739131,0.9282051282051282,0.9551451187335093,0.007389162561576354,0.07179487179487179,85,0,22,494,1.0,0.794392523364486,0.8854166666666666,0.0,0.205607476635514,107,494,0,0,0.17803660565723795,1.0,0.3022598870056497,1.0,0.0,ILLUSTRATIVE - not derived from operator financial data,1670.6,1670.6,0.0,0.0,False,False,degenerate,degenerate,1.0,1.0,1.0,0.0,a_as_run_600min
microwave,mw_rain_cell,1,POP~R_D00_1,rain_fade,True,7.0,175.0,0.0,0.0,0.0,0,26,True,False,True,False,150.0,175.0,175.0,182.0,188.0,,,,260.0,7.0,7.0,,,,0.0,26,0,25,550,1.0,0.5098039215686274,0.6753246753246753,0.0,0.49019607843137253,0,0,0,601,,,,0.0,,0,419,0,182,0.0,,,0.697171381031614,,ILLUSTRATIVE - not derived from operator financial data,900.0,0.0,900.0,100.0,False,True,degenerate,degenerate,1.0,1.0,1.0,0.0,b_warmup_excluded
microwave,mw_rain_cell,2,POP~R_D00_1,rain_fade,True,3.0,178.0,0.0,0.0,0.0,0,23,True,False,True,False,150.0,178.0,178.0,181.0,187.0,,,,260.0,3.0,3.0,,,,0.0,23,0,28,550,1.0,0.45098039215686275,0.6216216216216216,0.0,0.5490196078431373,0,0,0,601,,,,0.0,,0,420,0,181,0.0,,,0.6988352745424293,,ILLUSTRATIVE - not derived from operator financial data,900.0,0.0,900.0,100.0,False,True,degenerate,degenerate,1.0,1.0,1.0,0.0,b_warmup_excluded
microwave,mw_rain_cell,3,POP~R_D00_1,rain_fade,True,4.0,176.0,0.0,0.0,0.0,0,25,True,False,True,False,150.0,176.0,176.0,180.0,186.0,,,,260.0,4.0,4.0,,,,0.0,25,0,26,550,1.0,0.49019607843137253,0.6578947368421052,0.0,0.5098039215686274,0,0,0,601,,,,0.0,,0,421,0,180,0.0,,,0.7004991680532446,,ILLUSTRATIVE - not derived from operator financial data,900.0,0.0,900.0,100.0,False,True,degenerate,degenerate,1.0,1.0,1.0,0.0,b_warmup_excluded
microwave,mw_rain_cell,4,POP~R_D00_1,rain_fade,True,5.0,176.0,0.0,0.0,0.0,0,25,True,False,True,False,150.0,176.0,176.0,181.0,187.0,,,,260.0,5.0,5.0,,,,0.0,25,0,26,550,1.0,0.49019607843137253,0.6578947368421052,0.0,0.5098039215686274,0,0,0,601,,,,0.0,,0,420,0,181,0.0,,,0.6988352745424293,,ILLUSTRATIVE - not derived from operator financial data,900.0,0.0,900.0,100.0,False,True,degenerate,degenerate,1.0,1.0,1.0,0.0,b_warmup_excluded
microwave,mw_rain_cell,5,POP~R_D00_1,rain_fade,True,4.0,179.0,0.0,0.0,0.0,0,21,True,False,True,False,150.0,179.0,179.0,183.0,189.0,,,,260.0,4.0,4.0,,,,0.0,21,0,30,550,1.0,0.4117647058823529,0.5833333333333334,0.0,0.5882352941176471,0,0,0,601,,,,0.0,,0,418,0,183,0.0,,,0.6955074875207987,,ILLUSTRATIVE - not derived from operator financial data,900.0,0.0,900.0,100.0,False,True,degenerate,degenerate,1.0,1.0,1.0,0.0,b_warmup_excluded
microwave,mw_rain_cell,6,POP~R_D00_1,rain_fade,True,2.0,176.0,0.0,0.0,0.0,0,23,True,False,True,False,150.0,176.0,176.0,178.0,184.0,,,,260.0,2.0,2.0,,,,0.0,23,0,28,550,1.0,0.45098039215686275,0.6216216216216216,0.0,0.5490196078431373,0,0,0,601,,,,0.0,,0,423,0,178,0.0,,,0.7038269550748752,,ILLUSTRATIVE - not derived from operator financial data,900.0,0.0,900.0,100.0,False,True,degenerate,degenerate,1.0,1.0,1.0,0.0,b_warmup_excluded
microwave,mw_rain_cell,7,POP~R_D00_1,rain_fade,True,4.0,176.0,0.0,0.0,0.0,0,24,True,False,True,False,150.0,176.0,176.0,180.0,186.0,,,,260.0,4.0,4.0,,,,0.0,24,0,27,550,1.0,0.47058823529411764,0.6399999999999999,0.0,0.5294117647058824,0,0,0,601,,,,0.0,,0,421,0,180,0.0,,,0.7004991680532446,,ILLUSTRATIVE - not derived from operator financial data,900.0,0.0,900.0,100.0,False,True,degenerate,degenerate,1.0,1.0,1.0,0.0,b_warmup_excluded
microwave,mw_rain_cell,8,POP~R_D00_1,rain_fade,True,4.0,178.0,0.0,0.0,0.0,0,21,True,False,True,False,150.0,178.0,178.0,182.0,188.0,,,,260.0,4.0,4.0,,,,0.0,21,0,30,550,1.0,0.4117647058823529,0.5833333333333334,0.0,0.5882352941176471,0,0,0,601,,,,0.0,,0,419,0,182,0.0,,,0.697171381031614,,ILLUSTRATIVE - not derived from operator financial data,900.0,0.0,900.0,100.0,False,True,degenerate,degenerate,1.0,1.0,1.0,0.0,b_warmup_excluded
microwave,mw_rain_cell,9,POP~R_D00_1,rain_fade,True,5.0,176.0,0.0,0.0,0.0,0,24,True,False,True,False,150.0,176.0,176.0,181.0,187.0,,,,260.0,5.0,5.0,,,,0.0,24,0,27,550,1.0,0.47058823529411764,0.6399999999999999,0.0,0.5294117647058824,0,0,0,601,,,,0.0,,0,420,0,181,0.0,,,0.6988352745424293,,ILLUSTRATIVE - not derived from operator financial data,900.0,0.0,900.0,100.0,False,True,degenerate,degenerate,1.0,1.0,1.0,0.0,b_warmup_excluded
microwave,mw_rain_cell,10,POP~R_D00_1,rain_fade,True,3.0,177.0,0.0,0.0,0.0,0,24,True,False,True,False,150.0,177.0,177.0,180.0,186.0,,,,260.0,3.0,3.0,,,,0.0,24,0,27,550,1.0,0.47058823529411764,0.6399999999999999,0.0,0.5294117647058824,0,0,0,601,,,,0.0,,0,421,0,180,0.0,,,0.7004991680532446,,ILLUSTRATIVE - not derived from operator financial data,900.0,0.0,900.0,100.0,False,True,degenerate,degenerate,1.0,1.0,1.0,0.0,b_warmup_excluded
microwave,mw_rain_cell,11,POP~R_D00_1,rain_fade,True,3.0,177.0,0.0,0.0,0.0,0,25,True,False,True,False,150.0,177.0,177.0,180.0,186.0,,,,260.0,3.0,3.0,,,,0.0,25,0,26,550,1.0,0.49019607843137253,0.6578947368421052,0.0,0.5098039215686274,0,0,0,601,,,,0.0,,0,421,0,180,0.0,,,0.7004991680532446,,ILLUSTRATIVE - not derived from operator financial data,900.0,0.0,900.0,100.0,False,True,degenerate,degenerate,1.0,1.0,1.0,0.0,b_warmup_excluded
microwave,mw_rain_cell,12,POP~R_D00_1,rain_fade,True,4.0,177.0,0.0,0.0,0.0,0,21,True,True,True,True,150.0,177.0,177.0,181.0,187.0,,,,260.0,4.0,4.0,,,,0.0,23,0,28,550,1.0,0.45098039215686275,0.6216216216216216,0.0,0.5490196078431373,0,2,0,599,0.0,,,0.0033277870216306157,,0,420,0,181,0.0,,,0.6988352745424293,,ILLUSTRATIVE - not derived from operator financial data,900.0,900.0,0.0,0.0,True,True,degenerate,degenerate,1.0,1.0,1.0,0.0,b_warmup_excluded
microwave,mw_rain_cell,13,POP~R_D00_1,rain_fade,True,3.0,180.0,0.0,0.0,0.0,0,20,True,False,True,False,150.0,180.0,180.0,183.0,189.0,,,,260.0,3.0,3.0,,,,0.0,20,0,31,550,1.0,0.39215686274509803,0.5633802816901409,0.0,0.6078431372549019,0,0,0,601,,,,0.0,,0,418,0,183,0.0,,,0.6955074875207987,,ILLUSTRATIVE - not derived from operator financial data,900.0,0.0,900.0,100.0,False,True,degenerate,degenerate,1.0,1.0,1.0,0.0,b_warmup_excluded
microwave,mw_rain_cell,14,POP~R_D00_1,rain_fade,True,5.0,173.0,0.0,0.0,0.0,0,27,True,False,True,False,150.0,173.0,173.0,178.0,184.0,,,,260.0,5.0,5.0,,,,0.0,27,0,24,550,1.0,0.5294117647058824,0.6923076923076924,0.0,0.47058823529411764,0,0,0,601,,,,0.0,,0,423,0,178,0.0,,,0.7038269550748752,,ILLUSTRATIVE - not derived from operator financial data,900.0,0.0,900.0,100.0,False,True,degenerate,degenerate,1.0,1.0,1.0,0.0,b_warmup_excluded
microwave,mw_rain_cell,15,POP~R_D00_1,rain_fade,True,8.0,175.0,0.0,0.0,0.0,0,27,True,False,True,False,150.0,175.0,175.0,183.0,189.0,,,,260.0,8.0,8.0,,,,0.0,27,0,24,550,1.0,0.5294117647058824,0.6923076923076924,0.0,0.47058823529411764,0,0,0,601,,,,0.0,,0,418,0,183,0.0,,,0.6955074875207987,,ILLUSTRATIVE - not derived from operator financial data,900.0,0.0,900.0,100.0,False,True,degenerate,degenerate,1.0,1.0,1.0,0.0,b_warmup_excluded
microwave,mw_directional_hardware,1,POP~R_D05_1,hardware_directional,False,1.0,232.0,8.0,316.0,0.0,8,0,True,True,False,False,170.0,224.0,232.0,233.0,239.0,280.0,,,,9.0,1.0,56.0,48.0,47.0,8.0,377,0,53,171,1.0,0.8767441860465116,0.9343246592317225,0.0,0.12325581395348838,369,0,61,171,1.0,0.858139534883721,0.9236545682102629,0.0,0.14186046511627906,368,0,62,171,1.0,0.8558139534883721,0.9223057644110275,0.0,0.14418604651162792,ILLUSTRATIVE - not derived from operator financial data,2356.4,2356.29,0.11,0.0,False,False,degenerate,degenerate,1.0,1.0,1.0,0.0,b_warmup_excluded
microwave,mw_directional_hardware,2,POP~R_D05_1,hardware_directional,False,-2.0,241.0,10.0,323.0,0.0,10,0,True,True,False,False,170.0,231.0,241.0,239.0,245.0,277.0,,,,8.0,-2.0,46.0,36.0,38.0,10.0,370,0,60,171,1.0,0.8604651162790697,0.9249999999999999,0.0,0.13953488372093023,360,0,70,171,1.0,0.8372093023255814,0.9113924050632911,0.0,0.16279069767441862,362,0,68,171,1.0,0.8418604651162791,0.9141414141414141,0.0,0.15813953488372093,ILLUSTRATIVE - not derived from operator financial data,2359.2,2359.2,0.0,0.0,False,False,degenerate,degenerate,1.0,1.0,1.0,0.0,b_warmup_excluded
microwave,mw_directional_hardware,3,POP~R_D05_1,hardware_directional,False,6.0,235.0,5.0,323.0,0.0,10,0,True,True,False,False,170.0,230.0,235.0,241.0,247.0,276.0,,,,11.0,6.0,46.0,41.0,35.0,5.0,371,0,59,171,1.0,0.8627906976744186,0.9263420724094882,0.0,0.1372093023255814,361,0,69,171,1.0,0.8395348837209302,0.9127686472819216,0.0,0.16046511627906976,360,0,70,171,1.0,0.8372093023255814,0.9113924050632911,0.0,0.16279069767441862,ILLUSTRATIVE - not derived from operator financial data,2359.2,2358.55,0.65,0.0,False,False,degenerate,degenerate,1.0,1.0,1.0,0.0,b_warmup_excluded
microwave,mw_directional_hardware,4,POP~R_D05_1,hardware_directional,False,1.0,236.0,7.0,320.0,0.0,7,0,True,True,False,False,170.0,229.0,236.0,237.0,243.0,276.0,,,,8.0,1.0,47.0,40.0,39.0,7.0,372,0,58,171,1.0,0.8651162790697674,0.9276807980049876,0.0,0.13488372093023257,365,0,65,171,1.0,0.8488372093023255,0.9182389937106918,0.0,0.1511627906976744,364,0,66,171,1.0,0.8465116279069768,0.9168765743073048,0.0,0.15348837209302327,ILLUSTRATIVE - not derived from operator financial data,2358.0,2357.89,0.11,0.0,False,False,degenerate,degenerate,1.0,1.0,1.0,0.0,b_warmup_excluded
microwave,mw_directional_hardware,5,POP~R_D05_1,hardware_directional,False,-1.0,235.0,9.0,321.0,0.0,9,0,True,True,False,False,170.0,226.0,235.0,234.0,240.0,280.0,,,,8.0,-1.0,54.0,45.0,46.0,9.0,375,0,55,171,1.0,0.872093023255814,0.9316770186335404,0.0,0.12790697674418605,366,0,64,171,1.0,0.8511627906976744,0.9195979899497487,0.0,0.14883720930232558,367,0,63,171,1.0,0.8534883720930233,0.9209535759096612,0.0,0.14651162790697675,ILLUSTRATIVE - not derived from operator financial data,2358.4,2358.4,0.0,0.0,False,False,degenerate,degenerate,1.0,1.0,1.0,0.0,b_warmup_excluded
microwave,mw_directional_hardware,6,POP~R_D05_1,hardware_directional,False,0.0,230.0,9.0,317.0,0.0,9,0,True,True,False,False,170.0,221.0,230.0,230.0,236.0,280.0,,,,9.0,0.0,59.0,50.0,50.0,9.0,380,0,50,171,1.0,0.8837209302325582,0.9382716049382717,0.0,0.11627906976744186,371,0,59,171,1.0,0.8627906976744186,0.9263420724094882,0.0,0.1372093023255814,371,0,59,171,1.0,0.8627906976744186,0.9263420724094882,0.0,0.1372093023255814,ILLUSTRATIVE - not derived from operator financial data,2356.8,2356.8,0.0,0.0,False,False,degenerate,degenerate,1.0,1.0,1.0,0.0,b_warmup_excluded
microwave,mw_directional_hardware,7,POP~R_D05_1,hardware_directional,False,1.0,239.0,13.0,322.0,0.0,13,0,True,True,False,False,170.0,226.0,239.0,240.0,246.0,279.0,,,,14.0,1.0,53.0,40.0,39.0,13.0,375,0,55,171,1.0,0.872093023255814,0.9316770186335404,0.0,0.12790697674418605,362,0,68,171,1.0,0.8418604651162791,0.9141414141414141,0.0,0.15813953488372093,361,0,69,171,1.0,0.8395348837209302,0.9127686472819216,0.0,0.16046511627906976,ILLUSTRATIVE - not derived from operator financial data,2358.8,2358.69,0.11,0.0,False,False,degenerate,degenerate,1.0,1.0,1.0,0.0,b_warmup_excluded
microwave,mw_directional_hardware,8,POP~R_D05_1,hardware_directional,False,3.0,233.0,12.0,325.0,0.0,12,0,True,True,False,False,170.0,221.0,233.0,236.0,242.0,274.0,,,,15.0,3.0,53.0,41.0,38.0,12.0,380,0,50,171,1.0,0.8837209302325582,0.9382716049382717,0.0,0.11627906976744186,368,0,62,171,1.0,0.8558139534883721,0.9223057644110275,0.0,0.14418604651162792,365,0,65,171,1.0,0.8488372093023255,0.9182389937106918,0.0,0.1511627906976744,ILLUSTRATIVE - not derived from operator financial data,2360.0,2359.68,0.32,0.0,False,False,degenerate,degenerate,1.0,1.0,1.0,0.0,b_warmup_excluded
microwave,mw_directional_hardware,9,POP~R_D05_1,hardware_directional,False,6.0,235.0,10.0,322.0,0.0,10,0,True,True,False,False,170.0,225.0,235.0,241.0,247.0,279.0,,,,16.0,6.0,54.0,44.0,38.0,10.0,376,0,54,171,1.0,0.8744186046511628,0.9330024813895782,0.0,0.12558139534883722,366,0,64,171,1.0,0.8511627906976744,0.9195979899497487,0.0,0.14883720930232558,360,0,70,171,1.0,0.8372093023255814,0.9113924050632911,0.0,0.16279069767441862,ILLUSTRATIVE - not derived from operator financial data,2358.8,2358.15,0.65,0.0,False,False,degenerate,degenerate,1.0,1.0,1.0,0.0,b_warmup_excluded
microwave,mw_directional_hardware,10,POP~R_D05_1,hardware_directional,False,5.0,232.0,7.0,326.0,0.0,7,0,True,True,False,False,170.0,225.0,232.0,237.0,243.0,275.0,,,,12.0,5.0,50.0,43.0,38.0,7.0,376,0,54,171,1.0,0.8744186046511628,0.9330024813895782,0.0,0.12558139534883722,369,0,61,171,1.0,0.858139534883721,0.9236545682102629,0.0,0.14186046511627906,364,0,66,171,1.0,0.8465116279069768,0.9168765743073048,0.0,0.15348837209302327,ILLUSTRATIVE - not derived from operator financial data,2360.4,2359.86,0.54,0.0,False,False,degenerate,degenerate,1.0,1.0,1.0,0.0,b_warmup_excluded
microwave,mw_directional_hardware,11,POP~R_D05_1,hardware_directional,False,-4.0,243.0,12.0,324.0,0.0,12,0,True,True,False,False,170.0,231.0,243.0,239.0,245.0,276.0,,,,8.0,-4.0,45.0,33.0,37.0,12.0,370,0,60,171,1.0,0.8604651162790697,0.9249999999999999,0.0,0.13953488372093023,358,0,72,171,1.0,0.8325581395348837,0.9086294416243654,0.0,0.16744186046511628,362,0,68,171,1.0,0.8418604651162791,0.9141414141414141,0.0,0.15813953488372093,ILLUSTRATIVE - not derived from operator financial data,2359.6,2359.6,0.0,0.0,False,False,degenerate,degenerate,1.0,1.0,1.0,0.0,b_warmup_excluded
microwave,mw_directional_hardware,12,POP~R_D05_1,hardware_directional,False,3.0,236.0,11.0,326.0,0.0,11,0,True,True,False,False,170.0,225.0,236.0,239.0,245.0,268.0,,,,14.0,3.0,43.0,32.0,29.0,11.0,376,0,54,171,1.0,0.8744186046511628,0.9330024813895782,0.0,0.12558139534883722,365,0,65,171,1.0,0.8488372093023255,0.9182389937106918,0.0,0.1511627906976744,362,0,68,171,1.0,0.8418604651162791,0.9141414141414141,0.0,0.15813953488372093,ILLUSTRATIVE - not derived from operator financial data,2360.4,2360.08,0.32,0.0,False,False,degenerate,degenerate,1.0,1.0,1.0,0.0,b_warmup_excluded
microwave,mw_directional_hardware,13,POP~R_D05_1,hardware_directional,False,3.0,236.0,11.0,320.0,0.0,11,0,True,True,False,False,170.0,225.0,236.0,239.0,245.0,279.0,,,,14.0,3.0,54.0,43.0,40.0,11.0,376,0,54,171,1.0,0.8744186046511628,0.9330024813895782,0.0,0.12558139534883722,365,0,65,171,1.0,0.8488372093023255,0.9182389937106918,0.0,0.1511627906976744,362,0,68,171,1.0,0.8418604651162791,0.9141414141414141,0.0,0.15813953488372093,ILLUSTRATIVE - not derived from operator financial data,2358.0,2357.68,0.32,0.0,False,False,degenerate,degenerate,1.0,1.0,1.0,0.0,b_warmup_excluded
microwave,mw_directional_hardware,14,POP~R_D05_1,hardware_directional,False,-3.0,236.0,12.0,325.0,0.0,9,0,True,True,False,False,170.0,224.0,236.0,233.0,239.0,273.0,,,,9.0,-3.0,49.0,37.0,40.0,12.0,374,0,56,171,1.0,0.8697674418604651,0.9303482587064676,0.0,0.13023255813953488,365,0,65,171,1.0,0.8488372093023255,0.9182389937106918,0.0,0.1511627906976744,368,0,62,171,1.0,0.8558139534883721,0.9223057644110275,0.0,0.14418604651162792,ILLUSTRATIVE - not derived from operator financial data,2360.0,2360.0,0.0,0.0,False,False,degenerate,degenerate,1.0,1.0,1.0,0.0,b_warmup_excluded
microwave,mw_directional_hardware,15,POP~R_D05_1,hardware_directional,False,0.0,235.0,7.0,325.0,0.0,7,0,True,True,False,False,170.0,228.0,235.0,235.0,241.0,276.0,,,,7.0,0.0,48.0,41.0,41.0,7.0,373,0,57,171,1.0,0.8674418604651163,0.9290161892901618,0.0,0.1325581395348837,366,0,64,171,1.0,0.8511627906976744,0.9195979899497487,0.0,0.14883720930232558,366,0,64,171,1.0,0.8511627906976744,0.9195979899497487,0.0,0.14883720930232558,ILLUSTRATIVE - not derived from operator financial data,2360.0,2360.0,0.0,0.0,False,False,degenerate,degenerate,1.0,1.0,1.0,0.0,b_warmup_excluded
microwave,mw_hidden_in_storm,1,POP~R_D05_1,hardware_directional,False,1.0,192.0,12.0,323.0,0.0,8,12,True,True,False,False,175.0,180.0,180.0,181.0,187.0,203.0,,,,1.0,1.0,23.0,23.0,22.0,0.0,410,0,24,167,1.0,0.9447004608294931,0.9715639810426541,0.0,0.055299539170506916,390,0,35,176,1.0,0.9176470588235294,0.9570552147239264,0.0,0.08235294117647059,420,0,5,176,1.0,0.9882352941176471,0.9940828402366864,0.0,0.011764705882352941,ILLUSTRATIVE - not derived from operator financial data,2359.2,2359.09,0.11,0.0,False,False,degenerate,degenerate,1.0,1.0,1.0,0.0,b_warmup_excluded
microwave,mw_hidden_in_storm,2,POP~R_D05_1,hardware_directional,False,0.0,181.0,2.0,324.0,0.0,8,2,True,True,False,False,175.0,179.0,179.0,179.0,185.0,277.0,,,,0.0,0.0,98.0,98.0,98.0,0.0,402,0,32,167,1.0,0.9262672811059908,0.9617224880382775,0.0,0.07373271889400922,392,0,33,176,1.0,0.9223529411764706,0.9596083231334149,0.0,0.07764705882352942,422,0,3,176,1.0,0.9929411764705882,0.9964580873671782,0.0,0.007058823529411765,ILLUSTRATIVE - not derived from operator financial data,2359.6,2359.6,0.0,0.0,False,False,degenerate,degenerate,1.0,1.0,1.0,0.0,b_warmup_excluded
microwave,mw_hidden_in_storm,3,POP~R_D05_1,hardware_directional,False,0.0,190.0,9.0,332.0,0.0,10,17,True,True,False,False,175.0,181.0,181.0,181.0,187.0,202.0,,,,0.0,0.0,21.0,21.0,21.0,0.0,402,0,32,167,1.0,0.9262672811059908,0.9617224880382775,0.0,0.07373271889400922,375,0,50,176,1.0,0.8823529411764706,0.9375,0.0,0.11764705882352941,420,0,5,176,1.0,0.9882352941176471,0.9940828402366864,0.0,0.011764705882352941,ILLUSTRATIVE - not derived from operator financial data,2362.8,2362.8,0.0,0.0,False,False,degenerate,degenerate,1.0,1.0,1.0,0.0,b_warmup_excluded
microwave,mw_hidden_in_storm,4,POP~R_D05_1,hardware_directional,False,1.0,189.0,10.0,338.0,0.0,9,10,True,True,False,False,175.0,179.0,179.0,180.0,186.0,200.0,,,,1.0,1.0,21.0,21.0,20.0,0.0,406,0,28,167,1.0,0.9354838709677419,0.9666666666666666,0.0,0.06451612903225806,387,0,38,176,1.0,0.9105882352941177,0.9532019704433498,0.0,0.08941176470588236,421,0,4,176,1.0,0.9905882352941177,0.9952718676122931,0.0,0.009411764705882352,ILLUSTRATIVE - not derived from operator financial data,2365.2,2365.09,0.11,0.0,False,False,degenerate,degenerate,1.0,1.0,1.0,0.0,b_warmup_excluded
microwave,mw_hidden_in_storm,5,POP~R_D05_1,hardware_directional,False,2.0,196.0,15.0,326.0,0.0,7,15,True,True,False,False,175.0,181.0,181.0,183.0,189.0,274.0,,,,2.0,2.0,93.0,93.0,91.0,0.0,405,0,29,167,1.0,0.9331797235023042,0.9654350417163289,0.0,0.06682027649769585,383,0,42,176,1.0,0.9011764705882352,0.948019801980198,0.0,0.0988235294117647,418,0,7,176,1.0,0.9835294117647059,0.9916963226571768,0.0,0.01647058823529412,ILLUSTRATIVE - not derived from operator financial data,2360.4,2360.18,0.22,0.0,False,False,degenerate,degenerate,1.0,1.0,1.0,0.0,b_warmup_excluded
microwave,mw_hidden_in_storm,6,POP~R_D05_1,hardware_directional,False,0.0,184.0,3.0,327.0,0.0,10,3,True,True,False,False,175.0,181.0,181.0,181.0,187.0,203.0,,,,0.0,0.0,22.0,22.0,22.0,0.0,412,0,22,167,1.0,0.9493087557603687,0.9739952718676123,0.0,0.05069124423963134,399,0,26,176,1.0,0.9388235294117647,0.9684466019417475,0.0,0.0611764705882353,420,0,5,176,1.0,0.9882352941176471,0.9940828402366864,0.0,0.011764705882352941,ILLUSTRATIVE - not derived from operator financial data,2360.8,2360.8,0.0,0.0,False,False,degenerate,degenerate,1.0,1.0,1.0,0.0,b_warmup_excluded
microwave,mw_hidden_in_storm,7,POP~R_D05_1,hardware_directional,False,0.0,195.0,16.0,324.0,0.0,13,17,True,True,False,False,175.0,179.0,179.0,179.0,185.0,277.0,,,,0.0,0.0,98.0,98.0,98.0,0.0,409,0,25,167,1.0,0.9423963133640553,0.9703440094899171,0.0,0.0576036866359447,379,0,46,176,1.0,0.8917647058823529,0.9427860696517413,0.0,0.10823529411764705,422,0,3,176,1.0,0.9929411764705882,0.9964580873671782,0.0,0.007058823529411765,ILLUSTRATIVE - not derived from operator financial data,2359.6,2359.6,0.0,0.0,False,False,degenerate,degenerate,1.0,1.0,1.0,0.0,b_warmup_excluded
microwave,mw_hidden_in_storm,8,POP~R_D05_1,hardware_directional,False,0.0,195.0,14.0,329.0,0.0,7,14,True,True,False,False,175.0,181.0,181.0,181.0,187.0,208.0,,,,0.0,0.0,27.0,27.0,27.0,0.0,407,0,27,167,1.0,0.9377880184331797,0.9678953626634959,0.0,0.06221198156682028,386,0,39,176,1.0,0.908235294117647,0.9519112207151664,0.0,0.09176470588235294,420,0,5,176,1.0,0.9882352941176471,0.9940828402366864,0.0,0.011764705882352941,ILLUSTRATIVE - not derived from operator financial data,2361.6,2361.6,0.0,0.0,False,False,degenerate,degenerate,1.0,1.0,1.0,0.0,b_warmup_excluded
microwave,mw_hidden_in_storm,9,POP~R_D05_1,hardware_directional,False,1.0,190.0,10.0,325.0,0.0,14,10,True,True,False,False,175.0,180.0,180.0,181.0,187.0,201.0,,,,1.0,1.0,21.0,21.0,20.0,0.0,408,0,26,167,1.0,0.9400921658986175,0.9691211401425179,0.0,0.059907834101382486,384,0,41,176,1.0,0.9035294117647059,0.9493201483312732,0.0,0.09647058823529411,420,0,5,176,1.0,0.9882352941176471,0.9940828402366864,0.0,0.011764705882352941,ILLUSTRATIVE - not derived from operator financial data,2360.0,2359.89,0.11,0.0,False,False,degenerate,degenerate,1.0,1.0,1.0,0.0,b_warmup_excluded
microwave,mw_hidden_in_storm,10,POP~R_D05_1,hardware_directional,False,2.0,182.0,3.0,333.0,0.0,11,8,True,True,False,False,175.0,179.0,179.0,181.0,187.0,200.0,,,,2.0,2.0,21.0,21.0,19.0,0.0,408,0,26,167,1.0,0.9400921658986175,0.9691211401425179,0.0,0.059907834101382486,389,0,36,176,1.0,0.9152941176470588,0.9557739557739557,0.0,0.08470588235294117,420,0,5,176,1.0,0.9882352941176471,0.9940828402366864,0.0,0.011764705882352941,ILLUSTRATIVE - not derived from operator financial data,2363.2,2362.98,0.22,0.0,False,False,degenerate,degenerate,1.0,1.0,1.0,0.0,b_warmup_excluded
microwave,mw_hidden_in_storm,11,POP~R_D05_1,hardware_directional,False,1.0,187.0,8.0,334.0,0.0,11,8,True,True,False,False,175.0,179.0,179.0,180.0,186.0,196.0,,,,1.0,1.0,17.0,17.0,16.0,0.0,403,0,31,167,1.0,0.9285714285714286,0.962962962962963,0.0,0.07142857142857142,384,0,41,176,1.0,0.9035294117647059,0.9493201483312732,0.0,0.09647058823529411,421,0,4,176,1.0,0.9905882352941177,0.9952718676122931,0.0,0.009411764705882352,ILLUSTRATIVE - not derived from operator financial data,2363.6,2363.49,0.11,0.0,False,False,degenerate,degenerate,1.0,1.0,1.0,0.0,b_warmup_excluded
microwave,mw_hidden_in_storm,12,POP~R_D05_1,hardware_directional,False,2.0,195.0,15.0,332.0,0.0,11,15,True,True,False,False,175.0,180.0,180.0,182.0,188.0,267.0,,,,2.0,2.0,87.0,87.0,85.0,0.0,409,0,25,167,1.0,0.9423963133640553,0.9703440094899171,0.0,0.0576036866359447,383,0,42,176,1.0,0.9011764705882352,0.948019801980198,0.0,0.0988235294117647,419,0,6,176,1.0,0.9858823529411764,0.9928909952606635,0.0,0.01411764705882353,ILLUSTRATIVE - not derived from operator financial data,2362.8,2362.58,0.22,0.0,False,False,degenerate,degenerate,1.0,1.0,1.0,0.0,b_warmup_excluded
microwave,mw_hidden_in_storm,13,POP~R_D05_1,hardware_directional,False,2.0,191.0,12.0,323.0,0.0,8,12,True,True,False,False,175.0,179.0,179.0,181.0,187.0,278.0,,,,2.0,2.0,99.0,99.0,97.0,0.0,407,0,27,167,1.0,0.9377880184331797,0.9678953626634959,0.0,0.06221198156682028,387,0,38,176,1.0,0.9105882352941177,0.9532019704433498,0.0,0.08941176470588236,420,0,5,176,1.0,0.9882352941176471,0.9940828402366864,0.0,0.011764705882352941,ILLUSTRATIVE - not derived from operator financial data,2359.2,2358.98,0.22,0.0,False,False,degenerate,degenerate,1.0,1.0,1.0,0.0,b_warmup_excluded
microwave,mw_hidden_in_storm,14,POP~R_D05_1,hardware_directional,False,1.0,187.0,7.0,331.0,0.0,8,8,True,True,False,False,175.0,180.0,180.0,181.0,187.0,208.0,,,,1.0,1.0,28.0,28.0,27.0,0.0,406,0,28,167,1.0,0.9354838709677419,0.9666666666666666,0.0,0.06451612903225806,390,0,35,176,1.0,0.9176470588235294,0.9570552147239264,0.0,0.08235294117647059,420,0,5,176,1.0,0.9882352941176471,0.9940828402366864,0.0,0.011764705882352941,ILLUSTRATIVE - not derived from operator financial data,2362.4,2362.29,0.11,0.0,False,False,degenerate,degenerate,1.0,1.0,1.0,0.0,b_warmup_excluded
microwave,mw_hidden_in_storm,15,POP~R_D05_1,hardware_directional,False,0.0,185.0,4.0,329.0,0.0,4,4,True,True,False,False,175.0,181.0,181.0,181.0,187.0,203.0,,,,0.0,0.0,22.0,22.0,22.0,0.0,401,0,33,167,1.0,0.923963133640553,0.9604790419161677,0.0,0.07603686635944701,393,0,32,176,1.0,0.9247058823529412,0.9608801955990219,0.0,0.07529411764705882,420,0,5,176,1.0,0.9882352941176471,0.9940828402366864,0.0,0.011764705882352941,ILLUSTRATIVE - not derived from operator financial data,2361.6,2361.6,0.0,0.0,False,False,degenerate,degenerate,1.0,1.0,1.0,0.0,b_warmup_excluded
microwave,mw_interference,1,POP~R_D05_1,interference,False,8.0,184.0,0.0,0.0,0.0,1,0,True,True,False,False,180.0,184.0,184.0,192.0,198.0,,,,,8.0,8.0,,,,0.0,417,0,3,181,1.0,0.9928571428571429,0.996415770609319,0.0,0.007142857142857143,416,0,4,181,1.0,0.9904761904761905,0.9952153110047847,0.0,0.009523809523809525,409,0,11,181,1.0,0.9738095238095238,0.9867310012062726,0.0,0.02619047619047619,ILLUSTRATIVE - not derived from operator financial data,900.0,900.0,0.0,0.0,False,False,degenerate,degenerate,1.0,1.0,1.0,0.0,b_warmup_excluded
microwave,mw_interference,2,POP~R_D05_1,interference,False,9.0,185.0,0.0,0.0,0.0,0,0,True,True,False,False,180.0,185.0,185.0,194.0,200.0,,,,,9.0,9.0,,,,0.0,416,0,4,181,1.0,0.9904761904761905,0.9952153110047847,0.0,0.009523809523809525,416,0,4,181,1.0,0.9904761904761905,0.9952153110047847,0.0,0.009523809523809525,407,0,13,181,1.0,0.969047619047619,0.9842805320435308,0.0,0.030952380952380953,ILLUSTRATIVE - not derived from operator financial data,900.0,900.0,0.0,0.0,False,False,degenerate,degenerate,1.0,1.0,1.0,0.0,b_warmup_excluded
microwave,mw_interference,3,POP~R_D05_1,interference,False,8.0,185.0,0.0,0.0,0.0,1,0,True,True,False,False,180.0,185.0,185.0,193.0,199.0,,,,,8.0,8.0,,,,0.0,416,0,4,181,1.0,0.9904761904761905,0.9952153110047847,0.0,0.009523809523809525,415,0,5,181,1.0,0.9880952380952381,0.9940119760479043,0.0,0.011904761904761904,408,0,12,181,1.0,0.9714285714285714,0.9855072463768115,0.0,0.02857142857142857,ILLUSTRATIVE - not derived from operator financial data,900.0,900.0,0.0,0.0,False,False,degenerate,degenerate,1.0,1.0,1.0,0.0,b_warmup_excluded
microwave,mw_interference,4,POP~R_D05_1,interference,False,9.0,184.0,0.0,0.0,0.0,1,0,True,True,False,False,180.0,184.0,184.0,193.0,199.0,,,,,9.0,9.0,,,,0.0,417,0,3,181,1.0,0.9928571428571429,0.996415770609319,0.0,0.007142857142857143,416,0,4,181,1.0,0.9904761904761905,0.9952153110047847,0.0,0.009523809523809525,408,0,12,181,1.0,0.9714285714285714,0.9855072463768115,0.0,0.02857142857142857,ILLUSTRATIVE - not derived from operator financial data,900.0,900.0,0.0,0.0,False,False,degenerate,degenerate,1.0,1.0,1.0,0.0,b_warmup_excluded
microwave,mw_interference,5,POP~R_D05_1,interference,False,9.0,184.0,0.0,0.0,0.0,0,0,True,True,False,False,180.0,184.0,184.0,193.0,199.0,,,,,9.0,9.0,,,,0.0,417,0,3,181,1.0,0.9928571428571429,0.996415770609319,0.0,0.007142857142857143,417,0,3,181,1.0,0.9928571428571429,0.996415770609319,0.0,0.007142857142857143,408,0,12,181,1.0,0.9714285714285714,0.9855072463768115,0.0,0.02857142857142857,ILLUSTRATIVE - not derived from operator financial data,900.0,900.0,0.0,0.0,False,False,degenerate,degenerate,1.0,1.0,1.0,0.0,b_warmup_excluded
microwave,mw_interference,6,POP~R_D05_1,interference,False,8.0,185.0,0.0,0.0,0.0,4,0,True,True,False,False,180.0,185.0,185.0,193.0,199.0,,,,,8.0,8.0,,,,0.0,416,0,4,181,1.0,0.9904761904761905,0.9952153110047847,0.0,0.009523809523809525,412,0,8,181,1.0,0.9809523809523809,0.9903846153846153,0.0,0.01904761904761905,408,0,12,181,1.0,0.9714285714285714,0.9855072463768115,0.0,0.02857142857142857,ILLUSTRATIVE - not derived from operator financial data,900.0,900.0,0.0,0.0,False,False,degenerate,degenerate,1.0,1.0,1.0,0.0,b_warmup_excluded
microwave,mw_interference,7,POP~R_D05_1,interference,False,7.0,185.0,0.0,0.0,0.0,1,0,True,True,False,False,180.0,185.0,185.0,192.0,198.0,,,,,7.0,7.0,,,,0.0,416,0,4,181,1.0,0.9904761904761905,0.9952153110047847,0.0,0.009523809523809525,415,0,5,181,1.0,0.9880952380952381,0.9940119760479043,0.0,0.011904761904761904,409,0,11,181,1.0,0.9738095238095238,0.9867310012062726,0.0,0.02619047619047619,ILLUSTRATIVE - not derived from operator financial data,900.0,900.0,0.0,0.0,False,False,degenerate,degenerate,1.0,1.0,1.0,0.0,b_warmup_excluded
microwave,mw_interference,8,POP~R_D05_1,interference,False,8.0,184.0,0.0,0.0,0.0,3,0,True,True,False,False,180.0,184.0,184.0,192.0,198.0,,,,,8.0,8.0,,,,0.0,417,0,3,181,1.0,0.9928571428571429,0.996415770609319,0.0,0.007142857142857143,414,0,6,181,1.0,0.9857142857142858,0.9928057553956835,0.0,0.014285714285714285,409,0,11,181,1.0,0.9738095238095238,0.9867310012062726,0.0,0.02619047619047619,ILLUSTRATIVE - not derived from operator financial data,900.0,900.0,0.0,0.0,False,False,degenerate,degenerate,1.0,1.0,1.0,0.0,b_warmup_excluded
microwave,mw_interference,9,POP~R_D05_1,interference,False,10.0,184.0,0.0,0.0,0.0,0,0,True,True,False,False,180.0,184.0,184.0,194.0,200.0,,,,,10.0,10.0,,,,0.0,417,0,3,181,1.0,0.9928571428571429,0.996415770609319,0.0,0.007142857142857143,417,0,3,181,1.0,0.9928571428571429,0.996415770609319,0.0,0.007142857142857143,407,0,13,181,1.0,0.969047619047619,0.9842805320435308,0.0,0.030952380952380953,ILLUSTRATIVE - not derived from operator financial data,900.0,900.0,0.0,0.0,False,False,degenerate,degenerate,1.0,1.0,1.0,0.0,b_warmup_excluded
microwave,mw_interference,10,POP~R_D05_1,interference,False,8.0,185.0,0.0,0.0,0.0,0,0,True,True,False,False,180.0,185.0,185.0,193.0,199.0,,,,,8.0,8.0,,,,0.0,416,0,4,181,1.0,0.9904761904761905,0.9952153110047847,0.0,0.009523809523809525,416,0,4,181,1.0,0.9904761904761905,0.9952153110047847,0.0,0.009523809523809525,408,0,12,181,1.0,0.9714285714285714,0.9855072463768115,0.0,0.02857142857142857,ILLUSTRATIVE - not derived from operator financial data,900.0,900.0,0.0,0.0,False,False,degenerate,degenerate,1.0,1.0,1.0,0.0,b_warmup_excluded
microwave,mw_interference,11,POP~R_D05_1,interference,False,8.0,184.0,0.0,0.0,0.0,0,0,True,True,False,False,180.0,184.0,184.0,192.0,198.0,,,,,8.0,8.0,,,,0.0,417,0,3,181,1.0,0.9928571428571429,0.996415770609319,0.0,0.007142857142857143,417,0,3,181,1.0,0.9928571428571429,0.996415770609319,0.0,0.007142857142857143,409,0,11,181,1.0,0.9738095238095238,0.9867310012062726,0.0,0.02619047619047619,ILLUSTRATIVE - not derived from operator financial data,900.0,900.0,0.0,0.0,False,False,degenerate,degenerate,1.0,1.0,1.0,0.0,b_warmup_excluded
microwave,mw_interference,12,POP~R_D05_1,interference,False,7.0,185.0,0.0,0.0,0.0,5,0,True,True,False,False,180.0,185.0,185.0,192.0,198.0,,,,,7.0,7.0,,,,0.0,416,0,4,181,1.0,0.9904761904761905,0.9952153110047847,0.0,0.009523809523809525,411,0,9,181,1.0,0.9785714285714285,0.9891696750902527,0.0,0.02142857142857143,409,0,11,181,1.0,0.9738095238095238,0.9867310012062726,0.0,0.02619047619047619,ILLUSTRATIVE - not derived from operator financial data,900.0,900.0,0.0,0.0,False,False,degenerate,degenerate,1.0,1.0,1.0,0.0,b_warmup_excluded
microwave,mw_interference,13,POP~R_D05_1,interference,False,7.0,185.0,0.0,0.0,0.0,2,0,True,True,False,False,180.0,185.0,185.0,192.0,198.0,,,,,7.0,7.0,,,,0.0,416,0,4,181,1.0,0.9904761904761905,0.9952153110047847,0.0,0.009523809523809525,414,0,6,181,1.0,0.9857142857142858,0.9928057553956835,0.0,0.014285714285714285,409,0,11,181,1.0,0.9738095238095238,0.9867310012062726,0.0,0.02619047619047619,ILLUSTRATIVE - not derived from operator financial data,900.0,900.0,0.0,0.0,False,False,degenerate,degenerate,1.0,1.0,1.0,0.0,b_warmup_excluded
microwave,mw_interference,14,POP~R_D05_1,interference,False,8.0,184.0,0.0,0.0,0.0,2,0,True,True,False,False,180.0,184.0,184.0,192.0,198.0,,,,,8.0,8.0,,,,0.0,417,0,3,181,1.0,0.9928571428571429,0.996415770609319,0.0,0.007142857142857143,415,0,5,181,1.0,0.9880952380952381,0.9940119760479043,0.0,0.011904761904761904,409,0,11,181,1.0,0.9738095238095238,0.9867310012062726,0.0,0.02619047619047619,ILLUSTRATIVE - not derived from operator financial data,900.0,900.0,0.0,0.0,False,False,degenerate,degenerate,1.0,1.0,1.0,0.0,b_warmup_excluded
microwave,mw_interference,15,POP~R_D05_1,interference,False,8.0,185.0,0.0,0.0,0.0,0,0,True,True,False,False,180.0,185.0,185.0,193.0,199.0,,,,,8.0,8.0,,,,0.0,416,0,4,181,1.0,0.9904761904761905,0.9952153110047847,0.0,0.009523809523809525,416,0,4,181,1.0,0.9904761904761905,0.9952153110047847,0.0,0.009523809523809525,408,0,12,181,1.0,0.9714285714285714,0.9855072463768115,0.0,0.02857142857142857,ILLUSTRATIVE - not derived from operator financial data,900.0,900.0,0.0,0.0,False,False,degenerate,degenerate,1.0,1.0,1.0,0.0,b_warmup_excluded
microwave,mw_config_change,1,POP~R_D05_1,config_change,False,-2.0,193.0,0.0,0.0,0.0,0,0,True,True,False,False,190.0,193.0,193.0,191.0,197.0,,,,,-2.0,-2.0,,,,0.0,408,0,2,191,1.0,0.9951219512195122,0.9975550122249389,0.0,0.004878048780487805,408,0,2,191,1.0,0.9951219512195122,0.9975550122249389,0.0,0.004878048780487805,410,0,0,191,1.0,1.0,1.0,0.0,0.0,ILLUSTRATIVE - not derived from operator financial data,900.0,900.0,0.0,0.0,False,False,degenerate,degenerate,1.0,1.0,1.0,0.0,b_warmup_excluded
microwave,mw_config_change,2,POP~R_D05_1,config_change,False,-2.0,193.0,0.0,0.0,0.0,0,0,True,True,False,False,190.0,193.0,193.0,191.0,197.0,,,,,-2.0,-2.0,,,,0.0,408,0,2,191,1.0,0.9951219512195122,0.9975550122249389,0.0,0.004878048780487805,408,0,2,191,1.0,0.9951219512195122,0.9975550122249389,0.0,0.004878048780487805,410,0,0,191,1.0,1.0,1.0,0.0,0.0,ILLUSTRATIVE - not derived from operator financial data,900.0,900.0,0.0,0.0,False,False,degenerate,degenerate,1.0,1.0,1.0,0.0,b_warmup_excluded
microwave,mw_config_change,3,POP~R_D05_1,config_change,False,-2.0,193.0,0.0,0.0,0.0,0,0,True,True,False,False,190.0,193.0,193.0,191.0,197.0,,,,,-2.0,-2.0,,,,0.0,408,0,2,191,1.0,0.9951219512195122,0.9975550122249389,0.0,0.004878048780487805,408,0,2,191,1.0,0.9951219512195122,0.9975550122249389,0.0,0.004878048780487805,410,0,0,191,1.0,1.0,1.0,0.0,0.0,ILLUSTRATIVE - not derived from operator financial data,900.0,900.0,0.0,0.0,False,False,degenerate,degenerate,1.0,1.0,1.0,0.0,b_warmup_excluded
microwave,mw_config_change,4,POP~R_D05_1,config_change,False,-2.0,193.0,0.0,0.0,0.0,0,0,True,True,False,False,190.0,193.0,193.0,191.0,197.0,,,,,-2.0,-2.0,,,,0.0,408,0,2,191,1.0,0.9951219512195122,0.9975550122249389,0.0,0.004878048780487805,408,0,2,191,1.0,0.9951219512195122,0.9975550122249389,0.0,0.004878048780487805,410,0,0,191,1.0,1.0,1.0,0.0,0.0,ILLUSTRATIVE - not derived from operator financial data,900.0,900.0,0.0,0.0,False,False,degenerate,degenerate,1.0,1.0,1.0,0.0,b_warmup_excluded
microwave,mw_config_change,5,POP~R_D05_1,config_change,False,-2.0,193.0,0.0,0.0,0.0,0,0,True,True,False,False,190.0,193.0,193.0,191.0,197.0,,,,,-2.0,-2.0,,,,0.0,408,0,2,191,1.0,0.9951219512195122,0.9975550122249389,0.0,0.004878048780487805,408,0,2,191,1.0,0.9951219512195122,0.9975550122249389,0.0,0.004878048780487805,410,0,0,191,1.0,1.0,1.0,0.0,0.0,ILLUSTRATIVE - not derived from operator financial data,900.0,900.0,0.0,0.0,False,False,degenerate,degenerate,1.0,1.0,1.0,0.0,b_warmup_excluded
microwave,mw_config_change,6,POP~R_D05_1,config_change,False,-2.0,193.0,0.0,0.0,0.0,0,0,True,True,False,False,190.0,193.0,193.0,191.0,197.0,,,,,-2.0,-2.0,,,,0.0,408,0,2,191,1.0,0.9951219512195122,0.9975550122249389,0.0,0.004878048780487805,408,0,2,191,1.0,0.9951219512195122,0.9975550122249389,0.0,0.004878048780487805,410,0,0,191,1.0,1.0,1.0,0.0,0.0,ILLUSTRATIVE - not derived from operator financial data,900.0,900.0,0.0,0.0,False,False,degenerate,degenerate,1.0,1.0,1.0,0.0,b_warmup_excluded
microwave,mw_config_change,7,POP~R_D05_1,config_change,False,-2.0,193.0,0.0,0.0,0.0,0,0,True,True,False,False,190.0,193.0,193.0,191.0,197.0,,,,,-2.0,-2.0,,,,0.0,408,0,2,191,1.0,0.9951219512195122,0.9975550122249389,0.0,0.004878048780487805,408,0,2,191,1.0,0.9951219512195122,0.9975550122249389,0.0,0.004878048780487805,410,0,0,191,1.0,1.0,1.0,0.0,0.0,ILLUSTRATIVE - not derived from operator financial data,900.0,900.0,0.0,0.0,False,False,degenerate,degenerate,1.0,1.0,1.0,0.0,b_warmup_excluded
microwave,mw_config_change,8,POP~R_D05_1,config_change,False,-2.0,193.0,0.0,0.0,0.0,0,0,True,True,False,False,190.0,193.0,193.0,191.0,197.0,,,,,-2.0,-2.0,,,,0.0,408,0,2,191,1.0,0.9951219512195122,0.9975550122249389,0.0,0.004878048780487805,408,0,2,191,1.0,0.9951219512195122,0.9975550122249389,0.0,0.004878048780487805,410,0,0,191,1.0,1.0,1.0,0.0,0.0,ILLUSTRATIVE - not derived from operator financial data,900.0,900.0,0.0,0.0,False,False,degenerate,degenerate,1.0,1.0,1.0,0.0,b_warmup_excluded
microwave,mw_config_change,9,POP~R_D05_1,config_change,False,-2.0,193.0,0.0,0.0,0.0,0,0,True,True,False,False,190.0,193.0,193.0,191.0,197.0,,,,,-2.0,-2.0,,,,0.0,408,0,2,191,1.0,0.9951219512195122,0.9975550122249389,0.0,0.004878048780487805,408,0,2,191,1.0,0.9951219512195122,0.9975550122249389,0.0,0.004878048780487805,410,0,0,191,1.0,1.0,1.0,0.0,0.0,ILLUSTRATIVE - not derived from operator financial data,900.0,900.0,0.0,0.0,False,False,degenerate,degenerate,1.0,1.0,1.0,0.0,b_warmup_excluded
microwave,mw_config_change,10,POP~R_D05_1,config_change,False,-2.0,193.0,0.0,0.0,0.0,0,0,True,True,False,False,190.0,193.0,193.0,191.0,197.0,,,,,-2.0,-2.0,,,,0.0,408,0,2,191,1.0,0.9951219512195122,0.9975550122249389,0.0,0.004878048780487805,408,0,2,191,1.0,0.9951219512195122,0.9975550122249389,0.0,0.004878048780487805,410,0,0,191,1.0,1.0,1.0,0.0,0.0,ILLUSTRATIVE - not derived from operator financial data,900.0,900.0,0.0,0.0,False,False,degenerate,degenerate,1.0,1.0,1.0,0.0,b_warmup_excluded
microwave,mw_config_change,11,POP~R_D05_1,config_change,False,-2.0,193.0,0.0,0.0,0.0,0,0,True,True,False,False,190.0,193.0,193.0,191.0,197.0,,,,,-2.0,-2.0,,,,0.0,408,0,2,191,1.0,0.9951219512195122,0.9975550122249389,0.0,0.004878048780487805,408,0,2,191,1.0,0.9951219512195122,0.9975550122249389,0.0,0.004878048780487805,410,0,0,191,1.0,1.0,1.0,0.0,0.0,ILLUSTRATIVE - not derived from operator financial data,900.0,900.0,0.0,0.0,False,False,degenerate,degenerate,1.0,1.0,1.0,0.0,b_warmup_excluded
microwave,mw_config_change,12,POP~R_D05_1,config_change,False,-2.0,193.0,0.0,0.0,0.0,0,0,True,True,False,False,190.0,193.0,193.0,191.0,197.0,,,,,-2.0,-2.0,,,,0.0,408,0,2,191,1.0,0.9951219512195122,0.9975550122249389,0.0,0.004878048780487805,408,0,2,191,1.0,0.9951219512195122,0.9975550122249389,0.0,0.004878048780487805,410,0,0,191,1.0,1.0,1.0,0.0,0.0,ILLUSTRATIVE - not derived from operator financial data,900.0,900.0,0.0,0.0,False,False,degenerate,degenerate,1.0,1.0,1.0,0.0,b_warmup_excluded
microwave,mw_config_change,13,POP~R_D05_1,config_change,False,-2.0,193.0,0.0,0.0,0.0,0,0,True,True,False,False,190.0,193.0,193.0,191.0,197.0,,,,,-2.0,-2.0,,,,0.0,408,0,2,191,1.0,0.9951219512195122,0.9975550122249389,0.0,0.004878048780487805,408,0,2,191,1.0,0.9951219512195122,0.9975550122249389,0.0,0.004878048780487805,410,0,0,191,1.0,1.0,1.0,0.0,0.0,ILLUSTRATIVE - not derived from operator financial data,900.0,900.0,0.0,0.0,False,False,degenerate,degenerate,1.0,1.0,1.0,0.0,b_warmup_excluded
microwave,mw_config_change,14,POP~R_D05_1,config_change,False,-2.0,193.0,0.0,0.0,0.0,0,0,True,True,False,False,190.0,193.0,193.0,191.0,197.0,,,,,-2.0,-2.0,,,,0.0,408,0,2,191,1.0,0.9951219512195122,0.9975550122249389,0.0,0.004878048780487805,408,0,2,191,1.0,0.9951219512195122,0.9975550122249389,0.0,0.004878048780487805,410,0,0,191,1.0,1.0,1.0,0.0,0.0,ILLUSTRATIVE - not derived from operator financial data,900.0,900.0,0.0,0.0,False,False,degenerate,degenerate,1.0,1.0,1.0,0.0,b_warmup_excluded
microwave,mw_config_change,15,POP~R_D05_1,config_change,False,-2.0,193.0,0.0,0.0,0.0,0,0,True,True,False,False,190.0,193.0,193.0,191.0,197.0,,,,,-2.0,-2.0,,,,0.0,408,0,2,191,1.0,0.9951219512195122,0.9975550122249389,0.0,0.004878048780487805,408,0,2,191,1.0,0.9951219512195122,0.9975550122249389,0.0,0.004878048780487805,410,0,0,191,1.0,1.0,1.0,0.0,0.0,ILLUSTRATIVE - not derived from operator financial data,900.0,900.0,0.0,0.0,False,False,degenerate,degenerate,1.0,1.0,1.0,0.0,b_warmup_excluded
leo_ntn,leo_low_elevation,1,UT00,low_elevation,True,-175.0,,,0.0,0.0,3,0,True,True,True,True,,173.0,175.0,0.0,6.0,,,,,-173.0,-55.0,,,,2.0,0,4,0,597,0.0,,,0.0066555740432612314,,0,1,0,600,0.0,,,0.0016638935108153079,,0,601,0,0,0.0,,,1.0,,ILLUSTRATIVE - not derived from operator financial data,900.0,900.0,0.0,0.0,True,True,degenerate,degenerate,1.0,1.0,1.0,0.0,b_warmup_excluded
leo_ntn,leo_low_elevation,2,UT00,low_elevation,True,,,,0.0,0.0,19,0,True,False,True,False,,133.0,,0.0,6.0,,,,,-133.0,,,,,,0,19,0,582,0.0,,,0.03161397670549085,,0,0,0,601,,,,0.0,,0,601,0,0,0.0,,,1.0,,ILLUSTRATIVE - not derived from operator financial data,900.0,0.0,900.0,100.0,False,True,degenerate,degenerate,1.0,1.0,1.0,0.0,b_warmup_excluded
leo_ntn,leo_low_elevation,3,UT00,low_elevation,True,,,,0.0,0.0,8,0,True,False,True,False,,212.0,,0.0,6.0,,,,,-212.0,,,,,,0,8,0,593,0.0,,,0.013311148086522463,,0,0,0,601,,,,0.0,,0,601,0,0,0.0,,,1.0,,ILLUSTRATIVE - not derived from operator financial data,900.0,0.0,900.0,100.0,False,True,degenerate,degenerate,1.0,1.0,1.0,0.0,b_warmup_excluded
leo_ntn,leo_low_elevation,4,UT00,low_elevation,True,-233.0,,,0.0,0.0,20,1,True,False,True,False,,157.0,233.0,0.0,6.0,,,,,-157.0,-113.0,,,,76.0,0,21,0,580,0.0,,,0.03494176372712146,,0,0,0,601,,,,0.0,,0,601,0,0,0.0,,,1.0,,ILLUSTRATIVE - not derived from operator financial data,900.0,0.0,900.0,100.0,False,True,degenerate,degenerate,1.0,1.0,1.0,0.0,b_warmup_excluded
leo_ntn,leo_low_elevation,5,UT00,low_elevation,True,,,,0.0,0.0,3,0,True,False,True,False,,433.0,,0.0,6.0,,,,,-433.0,,,,,,0,3,0,598,0.0,,,0.004991680532445923,,0,0,0,601,,,,0.0,,0,601,0,0,0.0,,,1.0,,ILLUSTRATIVE - not derived from operator financial data,900.0,0.0,900.0,100.0,False,True,degenerate,degenerate,1.0,1.0,1.0,0.0,b_warmup_excluded
leo_ntn,leo_low_elevation,6,UT00,low_elevation,True,,,,0.0,0.0,0,0,True,False,True,False,,,,0.0,6.0,,,,,,,,,,,0,0,0,601,,,,0.0,,0,0,0,601,,,,0.0,,0,601,0,0,0.0,,,1.0,,ILLUSTRATIVE - not derived from operator financial data,900.0,0.0,900.0,100.0,False,True,degenerate,degenerate,1.0,1.0,1.0,0.0,b_warmup_excluded
leo_ntn,leo_low_elevation,7,UT00,low_elevation,True,,,,0.0,0.0,6,0,True,False,True,False,,234.0,,0.0,6.0,,,,,-234.0,,,,,,0,6,0,595,0.0,,,0.009983361064891847,,0,0,0,601,,,,0.0,,0,601,0,0,0.0,,,1.0,,ILLUSTRATIVE - not derived from operator financial data,900.0,0.0,900.0,100.0,False,True,degenerate,degenerate,1.0,1.0,1.0,0.0,b_warmup_excluded
leo_ntn,leo_low_elevation,8,UT00,low_elevation,True,,,,0.0,0.0,10,0,True,False,True,False,,381.0,,9.0,15.0,,,,,-372.0,,,,,,0,10,0,591,0.0,,,0.016638935108153077,,0,0,0,601,,,,0.0,,0,592,0,9,0.0,,,0.9850249584026622,,ILLUSTRATIVE - not derived from operator financial data,900.0,0.0,900.0,100.0,False,True,degenerate,degenerate,1.0,1.0,1.0,0.0,b_warmup_excluded
leo_ntn,leo_low_elevation,9,UT00,low_elevation,True,,,,0.0,0.0,0,0,True,False,True,False,,,,0.0,6.0,,,,,,,,,,,0,0,0,601,,,,0.0,,0,0,0,601,,,,0.0,,0,601,0,0,0.0,,,1.0,,ILLUSTRATIVE - not derived from operator financial data,900.0,0.0,900.0,100.0,False,True,degenerate,degenerate,1.0,1.0,1.0,0.0,b_warmup_excluded
leo_ntn,leo_low_elevation,10,UT00,low_elevation,True,,,,0.0,0.0,0,0,True,False,True,False,,,,0.0,6.0,,,,,,,,,,,0,0,0,601,,,,0.0,,0,0,0,601,,,,0.0,,0,601,0,0,0.0,,,1.0,,ILLUSTRATIVE - not derived from operator financial data,900.0,0.0,900.0,100.0,False,True,degenerate,degenerate,1.0,1.0,1.0,0.0,b_warmup_excluded
leo_ntn,leo_low_elevation,11,UT00,low_elevation,True,,,,0.0,0.0,1,0,True,False,True,False,,486.0,,0.0,6.0,,,,,-486.0,,,,,,0,1,0,600,0.0,,,0.0016638935108153079,,0,0,0,601,,,,0.0,,0,601,0,0,0.0,,,1.0,,ILLUSTRATIVE - not derived from operator financial data,900.0,0.0,900.0,100.0,False,True,degenerate,degenerate,1.0,1.0,1.0,0.0,b_warmup_excluded
leo_ntn,leo_low_elevation,12,UT00,low_elevation,True,,,,0.0,0.0,0,0,True,False,True,False,,,,0.0,6.0,,,,,,,,,,,0,0,0,601,,,,0.0,,0,0,0,601,,,,0.0,,0,601,0,0,0.0,,,1.0,,ILLUSTRATIVE - not derived from operator financial data,900.0,0.0,900.0,100.0,False,True,degenerate,degenerate,1.0,1.0,1.0,0.0,b_warmup_excluded
leo_ntn,leo_low_elevation,13,UT00,low_elevation,True,,,,0.0,0.0,0,0,True,False,True,False,,,,0.0,6.0,,,,,,,,,,,0,0,0,601,,,,0.0,,0,0,0,601,,,,0.0,,0,601,0,0,0.0,,,1.0,,ILLUSTRATIVE - not derived from operator financial data,900.0,0.0,900.0,100.0,False,True,degenerate,degenerate,1.0,1.0,1.0,0.0,b_warmup_excluded
leo_ntn,leo_low_elevation,14,UT00,low_elevation,True,,,,0.0,0.0,12,0,True,False,True,False,,175.0,,0.0,6.0,,,,,-175.0,,,,,,0,12,0,589,0.0,,,0.019966722129783693,,0,0,0,601,,,,0.0,,0,601,0,0,0.0,,,1.0,,ILLUSTRATIVE - not derived from operator financial data,900.0,0.0,900.0,100.0,False,True,degenerate,degenerate,1.0,1.0,1.0,0.0,b_warmup_excluded
leo_ntn,leo_low_elevation,15,UT00,low_elevation,True,,,,0.0,0.0,3,0,True,False,True,False,,581.0,,0.0,6.0,,,,,-581.0,,,,,,0,3,0,598,0.0,,,0.004991680532445923,,0,0,0,601,,,,0.0,,0,601,0,0,0.0,,,1.0,,ILLUSTRATIVE - not derived from operator financial data,900.0,0.0,900.0,100.0,False,True,degenerate,degenerate,1.0,1.0,1.0,0.0,b_warmup_excluded
leo_ntn,leo_ground_rain,1,UT00,propagation_fade,True,-157.0,157.0,0.0,7.0,75.0,1,93,True,False,True,False,150.0,157.0,157.0,0.0,6.0,161.0,162.0,,260.0,-157.0,-37.0,4.0,4.0,161.0,0.0,94,0,15,492,1.0,0.8623853211009175,0.9261083743842364,0.0,0.13761467889908258,0,0,0,601,,,,0.0,,0,601,0,0,0.0,,,1.0,,ILLUSTRATIVE - not derived from operator financial data,1657.13,757.13,900.0,54.3,False,True,degenerate,degenerate,1.0,1.0,1.0,0.0,b_warmup_excluded
leo_ntn,leo_ground_rain,2,UT00,propagation_fade,True,-154.0,154.0,21.0,4.0,79.0,12,102,True,False,True,False,150.0,133.0,154.0,0.0,6.0,157.0,161.0,,260.0,-133.0,-34.0,24.0,3.0,157.0,21.0,102,12,7,480,0.8947368421052632,0.9357798165137615,0.9147982062780269,0.024390243902439025,0.06422018348623854,0,0,0,601,,,,0.0,,0,601,0,0,0.0,,,1.0,,ILLUSTRATIVE - not derived from operator financial data,1674.8,774.8,900.0,53.7,False,True,degenerate,degenerate,1.0,1.0,1.0,0.0,b_warmup_excluded
leo_ntn,leo_ground_rain,3,UT00,propagation_fade,True,-159.0,159.0,0.0,5.0,77.0,7,95,True,False,True,False,150.0,159.0,159.0,0.0,6.0,161.0,162.0,,260.0,-159.0,-39.0,2.0,2.0,161.0,0.0,95,7,14,485,0.9313725490196079,0.8715596330275229,0.900473933649289,0.014227642276422764,0.12844036697247707,0,0,0,601,,,,0.0,,0,601,0,0,0.0,,,1.0,,ILLUSTRATIVE - not derived from operator financial data,1662.6,762.6,900.0,54.1,False,True,degenerate,degenerate,1.0,1.0,1.0,0.0,b_warmup_excluded
leo_ntn,leo_ground_rain,4,UT00,propagation_fade,True,-154.0,154.0,0.0,2.0,81.0,11,100,True,False,True,False,150.0,154.0,154.0,0.0,6.0,157.0,157.0,,260.0,-154.0,-34.0,3.0,3.0,157.0,0.0,99,12,10,480,0.8918918918918919,0.908256880733945,0.9,0.024390243902439025,0.09174311926605505,0,0,0,601,,,,0.0,,0,601,0,0,0.0,,,1.0,,ILLUSTRATIVE - not derived from operator financial data,1680.27,780.27,900.0,53.6,False,True,degenerate,degenerate,1.0,1.0,1.0,0.0,b_warmup_excluded
leo_ntn,leo_ground_rain,5,UT00,propagation_fade,True,-160.0,160.0,0.0,7.0,75.0,3,94,True,False,True,False,150.0,160.0,160.0,0.0,6.0,161.0,162.0,,260.0,-160.0,-40.0,1.0,1.0,161.0,0.0,94,3,15,489,0.9690721649484536,0.8623853211009175,0.912621359223301,0.006097560975609756,0.13761467889908258,0,0,0,601,,,,0.0,,0,601,0,0,0.0,,,1.0,,ILLUSTRATIVE - not derived from operator financial data,1657.13,757.13,900.0,54.3,False,True,degenerate,degenerate,1.0,1.0,1.0,0.0,b_warmup_excluded
leo_ntn,leo_ground_rain,6,UT00,propagation_fade,True,-155.0,155.0,0.0,5.0,78.0,1,97,True,False,True,False,150.0,155.0,155.0,0.0,6.0,157.0,161.0,,260.0,-155.0,-35.0,2.0,2.0,157.0,0.0,98,0,11,492,1.0,0.8990825688073395,0.9468599033816426,0.0,0.10091743119266056,0,0,0,601,,,,0.0,,0,601,0,0,0.0,,,1.0,,ILLUSTRATIVE - not derived from operator financial data,1672.07,772.07,900.0,53.8,False,True,degenerate,degenerate,1.0,1.0,1.0,0.0,b_warmup_excluded
leo_ntn,leo_ground_rain,7,UT00,propagation_fade,True,-155.0,155.0,0.0,9.0,74.0,5,99,True,False,True,False,150.0,155.0,155.0,0.0,6.0,157.0,162.0,,260.0,-155.0,-35.0,2.0,2.0,157.0,0.0,99,5,10,487,0.9519230769230769,0.908256880733945,0.9295774647887324,0.01016260162601626,0.09174311926605505,0,0,0,601,,,,0.0,,0,601,0,0,0.0,,,1.0,,ILLUSTRATIVE - not derived from operator financial data,1661.13,761.13,900.0,54.2,False,True,degenerate,degenerate,1.0,1.0,1.0,0.0,b_warmup_excluded
leo_ntn,leo_ground_rain,8,UT00,propagation_fade,True,-146.0,155.0,0.0,9.0,73.0,11,97,True,False,True,False,150.0,155.0,155.0,9.0,15.0,157.0,162.0,,260.0,-146.0,-35.0,2.0,2.0,148.0,0.0,97,11,12,481,0.8981481481481481,0.8899082568807339,0.8940092165898618,0.022357723577235773,0.11009174311926606,0,0,0,601,,,,0.0,,0,592,0,9,0.0,,,0.9850249584026622,,ILLUSTRATIVE - not derived from operator financial data,1651.67,751.67,900.0,54.5,False,True,degenerate,degenerate,1.0,1.0,1.0,0.0,b_warmup_excluded
leo_ntn,leo_ground_rain,9,UT00,propagation_fade,True,-156.0,156.0,0.0,6.0,77.0,0,95,True,False,True,False,150.0,156.0,156.0,0.0,6.0,157.0,162.0,,260.0,-156.0,-36.0,1.0,1.0,157.0,0.0,95,0,14,492,1.0,0.8715596330275229,0.9313725490196079,0.0,0.12844036697247707,0,0,0,601,,,,0.0,,0,601,0,0,0.0,,,1.0,,ILLUSTRATIVE - not derived from operator financial data,1669.33,769.33,900.0,53.9,False,True,degenerate,degenerate,1.0,1.0,1.0,0.0,b_warmup_excluded
leo_ntn,leo_ground_rain,10,UT00,propagation_fade,True,-155.0,155.0,0.0,8.0,75.0,0,99,True,False,True,False,150.0,155.0,155.0,0.0,6.0,157.0,162.0,,260.0,-155.0,-35.0,2.0,2.0,157.0,0.0,99,0,10,492,1.0,0.908256880733945,0.9519230769230769,0.0,0.09174311926605505,0,0,0,601,,,,0.0,,0,601,0,0,0.0,,,1.0,,ILLUSTRATIVE - not derived from operator financial data,1663.87,763.87,900.0,54.1,False,True,degenerate,degenerate,1.0,1.0,1.0,0.0,b_warmup_excluded
leo_ntn,leo_ground_rain,11,UT00,propagation_fade,True,-155.0,155.0,0.0,8.0,75.0,1,97,True,False,True,False,150.0,155.0,155.0,0.0,6.0,157.0,162.0,,260.0,-155.0,-35.0,2.0,2.0,157.0,0.0,97,1,12,491,0.9897959183673469,0.8899082568807339,0.9371980676328503,0.0020325203252032522,0.11009174311926606,0,0,0,601,,,,0.0,,0,601,0,0,0.0,,,1.0,,ILLUSTRATIVE - not derived from operator financial data,1663.87,763.87,900.0,54.1,False,True,degenerate,degenerate,1.0,1.0,1.0,0.0,b_warmup_excluded
leo_ntn,leo_ground_rain,12,UT00,propagation_fade,True,-155.0,155.0,0.0,6.0,77.0,1,99,True,False,True,False,150.0,155.0,155.0,0.0,6.0,157.0,162.0,,260.0,-155.0,-35.0,2.0,2.0,157.0,0.0,99,1,10,491,0.99,0.908256880733945,0.9473684210526316,0.0020325203252032522,0.09174311926605505,0,0,0,601,,,,0.0,,0,601,0,0,0.0,,,1.0,,ILLUSTRATIVE - not derived from operator financial data,1669.33,769.33,900.0,53.9,False,True,degenerate,degenerate,1.0,1.0,1.0,0.0,b_warmup_excluded
leo_ntn,leo_ground_rain,13,UT00,propagation_fade,True,-155.0,155.0,0.0,6.0,76.0,0,99,True,False,True,False,150.0,155.0,155.0,0.0,6.0,161.0,162.0,,260.0,-155.0,-35.0,6.0,6.0,161.0,0.0,99,0,10,492,1.0,0.908256880733945,0.9519230769230769,0.0,0.09174311926605505,0,0,0,601,,,,0.0,,0,601,0,0,0.0,,,1.0,,ILLUSTRATIVE - not derived from operator financial data,1659.87,759.87,900.0,54.2,False,True,degenerate,degenerate,1.0,1.0,1.0,0.0,b_warmup_excluded
leo_ntn,leo_ground_rain,14,UT00,propagation_fade,True,-155.0,155.0,0.0,8.0,75.0,11,99,True,False,True,False,150.0,155.0,155.0,0.0,6.0,157.0,162.0,,260.0,-155.0,-35.0,2.0,2.0,157.0,0.0,99,11,10,481,0.9,0.908256880733945,0.9041095890410958,0.022357723577235773,0.09174311926605505,0,0,0,601,,,,0.0,,0,601,0,0,0.0,,,1.0,,ILLUSTRATIVE - not derived from operator financial data,1663.87,763.87,900.0,54.1,False,True,degenerate,degenerate,1.0,1.0,1.0,0.0,b_warmup_excluded
leo_ntn,leo_ground_rain,15,UT00,propagation_fade,True,-157.0,157.0,0.0,8.0,75.0,3,95,True,False,True,False,150.0,157.0,157.0,0.0,6.0,157.0,162.0,,260.0,-157.0,-37.0,0.0,0.0,157.0,0.0,95,3,14,489,0.9693877551020408,0.8715596330275229,0.9178743961352657,0.006097560975609756,0.12844036697247707,0,0,0,601,,,,0.0,,0,601,0,0,0.0,,,1.0,,ILLUSTRATIVE - not derived from operator financial data,1663.87,763.87,900.0,54.1,False,True,degenerate,degenerate,1.0,1.0,1.0,0.0,b_warmup_excluded
leo_ntn,leo_rf_subsystem,1,UT00,rf_subsystem,False,-175.0,252.0,79.0,0.0,0.0,17,0,True,True,False,False,170.0,173.0,175.0,0.0,6.0,,,,,-173.0,-55.0,,,,2.0,104,4,3,490,0.9629629629629629,0.9719626168224299,0.9674418604651163,0.008097165991902834,0.028037383177570093,90,1,17,493,0.989010989010989,0.8411214953271028,0.9090909090909092,0.0020242914979757085,0.1588785046728972,107,494,0,0,0.17803660565723795,1.0,0.3022598870056497,1.0,0.0,ILLUSTRATIVE - not derived from operator financial data,900.0,900.0,0.0,0.0,False,False,degenerate,degenerate,1.0,1.0,1.0,0.0,b_warmup_excluded
leo_ntn,leo_rf_subsystem,2,UT00,rf_subsystem,False,-252.0,252.0,119.0,0.0,0.0,29,0,True,True,False,False,170.0,133.0,252.0,0.0,6.0,,,,,-133.0,-132.0,,,,119.0,100,19,7,475,0.8403361344537815,0.9345794392523364,0.8849557522123893,0.038461538461538464,0.06542056074766354,90,0,17,494,1.0,0.8411214953271028,0.9137055837563453,0.0,0.1588785046728972,107,494,0,0,0.17803660565723795,1.0,0.3022598870056497,1.0,0.0,ILLUSTRATIVE - not derived from operator financial data,900.0,900.0,0.0,0.0,False,False,degenerate,degenerate,1.0,1.0,1.0,0.0,b_warmup_excluded
leo_ntn,leo_rf_subsystem,3,UT00,rf_subsystem,False,-234.0,234.0,34.0,0.0,0.0,14,0,True,True,False,False,170.0,200.0,234.0,0.0,6.0,,,,,-200.0,-114.0,,,,34.0,100,8,7,486,0.9259259259259259,0.9345794392523364,0.9302325581395349,0.016194331983805668,0.06542056074766354,94,0,13,494,1.0,0.8785046728971962,0.9353233830845772,0.0,0.12149532710280374,107,494,0,0,0.17803660565723795,1.0,0.3022598870056497,1.0,0.0,ILLUSTRATIVE - not derived from operator financial data,900.0,900.0,0.0,0.0,False,False,degenerate,degenerate,1.0,1.0,1.0,0.0,b_warmup_excluded
leo_ntn,leo_rf_subsystem,4,UT00,rf_subsystem,False,-216.0,216.0,59.0,0.0,0.0,23,1,True,True,False,False,170.0,157.0,216.0,0.0,6.0,,,,,-157.0,-96.0,,,,59.0,101,21,6,473,0.8278688524590164,0.9439252336448598,0.8820960698689956,0.04251012145748988,0.056074766355140186,98,0,9,494,1.0,0.9158878504672897,0.9560975609756098,0.0,0.08411214953271028,107,494,0,0,0.17803660565723795,1.0,0.3022598870056497,1.0,0.0,ILLUSTRATIVE - not derived from operator financial data,900.0,900.0,0.0,0.0,False,False,degenerate,degenerate,1.0,1.0,1.0,0.0,b_warmup_excluded
leo_ntn,leo_rf_subsystem,5,UT00,rf_subsystem,False,-234.0,234.0,51.0,0.0,0.0,7,0,True,True,False,False,170.0,183.0,234.0,0.0,6.0,,,,,-183.0,-114.0,,,,51.0,101,0,6,494,1.0,0.9439252336448598,0.9711538461538461,0.0,0.056074766355140186,94,0,13,494,1.0,0.8785046728971962,0.9353233830845772,0.0,0.12149532710280374,107,494,0,0,0.17803660565723795,1.0,0.3022598870056497,1.0,0.0,ILLUSTRATIVE - not derived from operator financial data,900.0,900.0,0.0,0.0,False,False,degenerate,degenerate,1.0,1.0,1.0,0.0,b_warmup_excluded
leo_ntn,leo_rf_subsystem,6,UT00,rf_subsystem,False,-234.0,234.0,16.0,0.0,0.0,2,0,True,True,False,False,170.0,218.0,234.0,0.0,6.0,,,,,-218.0,-114.0,,,,16.0,96,0,11,494,1.0,0.897196261682243,0.9458128078817734,0.0,0.102803738317757,94,0,13,494,1.0,0.8785046728971962,0.9353233830845772,0.0,0.12149532710280374,107,494,0,0,0.17803660565723795,1.0,0.3022598870056497,1.0,0.0,ILLUSTRATIVE - not derived from operator financial data,900.0,900.0,0.0,0.0,False,False,degenerate,degenerate,1.0,1.0,1.0,0.0,b_warmup_excluded
leo_ntn,leo_rf_subsystem,7,UT00,rf_subsystem,False,-184.0,217.0,33.0,0.0,0.0,10,1,True,True,False,False,170.0,184.0,184.0,0.0,6.0,,,,,-184.0,-64.0,,,,0.0,103,5,4,489,0.9537037037037037,0.9626168224299065,0.958139534883721,0.010121457489878543,0.037383177570093455,97,0,10,494,1.0,0.9065420560747663,0.9509803921568627,0.0,0.09345794392523364,107,494,0,0,0.17803660565723795,1.0,0.3022598870056497,1.0,0.0,ILLUSTRATIVE - not derived from operator financial data,900.0,900.0,0.0,0.0,False,False,degenerate,degenerate,1.0,1.0,1.0,0.0,b_warmup_excluded
leo_ntn,leo_rf_subsystem,8,UT00,rf_subsystem,False,-225.0,234.0,34.0,0.0,0.0,6,0,True,True,False,False,170.0,200.0,234.0,9.0,15.0,,,,,-191.0,-114.0,,,,34.0,100,0,7,494,1.0,0.9345794392523364,0.966183574879227,0.0,0.06542056074766354,94,0,13,494,1.0,0.8785046728971962,0.9353233830845772,0.0,0.12149532710280374,107,485,0,9,0.18074324324324326,1.0,0.30615164520743926,0.9817813765182186,0.0,ILLUSTRATIVE - not derived from operator financial data,900.0,900.0,0.0,0.0,False,False,degenerate,degenerate,1.0,1.0,1.0,0.0,b_warmup_excluded
leo_ntn,leo_rf_subsystem,9,UT00,rf_subsystem,False,-219.0,219.0,2.0,0.0,0.0,2,0,True,True,False,False,170.0,217.0,219.0,0.0,6.0,,,,,-217.0,-99.0,,,,2.0,97,0,10,494,1.0,0.9065420560747663,0.9509803921568627,0.0,0.09345794392523364,95,0,12,494,1.0,0.8878504672897196,0.9405940594059405,0.0,0.11214953271028037,107,494,0,0,0.17803660565723795,1.0,0.3022598870056497,1.0,0.0,ILLUSTRATIVE - not derived from operator financial data,900.0,900.0,0.0,0.0,False,False,degenerate,degenerate,1.0,1.0,1.0,0.0,b_warmup_excluded
leo_ntn,leo_rf_subsystem,10,UT00,rf_subsystem,False,-200.0,218.0,18.0,0.0,0.0,2,0,True,True,False,False,170.0,200.0,200.0,0.0,6.0,,,,,-200.0,-80.0,,,,0.0,100,0,7,494,1.0,0.9345794392523364,0.966183574879227,0.0,0.06542056074766354,98,0,9,494,1.0,0.9158878504672897,0.9560975609756098,0.0,0.08411214953271028,107,494,0,0,0.17803660565723795,1.0,0.3022598870056497,1.0,0.0,ILLUSTRATIVE - not derived from operator financial data,900.0,900.0,0.0,0.0,False,False,degenerate,degenerate,1.0,1.0,1.0,0.0,b_warmup_excluded
leo_ntn,leo_rf_subsystem,11,UT00,rf_subsystem,False,-234.0,234.0,18.0,0.0,0.0,4,0,True,True,False,False,170.0,216.0,234.0,0.0,6.0,,,,,-216.0,-114.0,,,,18.0,98,0,9,494,1.0,0.9158878504672897,0.9560975609756098,0.0,0.08411214953271028,94,0,13,494,1.0,0.8785046728971962,0.9353233830845772,0.0,0.12149532710280374,107,494,0,0,0.17803660565723795,1.0,0.3022598870056497,1.0,0.0,ILLUSTRATIVE - not derived from operator financial data,900.0,900.0,0.0,0.0,False,False,degenerate,degenerate,1.0,1.0,1.0,0.0,b_warmup_excluded
leo_ntn,leo_rf_subsystem,12,UT00,rf_subsystem,False,-216.0,216.0,16.0,0.0,0.0,2,0,True,True,False,False,170.0,200.0,216.0,0.0,6.0,,,,,-200.0,-96.0,,,,16.0,100,0,7,494,1.0,0.9345794392523364,0.966183574879227,0.0,0.06542056074766354,98,0,9,494,1.0,0.9158878504672897,0.9560975609756098,0.0,0.08411214953271028,107,494,0,0,0.17803660565723795,1.0,0.3022598870056497,1.0,0.0,ILLUSTRATIVE - not derived from operator financial data,900.0,900.0,0.0,0.0,False,False,degenerate,degenerate,1.0,1.0,1.0,0.0,b_warmup_excluded
leo_ntn,leo_rf_subsystem,13,UT00,rf_subsystem,False,-216.0,216.0,16.0,0.0,0.0,2,0,True,True,False,False,170.0,200.0,216.0,0.0,6.0,,,,,-200.0,-96.0,,,,16.0,100,0,7,494,1.0,0.9345794392523364,0.966183574879227,0.0,0.06542056074766354,98,0,9,494,1.0,0.9158878504672897,0.9560975609756098,0.0,0.08411214953271028,107,494,0,0,0.17803660565723795,1.0,0.3022598870056497,1.0,0.0,ILLUSTRATIVE - not derived from operator financial data,900.0,900.0,0.0,0.0,False,False,degenerate,degenerate,1.0,1.0,1.0,0.0,b_warmup_excluded
leo_ntn,leo_rf_subsystem,14,UT00,rf_subsystem,False,-253.0,253.0,78.0,0.0,0.0,19,0,True,True,False,False,170.0,175.0,253.0,0.0,6.0,,,,,-175.0,-133.0,,,,78.0,96,12,11,482,0.8888888888888888,0.897196261682243,0.8930232558139535,0.024291497975708502,0.102803738317757,89,0,18,494,1.0,0.8317757009345794,0.9081632653061225,0.0,0.16822429906542055,107,494,0,0,0.17803660565723795,1.0,0.3022598870056497,1.0,0.0,ILLUSTRATIVE - not derived from operator financial data,900.0,900.0,0.0,0.0,False,False,degenerate,degenerate,1.0,1.0,1.0,0.0,b_warmup_excluded
leo_ntn,leo_rf_subsystem,15,UT00,rf_subsystem,False,-252.0,252.0,34.0,0.0,0.0,9,0,True,True,False,False,170.0,218.0,252.0,0.0,6.0,,,,,-218.0,-132.0,,,,34.0,96,3,11,491,0.9696969696969697,0.897196261682243,0.9320388349514562,0.006072874493927126,0.102803738317757,90,0,17,494,1.0,0.8411214953271028,0.9137055837563453,0.0,0.1588785046728972,107,494,0,0,0.17803660565723795,1.0,0.3022598870056497,1.0,0.0,ILLUSTRATIVE - not derived from operator financial data,900.0,900.0,0.0,0.0,False,False,degenerate,degenerate,1.0,1.0,1.0,0.0,b_warmup_excluded
leo_ntn,leo_pointing,1,UT00,pointing_attitude,False,-175.0,218.0,45.0,0.0,0.0,3,0,True,True,False,False,175.0,173.0,175.0,0.0,6.0,,,,,-173.0,-55.0,,,,2.0,96,4,11,490,0.96,0.897196261682243,0.927536231884058,0.008097165991902834,0.102803738317757,96,1,11,493,0.9896907216494846,0.897196261682243,0.9411764705882352,0.0020242914979757085,0.102803738317757,107,494,0,0,0.17803660565723795,1.0,0.3022598870056497,1.0,0.0,ILLUSTRATIVE - not derived from operator financial data,900.0,900.0,0.0,0.0,False,False,degenerate,degenerate,1.0,1.0,1.0,0.0,b_warmup_excluded
leo_ntn,leo_pointing,2,UT00,pointing_attitude,False,-200.0,200.0,67.0,0.0,0.0,19,0,True,True,False,False,175.0,133.0,200.0,0.0,6.0,,,,,-133.0,-80.0,,,,67.0,100,19,7,475,0.8403361344537815,0.9345794392523364,0.8849557522123893,0.038461538461538464,0.06542056074766354,100,0,7,494,1.0,0.9345794392523364,0.966183574879227,0.0,0.06542056074766354,107,494,0,0,0.17803660565723795,1.0,0.3022598870056497,1.0,0.0,ILLUSTRATIVE - not derived from operator financial data,900.0,900.0,0.0,0.0,False,False,degenerate,degenerate,1.0,1.0,1.0,0.0,b_warmup_excluded
leo_ntn,leo_pointing,3,UT00,pointing_attitude,False,-216.0,216.0,16.0,0.0,0.0,10,0,True,True,False,False,175.0,200.0,216.0,0.0,6.0,,,,,-200.0,-96.0,,,,16.0,100,8,7,486,0.9259259259259259,0.9345794392523364,0.9302325581395349,0.016194331983805668,0.06542056074766354,98,0,9,494,1.0,0.9158878504672897,0.9560975609756098,0.0,0.08411214953271028,107,494,0,0,0.17803660565723795,1.0,0.3022598870056497,1.0,0.0,ILLUSTRATIVE - not derived from operator financial data,900.0,900.0,0.0,0.0,False,False,degenerate,degenerate,1.0,1.0,1.0,0.0,b_warmup_excluded
leo_ntn,leo_pointing,4,UT00,pointing_attitude,False,-199.0,199.0,42.0,0.0,0.0,20,1,True,True,False,False,175.0,157.0,199.0,0.0,6.0,,,,,-157.0,-79.0,,,,42.0,101,21,6,473,0.8278688524590164,0.9439252336448598,0.8820960698689956,0.04251012145748988,0.056074766355140186,101,0,6,494,1.0,0.9439252336448598,0.9711538461538461,0.0,0.056074766355140186,107,494,0,0,0.17803660565723795,1.0,0.3022598870056497,1.0,0.0,ILLUSTRATIVE - not derived from operator financial data,900.0,900.0,0.0,0.0,False,False,degenerate,degenerate,1.0,1.0,1.0,0.0,b_warmup_excluded
leo_ntn,leo_pointing,5,UT00,pointing_attitude,False,-217.0,217.0,0.0,0.0,0.0,0,0,True,True,False,False,175.0,217.0,217.0,0.0,6.0,,,,,-217.0,-97.0,,,,0.0,97,0,10,494,1.0,0.9065420560747663,0.9509803921568627,0.0,0.09345794392523364,97,0,10,494,1.0,0.9065420560747663,0.9509803921568627,0.0,0.09345794392523364,107,494,0,0,0.17803660565723795,1.0,0.3022598870056497,1.0,0.0,ILLUSTRATIVE - not derived from operator financial data,900.0,900.0,0.0,0.0,False,False,degenerate,degenerate,1.0,1.0,1.0,0.0,b_warmup_excluded
leo_ntn,leo_pointing,6,UT00,pointing_attitude,False,-217.0,217.0,0.0,0.0,0.0,0,0,True,True,False,False,175.0,217.0,217.0,0.0,6.0,,,,,-217.0,-97.0,,,,0.0,97,0,10,494,1.0,0.9065420560747663,0.9509803921568627,0.0,0.09345794392523364,97,0,10,494,1.0,0.9065420560747663,0.9509803921568627,0.0,0.09345794392523364,107,494,0,0,0.17803660565723795,1.0,0.3022598870056497,1.0,0.0,ILLUSTRATIVE - not derived from operator financial data,900.0,900.0,0.0,0.0,False,False,degenerate,degenerate,1.0,1.0,1.0,0.0,b_warmup_excluded
leo_ntn,leo_pointing,7,UT00,pointing_attitude,False,-217.0,217.0,0.0,0.0,0.0,5,0,True,True,False,False,175.0,217.0,217.0,0.0,6.0,,,,,-217.0,-97.0,,,,0.0,97,5,10,489,0.9509803921568627,0.9065420560747663,0.9282296650717703,0.010121457489878543,0.09345794392523364,97,0,10,494,1.0,0.9065420560747663,0.9509803921568627,0.0,0.09345794392523364,107,494,0,0,0.17803660565723795,1.0,0.3022598870056497,1.0,0.0,ILLUSTRATIVE - not derived from operator financial data,900.0,900.0,0.0,0.0,False,False,degenerate,degenerate,1.0,1.0,1.0,0.0,b_warmup_excluded
leo_ntn,leo_pointing,8,UT00,pointing_attitude,False,-191.0,200.0,0.0,0.0,0.0,0,0,True,True,False,False,175.0,200.0,200.0,9.0,15.0,,,,,-191.0,-80.0,,,,0.0,100,0,7,494,1.0,0.9345794392523364,0.966183574879227,0.0,0.06542056074766354,100,0,7,494,1.0,0.9345794392523364,0.966183574879227,0.0,0.06542056074766354,107,485,0,9,0.18074324324324326,1.0,0.30615164520743926,0.9817813765182186,0.0,ILLUSTRATIVE - not derived from operator financial data,900.0,900.0,0.0,0.0,False,False,degenerate,degenerate,1.0,1.0,1.0,0.0,b_warmup_excluded
leo_ntn,leo_pointing,9,UT00,pointing_attitude,False,-218.0,218.0,0.0,0.0,0.0,0,0,True,True,False,False,175.0,218.0,218.0,0.0,6.0,,,,,-218.0,-98.0,,,,0.0,96,0,11,494,1.0,0.897196261682243,0.9458128078817734,0.0,0.102803738317757,96,0,11,494,1.0,0.897196261682243,0.9458128078817734,0.0,0.102803738317757,107,494,0,0,0.17803660565723795,1.0,0.3022598870056497,1.0,0.0,ILLUSTRATIVE - not derived from operator financial data,900.0,900.0,0.0,0.0,False,False,degenerate,degenerate,1.0,1.0,1.0,0.0,b_warmup_excluded
leo_ntn,leo_pointing,10,UT00,pointing_attitude,False,-218.0,218.0,0.0,0.0,0.0,0,0,True,True,False,False,175.0,218.0,218.0,0.0,6.0,,,,,-218.0,-98.0,,,,0.0,96,0,11,494,1.0,0.897196261682243,0.9458128078817734,0.0,0.102803738317757,96,0,11,494,1.0,0.897196261682243,0.9458128078817734,0.0,0.102803738317757,107,494,0,0,0.17803660565723795,1.0,0.3022598870056497,1.0,0.0,ILLUSTRATIVE - not derived from operator financial data,900.0,900.0,0.0,0.0,False,False,degenerate,degenerate,1.0,1.0,1.0,0.0,b_warmup_excluded
leo_ntn,leo_pointing,11,UT00,pointing_attitude,False,-218.0,218.0,0.0,0.0,0.0,0,0,True,True,False,False,175.0,218.0,218.0,0.0,6.0,,,,,-218.0,-98.0,,,,0.0,96,0,11,494,1.0,0.897196261682243,0.9458128078817734,0.0,0.102803738317757,96,0,11,494,1.0,0.897196261682243,0.9458128078817734,0.0,0.102803738317757,107,494,0,0,0.17803660565723795,1.0,0.3022598870056497,1.0,0.0,ILLUSTRATIVE - not derived from operator financial data,900.0,900.0,0.0,0.0,False,False,degenerate,degenerate,1.0,1.0,1.0,0.0,b_warmup_excluded
leo_ntn,leo_pointing,12,UT00,pointing_attitude,False,-218.0,218.0,0.0,0.0,0.0,0,0,True,True,False,False,175.0,218.0,218.0,0.0,6.0,,,,,-218.0,-98.0,,,,0.0,96,0,11,494,1.0,0.897196261682243,0.9458128078817734,0.0,0.102803738317757,96,0,11,494,1.0,0.897196261682243,0.9458128078817734,0.0,0.102803738317757,107,494,0,0,0.17803660565723795,1.0,0.3022598870056497,1.0,0.0,ILLUSTRATIVE - not derived from operator financial data,900.0,900.0,0.0,0.0,False,False,degenerate,degenerate,1.0,1.0,1.0,0.0,b_warmup_excluded
leo_ntn,leo_pointing,13,UT00,pointing_attitude,False,-217.0,217.0,0.0,0.0,0.0,0,0,True,True,False,False,175.0,217.0,217.0,0.0,6.0,,,,,-217.0,-97.0,,,,0.0,97,0,10,494,1.0,0.9065420560747663,0.9509803921568627,0.0,0.09345794392523364,97,0,10,494,1.0,0.9065420560747663,0.9509803921568627,0.0,0.09345794392523364,107,494,0,0,0.17803660565723795,1.0,0.3022598870056497,1.0,0.0,ILLUSTRATIVE - not derived from operator financial data,900.0,900.0,0.0,0.0,False,False,degenerate,degenerate,1.0,1.0,1.0,0.0,b_warmup_excluded
leo_ntn,leo_pointing,14,UT00,pointing_attitude,False,-218.0,218.0,43.0,0.0,0.0,12,0,True,True,False,False,175.0,175.0,218.0,0.0,6.0,,,,,-175.0,-98.0,,,,43.0,96,12,11,482,0.8888888888888888,0.897196261682243,0.8930232558139535,0.024291497975708502,0.102803738317757,96,0,11,494,1.0,0.897196261682243,0.9458128078817734,0.0,0.102803738317757,107,494,0,0,0.17803660565723795,1.0,0.3022598870056497,1.0,0.0,ILLUSTRATIVE - not derived from operator financial data,900.0,900.0,0.0,0.0,False,False,degenerate,degenerate,1.0,1.0,1.0,0.0,b_warmup_excluded
leo_ntn,leo_pointing,15,UT00,pointing_attitude,False,-218.0,218.0,0.0,0.0,0.0,3,0,True,True,False,False,175.0,218.0,218.0,0.0,6.0,,,,,-218.0,-98.0,,,,0.0,96,3,11,491,0.9696969696969697,0.897196261682243,0.9320388349514562,0.006072874493927126,0.102803738317757,96,0,11,494,1.0,0.897196261682243,0.9458128078817734,0.0,0.102803738317757,107,494,0,0,0.17803660565723795,1.0,0.3022598870056497,1.0,0.0,ILLUSTRATIVE - not derived from operator financial data,900.0,900.0,0.0,0.0,False,False,degenerate,degenerate,1.0,1.0,1.0,0.0,b_warmup_excluded
leo_ntn,leo_gateway_side,1,UT00,gateway_side,False,-175.0,189.0,16.0,0.0,0.0,9,0,True,True,False,False,180.0,173.0,175.0,0.0,6.0,,,,,-173.0,-55.0,,,,2.0,413,3,7,178,0.9927884615384616,0.9833333333333333,0.9880382775119617,0.016574585635359115,0.016666666666666666,406,1,14,180,0.9975429975429976,0.9666666666666667,0.9818621523579203,0.0055248618784530384,0.03333333333333333,420,181,0,0,0.6988352745424293,1.0,0.822722820763957,1.0,0.0,ILLUSTRATIVE - not derived from operator financial data,900.0,900.0,0.0,0.0,False,False,degenerate,degenerate,1.0,1.0,1.0,0.0,b_warmup_excluded
leo_ntn,leo_gateway_side,2,UT00,gateway_side,False,-187.0,187.0,54.0,3.0,0.0,6,0,True,True,False,False,180.0,133.0,187.0,0.0,6.0,440.0,,,,-133.0,-67.0,307.0,253.0,440.0,54.0,407,3,13,178,0.9926829268292683,0.969047619047619,0.9807228915662649,0.016574585635359115,0.030952380952380953,404,0,16,181,1.0,0.9619047619047619,0.9805825242718447,0.0,0.0380952380952381,420,181,0,0,0.6988352745424293,1.0,0.822722820763957,1.0,0.0,ILLUSTRATIVE - not derived from operator financial data,920.2,920.2,0.0,0.0,False,False,degenerate,degenerate,1.0,1.0,1.0,0.0,b_warmup_excluded
leo_ntn,leo_gateway_side,3,UT00,gateway_side,False,-195.0,195.0,0.0,0.0,0.0,0,0,True,True,False,False,180.0,195.0,195.0,0.0,6.0,,,,,-195.0,-75.0,,,,0.0,400,0,20,181,1.0,0.9523809523809523,0.975609756097561,0.0,0.047619047619047616,400,0,20,181,1.0,0.9523809523809523,0.975609756097561,0.0,0.047619047619047616,420,181,0,0,0.6988352745424293,1.0,0.822722820763957,1.0,0.0,ILLUSTRATIVE - not derived from operator financial data,900.0,900.0,0.0,0.0,False,False,degenerate,degenerate,1.0,1.0,1.0,0.0,b_warmup_excluded
leo_ntn,leo_gateway_side,4,UT00,gateway_side,False,-191.0,191.0,34.0,0.0,0.0,17,0,True,True,False,False,180.0,157.0,191.0,0.0,6.0,,,,,-157.0,-71.0,,,,34.0,414,8,6,173,0.981042654028436,0.9857142857142858,0.983372921615202,0.04419889502762431,0.014285714285714285,405,0,15,181,1.0,0.9642857142857143,0.9818181818181818,0.0,0.03571428571428571,420,181,0,0,0.6988352745424293,1.0,0.822722820763957,1.0,0.0,ILLUSTRATIVE - not derived from operator financial data,900.0,900.0,0.0,0.0,False,False,degenerate,degenerate,1.0,1.0,1.0,0.0,b_warmup_excluded
leo_ntn,leo_gateway_side,5,UT00,gateway_side,False,-197.0,197.0,10.0,0.0,0.0,2,0,True,True,False,False,180.0,187.0,197.0,0.0,6.0,,,,,-187.0,-77.0,,,,10.0,404,0,16,181,1.0,0.9619047619047619,0.9805825242718447,0.0,0.0380952380952381,402,0,18,181,1.0,0.9571428571428572,0.9781021897810218,0.0,0.04285714285714286,420,181,0,0,0.6988352745424293,1.0,0.822722820763957,1.0,0.0,ILLUSTRATIVE - not derived from operator financial data,900.0,900.0,0.0,0.0,False,False,degenerate,degenerate,1.0,1.0,1.0,0.0,b_warmup_excluded
leo_ntn,leo_gateway_side,6,UT00,gateway_side,False,-195.0,195.0,0.0,1.0,0.0,2,0,True,True,False,False,180.0,195.0,195.0,0.0,6.0,489.0,,,,-195.0,-75.0,294.0,294.0,489.0,0.0,403,0,17,181,1.0,0.9595238095238096,0.9793438639125152,0.0,0.04047619047619048,401,0,19,181,1.0,0.9547619047619048,0.976857490864799,0.0,0.04523809523809524,420,181,0,0,0.6988352745424293,1.0,0.822722820763957,1.0,0.0,ILLUSTRATIVE - not derived from operator financial data,906.73,906.73,0.0,0.0,False,False,degenerate,degenerate,1.0,1.0,1.0,0.0,b_warmup_excluded
leo_ntn,leo_gateway_side,7,UT00,gateway_side,False,-195.0,195.0,0.0,0.0,0.0,1,0,True,True,False,False,180.0,195.0,195.0,0.0,6.0,,,,,-195.0,-75.0,,,,0.0,402,0,18,181,1.0,0.9571428571428572,0.9781021897810218,0.0,0.04285714285714286,401,0,19,181,1.0,0.9547619047619048,0.976857490864799,0.0,0.04523809523809524,420,181,0,0,0.6988352745424293,1.0,0.822722820763957,1.0,0.0,ILLUSTRATIVE - not derived from operator financial data,900.0,900.0,0.0,0.0,False,False,degenerate,degenerate,1.0,1.0,1.0,0.0,b_warmup_excluded
leo_ntn,leo_gateway_side,8,UT00,gateway_side,False,-186.0,195.0,0.0,1.0,0.0,2,0,True,True,False,False,180.0,195.0,195.0,9.0,15.0,534.0,,,,-186.0,-75.0,339.0,339.0,525.0,0.0,401,0,19,181,1.0,0.9547619047619048,0.976857490864799,0.0,0.04523809523809524,399,0,21,181,1.0,0.95,0.9743589743589743,0.0,0.05,420,172,0,9,0.7094594594594594,1.0,0.8300395256916996,0.9502762430939227,0.0,ILLUSTRATIVE - not derived from operator financial data,906.73,906.73,0.0,0.0,False,False,degenerate,degenerate,1.0,1.0,1.0,0.0,b_warmup_excluded
leo_ntn,leo_gateway_side,9,UT00,gateway_side,False,-196.0,196.0,1.0,0.0,0.0,1,0,True,True,False,False,180.0,195.0,196.0,0.0,6.0,,,,,-195.0,-76.0,,,,1.0,402,0,18,181,1.0,0.9571428571428572,0.9781021897810218,0.0,0.04285714285714286,401,0,19,181,1.0,0.9547619047619048,0.976857490864799,0.0,0.04523809523809524,420,181,0,0,0.6988352745424293,1.0,0.822722820763957,1.0,0.0,ILLUSTRATIVE - not derived from operator financial data,900.0,900.0,0.0,0.0,False,False,degenerate,degenerate,1.0,1.0,1.0,0.0,b_warmup_excluded
leo_ntn,leo_gateway_side,10,UT00,gateway_side,False,-196.0,196.0,0.0,0.0,0.0,2,0,True,True,False,False,180.0,196.0,196.0,0.0,6.0,,,,,-196.0,-76.0,,,,0.0,399,0,21,181,1.0,0.95,0.9743589743589743,0.0,0.05,397,0,23,181,1.0,0.9452380952380952,0.9718482252141982,0.0,0.05476190476190476,420,181,0,0,0.6988352745424293,1.0,0.822722820763957,1.0,0.0,ILLUSTRATIVE - not derived from operator financial data,900.0,900.0,0.0,0.0,False,False,degenerate,degenerate,1.0,1.0,1.0,0.0,b_warmup_excluded
leo_ntn,leo_gateway_side,11,UT00,gateway_side,False,-196.0,196.0,4.0,0.0,0.0,1,0,True,True,False,False,180.0,192.0,196.0,0.0,6.0,,,,,-192.0,-76.0,,,,4.0,402,0,18,181,1.0,0.9571428571428572,0.9781021897810218,0.0,0.04285714285714286,401,0,19,181,1.0,0.9547619047619048,0.976857490864799,0.0,0.04523809523809524,420,181,0,0,0.6988352745424293,1.0,0.822722820763957,1.0,0.0,ILLUSTRATIVE - not derived from operator financial data,900.0,900.0,0.0,0.0,False,False,degenerate,degenerate,1.0,1.0,1.0,0.0,b_warmup_excluded
leo_ntn,leo_gateway_side,12,UT00,gateway_side,False,-191.0,191.0,4.0,0.0,0.0,3,0,True,True,False,False,180.0,187.0,191.0,0.0,6.0,,,,,-187.0,-71.0,,,,4.0,405,0,15,181,1.0,0.9642857142857143,0.9818181818181818,0.0,0.03571428571428571,402,0,18,181,1.0,0.9571428571428572,0.9781021897810218,0.0,0.04285714285714286,420,181,0,0,0.6988352745424293,1.0,0.822722820763957,1.0,0.0,ILLUSTRATIVE - not derived from operator financial data,900.0,900.0,0.0,0.0,False,False,degenerate,degenerate,1.0,1.0,1.0,0.0,b_warmup_excluded
leo_ntn,leo_gateway_side,13,UT00,gateway_side,False,-200.0,200.0,0.0,1.0,0.0,0,0,True,True,False,False,180.0,200.0,200.0,0.0,6.0,386.0,,,,-200.0,-80.0,186.0,186.0,386.0,0.0,398,0,22,181,1.0,0.9476190476190476,0.9731051344743276,0.0,0.05238095238095238,398,0,22,181,1.0,0.9476190476190476,0.9731051344743276,0.0,0.05238095238095238,420,181,0,0,0.6988352745424293,1.0,0.822722820763957,1.0,0.0,ILLUSTRATIVE - not derived from operator financial data,906.73,906.73,0.0,0.0,False,False,degenerate,degenerate,1.0,1.0,1.0,0.0,b_warmup_excluded
leo_ntn,leo_gateway_side,14,UT00,gateway_side,False,-189.0,189.0,14.0,2.0,0.0,2,0,True,True,False,False,180.0,175.0,189.0,0.0,6.0,458.0,,,,-175.0,-69.0,283.0,269.0,458.0,14.0,409,1,11,180,0.9975609756097561,0.9738095238095238,0.9855421686746987,0.0055248618784530384,0.02619047619047619,408,0,12,181,1.0,0.9714285714285714,0.9855072463768115,0.0,0.02857142857142857,420,181,0,0,0.6988352745424293,1.0,0.822722820763957,1.0,0.0,ILLUSTRATIVE - not derived from operator financial data,913.47,913.47,0.0,0.0,False,False,degenerate,degenerate,1.0,1.0,1.0,0.0,b_warmup_excluded
leo_ntn,leo_gateway_side,15,UT00,gateway_side,False,-191.0,191.0,0.0,1.0,0.0,0,0,True,True,False,False,180.0,191.0,191.0,0.0,6.0,220.0,,,,-191.0,-71.0,29.0,29.0,220.0,0.0,406,0,14,181,1.0,0.9666666666666667,0.983050847457627,0.0,0.03333333333333333,406,0,14,181,1.0,0.9666666666666667,0.983050847457627,0.0,0.03333333333333333,420,181,0,0,0.6988352745424293,1.0,0.822722820763957,1.0,0.0,ILLUSTRATIVE - not derived from operator financial data,906.73,906.73,0.0,0.0,False,False,degenerate,degenerate,1.0,1.0,1.0,0.0,b_warmup_excluded
leo_ntn,leo_hidden_in_rain,1,UT00,rf_subsystem,False,-157.0,157.0,0.0,7.0,76.0,1,93,True,True,False,False,175.0,157.0,157.0,0.0,6.0,161.0,162.0,,,-157.0,-37.0,4.0,4.0,161.0,0.0,180,0,15,406,1.0,0.9230769230769231,0.9600000000000001,0.0,0.07692307692307693,86,0,21,494,1.0,0.8037383177570093,0.8911917098445596,0.0,0.19626168224299065,107,494,0,0,0.17803660565723795,1.0,0.3022598870056497,1.0,0.0,ILLUSTRATIVE - not derived from operator financial data,1666.6,1666.6,0.0,0.0,False,False,degenerate,degenerate,1.0,1.0,1.0,0.0,b_warmup_excluded
leo_ntn,leo_hidden_in_rain,2,UT00,rf_subsystem,False,-154.0,154.0,21.0,4.0,80.0,13,102,True,True,False,False,175.0,133.0,154.0,0.0,6.0,157.0,161.0,,,-133.0,-34.0,24.0,3.0,157.0,21.0,188,12,7,394,0.94,0.9641025641025641,0.9518987341772152,0.029556650246305417,0.035897435897435895,85,0,22,494,1.0,0.794392523364486,0.8854166666666666,0.0,0.205607476635514,107,494,0,0,0.17803660565723795,1.0,0.3022598870056497,1.0,0.0,ILLUSTRATIVE - not derived from operator financial data,1684.27,1684.27,0.0,0.0,False,False,degenerate,degenerate,1.0,1.0,1.0,0.0,b_warmup_excluded
leo_ntn,leo_hidden_in_rain,3,UT00,rf_subsystem,False,-159.0,159.0,0.0,6.0,78.0,8,95,True,True,False,False,175.0,159.0,159.0,0.0,6.0,161.0,162.0,,,-159.0,-39.0,2.0,2.0,161.0,0.0,181,7,14,399,0.9627659574468085,0.9282051282051282,0.9451697127937337,0.017241379310344827,0.07179487179487179,85,0,22,494,1.0,0.794392523364486,0.8854166666666666,0.0,0.205607476635514,107,494,0,0,0.17803660565723795,1.0,0.3022598870056497,1.0,0.0,ILLUSTRATIVE - not derived from operator financial data,1678.8,1678.8,0.0,0.0,False,False,degenerate,degenerate,1.0,1.0,1.0,0.0,b_warmup_excluded
leo_ntn,leo_hidden_in_rain,4,UT00,rf_subsystem,False,-154.0,154.0,0.0,3.0,81.0,11,100,True,True,False,False,175.0,154.0,154.0,0.0,6.0,157.0,157.0,,,-154.0,-34.0,3.0,3.0,157.0,0.0,185,12,10,394,0.9390862944162437,0.9487179487179487,0.9438775510204082,0.029556650246305417,0.05128205128205128,86,0,21,494,1.0,0.8037383177570093,0.8911917098445596,0.0,0.19626168224299065,107,494,0,0,0.17803660565723795,1.0,0.3022598870056497,1.0,0.0,ILLUSTRATIVE - not derived from operator financial data,1687.0,1687.0,0.0,0.0,False,False,degenerate,degenerate,1.0,1.0,1.0,0.0,b_warmup_excluded
leo_ntn,leo_hidden_in_rain,5,UT00,rf_subsystem,False,-160.0,160.0,0.0,8.0,75.0,0,94,True,True,False,False,175.0,160.0,160.0,0.0,6.0,161.0,162.0,,,-160.0,-40.0,1.0,1.0,161.0,0.0,180,0,15,406,1.0,0.9230769230769231,0.9600000000000001,0.0,0.07692307692307693,86,0,21,494,1.0,0.8037383177570093,0.8911917098445596,0.0,0.19626168224299065,107,494,0,0,0.17803660565723795,1.0,0.3022598870056497,1.0,0.0,ILLUSTRATIVE - not derived from operator financial data,1663.87,1663.87,0.0,0.0,False,False,degenerate,degenerate,1.0,1.0,1.0,0.0,b_warmup_excluded
leo_ntn,leo_hidden_in_rain,6,UT00,rf_subsystem,False,-155.0,155.0,0.0,6.0,78.0,1,97,True,True,False,False,175.0,155.0,155.0,0.0,6.0,157.0,161.0,,,-155.0,-35.0,2.0,2.0,157.0,0.0,184,0,11,406,1.0,0.9435897435897436,0.9709762532981531,0.0,0.05641025641025641,86,0,21,494,1.0,0.8037383177570093,0.8911917098445596,0.0,0.19626168224299065,107,494,0,0,0.17803660565723795,1.0,0.3022598870056497,1.0,0.0,ILLUSTRATIVE - not derived from operator financial data,1678.8,1678.8,0.0,0.0,False,False,degenerate,degenerate,1.0,1.0,1.0,0.0,b_warmup_excluded
leo_ntn,leo_hidden_in_rain,7,UT00,rf_subsystem,False,-155.0,155.0,0.0,9.0,75.0,5,99,True,True,False,False,175.0,155.0,155.0,0.0,6.0,157.0,162.0,,,-155.0,-35.0,2.0,2.0,157.0,0.0,185,5,10,401,0.9736842105263158,0.9487179487179487,0.9610389610389611,0.012315270935960592,0.05128205128205128,86,0,21,494,1.0,0.8037383177570093,0.8911917098445596,0.0,0.19626168224299065,107,494,0,0,0.17803660565723795,1.0,0.3022598870056497,1.0,0.0,ILLUSTRATIVE - not derived from operator financial data,1670.6,1670.6,0.0,0.0,False,False,degenerate,degenerate,1.0,1.0,1.0,0.0,b_warmup_excluded
leo_ntn,leo_hidden_in_rain,8,UT00,rf_subsystem,False,-146.0,155.0,0.0,9.0,74.0,0,97,True,True,False,False,175.0,155.0,155.0,9.0,15.0,157.0,162.0,,,-146.0,-35.0,2.0,2.0,148.0,0.0,183,0,12,406,1.0,0.9384615384615385,0.9682539682539683,0.0,0.06153846153846154,86,0,21,494,1.0,0.8037383177570093,0.8911917098445596,0.0,0.19626168224299065,107,485,0,9,0.18074324324324326,1.0,0.30615164520743926,0.9817813765182186,0.0,ILLUSTRATIVE - not derived from operator financial data,1661.13,1661.13,0.0,0.0,False,False,degenerate,degenerate,1.0,1.0,1.0,0.0,b_warmup_excluded
leo_ntn,leo_hidden_in_rain,9,UT00,rf_subsystem,False,-156.0,156.0,0.0,7.0,77.0,0,95,True,True,False,False,175.0,156.0,156.0,0.0,6.0,157.0,162.0,,,-156.0,-36.0,1.0,1.0,157.0,0.0,181,0,14,406,1.0,0.9282051282051282,0.9627659574468085,0.0,0.07179487179487179,86,0,21,494,1.0,0.8037383177570093,0.8911917098445596,0.0,0.19626168224299065,107,494,0,0,0.17803660565723795,1.0,0.3022598870056497,1.0,0.0,ILLUSTRATIVE - not derived from operator financial data,1676.07,1676.07,0.0,0.0,False,False,degenerate,degenerate,1.0,1.0,1.0,0.0,b_warmup_excluded
leo_ntn,leo_hidden_in_rain,10,UT00,rf_subsystem,False,-155.0,155.0,0.0,8.0,76.0,1,98,True,True,False,False,175.0,155.0,155.0,0.0,6.0,157.0,162.0,,,-155.0,-35.0,2.0,2.0,157.0,0.0,185,0,10,406,1.0,0.9487179487179487,0.9736842105263158,0.0,0.05128205128205128,86,0,21,494,1.0,0.8037383177570093,0.8911917098445596,0.0,0.19626168224299065,107,494,0,0,0.17803660565723795,1.0,0.3022598870056497,1.0,0.0,ILLUSTRATIVE - not derived from operator financial data,1673.33,1673.33,0.0,0.0,False,False,degenerate,degenerate,1.0,1.0,1.0,0.0,b_warmup_excluded
leo_ntn,leo_hidden_in_rain,11,UT00,rf_subsystem,False,-155.0,155.0,0.0,8.0,76.0,0,97,True,True,False,False,175.0,155.0,155.0,0.0,6.0,157.0,162.0,,,-155.0,-35.0,2.0,2.0,157.0,0.0,183,0,12,406,1.0,0.9384615384615385,0.9682539682539683,0.0,0.06153846153846154,86,0,21,494,1.0,0.8037383177570093,0.8911917098445596,0.0,0.19626168224299065,107,494,0,0,0.17803660565723795,1.0,0.3022598870056497,1.0,0.0,ILLUSTRATIVE - not derived from operator financial data,1673.33,1673.33,0.0,0.0,False,False,degenerate,degenerate,1.0,1.0,1.0,0.0,b_warmup_excluded
leo_ntn,leo_hidden_in_rain,12,UT00,rf_subsystem,False,-155.0,155.0,0.0,7.0,77.0,2,99,True,True,False,False,175.0,155.0,155.0,0.0,6.0,157.0,162.0,,,-155.0,-35.0,2.0,2.0,157.0,0.0,185,1,10,405,0.9946236559139785,0.9487179487179487,0.9711286089238845,0.0024630541871921183,0.05128205128205128,85,0,22,494,1.0,0.794392523364486,0.8854166666666666,0.0,0.205607476635514,107,494,0,0,0.17803660565723795,1.0,0.3022598870056497,1.0,0.0,ILLUSTRATIVE - not derived from operator financial data,1676.07,1676.07,0.0,0.0,False,False,degenerate,degenerate,1.0,1.0,1.0,0.0,b_warmup_excluded
leo_ntn,leo_hidden_in_rain,13,UT00,rf_subsystem,False,-155.0,155.0,0.0,6.0,77.0,2,97,True,True,False,False,175.0,155.0,155.0,0.0,6.0,161.0,162.0,,,-155.0,-35.0,6.0,6.0,161.0,0.0,185,0,10,406,1.0,0.9487179487179487,0.9736842105263158,0.0,0.05128205128205128,86,0,21,494,1.0,0.8037383177570093,0.8911917098445596,0.0,0.19626168224299065,107,494,0,0,0.17803660565723795,1.0,0.3022598870056497,1.0,0.0,ILLUSTRATIVE - not derived from operator financial data,1669.33,1669.33,0.0,0.0,False,False,degenerate,degenerate,1.0,1.0,1.0,0.0,b_warmup_excluded
leo_ntn,leo_hidden_in_rain,14,UT00,rf_subsystem,False,-155.0,155.0,0.0,8.0,76.0,11,99,True,True,False,False,175.0,155.0,155.0,0.0,6.0,157.0,162.0,,,-155.0,-35.0,2.0,2.0,157.0,0.0,185,11,10,395,0.9438775510204082,0.9487179487179487,0.9462915601023018,0.027093596059113302,0.05128205128205128,86,0,21,494,1.0,0.8037383177570093,0.8911917098445596,0.0,0.19626168224299065,107,494,0,0,0.17803660565723795,1.0,0.3022598870056497,1.0,0.0,ILLUSTRATIVE - not derived from operator financial data,1673.33,1673.33,0.0,0.0,False,False,degenerate,degenerate,1.0,1.0,1.0,0.0,b_warmup_excluded
leo_ntn,leo_hidden_in_rain,15,UT00,rf_subsystem,False,-157.0,157.0,0.0,9.0,75.0,4,95,True,True,False,False,175.0,157.0,157.0,0.0,6.0,157.0,162.0,,,-157.0,-37.0,0.0,0.0,157.0,0.0,181,3,14,403,0.9836956521739131,0.9282051282051282,0.9551451187335093,0.007389162561576354,0.07179487179487179,85,0,22,494,1.0,0.794392523364486,0.8854166666666666,0.0,0.205607476635514,107,494,0,0,0.17803660565723795,1.0,0.3022598870056497,1.0,0.0,ILLUSTRATIVE - not derived from operator financial data,1670.6,1670.6,0.0,0.0,False,False,degenerate,degenerate,1.0,1.0,1.0,0.0,b_warmup_excluded
leo_ntn,leo_gateway_side,1,UT00,gateway_side,False,-175.0,189.0,16.0,1.0,0.0,17,0,True,True,False,False,180.0,173.0,175.0,0.0,6.0,1876.0,,,,-173.0,-175.0,1703.0,1701.0,1876.0,2.0,2213,3,7,178,0.9986462093862816,0.9968468468468469,0.9977457168620378,0.016574585635359115,0.003153153153153153,2198,1,22,180,0.9995452478399273,0.9900900900900901,0.9947952025345101,0.0055248618784530384,0.00990990990990991,2220,181,0,0,0.9246147438567264,1.0,0.9608309889634278,1.0,0.0,ILLUSTRATIVE - not derived from operator financial data,906.73,906.73,0.0,0.0,False,False,,,,,,,c_long_run_2400min
leo_ntn,leo_gateway_side,2,UT00,gateway_side,False,-187.0,187.0,54.0,6.0,0.0,8,0,True,True,False,False,180.0,133.0,187.0,0.0,6.0,440.0,,,,-133.0,-187.0,307.0,253.0,440.0,54.0,2207,3,13,178,0.9986425339366516,0.9941441441441441,0.9963882618510158,0.016574585635359115,0.005855855855855856,2202,0,18,181,1.0,0.9918918918918919,0.9959294436906377,0.0,0.008108108108108109,2220,181,0,0,0.9246147438567264,1.0,0.9608309889634278,1.0,0.0,ILLUSTRATIVE - not derived from operator financial data,940.4,940.4,0.0,0.0,False,False,,,,,,,c_long_run_2400min
leo_ntn,leo_gateway_side,3,UT00,gateway_side,False,-195.0,195.0,0.0,1.0,0.0,0,0,True,True,False,False,180.0,195.0,195.0,0.0,6.0,2338.0,,,,-195.0,-195.0,2143.0,2143.0,2338.0,0.0,2200,0,20,181,1.0,0.990990990990991,0.9954751131221719,0.0,0.009009009009009009,2200,0,20,181,1.0,0.990990990990991,0.9954751131221719,0.0,0.009009009009009009,2220,181,0,0,0.9246147438567264,1.0,0.9608309889634278,1.0,0.0,ILLUSTRATIVE - not derived from operator financial data,906.73,906.73,0.0,0.0,False,False,,,,,,,c_long_run_2400min
leo_ntn,leo_gateway_side,4,UT00,gateway_side,False,-191.0,191.0,34.0,3.0,0.0,37,0,True,True,False,False,180.0,157.0,191.0,0.0,6.0,1104.0,,,,-157.0,-191.0,947.0,913.0,1104.0,34.0,2214,8,6,173,0.9963996399639964,0.9972972972972973,0.9968482665466005,0.04419889502762431,0.002702702702702703,2185,0,35,181,1.0,0.9842342342342343,0.9920544835414302,0.0,0.015765765765765764,2220,181,0,0,0.9246147438567264,1.0,0.9608309889634278,1.0,0.0,ILLUSTRATIVE - not derived from operator financial data,920.2,920.2,0.0,0.0,False,False,,,,,,,c_long_run_2400min
leo_ntn,leo_gateway_side,5,UT00,gateway_side,False,-197.0,197.0,10.0,1.0,0.0,6,0,True,True,False,False,180.0,187.0,197.0,0.0,6.0,781.0,,,,-187.0,-197.0,594.0,584.0,781.0,10.0,2204,0,16,181,1.0,0.9927927927927928,0.996383363471971,0.0,0.007207207207207207,2198,0,22,181,1.0,0.9900900900900901,0.9950203712086918,0.0,0.00990990990990991,2220,181,0,0,0.9246147438567264,1.0,0.9608309889634278,1.0,0.0,ILLUSTRATIVE - not derived from operator financial data,906.73,906.73,0.0,0.0,False,False,,,,,,,c_long_run_2400min
leo_ntn,leo_gateway_side,6,UT00,gateway_side,False,-195.0,195.0,0.0,1.0,0.0,7,0,True,True,False,False,180.0,195.0,195.0,0.0,6.0,489.0,,,,-195.0,-195.0,294.0,294.0,489.0,0.0,2203,0,17,181,1.0,0.9923423423423423,0.9961564548948677,0.0,0.0076576576576576575,2196,0,24,181,1.0,0.9891891891891892,0.9945652173913043,0.0,0.010810810810810811,2220,181,0,0,0.9246147438567264,1.0,0.9608309889634278,1.0,0.0,ILLUSTRATIVE - not derived from operator financial data,906.73,906.73,0.0,0.0,False,False,,,,,,,c_long_run_2400min
leo_ntn,leo_gateway_side,7,UT00,gateway_side,False,-195.0,195.0,0.0,2.0,0.0,1,0,True,True,False,False,180.0,195.0,195.0,0.0,6.0,1104.0,,,,-195.0,-195.0,909.0,909.0,1104.0,0.0,2202,0,18,181,1.0,0.9918918918918919,0.9959294436906377,0.0,0.008108108108108109,2201,0,19,181,1.0,0.9914414414414414,0.9957023297896404,0.0,0.008558558558558558,2220,181,0,0,0.9246147438567264,1.0,0.9608309889634278,1.0,0.0,ILLUSTRATIVE - not derived from operator financial data,913.47,913.47,0.0,0.0,False,False,,,,,,,c_long_run_2400min
leo_ntn,leo_gateway_side,8,UT00,gateway_side,False,-186.0,195.0,0.0,3.0,0.0,5,0,True,True,False,False,180.0,195.0,195.0,9.0,15.0,534.0,,,,-186.0,-186.0,339.0,339.0,525.0,0.0,2201,0,19,181,1.0,0.9914414414414414,0.9957023297896404,0.0,0.008558558558558558,2196,0,24,181,1.0,0.9891891891891892,0.9945652173913043,0.0,0.010810810810810811,2220,172,0,9,0.9280936454849499,1.0,0.9627059843885516,0.9502762430939227,0.0,ILLUSTRATIVE - not derived from operator financial data,920.2,920.2,0.0,0.0,False,False,,,,,,,c_long_run_2400min
leo_ntn,leo_gateway_side,9,UT00,gateway_side,False,-196.0,196.0,1.0,2.0,0.0,1,0,True,True,False,False,180.0,195.0,196.0,0.0,6.0,772.0,,,,-195.0,-196.0,577.0,576.0,772.0,1.0,2202,0,18,181,1.0,0.9918918918918919,0.9959294436906377,0.0,0.008108108108108109,2201,0,19,181,1.0,0.9914414414414414,0.9957023297896404,0.0,0.008558558558558558,2220,181,0,0,0.9246147438567264,1.0,0.9608309889634278,1.0,0.0,ILLUSTRATIVE - not derived from operator financial data,913.47,913.47,0.0,0.0,False,False,,,,,,,c_long_run_2400min
leo_ntn,leo_gateway_side,10,UT00,gateway_side,False,-196.0,196.0,0.0,3.0,0.0,5,0,True,True,False,False,180.0,196.0,196.0,0.0,6.0,1279.0,,,,-196.0,-196.0,1083.0,1083.0,1279.0,0.0,2199,0,21,181,1.0,0.9905405405405405,0.9952477936184657,0.0,0.00945945945945946,2194,0,26,181,1.0,0.9882882882882883,0.9941096511101043,0.0,0.011711711711711712,2220,181,0,0,0.9246147438567264,1.0,0.9608309889634278,1.0,0.0,ILLUSTRATIVE - not derived from operator financial data,920.2,920.2,0.0,0.0,False,False,,,,,,,c_long_run_2400min
leo_ntn,leo_gateway_side,11,UT00,gateway_side,False,-196.0,196.0,4.0,1.0,0.0,3,0,True,True,False,False,180.0,192.0,196.0,0.0,6.0,1656.0,,,,-192.0,-196.0,1464.0,1460.0,1656.0,4.0,2202,0,18,181,1.0,0.9918918918918919,0.9959294436906377,0.0,0.008108108108108109,2199,0,21,181,1.0,0.9905405405405405,0.9952477936184657,0.0,0.00945945945945946,2220,181,0,0,0.9246147438567264,1.0,0.9608309889634278,1.0,0.0,ILLUSTRATIVE - not derived from operator financial data,906.73,906.73,0.0,0.0,False,False,,,,,,,c_long_run_2400min
leo_ntn,leo_gateway_side,12,UT00,gateway_side,False,-191.0,191.0,4.0,5.0,0.0,7,0,True,True,False,False,180.0,187.0,191.0,0.0,6.0,1050.0,,,,-187.0,-191.0,863.0,859.0,1050.0,4.0,2205,0,15,181,1.0,0.9932432432432432,0.9966101694915254,0.0,0.006756756756756757,2198,0,22,181,1.0,0.9900900900900901,0.9950203712086918,0.0,0.00990990990990991,2220,181,0,0,0.9246147438567264,1.0,0.9608309889634278,1.0,0.0,ILLUSTRATIVE - not derived from operator financial data,933.67,933.67,0.0,0.0,False,False,,,,,,,c_long_run_2400min
leo_ntn,leo_gateway_side,13,UT00,gateway_side,False,-200.0,200.0,0.0,2.0,0.0,7,0,True,True,False,False,180.0,200.0,200.0,0.0,6.0,386.0,,,,-200.0,-200.0,186.0,186.0,386.0,0.0,2198,0,22,181,1.0,0.9900900900900901,0.9950203712086918,0.0,0.00990990990990991,2191,0,29,181,1.0,0.986936936936937,0.9934255270913626,0.0,0.013063063063063063,2220,181,0,0,0.9246147438567264,1.0,0.9608309889634278,1.0,0.0,ILLUSTRATIVE - not derived from operator financial data,913.47,913.47,0.0,0.0,False,False,,,,,,,c_long_run_2400min
leo_ntn,leo_gateway_side,14,UT00,gateway_side,False,-189.0,189.0,14.0,7.0,0.0,3,0,True,True,False,False,180.0,175.0,189.0,0.0,6.0,458.0,,,,-175.0,-189.0,283.0,269.0,458.0,14.0,2209,1,11,180,0.9995475113122172,0.9950450450450451,0.9972911963882618,0.0055248618784530384,0.004954954954954955,2207,0,13,181,1.0,0.9941441441441441,0.9970634741359837,0.0,0.005855855855855856,2220,181,0,0,0.9246147438567264,1.0,0.9608309889634278,1.0,0.0,ILLUSTRATIVE - not derived from operator financial data,947.13,947.13,0.0,0.0,False,False,,,,,,,c_long_run_2400min
leo_ntn,leo_gateway_side,15,UT00,gateway_side,False,-191.0,191.0,0.0,5.0,0.0,2,0,True,True,False,False,180.0,191.0,191.0,0.0,6.0,220.0,,,,-191.0,-191.0,29.0,29.0,220.0,0.0,2206,0,14,181,1.0,0.9936936936936936,0.9968368730230457,0.0,0.006306306306306306,2204,0,16,181,1.0,0.9927927927927928,0.996383363471971,0.0,0.007207207207207207,2220,181,0,0,0.9246147438567264,1.0,0.9608309889634278,1.0,0.0,ILLUSTRATIVE - not derived from operator financial data,933.67,933.67,0.0,0.0,False,False,,,,,,,c_long_run_2400min
leo_ntn,leo_ground_rain,1,UT00,propagation_fade,True,-157.0,157.0,0.0,7.0,75.0,1,93,True,False,True,False,150.0,157.0,157.0,0.0,6.0,161.0,162.0,,260.0,-157.0,-157.0,4.0,4.0,161.0,0.0,94,0,15,2292,1.0,0.8623853211009175,0.9261083743842364,0.0,0.13761467889908258,0,0,0,2401,,,,0.0,,0,2401,0,0,0.0,,,1.0,,ILLUSTRATIVE - not derived from operator financial data,1657.13,757.13,900.0,54.3,False,True,,,,,,,c_long_run_2400min
leo_ntn,leo_ground_rain,2,UT00,propagation_fade,True,-154.0,154.0,21.0,4.0,79.0,49,102,True,False,True,False,150.0,133.0,154.0,0.0,6.0,157.0,161.0,,260.0,-133.0,-154.0,24.0,3.0,157.0,21.0,102,49,7,2243,0.6754966887417219,0.9357798165137615,0.7846153846153847,0.02137870855148342,0.06422018348623854,0,0,0,2401,,,,0.0,,0,2401,0,0,0.0,,,1.0,,ILLUSTRATIVE - not derived from operator financial data,1674.8,774.8,900.0,53.7,False,True,,,,,,,c_long_run_2400min
leo_ntn,leo_ground_rain,3,UT00,propagation_fade,True,-159.0,159.0,0.0,5.0,77.0,24,97,True,False,True,False,150.0,159.0,159.0,0.0,6.0,161.0,162.0,,260.0,-159.0,-159.0,2.0,2.0,161.0,0.0,95,26,14,2266,0.7851239669421488,0.8715596330275229,0.826086956521739,0.011343804537521814,0.12844036697247707,0,0,0,2401,,,,0.0,,0,2401,0,0,0.0,,,1.0,,ILLUSTRATIVE - not derived from operator financial data,1662.6,762.6,900.0,54.1,False,True,,,,,,,c_long_run_2400min
leo_ntn,leo_ground_rain,4,UT00,propagation_fade,True,-154.0,154.0,0.0,2.0,81.0,24,101,True,False,True,False,150.0,154.0,154.0,0.0,6.0,157.0,157.0,,260.0,-154.0,-154.0,3.0,3.0,157.0,0.0,99,26,10,2266,0.792,0.908256880733945,0.8461538461538463,0.011343804537521814,0.09174311926605505,0,0,0,2401,,,,0.0,,0,2401,0,0,0.0,,,1.0,,ILLUSTRATIVE - not derived from operator financial data,1680.27,780.27,900.0,53.6,False,True,,,,,,,c_long_run_2400min
leo_ntn,leo_ground_rain,5,UT00,propagation_fade,True,-160.0,160.0,0.0,7.0,75.0,15,94,True,False,True,False,150.0,160.0,160.0,0.0,6.0,161.0,162.0,,260.0,-160.0,-160.0,1.0,1.0,161.0,0.0,94,15,15,2277,0.8623853211009175,0.8623853211009175,0.8623853211009176,0.006544502617801047,0.13761467889908258,0,0,0,2401,,,,0.0,,0,2401,0,0,0.0,,,1.0,,ILLUSTRATIVE - not derived from operator financial data,1657.13,757.13,900.0,54.3,False,True,,,,,,,c_long_run_2400min
leo_ntn,leo_ground_rain,6,UT00,propagation_fade,True,-155.0,155.0,0.0,5.0,78.0,6,97,True,False,True,False,150.0,155.0,155.0,0.0,6.0,157.0,161.0,,260.0,-155.0,-155.0,2.0,2.0,157.0,0.0,98,5,11,2287,0.9514563106796117,0.8990825688073395,0.9245283018867926,0.002181500872600349,0.10091743119266056,0,0,0,2401,,,,0.0,,0,2401,0,0,0.0,,,1.0,,ILLUSTRATIVE - not derived from operator financial data,1672.07,772.07,900.0,53.8,False,True,,,,,,,c_long_run_2400min
leo_ntn,leo_ground_rain,7,UT00,propagation_fade,True,-155.0,155.0,0.0,9.0,74.0,39,99,True,False,True,False,150.0,155.0,155.0,0.0,6.0,157.0,162.0,,260.0,-155.0,-155.0,2.0,2.0,157.0,0.0,99,39,10,2253,0.717391304347826,0.908256880733945,0.8016194331983806,0.017015706806282723,0.09174311926605505,0,0,0,2401,,,,0.0,,0,2401,0,0,0.0,,,1.0,,ILLUSTRATIVE - not derived from operator financial data,1661.13,761.13,900.0,54.2,False,True,,,,,,,c_long_run_2400min
leo_ntn,leo_ground_rain,8,UT00,propagation_fade,True,-146.0,155.0,0.0,9.0,73.0,68,98,True,False,True,False,150.0,155.0,155.0,9.0,15.0,157.0,162.0,,260.0,-146.0,-146.0,2.0,2.0,148.0,0.0,97,69,12,2223,0.5843373493975904,0.8899082568807339,0.7054545454545454,0.030104712041884817,0.11009174311926606,0,0,0,2401,,,,0.0,,0,2392,0,9,0.0,,,0.9962515618492295,,ILLUSTRATIVE - not derived from operator financial data,1651.67,751.67,900.0,54.5,False,True,,,,,,,c_long_run_2400min
leo_ntn,leo_ground_rain,9,UT00,propagation_fade,True,-156.0,156.0,0.0,6.0,77.0,2,95,True,False,True,False,150.0,156.0,156.0,0.0,6.0,157.0,162.0,,260.0,-156.0,-156.0,1.0,1.0,157.0,0.0,95,2,14,2290,0.979381443298969,0.8715596330275229,0.9223300970873787,0.0008726003490401396,0.12844036697247707,0,0,0,2401,,,,0.0,,0,2401,0,0,0.0,,,1.0,,ILLUSTRATIVE - not derived from operator financial data,1669.33,769.33,900.0,53.9,False,True,,,,,,,c_long_run_2400min
leo_ntn,leo_ground_rain,10,UT00,propagation_fade,True,-155.0,155.0,0.0,8.0,75.0,1,99,True,False,True,False,150.0,155.0,155.0,0.0,6.0,157.0,162.0,,260.0,-155.0,-155.0,2.0,2.0,157.0,0.0,99,1,10,2291,0.99,0.908256880733945,0.9473684210526316,0.0004363001745200698,0.09174311926605505,0,0,0,2401,,,,0.0,,0,2401,0,0,0.0,,,1.0,,ILLUSTRATIVE - not derived from operator financial data,1663.87,763.87,900.0,54.1,False,True,,,,,,,c_long_run_2400min
leo_ntn,leo_ground_rain,11,UT00,propagation_fade,True,-155.0,155.0,0.0,8.0,75.0,6,97,True,False,True,False,150.0,155.0,155.0,0.0,6.0,157.0,162.0,,260.0,-155.0,-155.0,2.0,2.0,157.0,0.0,97,6,12,2286,0.941747572815534,0.8899082568807339,0.9150943396226414,0.002617801047120419,0.11009174311926606,0,0,0,2401,,,,0.0,,0,2401,0,0,0.0,,,1.0,,ILLUSTRATIVE - not derived from operator financial data,1663.87,763.87,900.0,54.1,False,True,,,,,,,c_long_run_2400min
leo_ntn,leo_ground_rain,12,UT00,propagation_fade,True,-155.0,155.0,0.0,6.0,77.0,17,99,True,False,True,False,150.0,155.0,155.0,0.0,6.0,157.0,162.0,,260.0,-155.0,-155.0,2.0,2.0,157.0,0.0,99,17,10,2275,0.853448275862069,0.908256880733945,0.88,0.007417102966841187,0.09174311926605505,0,0,0,2401,,,,0.0,,0,2401,0,0,0.0,,,1.0,,ILLUSTRATIVE - not derived from operator financial data,1669.33,769.33,900.0,53.9,False,True,,,,,,,c_long_run_2400min
leo_ntn,leo_ground_rain,13,UT00,propagation_fade,True,-155.0,155.0,0.0,6.0,76.0,13,101,True,False,True,False,150.0,155.0,155.0,0.0,6.0,161.0,162.0,,260.0,-155.0,-155.0,6.0,6.0,161.0,0.0,99,15,10,2277,0.868421052631579,0.908256880733945,0.8878923766816144,0.006544502617801047,0.09174311926605505,0,0,0,2401,,,,0.0,,0,2401,0,0,0.0,,,1.0,,ILLUSTRATIVE - not derived from operator financial data,1659.87,759.87,900.0,54.2,False,True,,,,,,,c_long_run_2400min
leo_ntn,leo_ground_rain,14,UT00,propagation_fade,True,-155.0,155.0,0.0,8.0,75.0,40,99,True,False,True,False,150.0,155.0,155.0,0.0,6.0,157.0,162.0,,260.0,-155.0,-155.0,2.0,2.0,157.0,0.0,99,40,10,2252,0.7122302158273381,0.908256880733945,0.7983870967741935,0.017452006980802792,0.09174311926605505,0,0,0,2401,,,,0.0,,0,2401,0,0,0.0,,,1.0,,ILLUSTRATIVE - not derived from operator financial data,1663.87,763.87,900.0,54.1,False,True,,,,,,,c_long_run_2400min
leo_ntn,leo_ground_rain,15,UT00,propagation_fade,True,-157.0,157.0,0.0,8.0,75.0,4,95,True,False,True,False,150.0,157.0,157.0,0.0,6.0,157.0,162.0,,260.0,-157.0,-157.0,0.0,0.0,157.0,0.0,95,4,14,2288,0.9595959595959596,0.8715596330275229,0.9134615384615384,0.0017452006980802793,0.12844036697247707,0,0,0,2401,,,,0.0,,0,2401,0,0,0.0,,,1.0,,ILLUSTRATIVE - not derived from operator financial data,1663.87,763.87,900.0,54.1,False,True,,,,,,,c_long_run_2400min
leo_ntn,leo_hidden_in_rain,1,UT00,rf_subsystem,False,-157.0,157.0,0.0,7.0,76.0,1,93,True,True,False,False,175.0,157.0,157.0,0.0,6.0,161.0,162.0,,,-157.0,-157.0,4.0,4.0,161.0,0.0,630,0,15,1756,1.0,0.9767441860465116,0.988235294117647,0.0,0.023255813953488372,536,0,21,1844,1.0,0.9622980251346499,0.980786825251601,0.0,0.03770197486535009,557,1844,0,0,0.23198667221990837,1.0,0.37660581473968896,1.0,0.0,ILLUSTRATIVE - not derived from operator financial data,1666.6,1666.6,0.0,0.0,False,False,,,,,,,c_long_run_2400min
leo_ntn,leo_hidden_in_rain,2,UT00,rf_subsystem,False,-154.0,154.0,21.0,4.0,80.0,50,102,True,True,False,False,175.0,133.0,154.0,0.0,6.0,157.0,161.0,,,-133.0,-154.0,24.0,3.0,157.0,21.0,638,49,7,1707,0.9286754002911208,0.9891472868217054,0.9579579579579579,0.027904328018223234,0.010852713178294573,535,0,22,1844,1.0,0.9605026929982047,0.9798534798534799,0.0,0.03949730700179533,557,1844,0,0,0.23198667221990837,1.0,0.37660581473968896,1.0,0.0,ILLUSTRATIVE - not derived from operator financial data,1684.27,1684.27,0.0,0.0,False,False,,,,,,,c_long_run_2400min
leo_ntn,leo_hidden_in_rain,3,UT00,rf_subsystem,False,-159.0,159.0,0.0,7.0,78.0,22,97,True,True,False,False,175.0,159.0,159.0,0.0,6.0,161.0,162.0,,,-159.0,-159.0,2.0,2.0,161.0,0.0,631,23,14,1733,0.9648318042813455,0.9782945736434109,0.9715165511932256,0.013097949886104784,0.021705426356589147,535,0,22,1844,1.0,0.9605026929982047,0.9798534798534799,0.0,0.03949730700179533,557,1844,0,0,0.23198667221990837,1.0,0.37660581473968896,1.0,0.0,ILLUSTRATIVE - not derived from operator financial data,1685.53,1685.53,0.0,0.0,False,False,,,,,,,c_long_run_2400min
leo_ntn,leo_hidden_in_rain,4,UT00,rf_subsystem,False,-154.0,154.0,0.0,3.0,81.0,23,101,True,True,False,False,175.0,154.0,154.0,0.0,6.0,157.0,157.0,,,-154.0,-154.0,3.0,3.0,157.0,0.0,635,25,10,1731,0.9621212121212122,0.9844961240310077,0.9731800766283525,0.014236902050113895,0.015503875968992248,536,0,21,1844,1.0,0.9622980251346499,0.980786825251601,0.0,0.03770197486535009,557,1844,0,0,0.23198667221990837,1.0,0.37660581473968896,1.0,0.0,ILLUSTRATIVE - not derived from operator financial data,1687.0,1687.0,0.0,0.0,False,False,,,,,,,c_long_run_2400min
leo_ntn,leo_hidden_in_rain,5,UT00,rf_subsystem,False,-160.0,160.0,0.0,8.0,75.0,0,94,True,True,False,False,175.0,160.0,160.0,0.0,6.0,161.0,162.0,,,-160.0,-160.0,1.0,1.0,161.0,0.0,630,0,15,1756,1.0,0.9767441860465116,0.988235294117647,0.0,0.023255813953488372,536,0,21,1844,1.0,0.9622980251346499,0.980786825251601,0.0,0.03770197486535009,557,1844,0,0,0.23198667221990837,1.0,0.37660581473968896,1.0,0.0,ILLUSTRATIVE - not derived from operator financial data,1663.87,1663.87,0.0,0.0,False,False,,,,,,,c_long_run_2400min
leo_ntn,leo_hidden_in_rain,6,UT00,rf_subsystem,False,-155.0,155.0,0.0,7.0,78.0,6,97,True,True,False,False,175.0,155.0,155.0,0.0,6.0,157.0,161.0,,,-155.0,-155.0,2.0,2.0,157.0,0.0,634,5,11,1751,0.9921752738654147,0.9829457364341085,0.9875389408099688,0.0028473804100227792,0.017054263565891473,536,0,21,1844,1.0,0.9622980251346499,0.980786825251601,0.0,0.03770197486535009,557,1844,0,0,0.23198667221990837,1.0,0.37660581473968896,1.0,0.0,ILLUSTRATIVE - not derived from operator financial data,1685.53,1685.53,0.0,0.0,False,False,,,,,,,c_long_run_2400min
leo_ntn,leo_hidden_in_rain,7,UT00,rf_subsystem,False,-155.0,155.0,0.0,10.0,75.0,38,99,True,True,False,False,175.0,155.0,155.0,0.0,6.0,157.0,162.0,,,-155.0,-155.0,2.0,2.0,157.0,0.0,635,38,10,1718,0.9435364041604755,0.9844961240310077,0.9635811836115326,0.02164009111617312,0.015503875968992248,536,0,21,1844,1.0,0.9622980251346499,0.980786825251601,0.0,0.03770197486535009,557,1844,0,0,0.23198667221990837,1.0,0.37660581473968896,1.0,0.0,ILLUSTRATIVE - not derived from operator financial data,1677.33,1677.33,0.0,0.0,False,False,,,,,,,c_long_run_2400min
leo_ntn,leo_hidden_in_rain,8,UT00,rf_subsystem,False,-146.0,155.0,0.0,9.0,74.0,0,97,True,True,False,False,175.0,155.0,155.0,9.0,15.0,157.0,162.0,,,-146.0,-146.0,2.0,2.0,148.0,0.0,633,0,12,1756,1.0,0.9813953488372092,0.9906103286384975,0.0,0.018604651162790697,536,0,21,1844,1.0,0.9622980251346499,0.980786825251601,0.0,0.03770197486535009,557,1835,0,9,0.23285953177257526,1.0,0.3777551712444897,0.995119305856833,0.0,ILLUSTRATIVE - not derived from operator financial data,1661.13,1661.13,0.0,0.0,False,False,,,,,,,c_long_run_2400min
leo_ntn,leo_hidden_in_rain,9,UT00,rf_subsystem,False,-156.0,156.0,0.0,7.0,77.0,2,95,True,True,False,False,175.0,156.0,156.0,0.0,6.0,157.0,162.0,,,-156.0,-156.0,1.0,1.0,157.0,0.0,631,2,14,1754,0.9968404423380727,0.9782945736434109,0.9874804381846636,0.0011389521640091116,0.021705426356589147,536,0,21,1844,1.0,0.9622980251346499,0.980786825251601,0.0,0.03770197486535009,557,1844,0,0,0.23198667221990837,1.0,0.37660581473968896,1.0,0.0,ILLUSTRATIVE - not derived from operator financial data,1676.07,1676.07,0.0,0.0,False,False,,,,,,,c_long_run_2400min
leo_ntn,leo_hidden_in_rain,10,UT00,rf_subsystem,False,-155.0,155.0,0.0,8.0,76.0,2,98,True,True,False,False,175.0,155.0,155.0,0.0,6.0,157.0,162.0,,,-155.0,-155.0,2.0,2.0,157.0,0.0,635,1,10,1755,0.9984276729559748,0.9844961240310077,0.9914129586260733,0.0005694760820045558,0.015503875968992248,536,0,21,1844,1.0,0.9622980251346499,0.980786825251601,0.0,0.03770197486535009,557,1844,0,0,0.23198667221990837,1.0,0.37660581473968896,1.0,0.0,ILLUSTRATIVE - not derived from operator financial data,1673.33,1673.33,0.0,0.0,False,False,,,,,,,c_long_run_2400min
leo_ntn,leo_hidden_in_rain,11,UT00,rf_subsystem,False,-155.0,155.0,0.0,8.0,76.0,5,97,True,True,False,False,175.0,155.0,155.0,0.0,6.0,157.0,162.0,,,-155.0,-155.0,2.0,2.0,157.0,0.0,633,5,12,1751,0.9921630094043887,0.9813953488372092,0.9867498051441933,0.0028473804100227792,0.018604651162790697,536,0,21,1844,1.0,0.9622980251346499,0.980786825251601,0.0,0.03770197486535009,557,1844,0,0,0.23198667221990837,1.0,0.37660581473968896,1.0,0.0,ILLUSTRATIVE - not derived from operator financial data,1673.33,1673.33,0.0,0.0,False,False,,,,,,,c_long_run_2400min
leo_ntn,leo_hidden_in_rain,12,UT00,rf_subsystem,False,-155.0,155.0,0.0,7.0,77.0,13,99,True,True,False,False,175.0,155.0,155.0,0.0,6.0,157.0,162.0,,,-155.0,-155.0,2.0,2.0,157.0,0.0,635,12,10,1744,0.98145285935085,0.9844961240310077,0.9829721362229102,0.00683371298405467,0.015503875968992248,535,0,22,1844,1.0,0.9605026929982047,0.9798534798534799,0.0,0.03949730700179533,557,1844,0,0,0.23198667221990837,1.0,0.37660581473968896,1.0,0.0,ILLUSTRATIVE - not derived from operator financial data,1676.07,1676.07,0.0,0.0,False,False,,,,,,,c_long_run_2400min
leo_ntn,leo_hidden_in_rain,13,UT00,rf_subsystem,False,-155.0,155.0,0.0,6.0,77.0,15,99,True,True,False,False,175.0,155.0,155.0,0.0,6.0,161.0,162.0,,,-155.0,-155.0,6.0,6.0,161.0,0.0,635,15,10,1741,0.9769230769230769,0.9844961240310077,0.9806949806949806,0.008542141230068337,0.015503875968992248,536,0,21,1844,1.0,0.9622980251346499,0.980786825251601,0.0,0.03770197486535009,557,1844,0,0,0.23198667221990837,1.0,0.37660581473968896,1.0,0.0,ILLUSTRATIVE - not derived from operator financial data,1669.33,1669.33,0.0,0.0,False,False,,,,,,,c_long_run_2400min
leo_ntn,leo_hidden_in_rain,14,UT00,rf_subsystem,False,-155.0,155.0,0.0,9.0,76.0,40,99,True,True,False,False,175.0,155.0,155.0,0.0,6.0,157.0,162.0,,,-155.0,-155.0,2.0,2.0,157.0,0.0,635,40,10,1716,0.9407407407407408,0.9844961240310077,0.9621212121212122,0.022779043280182234,0.015503875968992248,536,0,21,1844,1.0,0.9622980251346499,0.980786825251601,0.0,0.03770197486535009,557,1844,0,0,0.23198667221990837,1.0,0.37660581473968896,1.0,0.0,ILLUSTRATIVE - not derived from operator financial data,1680.07,1680.07,0.0,0.0,False,False,,,,,,,c_long_run_2400min
leo_ntn,leo_hidden_in_rain,15,UT00,rf_subsystem,False,-157.0,157.0,0.0,9.0,75.0,5,95,True,True,False,False,175.0,157.0,157.0,0.0,6.0,157.0,162.0,,,-157.0,-157.0,0.0,0.0,157.0,0.0,631,4,14,1752,0.9937007874015747,0.9782945736434109,0.9859375,0.002277904328018223,0.021705426356589147,535,0,22,1844,1.0,0.9605026929982047,0.9798534798534799,0.0,0.03949730700179533,557,1844,0,0,0.23198667221990837,1.0,0.37660581473968896,1.0,0.0,ILLUSTRATIVE - not derived from operator financial data,1670.6,1670.6,0.0,0.0,False,False,,,,,,,c_long_run_2400min
leo_ntn,leo_low_elevation,1,UT00,low_elevation,True,-175.0,,,0.0,0.0,3,0,True,True,True,True,,173.0,175.0,0.0,6.0,,,,,-173.0,-175.0,,,,2.0,0,4,0,2397,0.0,,,0.001665972511453561,,0,1,0,2400,0.0,,,0.00041649312786339027,,0,2401,0,0,0.0,,,1.0,,ILLUSTRATIVE - not derived from operator financial data,900.0,900.0,0.0,0.0,True,True,,,,,,,c_long_run_2400min
leo_ntn,leo_low_elevation,2,UT00,low_elevation,True,,,,0.0,0.0,56,0,True,False,True,False,,133.0,,0.0,6.0,,,,,-133.0,,,,,,0,56,0,2345,0.0,,,0.023323615160349854,,0,0,0,2401,,,,0.0,,0,2401,0,0,0.0,,,1.0,,ILLUSTRATIVE - not derived from operator financial data,900.0,0.0,900.0,100.0,False,True,,,,,,,c_long_run_2400min
leo_ntn,leo_low_elevation,3,UT00,low_elevation,True,-646.0,,,0.0,0.0,25,2,True,False,True,False,,212.0,646.0,0.0,6.0,,,,,-212.0,-646.0,,,,434.0,0,27,0,2374,0.0,,,0.011245314452311536,,0,0,0,2401,,,,0.0,,0,2401,0,0,0.0,,,1.0,,ILLUSTRATIVE - not derived from operator financial data,900.0,0.0,900.0,100.0,False,True,,,,,,,c_long_run_2400min
leo_ntn,leo_low_elevation,4,UT00,low_elevation,True,-233.0,,,0.0,0.0,33,2,True,False,True,False,,157.0,233.0,0.0,6.0,,,,,-157.0,-233.0,,,,76.0,0,35,0,2366,0.0,,,0.014577259475218658,,0,0,0,2401,,,,0.0,,0,2401,0,0,0.0,,,1.0,,ILLUSTRATIVE - not derived from operator financial data,900.0,0.0,900.0,100.0,False,True,,,,,,,c_long_run_2400min
leo_ntn,leo_low_elevation,5,UT00,low_elevation,True,,,,0.0,0.0,15,0,True,False,True,False,,433.0,,0.0,6.0,,,,,-433.0,,,,,,0,15,0,2386,0.0,,,0.006247396917950854,,0,0,0,2401,,,,0.0,,0,2401,0,0,0.0,,,1.0,,ILLUSTRATIVE - not derived from operator financial data,900.0,0.0,900.0,100.0,False,True,,,,,,,c_long_run_2400min
leo_ntn,leo_low_elevation,6,UT00,low_elevation,True,,,,0.0,0.0,5,0,True,False,True,False,,1111.0,,0.0,6.0,,,,,-1111.0,,,,,,0,5,0,2396,0.0,,,0.0020824656393169513,,0,0,0,2401,,,,0.0,,0,2401,0,0,0.0,,,1.0,,ILLUSTRATIVE - not derived from operator financial data,900.0,0.0,900.0,100.0,False,True,,,,,,,c_long_run_2400min
leo_ntn,leo_low_elevation,7,UT00,low_elevation,True,,,,0.0,0.0,40,0,True,False,True,False,,234.0,,0.0,6.0,,,,,-234.0,,,,,,0,40,0,2361,0.0,,,0.01665972511453561,,0,0,0,2401,,,,0.0,,0,2401,0,0,0.0,,,1.0,,ILLUSTRATIVE - not derived from operator financial data,900.0,0.0,900.0,100.0,False,True,,,,,,,c_long_run_2400min
leo_ntn,leo_low_elevation,8,UT00,low_elevation,True,-2293.0,,,0.0,0.0,67,1,True,False,True,False,,381.0,2302.0,9.0,15.0,,,,,-372.0,-2293.0,,,,1921.0,0,68,0,2333,0.0,,,0.028321532694710536,,0,0,0,2401,,,,0.0,,0,2392,0,9,0.0,,,0.9962515618492295,,ILLUSTRATIVE - not derived from operator financial data,900.0,0.0,900.0,100.0,False,True,,,,,,,c_long_run_2400min
leo_ntn,leo_low_elevation,9,UT00,low_elevation,True,,,,0.0,0.0,2,0,True,False,True,False,,1087.0,,0.0,6.0,,,,,-1087.0,,,,,,0,2,0,2399,0.0,,,0.0008329862557267805,,0,0,0,2401,,,,0.0,,0,2401,0,0,0.0,,,1.0,,ILLUSTRATIVE - not derived from operator financial data,900.0,0.0,900.0,100.0,False,True,,,,,,,c_long_run_2400min
leo_ntn,leo_low_elevation,10,UT00,low_elevation,True,,,,0.0,0.0,1,0,True,False,True,False,,2243.0,,0.0,6.0,,,,,-2243.0,,,,,,0,1,0,2400,0.0,,,0.00041649312786339027,,0,0,0,2401,,,,0.0,,0,2401,0,0,0.0,,,1.0,,ILLUSTRATIVE - not derived from operator financial data,900.0,0.0,900.0,100.0,False,True,,,,,,,c_long_run_2400min
leo_ntn,leo_low_elevation,11,UT00,low_elevation,True,,,,0.0,0.0,6,0,True,False,True,False,,486.0,,0.0,6.0,,,,,-486.0,,,,,,0,6,0,2395,0.0,,,0.0024989587671803417,,0,0,0,2401,,,,0.0,,0,2401,0,0,0.0,,,1.0,,ILLUSTRATIVE - not derived from operator financial data,900.0,0.0,900.0,100.0,False,True,,,,,,,c_long_run_2400min
leo_ntn,leo_low_elevation,12,UT00,low_elevation,True,,,,0.0,0.0,16,0,True,False,True,False,,685.0,,0.0,6.0,,,,,-685.0,,,,,,0,16,0,2385,0.0,,,0.006663890045814244,,0,0,0,2401,,,,0.0,,0,2401,0,0,0.0,,,1.0,,ILLUSTRATIVE - not derived from operator financial data,900.0,0.0,900.0,100.0,False,True,,,,,,,c_long_run_2400min
leo_ntn,leo_low_elevation,13,UT00,low_elevation,True,-1445.0,,,0.0,0.0,13,2,True,False,True,False,,637.0,1445.0,0.0,6.0,,,,,-637.0,-1445.0,,,,808.0,0,15,0,2386,0.0,,,0.006247396917950854,,0,0,0,2401,,,,0.0,,0,2401,0,0,0.0,,,1.0,,ILLUSTRATIVE - not derived from operator financial data,900.0,0.0,900.0,100.0,False,True,,,,,,,c_long_run_2400min
leo_ntn,leo_low_elevation,14,UT00,low_elevation,True,,,,0.0,0.0,41,0,True,False,True,False,,175.0,,0.0,6.0,,,,,-175.0,,,,,,0,41,0,2360,0.0,,,0.017076218242399,,0,0,0,2401,,,,0.0,,0,2401,0,0,0.0,,,1.0,,ILLUSTRATIVE - not derived from operator financial data,900.0,0.0,900.0,100.0,False,True,,,,,,,c_long_run_2400min
leo_ntn,leo_low_elevation,15,UT00,low_elevation,True,,,,0.0,0.0,4,0,True,False,True,False,,581.0,,0.0,6.0,,,,,-581.0,,,,,,0,4,0,2397,0.0,,,0.001665972511453561,,0,0,0,2401,,,,0.0,,0,2401,0,0,0.0,,,1.0,,ILLUSTRATIVE - not derived from operator financial data,900.0,0.0,900.0,100.0,False,True,,,,,,,c_long_run_2400min
leo_ntn,leo_pointing,1,UT00,pointing_attitude,False,-175.0,218.0,45.0,0.0,0.0,3,0,True,True,False,False,175.0,173.0,175.0,0.0,6.0,,,,,-173.0,-175.0,,,,2.0,546,4,11,1840,0.9927272727272727,0.9802513464991023,0.9864498644986449,0.0021691973969631237,0.019748653500897665,546,1,11,1843,0.9981718464351006,0.9802513464991023,0.9891304347826088,0.0005422993492407809,0.019748653500897665,557,1844,0,0,0.23198667221990837,1.0,0.37660581473968896,1.0,0.0,ILLUSTRATIVE - not derived from operator financial data,900.0,900.0,0.0,0.0,False,False,,,,,,,c_long_run_2400min
leo_ntn,leo_pointing,2,UT00,pointing_attitude,False,-200.0,200.0,67.0,0.0,0.0,56,0,True,True,False,False,175.0,133.0,200.0,0.0,6.0,,,,,-133.0,-200.0,,,,67.0,550,56,7,1788,0.9075907590759076,0.9874326750448833,0.945829750644884,0.03036876355748373,0.012567324955116697,550,0,7,1844,1.0,0.9874326750448833,0.993676603432701,0.0,0.012567324955116697,557,1844,0,0,0.23198667221990837,1.0,0.37660581473968896,1.0,0.0,ILLUSTRATIVE - not derived from operator financial data,900.0,900.0,0.0,0.0,False,False,,,,,,,c_long_run_2400min
leo_ntn,leo_pointing,3,UT00,pointing_attitude,False,-216.0,216.0,16.0,0.0,0.0,24,2,True,True,False,False,175.0,200.0,216.0,0.0,6.0,,,,,-200.0,-216.0,,,,16.0,550,24,7,1820,0.9581881533101045,0.9874326750448833,0.9725906277630416,0.013015184381778741,0.012567324955116697,548,0,9,1844,1.0,0.9838420107719928,0.9918552036199095,0.0,0.01615798922800718,557,1844,0,0,0.23198667221990837,1.0,0.37660581473968896,1.0,0.0,ILLUSTRATIVE - not derived from operator financial data,900.0,900.0,0.0,0.0,False,False,,,,,,,c_long_run_2400min
leo_ntn,leo_pointing,4,UT00,pointing_attitude,False,-199.0,199.0,42.0,0.0,0.0,32,2,True,True,False,False,175.0,157.0,199.0,0.0,6.0,,,,,-157.0,-199.0,,,,42.0,551,34,6,1810,0.9418803418803419,0.9892280071813285,0.9649737302977233,0.01843817787418655,0.010771992818671455,551,0,6,1844,1.0,0.9892280071813285,0.9945848375451263,0.0,0.010771992818671455,557,1844,0,0,0.23198667221990837,1.0,0.37660581473968896,1.0,0.0,ILLUSTRATIVE - not derived from operator financial data,900.0,900.0,0.0,0.0,False,False,,,,,,,c_long_run_2400min
leo_ntn,leo_pointing,5,UT00,pointing_attitude,False,-217.0,217.0,0.0,0.0,0.0,0,0,True,True,False,False,175.0,217.0,217.0,0.0,6.0,,,,,-217.0,-217.0,,,,0.0,547,0,10,1844,1.0,0.9820466786355476,0.9909420289855072,0.0,0.017953321364452424,547,0,10,1844,1.0,0.9820466786355476,0.9909420289855072,0.0,0.017953321364452424,557,1844,0,0,0.23198667221990837,1.0,0.37660581473968896,1.0,0.0,ILLUSTRATIVE - not derived from operator financial data,900.0,900.0,0.0,0.0,False,False,,,,,,,c_long_run_2400min
leo_ntn,leo_pointing,6,UT00,pointing_attitude,False,-217.0,217.0,0.0,0.0,0.0,5,0,True,True,False,False,175.0,217.0,217.0,0.0,6.0,,,,,-217.0,-217.0,,,,0.0,547,5,10,1839,0.9909420289855072,0.9820466786355476,0.9864743011722272,0.0027114967462039045,0.017953321364452424,547,0,10,1844,1.0,0.9820466786355476,0.9909420289855072,0.0,0.017953321364452424,557,1844,0,0,0.23198667221990837,1.0,0.37660581473968896,1.0,0.0,ILLUSTRATIVE - not derived from operator financial data,900.0,900.0,0.0,0.0,False,False,,,,,,,c_long_run_2400min
leo_ntn,leo_pointing,7,UT00,pointing_attitude,False,-217.0,217.0,0.0,0.0,0.0,38,0,True,True,False,False,175.0,217.0,217.0,0.0,6.0,,,,,-217.0,-217.0,,,,0.0,547,38,10,1806,0.935042735042735,0.9820466786355476,0.9579684763572681,0.020607375271149676,0.017953321364452424,547,0,10,1844,1.0,0.9820466786355476,0.9909420289855072,0.0,0.017953321364452424,557,1844,0,0,0.23198667221990837,1.0,0.37660581473968896,1.0,0.0,ILLUSTRATIVE - not derived from operator financial data,900.0,900.0,0.0,0.0,False,False,,,,,,,c_long_run_2400min
leo_ntn,leo_pointing,8,UT00,pointing_attitude,False,-191.0,200.0,0.0,0.0,0.0,1,0,True,True,False,False,175.0,200.0,200.0,9.0,15.0,,,,,-191.0,-191.0,,,,0.0,550,0,7,1844,1.0,0.9874326750448833,0.993676603432701,0.0,0.012567324955116697,549,0,8,1844,1.0,0.9856373429084381,0.9927667269439421,0.0,0.01436265709156194,557,1835,0,9,0.23285953177257526,1.0,0.3777551712444897,0.995119305856833,0.0,ILLUSTRATIVE - not derived from operator financial data,900.0,900.0,0.0,0.0,False,False,,,,,,,c_long_run_2400min
leo_ntn,leo_pointing,9,UT00,pointing_attitude,False,-218.0,218.0,0.0,0.0,0.0,2,0,True,True,False,False,175.0,218.0,218.0,0.0,6.0,,,,,-218.0,-218.0,,,,0.0,543,2,14,1842,0.9963302752293578,0.9748653500897666,0.9854809437386571,0.0010845986984815619,0.025134649910233394,543,0,14,1844,1.0,0.9748653500897666,0.9872727272727273,0.0,0.025134649910233394,557,1844,0,0,0.23198667221990837,1.0,0.37660581473968896,1.0,0.0,ILLUSTRATIVE - not derived from operator financial data,900.0,900.0,0.0,0.0,False,False,,,,,,,c_long_run_2400min
leo_ntn,leo_pointing,10,UT00,pointing_attitude,False,-218.0,218.0,0.0,0.0,0.0,1,0,True,True,False,False,175.0,218.0,218.0,0.0,6.0,,,,,-218.0,-218.0,,,,0.0,546,1,11,1843,0.9981718464351006,0.9802513464991023,0.9891304347826088,0.0005422993492407809,0.019748653500897665,546,0,11,1844,1.0,0.9802513464991023,0.9900271985494107,0.0,0.019748653500897665,557,1844,0,0,0.23198667221990837,1.0,0.37660581473968896,1.0,0.0,ILLUSTRATIVE - not derived from operator financial data,900.0,900.0,0.0,0.0,False,False,,,,,,,c_long_run_2400min
leo_ntn,leo_pointing,11,UT00,pointing_attitude,False,-218.0,218.0,0.0,0.0,0.0,5,0,True,True,False,False,175.0,218.0,218.0,0.0,6.0,,,,,-218.0,-218.0,,,,0.0,546,5,11,1839,0.9909255898366606,0.9802513464991023,0.9855595667870035,0.0027114967462039045,0.019748653500897665,546,0,11,1844,1.0,0.9802513464991023,0.9900271985494107,0.0,0.019748653500897665,557,1844,0,0,0.23198667221990837,1.0,0.37660581473968896,1.0,0.0,ILLUSTRATIVE - not derived from operator financial data,900.0,900.0,0.0,0.0,False,False,,,,,,,c_long_run_2400min
leo_ntn,leo_pointing,12,UT00,pointing_attitude,False,-218.0,218.0,0.0,0.0,0.0,11,0,True,True,False,False,175.0,218.0,218.0,0.0,6.0,,,,,-218.0,-218.0,,,,0.0,546,11,11,1833,0.9802513464991023,0.9802513464991023,0.9802513464991023,0.00596529284164859,0.019748653500897665,546,0,11,1844,1.0,0.9802513464991023,0.9900271985494107,0.0,0.019748653500897665,557,1844,0,0,0.23198667221990837,1.0,0.37660581473968896,1.0,0.0,ILLUSTRATIVE - not derived from operator financial data,900.0,900.0,0.0,0.0,False,False,,,,,,,c_long_run_2400min
leo_ntn,leo_pointing,13,UT00,pointing_attitude,False,-217.0,217.0,0.0,0.0,0.0,13,2,True,True,False,False,175.0,217.0,217.0,0.0,6.0,,,,,-217.0,-217.0,,,,0.0,547,15,10,1829,0.9733096085409253,0.9820466786355476,0.9776586237712244,0.008134490238611713,0.017953321364452424,547,0,10,1844,1.0,0.9820466786355476,0.9909420289855072,0.0,0.017953321364452424,557,1844,0,0,0.23198667221990837,1.0,0.37660581473968896,1.0,0.0,ILLUSTRATIVE - not derived from operator financial data,900.0,900.0,0.0,0.0,False,False,,,,,,,c_long_run_2400min
leo_ntn,leo_pointing,14,UT00,pointing_attitude,False,-218.0,218.0,43.0,0.0,0.0,41,0,True,True,False,False,175.0,175.0,218.0,0.0,6.0,,,,,-175.0,-218.0,,,,43.0,546,41,11,1803,0.9301533219761499,0.9802513464991023,0.9545454545454544,0.022234273318872018,0.019748653500897665,546,0,11,1844,1.0,0.9802513464991023,0.9900271985494107,0.0,0.019748653500897665,557,1844,0,0,0.23198667221990837,1.0,0.37660581473968896,1.0,0.0,ILLUSTRATIVE - not derived from operator financial data,900.0,900.0,0.0,0.0,False,False,,,,,,,c_long_run_2400min
leo_ntn,leo_pointing,15,UT00,pointing_attitude,False,-218.0,218.0,0.0,0.0,0.0,4,0,True,True,False,False,175.0,218.0,218.0,0.0,6.0,,,,,-218.0,-218.0,,,,0.0,543,4,14,1840,0.9926873857404022,0.9748653500897666,0.9836956521739131,0.0021691973969631237,0.025134649910233394,543,0,14,1844,1.0,0.9748653500897666,0.9872727272727273,0.0,0.025134649910233394,557,1844,0,0,0.23198667221990837,1.0,0.37660581473968896,1.0,0.0,ILLUSTRATIVE - not derived from operator financial data,900.0,900.0,0.0,0.0,False,False,,,,,,,c_long_run_2400min
leo_ntn,leo_rf_subsystem,1,UT00,rf_subsystem,False,-175.0,252.0,79.0,0.0,0.0,17,0,True,True,False,False,170.0,173.0,175.0,0.0,6.0,,,,,-173.0,-175.0,,,,2.0,554,4,3,1840,0.992831541218638,0.9946140035906643,0.9937219730941705,0.0021691973969631237,0.005385996409335727,540,1,17,1843,0.9981515711645101,0.9694793536804309,0.9836065573770493,0.0005422993492407809,0.03052064631956912,557,1844,0,0,0.23198667221990837,1.0,0.37660581473968896,1.0,0.0,ILLUSTRATIVE - not derived from operator financial data,900.0,900.0,0.0,0.0,False,False,,,,,,,c_long_run_2400min
leo_ntn,leo_rf_subsystem,2,UT00,rf_subsystem,False,-252.0,252.0,119.0,0.0,0.0,66,0,True,True,False,False,170.0,133.0,252.0,0.0,6.0,,,,,-133.0,-252.0,,,,119.0,550,56,7,1788,0.9075907590759076,0.9874326750448833,0.945829750644884,0.03036876355748373,0.012567324955116697,540,0,17,1844,1.0,0.9694793536804309,0.9845031905195989,0.0,0.03052064631956912,557,1844,0,0,0.23198667221990837,1.0,0.37660581473968896,1.0,0.0,ILLUSTRATIVE - not derived from operator financial data,900.0,900.0,0.0,0.0,False,False,,,,,,,c_long_run_2400min
leo_ntn,leo_rf_subsystem,3,UT00,rf_subsystem,False,-234.0,234.0,34.0,1.0,0.0,28,2,True,True,False,False,170.0,200.0,234.0,0.0,6.0,2262.0,,,,-200.0,-234.0,2062.0,2028.0,2262.0,34.0,550,24,7,1820,0.9581881533101045,0.9874326750448833,0.9725906277630416,0.013015184381778741,0.012567324955116697,544,0,13,1844,1.0,0.9766606822262118,0.9881925522252497,0.0,0.02333931777378815,557,1844,0,0,0.23198667221990837,1.0,0.37660581473968896,1.0,0.0,ILLUSTRATIVE - not derived from operator financial data,906.73,906.73,0.0,0.0,False,False,,,,,,,c_long_run_2400min
leo_ntn,leo_rf_subsystem,4,UT00,rf_subsystem,False,-216.0,216.0,59.0,0.0,0.0,35,2,True,True,False,False,170.0,157.0,216.0,0.0,6.0,,,,,-157.0,-216.0,,,,59.0,551,34,6,1810,0.9418803418803419,0.9892280071813285,0.9649737302977233,0.01843817787418655,0.010771992818671455,548,0,9,1844,1.0,0.9838420107719928,0.9918552036199095,0.0,0.01615798922800718,557,1844,0,0,0.23198667221990837,1.0,0.37660581473968896,1.0,0.0,ILLUSTRATIVE - not derived from operator financial data,900.0,900.0,0.0,0.0,False,False,,,,,,,c_long_run_2400min
leo_ntn,leo_rf_subsystem,5,UT00,rf_subsystem,False,-234.0,234.0,51.0,0.0,0.0,7,0,True,True,False,False,170.0,183.0,234.0,0.0,6.0,,,,,-183.0,-234.0,,,,51.0,551,0,6,1844,1.0,0.9892280071813285,0.9945848375451263,0.0,0.010771992818671455,544,0,13,1844,1.0,0.9766606822262118,0.9881925522252497,0.0,0.02333931777378815,557,1844,0,0,0.23198667221990837,1.0,0.37660581473968896,1.0,0.0,ILLUSTRATIVE - not derived from operator financial data,900.0,900.0,0.0,0.0,False,False,,,,,,,c_long_run_2400min
leo_ntn,leo_rf_subsystem,6,UT00,rf_subsystem,False,-234.0,234.0,16.0,1.0,0.0,7,0,True,True,False,False,170.0,218.0,234.0,0.0,6.0,2374.0,,,,-218.0,-234.0,2156.0,2140.0,2374.0,16.0,546,5,11,1839,0.9909255898366606,0.9802513464991023,0.9855595667870035,0.0027114967462039045,0.019748653500897665,544,0,13,1844,1.0,0.9766606822262118,0.9881925522252497,0.0,0.02333931777378815,557,1844,0,0,0.23198667221990837,1.0,0.37660581473968896,1.0,0.0,ILLUSTRATIVE - not derived from operator financial data,906.73,906.73,0.0,0.0,False,False,,,,,,,c_long_run_2400min
leo_ntn,leo_rf_subsystem,7,UT00,rf_subsystem,False,-184.0,217.0,33.0,1.0,0.0,43,1,True,True,False,False,170.0,184.0,184.0,0.0,6.0,1279.0,,,,-184.0,-184.0,1095.0,1095.0,1279.0,0.0,553,38,4,1806,0.9357021996615905,0.992818671454219,0.9634146341463415,0.020607375271149676,0.00718132854578097,547,0,10,1844,1.0,0.9820466786355476,0.9909420289855072,0.0,0.017953321364452424,557,1844,0,0,0.23198667221990837,1.0,0.37660581473968896,1.0,0.0,ILLUSTRATIVE - not derived from operator financial data,906.73,906.73,0.0,0.0,False,False,,,,,,,c_long_run_2400min
leo_ntn,leo_rf_subsystem,8,UT00,rf_subsystem,False,-225.0,234.0,34.0,0.0,0.0,6,0,True,True,False,False,170.0,200.0,234.0,9.0,15.0,,,,,-191.0,-225.0,,,,34.0,550,0,7,1844,1.0,0.9874326750448833,0.993676603432701,0.0,0.012567324955116697,544,0,13,1844,1.0,0.9766606822262118,0.9881925522252497,0.0,0.02333931777378815,557,1835,0,9,0.23285953177257526,1.0,0.3777551712444897,0.995119305856833,0.0,ILLUSTRATIVE - not derived from operator financial data,900.0,900.0,0.0,0.0,False,False,,,,,,,c_long_run_2400min
leo_ntn,leo_rf_subsystem,9,UT00,rf_subsystem,False,-219.0,219.0,2.0,0.0,0.0,4,0,True,True,False,False,170.0,217.0,219.0,0.0,6.0,,,,,-217.0,-219.0,,,,2.0,547,2,10,1842,0.9963570127504554,0.9820466786355476,0.9891500904159132,0.0010845986984815619,0.017953321364452424,545,0,12,1844,1.0,0.9784560143626571,0.9891107078039927,0.0,0.02154398563734291,557,1844,0,0,0.23198667221990837,1.0,0.37660581473968896,1.0,0.0,ILLUSTRATIVE - not derived from operator financial data,900.0,900.0,0.0,0.0,False,False,,,,,,,c_long_run_2400min
leo_ntn,leo_rf_subsystem,10,UT00,rf_subsystem,False,-200.0,218.0,18.0,0.0,0.0,3,0,True,True,False,False,170.0,200.0,200.0,0.0,6.0,,,,,-200.0,-200.0,,,,0.0,550,1,7,1843,0.9981851179673321,0.9874326750448833,0.9927797833935018,0.0005422993492407809,0.012567324955116697,548,0,9,1844,1.0,0.9838420107719928,0.9918552036199095,0.0,0.01615798922800718,557,1844,0,0,0.23198667221990837,1.0,0.37660581473968896,1.0,0.0,ILLUSTRATIVE - not derived from operator financial data,900.0,900.0,0.0,0.0,False,False,,,,,,,c_long_run_2400min
leo_ntn,leo_rf_subsystem,11,UT00,rf_subsystem,False,-234.0,234.0,18.0,0.0,0.0,9,0,True,True,False,False,170.0,216.0,234.0,0.0,6.0,,,,,-216.0,-234.0,,,,18.0,548,5,9,1839,0.9909584086799277,0.9838420107719928,0.9873873873873874,0.0027114967462039045,0.01615798922800718,544,0,13,1844,1.0,0.9766606822262118,0.9881925522252497,0.0,0.02333931777378815,557,1844,0,0,0.23198667221990837,1.0,0.37660581473968896,1.0,0.0,ILLUSTRATIVE - not derived from operator financial data,900.0,900.0,0.0,0.0,False,False,,,,,,,c_long_run_2400min
leo_ntn,leo_rf_subsystem,12,UT00,rf_subsystem,False,-216.0,216.0,16.0,0.0,0.0,13,0,True,True,False,False,170.0,200.0,216.0,0.0,6.0,,,,,-200.0,-216.0,,,,16.0,550,11,7,1833,0.9803921568627451,0.9874326750448833,0.9838998211091234,0.00596529284164859,0.012567324955116697,548,0,9,1844,1.0,0.9838420107719928,0.9918552036199095,0.0,0.01615798922800718,557,1844,0,0,0.23198667221990837,1.0,0.37660581473968896,1.0,0.0,ILLUSTRATIVE - not derived from operator financial data,900.0,900.0,0.0,0.0,False,False,,,,,,,c_long_run_2400min
leo_ntn,leo_rf_subsystem,13,UT00,rf_subsystem,False,-216.0,216.0,16.0,0.0,0.0,15,2,True,True,False,False,170.0,200.0,216.0,0.0,6.0,,,,,-200.0,-216.0,,,,16.0,550,15,7,1829,0.9734513274336283,0.9874326750448833,0.9803921568627451,0.008134490238611713,0.012567324955116697,548,0,9,1844,1.0,0.9838420107719928,0.9918552036199095,0.0,0.01615798922800718,557,1844,0,0,0.23198667221990837,1.0,0.37660581473968896,1.0,0.0,ILLUSTRATIVE - not derived from operator financial data,900.0,900.0,0.0,0.0,False,False,,,,,,,c_long_run_2400min
leo_ntn,leo_rf_subsystem,14,UT00,rf_subsystem,False,-253.0,253.0,78.0,1.0,0.0,48,0,True,True,False,False,170.0,175.0,253.0,0.0,6.0,884.0,,,,-175.0,-253.0,709.0,631.0,884.0,78.0,546,41,11,1803,0.9301533219761499,0.9802513464991023,0.9545454545454544,0.022234273318872018,0.019748653500897665,539,0,18,1844,1.0,0.9676840215439856,0.9835766423357665,0.0,0.03231597845601436,557,1844,0,0,0.23198667221990837,1.0,0.37660581473968896,1.0,0.0,ILLUSTRATIVE - not derived from operator financial data,906.73,906.73,0.0,0.0,False,False,,,,,,,c_long_run_2400min
leo_ntn,leo_rf_subsystem,15,UT00,rf_subsystem,False,-252.0,252.0,34.0,0.0,0.0,10,0,True,True,False,False,170.0,218.0,252.0,0.0,6.0,,,,,-218.0,-252.0,,,,34.0,546,4,11,1840,0.9927272727272727,0.9802513464991023,0.9864498644986449,0.0021691973969631237,0.019748653500897665,540,0,17,1844,1.0,0.9694793536804309,0.9845031905195989,0.0,0.03052064631956912,557,1844,0,0,0.23198667221990837,1.0,0.37660581473968896,1.0,0.0,ILLUSTRATIVE - not derived from operator financial data,900.0,900.0,0.0,0.0,False,False,,,,,,,c_long_run_2400min
microwave,mw_config_change,1,POP~R_D05_1,config_change,False,-2.0,193.0,0.0,0.0,0.0,1469,0,True,True,False,False,190.0,193.0,193.0,191.0,197.0,,,,,-2.0,-2.0,,,,0.0,2208,0,2,191,1.0,0.9990950226244344,0.9995473064735174,0.0,0.0009049773755656109,739,0,1471,191,1.0,0.3343891402714932,0.5011868429976263,0.0,0.6656108597285068,2210,0,0,191,1.0,1.0,1.0,0.0,0.0,ILLUSTRATIVE - not derived from operator financial data,900.0,900.0,0.0,0.0,False,False,,,,,,,c_long_run_2400min
microwave,mw_config_change,2,POP~R_D05_1,config_change,False,-2.0,193.0,0.0,0.0,0.0,1473,0,True,True,False,False,190.0,193.0,193.0,191.0,197.0,,,,,-2.0,-2.0,,,,0.0,2208,0,2,191,1.0,0.9990950226244344,0.9995473064735174,0.0,0.0009049773755656109,735,0,1475,191,1.0,0.332579185520362,0.499151103565365,0.0,0.667420814479638,2210,0,0,191,1.0,1.0,1.0,0.0,0.0,ILLUSTRATIVE - not derived from operator financial data,900.0,900.0,0.0,0.0,False,False,,,,,,,c_long_run_2400min
microwave,mw_config_change,3,POP~R_D05_1,config_change,False,-2.0,193.0,0.0,0.0,0.0,1469,0,True,True,False,False,190.0,193.0,193.0,191.0,197.0,,,,,-2.0,-2.0,,,,0.0,2208,0,2,191,1.0,0.9990950226244344,0.9995473064735174,0.0,0.0009049773755656109,739,0,1471,191,1.0,0.3343891402714932,0.5011868429976263,0.0,0.6656108597285068,2210,0,0,191,1.0,1.0,1.0,0.0,0.0,ILLUSTRATIVE - not derived from operator financial data,900.0,900.0,0.0,0.0,False,False,,,,,,,c_long_run_2400min
microwave,mw_config_change,4,POP~R_D05_1,config_change,False,-2.0,193.0,0.0,0.0,0.0,1461,0,True,True,False,False,190.0,193.0,193.0,191.0,197.0,,,,,-2.0,-2.0,,,,0.0,2208,0,2,191,1.0,0.9990950226244344,0.9995473064735174,0.0,0.0009049773755656109,747,0,1463,191,1.0,0.3380090497737557,0.5052417991207304,0.0,0.6619909502262443,2210,0,0,191,1.0,1.0,1.0,0.0,0.0,ILLUSTRATIVE - not derived from operator financial data,900.0,900.0,0.0,0.0,False,False,,,,,,,c_long_run_2400min
microwave,mw_config_change,5,POP~R_D05_1,config_change,False,-2.0,193.0,0.0,0.0,0.0,1486,0,True,True,False,False,190.0,193.0,193.0,191.0,197.0,,,,,-2.0,-2.0,,,,0.0,2208,0,2,191,1.0,0.9990950226244344,0.9995473064735174,0.0,0.0009049773755656109,722,0,1488,191,1.0,0.3266968325791855,0.4924965893587995,0.0,0.6733031674208145,2210,0,0,191,1.0,1.0,1.0,0.0,0.0,ILLUSTRATIVE - not derived from operator financial data,900.0,900.0,0.0,0.0,False,False,,,,,,,c_long_run_2400min
microwave,mw_config_change,6,POP~R_D05_1,config_change,False,-2.0,193.0,0.0,0.0,0.0,1466,0,True,True,False,False,190.0,193.0,193.0,191.0,197.0,,,,,-2.0,-2.0,,,,0.0,2208,0,2,191,1.0,0.9990950226244344,0.9995473064735174,0.0,0.0009049773755656109,742,0,1468,191,1.0,0.3357466063348416,0.502710027100271,0.0,0.6642533936651583,2210,0,0,191,1.0,1.0,1.0,0.0,0.0,ILLUSTRATIVE - not derived from operator financial data,900.0,900.0,0.0,0.0,False,False,,,,,,,c_long_run_2400min
microwave,mw_config_change,7,POP~R_D05_1,config_change,False,-2.0,193.0,0.0,0.0,0.0,1470,0,True,True,False,False,190.0,193.0,193.0,191.0,197.0,,,,,-2.0,-2.0,,,,0.0,2208,0,2,191,1.0,0.9990950226244344,0.9995473064735174,0.0,0.0009049773755656109,738,0,1472,191,1.0,0.3339366515837104,0.5006784260515604,0.0,0.6660633484162896,2210,0,0,191,1.0,1.0,1.0,0.0,0.0,ILLUSTRATIVE - not derived from operator financial data,900.0,900.0,0.0,0.0,False,False,,,,,,,c_long_run_2400min
microwave,mw_config_change,8,POP~R_D05_1,config_change,False,-2.0,193.0,0.0,0.0,0.0,1490,0,True,True,False,False,190.0,193.0,193.0,191.0,197.0,,,,,-2.0,-2.0,,,,0.0,2208,0,2,191,1.0,0.9990950226244344,0.9995473064735174,0.0,0.0009049773755656109,718,0,1492,191,1.0,0.3248868778280543,0.4904371584699454,0.0,0.6751131221719457,2210,0,0,191,1.0,1.0,1.0,0.0,0.0,ILLUSTRATIVE - not derived from operator financial data,900.0,900.0,0.0,0.0,False,False,,,,,,,c_long_run_2400min
microwave,mw_config_change,9,POP~R_D05_1,config_change,False,-2.0,193.0,0.0,0.0,0.0,1479,0,True,True,False,False,190.0,193.0,193.0,191.0,197.0,,,,,-2.0,-2.0,,,,0.0,2208,0,2,191,1.0,0.9990950226244344,0.9995473064735174,0.0,0.0009049773755656109,729,0,1481,191,1.0,0.32986425339366515,0.4960871044572984,0.0,0.6701357466063348,2210,0,0,191,1.0,1.0,1.0,0.0,0.0,ILLUSTRATIVE - not derived from operator financial data,900.0,900.0,0.0,0.0,False,False,,,,,,,c_long_run_2400min
microwave,mw_config_change,10,POP~R_D05_1,config_change,False,-2.0,193.0,0.0,0.0,0.0,1458,0,True,True,False,False,190.0,193.0,193.0,191.0,197.0,,,,,-2.0,-2.0,,,,0.0,2208,0,2,191,1.0,0.9990950226244344,0.9995473064735174,0.0,0.0009049773755656109,750,0,1460,191,1.0,0.3393665158371041,0.5067567567567567,0.0,0.6606334841628959,2210,0,0,191,1.0,1.0,1.0,0.0,0.0,ILLUSTRATIVE - not derived from operator financial data,900.0,900.0,0.0,0.0,False,False,,,,,,,c_long_run_2400min
microwave,mw_config_change,11,POP~R_D05_1,config_change,False,-2.0,193.0,0.0,0.0,0.0,1477,0,True,True,False,False,190.0,193.0,193.0,191.0,197.0,,,,,-2.0,-2.0,,,,0.0,2208,0,2,191,1.0,0.9990950226244344,0.9995473064735174,0.0,0.0009049773755656109,731,0,1479,191,1.0,0.33076923076923076,0.4971098265895954,0.0,0.6692307692307692,2210,0,0,191,1.0,1.0,1.0,0.0,0.0,ILLUSTRATIVE - not derived from operator financial data,900.0,900.0,0.0,0.0,False,False,,,,,,,c_long_run_2400min
microwave,mw_config_change,12,POP~R_D05_1,config_change,False,-2.0,193.0,0.0,0.0,0.0,1480,0,True,True,False,False,190.0,193.0,193.0,191.0,197.0,,,,,-2.0,-2.0,,,,0.0,2208,0,2,191,1.0,0.9990950226244344,0.9995473064735174,0.0,0.0009049773755656109,728,0,1482,191,1.0,0.32941176470588235,0.49557522123893805,0.0,0.6705882352941176,2210,0,0,191,1.0,1.0,1.0,0.0,0.0,ILLUSTRATIVE - not derived from operator financial data,900.0,900.0,0.0,0.0,False,False,,,,,,,c_long_run_2400min
microwave,mw_config_change,13,POP~R_D05_1,config_change,False,-2.0,193.0,0.0,0.0,0.0,1488,0,True,True,False,False,190.0,193.0,193.0,191.0,197.0,,,,,-2.0,-2.0,,,,0.0,2208,0,2,191,1.0,0.9990950226244344,0.9995473064735174,0.0,0.0009049773755656109,720,0,1490,191,1.0,0.3257918552036199,0.4914675767918089,0.0,0.6742081447963801,2210,0,0,191,1.0,1.0,1.0,0.0,0.0,ILLUSTRATIVE - not derived from operator financial data,900.0,900.0,0.0,0.0,False,False,,,,,,,c_long_run_2400min
microwave,mw_config_change,14,POP~R_D05_1,config_change,False,-2.0,193.0,0.0,0.0,0.0,1471,0,True,True,False,False,190.0,193.0,193.0,191.0,197.0,,,,,-2.0,-2.0,,,,0.0,2208,0,2,191,1.0,0.9990950226244344,0.9995473064735174,0.0,0.0009049773755656109,737,0,1473,191,1.0,0.3334841628959276,0.500169664065151,0.0,0.6665158371040724,2210,0,0,191,1.0,1.0,1.0,0.0,0.0,ILLUSTRATIVE - not derived from operator financial data,900.0,900.0,0.0,0.0,False,False,,,,,,,c_long_run_2400min
microwave,mw_config_change,15,POP~R_D05_1,config_change,False,-2.0,193.0,0.0,0.0,0.0,1477,0,True,True,False,False,190.0,193.0,193.0,191.0,197.0,,,,,-2.0,-2.0,,,,0.0,2208,0,2,191,1.0,0.9990950226244344,0.9995473064735174,0.0,0.0009049773755656109,731,0,1479,191,1.0,0.33076923076923076,0.4971098265895954,0.0,0.6692307692307692,2210,0,0,191,1.0,1.0,1.0,0.0,0.0,ILLUSTRATIVE - not derived from operator financial data,900.0,900.0,0.0,0.0,False,False,,,,,,,c_long_run_2400min
microwave,mw_directional_hardware,1,POP~R_D05_1,hardware_directional,False,1.0,232.0,8.0,2116.0,0.0,8,0,True,True,False,False,170.0,224.0,232.0,233.0,239.0,280.0,,,,9.0,1.0,56.0,48.0,47.0,8.0,2177,0,53,171,1.0,0.9762331838565023,0.987973678239165,0.0,0.02376681614349776,2169,0,61,171,1.0,0.9726457399103139,0.9861332120936577,0.0,0.027354260089686097,2168,0,62,171,1.0,0.9721973094170404,0.9859026830377444,0.0,0.02780269058295964,ILLUSTRATIVE - not derived from operator financial data,3076.4,3076.29,0.11,0.0,False,False,,,,,,,c_long_run_2400min
microwave,mw_directional_hardware,2,POP~R_D05_1,hardware_directional,False,-2.0,241.0,10.0,2123.0,0.0,10,0,True,True,False,False,170.0,231.0,241.0,239.0,245.0,277.0,,,,8.0,-2.0,46.0,36.0,38.0,10.0,2170,0,60,171,1.0,0.9730941704035875,0.9863636363636364,0.0,0.026905829596412557,2160,0,70,171,1.0,0.968609865470852,0.9840546697038723,0.0,0.03139013452914798,2162,0,68,171,1.0,0.9695067264573991,0.9845173041894353,0.0,0.030493273542600896,ILLUSTRATIVE - not derived from operator financial data,3079.2,3079.2,0.0,0.0,False,False,,,,,,,c_long_run_2400min
microwave,mw_directional_hardware,3,POP~R_D05_1,hardware_directional,False,6.0,235.0,5.0,2123.0,0.0,10,0,True,True,False,False,170.0,230.0,235.0,241.0,247.0,276.0,,,,11.0,6.0,46.0,41.0,35.0,5.0,2171,0,59,171,1.0,0.973542600896861,0.9865939559191094,0.0,0.026457399103139014,2161,0,69,171,1.0,0.9690582959641255,0.9842860396265087,0.0,0.03094170403587444,2160,0,70,171,1.0,0.968609865470852,0.9840546697038723,0.0,0.03139013452914798,ILLUSTRATIVE - not derived from operator financial data,3079.2,3078.55,0.65,0.0,False,False,,,,,,,c_long_run_2400min
microwave,mw_directional_hardware,4,POP~R_D05_1,hardware_directional,False,1.0,236.0,7.0,2120.0,0.0,7,0,True,True,False,False,170.0,229.0,236.0,237.0,243.0,276.0,,,,8.0,1.0,47.0,40.0,39.0,7.0,2172,0,58,171,1.0,0.9739910313901345,0.9868241708314403,0.0,0.02600896860986547,2165,0,65,171,1.0,0.9708520179372198,0.9852104664391353,0.0,0.02914798206278027,2164,0,66,171,1.0,0.9704035874439462,0.9849795175238962,0.0,0.029596412556053813,ILLUSTRATIVE - not derived from operator financial data,3078.0,3077.89,0.11,0.0,False,False,,,,,,,c_long_run_2400min
microwave,mw_directional_hardware,5,POP~R_D05_1,hardware_directional,False,-1.0,235.0,9.0,2121.0,0.0,9,0,True,True,False,False,170.0,226.0,235.0,234.0,240.0,280.0,,,,8.0,-1.0,54.0,45.0,46.0,9.0,2175,0,55,171,1.0,0.9753363228699552,0.9875141884222475,0.0,0.02466367713004484,2166,0,64,171,1.0,0.9713004484304932,0.9854413102820746,0.0,0.028699551569506727,2167,0,63,171,1.0,0.9717488789237668,0.985672049124403,0.0,0.028251121076233184,ILLUSTRATIVE - not derived from operator financial data,3078.4,3078.4,0.0,0.0,False,False,,,,,,,c_long_run_2400min
microwave,mw_directional_hardware,6,POP~R_D05_1,hardware_directional,False,0.0,230.0,9.0,2117.0,0.0,9,0,True,True,False,False,170.0,221.0,230.0,230.0,236.0,280.0,,,,9.0,0.0,59.0,50.0,50.0,9.0,2180,0,50,171,1.0,0.9775784753363229,0.9886621315192743,0.0,0.02242152466367713,2171,0,59,171,1.0,0.973542600896861,0.9865939559191094,0.0,0.026457399103139014,2171,0,59,171,1.0,0.973542600896861,0.9865939559191094,0.0,0.026457399103139014,ILLUSTRATIVE - not derived from operator financial data,3076.8,3076.8,0.0,0.0,False,False,,,,,,,c_long_run_2400min
microwave,mw_directional_hardware,7,POP~R_D05_1,hardware_directional,False,1.0,239.0,13.0,2122.0,0.0,13,0,True,True,False,False,170.0,226.0,239.0,240.0,246.0,279.0,,,,14.0,1.0,53.0,40.0,39.0,13.0,2175,0,55,171,1.0,0.9753363228699552,0.9875141884222475,0.0,0.02466367713004484,2162,0,68,171,1.0,0.9695067264573991,0.9845173041894353,0.0,0.030493273542600896,2161,0,69,171,1.0,0.9690582959641255,0.9842860396265087,0.0,0.03094170403587444,ILLUSTRATIVE - not derived from operator financial data,3078.8,3078.69,0.11,0.0,False,False,,,,,,,c_long_run_2400min
microwave,mw_directional_hardware,8,POP~R_D05_1,hardware_directional,False,3.0,233.0,12.0,2125.0,0.0,12,0,True,True,False,False,170.0,221.0,233.0,236.0,242.0,274.0,,,,15.0,3.0,53.0,41.0,38.0,12.0,2180,0,50,171,1.0,0.9775784753363229,0.9886621315192743,0.0,0.02242152466367713,2168,0,62,171,1.0,0.9721973094170404,0.9859026830377444,0.0,0.02780269058295964,2165,0,65,171,1.0,0.9708520179372198,0.9852104664391353,0.0,0.02914798206278027,ILLUSTRATIVE - not derived from operator financial data,3080.0,3079.68,0.32,0.0,False,False,,,,,,,c_long_run_2400min
microwave,mw_directional_hardware,9,POP~R_D05_1,hardware_directional,False,6.0,235.0,10.0,2122.0,0.0,10,0,True,True,False,False,170.0,225.0,235.0,241.0,247.0,279.0,,,,16.0,6.0,54.0,44.0,38.0,10.0,2176,0,54,171,1.0,0.9757847533632287,0.9877439854743532,0.0,0.0242152466367713,2166,0,64,171,1.0,0.9713004484304932,0.9854413102820746,0.0,0.028699551569506727,2160,0,70,171,1.0,0.968609865470852,0.9840546697038723,0.0,0.03139013452914798,ILLUSTRATIVE - not derived from operator financial data,3078.8,3078.15,0.65,0.0,False,False,,,,,,,c_long_run_2400min
microwave,mw_directional_hardware,10,POP~R_D05_1,hardware_directional,False,5.0,232.0,7.0,2126.0,0.0,7,0,True,True,False,False,170.0,225.0,232.0,237.0,243.0,275.0,,,,12.0,5.0,50.0,43.0,38.0,7.0,2176,0,54,171,1.0,0.9757847533632287,0.9877439854743532,0.0,0.0242152466367713,2169,0,61,171,1.0,0.9726457399103139,0.9861332120936577,0.0,0.027354260089686097,2164,0,66,171,1.0,0.9704035874439462,0.9849795175238962,0.0,0.029596412556053813,ILLUSTRATIVE - not derived from operator financial data,3080.4,3079.86,0.54,0.0,False,False,,,,,,,c_long_run_2400min
microwave,mw_directional_hardware,11,POP~R_D05_1,hardware_directional,False,-4.0,243.0,12.0,2124.0,0.0,12,0,True,True,False,False,170.0,231.0,243.0,239.0,245.0,276.0,,,,8.0,-4.0,45.0,33.0,37.0,12.0,2170,0,60,171,1.0,0.9730941704035875,0.9863636363636364,0.0,0.026905829596412557,2158,0,72,171,1.0,0.967713004484305,0.98359161349134,0.0,0.03228699551569507,2162,0,68,171,1.0,0.9695067264573991,0.9845173041894353,0.0,0.030493273542600896,ILLUSTRATIVE - not derived from operator financial data,3079.6,3079.6,0.0,0.0,False,False,,,,,,,c_long_run_2400min
microwave,mw_directional_hardware,12,POP~R_D05_1,hardware_directional,False,3.0,236.0,11.0,2126.0,0.0,11,0,True,True,False,False,170.0,225.0,236.0,239.0,245.0,268.0,,,,14.0,3.0,43.0,32.0,29.0,11.0,2176,0,54,171,1.0,0.9757847533632287,0.9877439854743532,0.0,0.0242152466367713,2165,0,65,171,1.0,0.9708520179372198,0.9852104664391353,0.0,0.02914798206278027,2162,0,68,171,1.0,0.9695067264573991,0.9845173041894353,0.0,0.030493273542600896,ILLUSTRATIVE - not derived from operator financial data,3080.4,3080.08,0.32,0.0,False,False,,,,,,,c_long_run_2400min
microwave,mw_directional_hardware,13,POP~R_D05_1,hardware_directional,False,3.0,236.0,11.0,2120.0,0.0,11,0,True,True,False,False,170.0,225.0,236.0,239.0,245.0,279.0,,,,14.0,3.0,54.0,43.0,40.0,11.0,2176,0,54,171,1.0,0.9757847533632287,0.9877439854743532,0.0,0.0242152466367713,2165,0,65,171,1.0,0.9708520179372198,0.9852104664391353,0.0,0.02914798206278027,2162,0,68,171,1.0,0.9695067264573991,0.9845173041894353,0.0,0.030493273542600896,ILLUSTRATIVE - not derived from operator financial data,3078.0,3077.68,0.32,0.0,False,False,,,,,,,c_long_run_2400min
microwave,mw_directional_hardware,14,POP~R_D05_1,hardware_directional,False,-3.0,236.0,12.0,2125.0,0.0,9,0,True,True,False,False,170.0,224.0,236.0,233.0,239.0,273.0,,,,9.0,-3.0,49.0,37.0,40.0,12.0,2174,0,56,171,1.0,0.9748878923766816,0.9872842870118074,0.0,0.025112107623318385,2165,0,65,171,1.0,0.9708520179372198,0.9852104664391353,0.0,0.02914798206278027,2168,0,62,171,1.0,0.9721973094170404,0.9859026830377444,0.0,0.02780269058295964,ILLUSTRATIVE - not derived from operator financial data,3080.0,3080.0,0.0,0.0,False,False,,,,,,,c_long_run_2400min
microwave,mw_directional_hardware,15,POP~R_D05_1,hardware_directional,False,0.0,235.0,7.0,2125.0,0.0,7,0,True,True,False,False,170.0,228.0,235.0,235.0,241.0,276.0,,,,7.0,0.0,48.0,41.0,41.0,7.0,2173,0,57,171,1.0,0.974439461883408,0.9870542811719282,0.0,0.025560538116591928,2166,0,64,171,1.0,0.9713004484304932,0.9854413102820746,0.0,0.028699551569506727,2166,0,64,171,1.0,0.9713004484304932,0.9854413102820746,0.0,0.028699551569506727,ILLUSTRATIVE - not derived from operator financial data,3080.0,3080.0,0.0,0.0,False,False,,,,,,,c_long_run_2400min
microwave,mw_hidden_in_storm,1,POP~R_D05_1,hardware_directional,False,1.0,192.0,12.0,2123.0,0.0,8,12,True,True,False,False,175.0,180.0,180.0,181.0,187.0,203.0,,,,1.0,1.0,23.0,23.0,22.0,0.0,2210,0,24,167,1.0,0.9892569382273948,0.9945994599459946,0.0,0.010743061772605193,2190,0,35,176,1.0,0.9842696629213483,0.9920724801812004,0.0,0.015730337078651686,2220,0,5,176,1.0,0.9977528089887641,0.998875140607424,0.0,0.0022471910112359553,ILLUSTRATIVE - not derived from operator financial data,3079.2,3079.09,0.11,0.0,False,False,,,,,,,c_long_run_2400min
microwave,mw_hidden_in_storm,2,POP~R_D05_1,hardware_directional,False,0.0,181.0,2.0,2124.0,0.0,8,2,True,True,False,False,175.0,179.0,179.0,179.0,185.0,277.0,,,,0.0,0.0,98.0,98.0,98.0,0.0,2202,0,32,167,1.0,0.9856759176365264,0.9927862939585211,0.0,0.01432408236347359,2192,0,33,176,1.0,0.9851685393258427,0.9925288657459814,0.0,0.014831460674157304,2222,0,3,176,1.0,0.9986516853932584,0.9993253879019565,0.0,0.001348314606741573,ILLUSTRATIVE - not derived from operator financial data,3079.6,3079.6,0.0,0.0,False,False,,,,,,,c_long_run_2400min
microwave,mw_hidden_in_storm,3,POP~R_D05_1,hardware_directional,False,0.0,190.0,9.0,2132.0,0.0,10,17,True,True,False,False,175.0,181.0,181.0,181.0,187.0,202.0,,,,0.0,0.0,21.0,21.0,21.0,0.0,2202,0,32,167,1.0,0.9856759176365264,0.9927862939585211,0.0,0.01432408236347359,2175,0,50,176,1.0,0.9775280898876404,0.9886363636363636,0.0,0.02247191011235955,2220,0,5,176,1.0,0.9977528089887641,0.998875140607424,0.0,0.0022471910112359553,ILLUSTRATIVE - not derived from operator financial data,3082.8,3082.8,0.0,0.0,False,False,,,,,,,c_long_run_2400min
microwave,mw_hidden_in_storm,4,POP~R_D05_1,hardware_directional,False,1.0,189.0,10.0,2138.0,0.0,9,10,True,True,False,False,175.0,179.0,179.0,180.0,186.0,200.0,,,,1.0,1.0,21.0,21.0,20.0,0.0,2206,0,28,167,1.0,0.9874664279319606,0.9936936936936938,0.0,0.012533572068039392,2187,0,38,176,1.0,0.9829213483146068,0.9913871260199457,0.0,0.01707865168539326,2221,0,4,176,1.0,0.9982022471910112,0.9991003148897886,0.0,0.0017977528089887641,ILLUSTRATIVE - not derived from operator financial data,3085.2,3085.09,0.11,0.0,False,False,,,,,,,c_long_run_2400min
microwave,mw_hidden_in_storm,5,POP~R_D05_1,hardware_directional,False,2.0,196.0,15.0,2126.0,0.0,7,15,True,True,False,False,175.0,181.0,181.0,183.0,189.0,274.0,,,,2.0,2.0,93.0,93.0,91.0,0.0,2205,0,29,167,1.0,0.9870188003581021,0.9934669970714125,0.0,0.012981199641897942,2183,0,42,176,1.0,0.981123595505618,0.9904718693284937,0.0,0.01887640449438202,2218,0,7,176,1.0,0.9968539325842697,0.9984244879585866,0.0,0.003146067415730337,ILLUSTRATIVE - not derived from operator financial data,3080.4,3080.18,0.22,0.0,False,False,,,,,,,c_long_run_2400min
microwave,mw_hidden_in_storm,6,POP~R_D05_1,hardware_directional,False,0.0,184.0,3.0,2127.0,0.0,10,3,True,True,False,False,175.0,181.0,181.0,181.0,187.0,203.0,,,,0.0,0.0,22.0,22.0,22.0,0.0,2212,0,22,167,1.0,0.990152193375112,0.9950517318938371,0.0,0.009847806624888093,2199,0,26,176,1.0,0.988314606741573,0.994122965641953,0.0,0.011685393258426966,2220,0,5,176,1.0,0.9977528089887641,0.998875140607424,0.0,0.0022471910112359553,ILLUSTRATIVE - not derived from operator financial data,3080.8,3080.8,0.0,0.0,False,False,,,,,,,c_long_run_2400min
microwave,mw_hidden_in_storm,7,POP~R_D05_1,hardware_directional,False,0.0,195.0,16.0,2124.0,0.0,13,17,True,True,False,False,175.0,179.0,179.0,179.0,185.0,277.0,,,,0.0,0.0,98.0,98.0,98.0,0.0,2209,0,25,167,1.0,0.9888093106535363,0.9943731712806663,0.0,0.011190689346463742,2179,0,46,176,1.0,0.9793258426966293,0.9895549500454134,0.0,0.020674157303370785,2222,0,3,176,1.0,0.9986516853932584,0.9993253879019565,0.0,0.001348314606741573,ILLUSTRATIVE - not derived from operator financial data,3079.6,3079.6,0.0,0.0,False,False,,,,,,,c_long_run_2400min
microwave,mw_hidden_in_storm,8,POP~R_D05_1,hardware_directional,False,0.0,195.0,14.0,2129.0,0.0,7,14,True,True,False,False,175.0,181.0,181.0,181.0,187.0,208.0,,,,0.0,0.0,27.0,27.0,27.0,0.0,2207,0,27,167,1.0,0.9879140555058191,0.9939202882233732,0.0,0.012085944494180842,2186,0,39,176,1.0,0.9824719101123596,0.9911584674676944,0.0,0.01752808988764045,2220,0,5,176,1.0,0.9977528089887641,0.998875140607424,0.0,0.0022471910112359553,ILLUSTRATIVE - not derived from operator financial data,3081.6,3081.6,0.0,0.0,False,False,,,,,,,c_long_run_2400min
microwave,mw_hidden_in_storm,9,POP~R_D05_1,hardware_directional,False,1.0,190.0,10.0,2125.0,0.0,14,10,True,True,False,False,175.0,180.0,180.0,181.0,187.0,201.0,,,,1.0,1.0,21.0,21.0,20.0,0.0,2208,0,26,167,1.0,0.9883616830796778,0.9941467807294012,0.0,0.011638316920322292,2184,0,41,176,1.0,0.9815730337078652,0.9907008391925607,0.0,0.018426966292134833,2220,0,5,176,1.0,0.9977528089887641,0.998875140607424,0.0,0.0022471910112359553,ILLUSTRATIVE - not derived from operator financial data,3080.0,3079.89,0.11,0.0,False,False,,,,,,,c_long_run_2400min
microwave,mw_hidden_in_storm,10,POP~R_D05_1,hardware_directional,False,2.0,182.0,3.0,2133.0,0.0,11,8,True,True,False,False,175.0,179.0,179.0,181.0,187.0,200.0,,,,2.0,2.0,21.0,21.0,19.0,0.0,2208,0,26,167,1.0,0.9883616830796778,0.9941467807294012,0.0,0.011638316920322292,2189,0,36,176,1.0,0.9838202247191011,0.9918441323062981,0.0,0.016179775280898877,2220,0,5,176,1.0,0.9977528089887641,0.998875140607424,0.0,0.0022471910112359553,ILLUSTRATIVE - not derived from operator financial data,3083.2,3082.98,0.22,0.0,False,False,,,,,,,c_long_run_2400min
microwave,mw_hidden_in_storm,11,POP~R_D05_1,hardware_directional,False,1.0,187.0,8.0,2134.0,0.0,11,8,True,True,False,False,175.0,179.0,179.0,180.0,186.0,196.0,,,,1.0,1.0,17.0,17.0,16.0,0.0,2203,0,31,167,1.0,0.9861235452103849,0.9930132972729322,0.0,0.01387645478961504,2184,0,41,176,1.0,0.9815730337078652,0.9907008391925607,0.0,0.018426966292134833,2221,0,4,176,1.0,0.9982022471910112,0.9991003148897886,0.0,0.0017977528089887641,ILLUSTRATIVE - not derived from operator financial data,3083.6,3083.49,0.11,0.0,False,False,,,,,,,c_long_run_2400min
microwave,mw_hidden_in_storm,12,POP~R_D05_1,hardware_directional,False,2.0,195.0,15.0,2132.0,0.0,11,15,True,True,False,False,175.0,180.0,180.0,182.0,188.0,267.0,,,,2.0,2.0,87.0,87.0,85.0,0.0,2209,0,25,167,1.0,0.9888093106535363,0.9943731712806663,0.0,0.011190689346463742,2183,0,42,176,1.0,0.981123595505618,0.9904718693284937,0.0,0.01887640449438202,2219,0,6,176,1.0,0.9973033707865169,0.9986498649864987,0.0,0.002696629213483146,ILLUSTRATIVE - not derived from operator financial data,3082.8,3082.58,0.22,0.0,False,False,,,,,,,c_long_run_2400min
microwave,mw_hidden_in_storm,13,POP~R_D05_1,hardware_directional,False,2.0,191.0,12.0,2123.0,0.0,8,12,True,True,False,False,175.0,179.0,179.0,181.0,187.0,278.0,,,,2.0,2.0,99.0,99.0,97.0,0.0,2207,0,27,167,1.0,0.9879140555058191,0.9939202882233732,0.0,0.012085944494180842,2187,0,38,176,1.0,0.9829213483146068,0.9913871260199457,0.0,0.01707865168539326,2220,0,5,176,1.0,0.9977528089887641,0.998875140607424,0.0,0.0022471910112359553,ILLUSTRATIVE - not derived from operator financial data,3079.2,3078.98,0.22,0.0,False,False,,,,,,,c_long_run_2400min
microwave,mw_hidden_in_storm,14,POP~R_D05_1,hardware_directional,False,1.0,187.0,7.0,2131.0,0.0,8,8,True,True,False,False,175.0,180.0,180.0,181.0,187.0,208.0,,,,1.0,1.0,28.0,28.0,27.0,0.0,2206,0,28,167,1.0,0.9874664279319606,0.9936936936936938,0.0,0.012533572068039392,2190,0,35,176,1.0,0.9842696629213483,0.9920724801812004,0.0,0.015730337078651686,2220,0,5,176,1.0,0.9977528089887641,0.998875140607424,0.0,0.0022471910112359553,ILLUSTRATIVE - not derived from operator financial data,3082.4,3082.29,0.11,0.0,False,False,,,,,,,c_long_run_2400min
microwave,mw_hidden_in_storm,15,POP~R_D05_1,hardware_directional,False,0.0,185.0,4.0,2129.0,0.0,4,4,True,True,False,False,175.0,181.0,181.0,181.0,187.0,203.0,,,,0.0,0.0,22.0,22.0,22.0,0.0,2201,0,33,167,1.0,0.9852282900626679,0.9925591882750846,0.0,0.01477170993733214,2193,0,32,176,1.0,0.9856179775280899,0.9927569035762788,0.0,0.014382022471910113,2220,0,5,176,1.0,0.9977528089887641,0.998875140607424,0.0,0.0022471910112359553,ILLUSTRATIVE - not derived from operator financial data,3081.6,3081.6,0.0,0.0,False,False,,,,,,,c_long_run_2400min
microwave,mw_interference,1,POP~R_D05_1,interference,False,8.0,184.0,0.0,0.0,0.0,11,0,True,True,False,False,180.0,184.0,184.0,192.0,198.0,,,,,8.0,8.0,,,,0.0,2217,0,3,181,1.0,0.9986486486486487,0.9993238674780256,0.0,0.0013513513513513514,2206,0,14,181,1.0,0.9936936936936936,0.9968368730230457,0.0,0.006306306306306306,2209,0,11,181,1.0,0.9950450450450451,0.997516369383608,0.0,0.004954954954954955,ILLUSTRATIVE - not derived from operator financial data,900.0,900.0,0.0,0.0,False,False,,,,,,,c_long_run_2400min
microwave,mw_interference,2,POP~R_D05_1,interference,False,9.0,185.0,0.0,0.0,0.0,1,0,True,True,False,False,180.0,185.0,185.0,194.0,200.0,,,,,9.0,9.0,,,,0.0,2216,0,4,181,1.0,0.9981981981981982,0.9990982867448152,0.0,0.0018018018018018018,2215,0,5,181,1.0,0.9977477477477478,0.9988726042841037,0.0,0.0022522522522522522,2207,0,13,181,1.0,0.9941441441441441,0.9970634741359837,0.0,0.005855855855855856,ILLUSTRATIVE - not derived from operator financial data,900.0,900.0,0.0,0.0,False,False,,,,,,,c_long_run_2400min
microwave,mw_interference,3,POP~R_D05_1,interference,False,8.0,185.0,0.0,0.0,0.0,2,0,True,True,False,False,180.0,185.0,185.0,193.0,199.0,,,,,8.0,8.0,,,,0.0,2216,0,4,181,1.0,0.9981981981981982,0.9990982867448152,0.0,0.0018018018018018018,2214,0,6,181,1.0,0.9972972972972973,0.9986468200270636,0.0,0.002702702702702703,2208,0,12,181,1.0,0.9945945945945946,0.997289972899729,0.0,0.005405405405405406,ILLUSTRATIVE - not derived from operator financial data,900.0,900.0,0.0,0.0,False,False,,,,,,,c_long_run_2400min
microwave,mw_interference,4,POP~R_D05_1,interference,False,9.0,184.0,0.0,0.0,0.0,5,0,True,True,False,False,180.0,184.0,184.0,193.0,199.0,,,,,9.0,9.0,,,,0.0,2217,0,3,181,1.0,0.9986486486486487,0.9993238674780256,0.0,0.0013513513513513514,2212,0,8,181,1.0,0.9963963963963964,0.9981949458483754,0.0,0.0036036036036036037,2208,0,12,181,1.0,0.9945945945945946,0.997289972899729,0.0,0.005405405405405406,ILLUSTRATIVE - not derived from operator financial data,900.0,900.0,0.0,0.0,False,False,,,,,,,c_long_run_2400min
microwave,mw_interference,5,POP~R_D05_1,interference,False,9.0,184.0,0.0,0.0,0.0,1,0,True,True,False,False,180.0,184.0,184.0,193.0,199.0,,,,,9.0,9.0,,,,0.0,2217,0,3,181,1.0,0.9986486486486487,0.9993238674780256,0.0,0.0013513513513513514,2216,0,4,181,1.0,0.9981981981981982,0.9990982867448152,0.0,0.0018018018018018018,2208,0,12,181,1.0,0.9945945945945946,0.997289972899729,0.0,0.005405405405405406,ILLUSTRATIVE - not derived from operator financial data,900.0,900.0,0.0,0.0,False,False,,,,,,,c_long_run_2400min
microwave,mw_interference,6,POP~R_D05_1,interference,False,8.0,185.0,0.0,0.0,0.0,14,0,True,True,False,False,180.0,185.0,185.0,193.0,199.0,,,,,8.0,8.0,,,,0.0,2216,0,4,181,1.0,0.9981981981981982,0.9990982867448152,0.0,0.0018018018018018018,2202,0,18,181,1.0,0.9918918918918919,0.9959294436906377,0.0,0.008108108108108109,2208,0,12,181,1.0,0.9945945945945946,0.997289972899729,0.0,0.005405405405405406,ILLUSTRATIVE - not derived from operator financial data,900.0,900.0,0.0,0.0,False,False,,,,,,,c_long_run_2400min
microwave,mw_interference,7,POP~R_D05_1,interference,False,7.0,185.0,0.0,0.0,0.0,5,0,True,True,False,False,180.0,185.0,185.0,192.0,198.0,,,,,7.0,7.0,,,,0.0,2216,0,4,181,1.0,0.9981981981981982,0.9990982867448152,0.0,0.0018018018018018018,2211,0,9,181,1.0,0.995945945945946,0.997968855788761,0.0,0.004054054054054054,2209,0,11,181,1.0,0.9950450450450451,0.997516369383608,0.0,0.004954954954954955,ILLUSTRATIVE - not derived from operator financial data,900.0,900.0,0.0,0.0,False,False,,,,,,,c_long_run_2400min
microwave,mw_interference,8,POP~R_D05_1,interference,False,8.0,184.0,0.0,0.0,0.0,28,0,True,True,False,False,180.0,184.0,184.0,192.0,198.0,,,,,8.0,8.0,,,,0.0,2217,0,3,181,1.0,0.9986486486486487,0.9993238674780256,0.0,0.0013513513513513514,2189,0,31,181,1.0,0.9860360360360361,0.9929689271943751,0.0,0.013963963963963964,2209,0,11,181,1.0,0.9950450450450451,0.997516369383608,0.0,0.004954954954954955,ILLUSTRATIVE - not derived from operator financial data,900.0,900.0,0.0,0.0,False,False,,,,,,,c_long_run_2400min
microwave,mw_interference,9,POP~R_D05_1,interference,False,10.0,184.0,0.0,0.0,0.0,3,0,True,True,False,False,180.0,184.0,184.0,194.0,200.0,,,,,10.0,10.0,,,,0.0,2217,0,3,181,1.0,0.9986486486486487,0.9993238674780256,0.0,0.0013513513513513514,2214,0,6,181,1.0,0.9972972972972973,0.9986468200270636,0.0,0.002702702702702703,2207,0,13,181,1.0,0.9941441441441441,0.9970634741359837,0.0,0.005855855855855856,ILLUSTRATIVE - not derived from operator financial data,900.0,900.0,0.0,0.0,False,False,,,,,,,c_long_run_2400min
microwave,mw_interference,10,POP~R_D05_1,interference,False,8.0,185.0,0.0,0.0,0.0,0,0,True,True,False,False,180.0,185.0,185.0,193.0,199.0,,,,,8.0,8.0,,,,0.0,2216,0,4,181,1.0,0.9981981981981982,0.9990982867448152,0.0,0.0018018018018018018,2216,0,4,181,1.0,0.9981981981981982,0.9990982867448152,0.0,0.0018018018018018018,2208,0,12,181,1.0,0.9945945945945946,0.997289972899729,0.0,0.005405405405405406,ILLUSTRATIVE - not derived from operator financial data,900.0,900.0,0.0,0.0,False,False,,,,,,,c_long_run_2400min
microwave,mw_interference,11,POP~R_D05_1,interference,False,8.0,184.0,0.0,0.0,0.0,3,0,True,True,False,False,180.0,184.0,184.0,192.0,198.0,,,,,8.0,8.0,,,,0.0,2217,0,3,181,1.0,0.9986486486486487,0.9993238674780256,0.0,0.0013513513513513514,2214,0,6,181,1.0,0.9972972972972973,0.9986468200270636,0.0,0.002702702702702703,2209,0,11,181,1.0,0.9950450450450451,0.997516369383608,0.0,0.004954954954954955,ILLUSTRATIVE - not derived from operator financial data,900.0,900.0,0.0,0.0,False,False,,,,,,,c_long_run_2400min
microwave,mw_interference,12,POP~R_D05_1,interference,False,7.0,185.0,0.0,0.0,0.0,15,0,True,True,False,False,180.0,185.0,185.0,192.0,198.0,,,,,7.0,7.0,,,,0.0,2216,0,4,181,1.0,0.9981981981981982,0.9990982867448152,0.0,0.0018018018018018018,2201,0,19,181,1.0,0.9914414414414414,0.9957023297896404,0.0,0.008558558558558558,2209,0,11,181,1.0,0.9950450450450451,0.997516369383608,0.0,0.004954954954954955,ILLUSTRATIVE - not derived from operator financial data,900.0,900.0,0.0,0.0,False,False,,,,,,,c_long_run_2400min
microwave,mw_interference,13,POP~R_D05_1,interference,False,7.0,185.0,0.0,0.0,0.0,14,0,True,True,False,False,180.0,185.0,185.0,192.0,198.0,,,,,7.0,7.0,,,,0.0,2216,0,4,181,1.0,0.9981981981981982,0.9990982867448152,0.0,0.0018018018018018018,2202,0,18,181,1.0,0.9918918918918919,0.9959294436906377,0.0,0.008108108108108109,2209,0,11,181,1.0,0.9950450450450451,0.997516369383608,0.0,0.004954954954954955,ILLUSTRATIVE - not derived from operator financial data,900.0,900.0,0.0,0.0,False,False,,,,,,,c_long_run_2400min
microwave,mw_interference,14,POP~R_D05_1,interference,False,8.0,184.0,0.0,0.0,0.0,5,0,True,True,False,False,180.0,184.0,184.0,192.0,198.0,,,,,8.0,8.0,,,,0.0,2217,0,3,181,1.0,0.9986486486486487,0.9993238674780256,0.0,0.0013513513513513514,2212,0,8,181,1.0,0.9963963963963964,0.9981949458483754,0.0,0.0036036036036036037,2209,0,11,181,1.0,0.9950450450450451,0.997516369383608,0.0,0.004954954954954955,ILLUSTRATIVE - not derived from operator financial data,900.0,900.0,0.0,0.0,False,False,,,,,,,c_long_run_2400min
microwave,mw_interference,15,POP~R_D05_1,interference,False,8.0,185.0,0.0,0.0,0.0,2,0,True,True,False,False,180.0,185.0,185.0,193.0,199.0,,,,,8.0,8.0,,,,0.0,2216,0,4,181,1.0,0.9981981981981982,0.9990982867448152,0.0,0.0018018018018018018,2214,0,6,181,1.0,0.9972972972972973,0.9986468200270636,0.0,0.002702702702702703,2208,0,12,181,1.0,0.9945945945945946,0.997289972899729,0.0,0.005405405405405406,ILLUSTRATIVE - not derived from operator financial data,900.0,900.0,0.0,0.0,False,False,,,,,,,c_long_run_2400min
microwave,mw_rain_cell,1,POP~R_D00_1,rain_fade,True,7.0,175.0,0.0,0.0,0.0,0,26,True,False,True,False,150.0,175.0,175.0,182.0,188.0,,,,260.0,7.0,7.0,,,,0.0,26,0,25,2350,1.0,0.5098039215686274,0.6753246753246753,0.0,0.49019607843137253,0,0,0,2401,,,,0.0,,0,2219,0,182,0.0,,,0.924198250728863,,ILLUSTRATIVE - not derived from operator financial data,900.0,0.0,900.0,100.0,False,True,,,,,,,c_long_run_2400min
microwave,mw_rain_cell,2,POP~R_D00_1,rain_fade,True,3.0,178.0,0.0,0.0,0.0,0,23,True,False,True,False,150.0,178.0,178.0,181.0,187.0,,,,260.0,3.0,3.0,,,,0.0,23,0,28,2350,1.0,0.45098039215686275,0.6216216216216216,0.0,0.5490196078431373,0,0,0,2401,,,,0.0,,0,2220,0,181,0.0,,,0.9246147438567264,,ILLUSTRATIVE - not derived from operator financial data,900.0,0.0,900.0,100.0,False,True,,,,,,,c_long_run_2400min
microwave,mw_rain_cell,3,POP~R_D00_1,rain_fade,True,4.0,176.0,0.0,0.0,0.0,0,25,True,False,True,False,150.0,176.0,176.0,180.0,186.0,,,,260.0,4.0,4.0,,,,0.0,25,0,26,2350,1.0,0.49019607843137253,0.6578947368421052,0.0,0.5098039215686274,0,0,0,2401,,,,0.0,,0,2221,0,180,0.0,,,0.9250312369845898,,ILLUSTRATIVE - not derived from operator financial data,900.0,0.0,900.0,100.0,False,True,,,,,,,c_long_run_2400min
microwave,mw_rain_cell,4,POP~R_D00_1,rain_fade,True,5.0,176.0,0.0,0.0,0.0,0,25,True,False,True,False,150.0,176.0,176.0,181.0,187.0,,,,260.0,5.0,5.0,,,,0.0,25,0,26,2350,1.0,0.49019607843137253,0.6578947368421052,0.0,0.5098039215686274,0,0,0,2401,,,,0.0,,0,2220,0,181,0.0,,,0.9246147438567264,,ILLUSTRATIVE - not derived from operator financial data,900.0,0.0,900.0,100.0,False,True,,,,,,,c_long_run_2400min
microwave,mw_rain_cell,5,POP~R_D00_1,rain_fade,True,4.0,179.0,0.0,0.0,0.0,0,21,True,False,True,False,150.0,179.0,179.0,183.0,189.0,,,,260.0,4.0,4.0,,,,0.0,21,0,30,2350,1.0,0.4117647058823529,0.5833333333333334,0.0,0.5882352941176471,0,0,0,2401,,,,0.0,,0,2218,0,183,0.0,,,0.9237817576009996,,ILLUSTRATIVE - not derived from operator financial data,900.0,0.0,900.0,100.0,False,True,,,,,,,c_long_run_2400min
microwave,mw_rain_cell,6,POP~R_D00_1,rain_fade,True,2.0,176.0,0.0,0.0,0.0,0,23,True,False,True,False,150.0,176.0,176.0,178.0,184.0,,,,260.0,2.0,2.0,,,,0.0,23,0,28,2350,1.0,0.45098039215686275,0.6216216216216216,0.0,0.5490196078431373,0,0,0,2401,,,,0.0,,0,2223,0,178,0.0,,,0.9258642232403166,,ILLUSTRATIVE - not derived from operator financial data,900.0,0.0,900.0,100.0,False,True,,,,,,,c_long_run_2400min
microwave,mw_rain_cell,7,POP~R_D00_1,rain_fade,True,4.0,176.0,0.0,0.0,0.0,0,24,True,False,True,False,150.0,176.0,176.0,180.0,186.0,,,,260.0,4.0,4.0,,,,0.0,24,0,27,2350,1.0,0.47058823529411764,0.6399999999999999,0.0,0.5294117647058824,0,0,0,2401,,,,0.0,,0,2221,0,180,0.0,,,0.9250312369845898,,ILLUSTRATIVE - not derived from operator financial data,900.0,0.0,900.0,100.0,False,True,,,,,,,c_long_run_2400min
microwave,mw_rain_cell,8,POP~R_D00_1,rain_fade,True,4.0,178.0,0.0,0.0,0.0,0,21,True,False,True,False,150.0,178.0,178.0,182.0,188.0,,,,260.0,4.0,4.0,,,,0.0,21,0,30,2350,1.0,0.4117647058823529,0.5833333333333334,0.0,0.5882352941176471,0,0,0,2401,,,,0.0,,0,2219,0,182,0.0,,,0.924198250728863,,ILLUSTRATIVE - not derived from operator financial data,900.0,0.0,900.0,100.0,False,True,,,,,,,c_long_run_2400min
microwave,mw_rain_cell,9,POP~R_D00_1,rain_fade,True,5.0,176.0,0.0,0.0,0.0,0,24,True,False,True,False,150.0,176.0,176.0,181.0,187.0,,,,260.0,5.0,5.0,,,,0.0,24,0,27,2350,1.0,0.47058823529411764,0.6399999999999999,0.0,0.5294117647058824,0,0,0,2401,,,,0.0,,0,2220,0,181,0.0,,,0.9246147438567264,,ILLUSTRATIVE - not derived from operator financial data,900.0,0.0,900.0,100.0,False,True,,,,,,,c_long_run_2400min
microwave,mw_rain_cell,10,POP~R_D00_1,rain_fade,True,3.0,177.0,0.0,0.0,0.0,0,24,True,False,True,False,150.0,177.0,177.0,180.0,186.0,,,,260.0,3.0,3.0,,,,0.0,24,0,27,2350,1.0,0.47058823529411764,0.6399999999999999,0.0,0.5294117647058824,0,0,0,2401,,,,0.0,,0,2221,0,180,0.0,,,0.9250312369845898,,ILLUSTRATIVE - not derived from operator financial data,900.0,0.0,900.0,100.0,False,True,,,,,,,c_long_run_2400min
microwave,mw_rain_cell,11,POP~R_D00_1,rain_fade,True,3.0,177.0,0.0,0.0,0.0,0,25,True,False,True,False,150.0,177.0,177.0,180.0,186.0,,,,260.0,3.0,3.0,,,,0.0,25,0,26,2350,1.0,0.49019607843137253,0.6578947368421052,0.0,0.5098039215686274,0,0,0,2401,,,,0.0,,0,2221,0,180,0.0,,,0.9250312369845898,,ILLUSTRATIVE - not derived from operator financial data,900.0,0.0,900.0,100.0,False,True,,,,,,,c_long_run_2400min
microwave,mw_rain_cell,12,POP~R_D00_1,rain_fade,True,4.0,177.0,0.0,0.0,0.0,0,21,True,True,True,True,150.0,177.0,177.0,181.0,187.0,,,,260.0,4.0,4.0,,,,0.0,23,0,28,2350,1.0,0.45098039215686275,0.6216216216216216,0.0,0.5490196078431373,0,2,0,2399,0.0,,,0.0008329862557267805,,0,2220,0,181,0.0,,,0.9246147438567264,,ILLUSTRATIVE - not derived from operator financial data,900.0,900.0,0.0,0.0,True,True,,,,,,,c_long_run_2400min
microwave,mw_rain_cell,13,POP~R_D00_1,rain_fade,True,3.0,180.0,0.0,0.0,0.0,0,20,True,False,True,False,150.0,180.0,180.0,183.0,189.0,,,,260.0,3.0,3.0,,,,0.0,20,0,31,2350,1.0,0.39215686274509803,0.5633802816901409,0.0,0.6078431372549019,0,0,0,2401,,,,0.0,,0,2218,0,183,0.0,,,0.9237817576009996,,ILLUSTRATIVE - not derived from operator financial data,900.0,0.0,900.0,100.0,False,True,,,,,,,c_long_run_2400min
microwave,mw_rain_cell,14,POP~R_D00_1,rain_fade,True,5.0,173.0,0.0,0.0,0.0,0,27,True,False,True,False,150.0,173.0,173.0,178.0,184.0,,,,260.0,5.0,5.0,,,,0.0,27,0,24,2350,1.0,0.5294117647058824,0.6923076923076924,0.0,0.47058823529411764,0,0,0,2401,,,,0.0,,0,2223,0,178,0.0,,,0.9258642232403166,,ILLUSTRATIVE - not derived from operator financial data,900.0,0.0,900.0,100.0,False,True,,,,,,,c_long_run_2400min
microwave,mw_rain_cell,15,POP~R_D00_1,rain_fade,True,8.0,175.0,0.0,0.0,0.0,0,27,True,False,True,False,150.0,175.0,175.0,183.0,189.0,,,,260.0,8.0,8.0,,,,0.0,27,0,24,2350,1.0,0.5294117647058824,0.6923076923076924,0.0,0.47058823529411764,0,0,0,2401,,,,0.0,,0,2218,0,183,0.0,,,0.9237817576009996,,ILLUSTRATIVE - not derived from operator financial data,900.0,0.0,900.0,100.0,False,True,,,,,,,c_long_run_2400min
