domain,scenario,seed,t_min,action,verdict,level_drop_worst_db,asymmetry_db,asymmetry_sustained_samples,quality_drop_db,quality_unexplained_db,exceeds_control_limit,sustained_samples,env_active,env_cleared_recently,minutes_since_env_clear,tx_compensation_db,tx_compensation_asym_db,geometry_deg,geometry_explains_db,recent_change,platform_anomaly
microwave,mw_rain_cell,12,0.0,NONE,,0.0,0.0,0,0.0,0.0,False,0,False,False,,0.0,0.0,,0.0,False,False
microwave,mw_rain_cell,12,1.0,NONE,,0.0,0.0,0,0.0,0.0,False,0,False,False,,0.0,0.0,,0.0,False,False
microwave,mw_rain_cell,12,2.0,NONE,,0.0,0.0,0,0.0,0.0,False,0,False,False,,0.0,0.0,,0.0,False,False
microwave,mw_rain_cell,12,3.0,NONE,,0.0,0.0,0,0.0,0.0,False,0,False,False,,0.0,0.0,,0.0,False,False
microwave,mw_rain_cell,12,4.0,NONE,,0.0,0.0,0,0.0,0.0,False,0,False,False,,0.0,0.0,,0.0,False,False
microwave,mw_rain_cell,12,5.0,NONE,,0.0,0.0,0,0.0,0.0,False,0,False,False,,0.0,0.0,,0.0,False,False
microwave,mw_rain_cell,12,6.0,NONE,,0.0,0.0,0,0.0,0.0,False,0,False,False,,0.0,0.0,,0.0,False,False
microwave,mw_rain_cell,12,7.0,NONE,,0.0,0.0,0,0.0,0.0,False,0,False,False,,0.0,0.0,,0.0,False,False
microwave,mw_rain_cell,12,8.0,NONE,,0.0,0.0,0,0.0,0.0,False,0,False,False,,0.0,0.0,,0.0,False,False
microwave,mw_rain_cell,12,9.0,NONE,,0.0,0.0,0,0.0,0.0,False,0,False,False,,0.0,0.0,,0.0,False,False
microwave,mw_rain_cell,12,10.0,NONE,,0.0,0.0,0,0.0,0.0,False,0,False,False,,0.0,0.0,,0.0,False,False
microwave,mw_rain_cell,12,11.0,NONE,,0.0,0.0,0,0.0,0.0,False,0,False,False,,0.0,0.0,,0.0,False,False
microwave,mw_rain_cell,12,12.0,NONE,,0.0,0.0,0,0.0,0.0,False,0,False,False,,0.0,0.0,,0.0,False,False
microwave,mw_rain_cell,12,13.0,NONE,,0.0,0.0,0,0.0,0.0,False,0,False,False,,0.0,0.0,,0.0,False,False
microwave,mw_rain_cell,12,14.0,NONE,,0.0,0.0,0,0.0,0.0,False,0,False,False,,0.0,0.0,,0.0,False,False
microwave,mw_rain_cell,12,15.0,NONE,,0.0,0.0,0,0.0,0.0,False,0,False,False,,0.0,0.0,,0.0,False,False
microwave,mw_rain_cell,12,16.0,NONE,,0.0,0.0,0,0.0,0.0,False,0,False,False,,0.0,0.0,,0.0,False,False
microwave,mw_rain_cell,12,17.0,NONE,,0.0,0.0,0,0.0,0.0,False,0,False,False,,0.0,0.0,,0.0,False,False
microwave,mw_rain_cell,12,18.0,NONE,,0.0,0.0,0,0.0,0.0,False,0,False,False,,0.0,0.0,,0.0,False,False
microwave,mw_rain_cell,12,19.0,NONE,,0.0,0.0,0,0.0,0.0,False,0,False,False,,0.0,0.0,,0.0,False,False
microwave,mw_rain_cell,12,20.0,NONE,,0.0,0.0,0,0.0,0.0,False,0,False,False,,0.0,0.0,,0.0,False,False
microwave,mw_rain_cell,12,21.0,NONE,,0.0,0.0,0,0.0,0.0,False,0,False,False,,0.0,0.0,,0.0,False,False
microwave,mw_rain_cell,12,22.0,NONE,,0.0,0.0,0,0.0,0.0,False,0,False,False,,0.0,0.0,,0.0,False,False
microwave,mw_rain_cell,12,23.0,NONE,,0.0,0.0,0,0.0,0.0,False,0,False,False,,0.0,0.0,,0.0,False,False
microwave,mw_rain_cell,12,24.0,NONE,,0.0,0.0,0,0.0,0.0,False,0,False,False,,0.0,0.0,,0.0,False,False
microwave,mw_rain_cell,12,25.0,NONE,,0.0,0.0,0,0.0,0.0,False,0,False,False,,0.0,0.0,,0.0,False,False
microwave,mw_rain_cell,12,26.0,NONE,,0.0,0.0,0,0.0,0.0,False,0,False,False,,0.0,0.0,,0.0,False,False
microwave,mw_rain_cell,12,27.0,NONE,,0.0,0.0,0,0.0,0.0,False,0,False,False,,0.0,0.0,,0.0,False,False
microwave,mw_rain_cell,12,28.0,NONE,,0.0,0.0,0,0.0,0.0,False,0,False,False,,0.0,0.0,,0.0,False,False
microwave,mw_rain_cell,12,29.0,NONE,,0.0,0.0,0,0.0,0.0,False,0,False,False,,0.0,0.0,,0.0,False,False
microwave,mw_rain_cell,12,30.0,NONE,,0.0,0.0,0,0.0,0.0,False,0,False,False,,0.0,0.0,,0.0,False,False
microwave,mw_rain_cell,12,31.0,NONE,,0.0,0.0,0,0.0,0.0,False,0,False,False,,0.0,0.0,,0.0,False,False
microwave,mw_rain_cell,12,32.0,NONE,,0.0,0.0,0,0.0,0.0,False,0,False,False,,0.0,0.0,,0.0,False,False
microwave,mw_rain_cell,12,33.0,NONE,,0.0,0.0,0,0.0,0.0,False,0,False,False,,0.0,0.0,,0.0,False,False
microwave,mw_rain_cell,12,34.0,NONE,,0.0,0.0,0,0.0,0.0,False,0,False,False,,0.0,0.0,,0.0,False,False
microwave,mw_rain_cell,12,35.0,NONE,,0.0,0.0,0,0.0,0.0,False,0,False,False,,0.0,0.0,,0.0,False,False
microwave,mw_rain_cell,12,36.0,NONE,,0.0,0.0,0,0.0,0.0,False,0,False,False,,0.0,0.0,,0.0,False,False
microwave,mw_rain_cell,12,37.0,NONE,,0.0,0.0,0,0.0,0.0,False,0,False,False,,0.0,0.0,,0.0,False,False
microwave,mw_rain_cell,12,38.0,NONE,,0.0,0.0,0,0.0,0.0,False,0,False,False,,0.0,0.0,,0.0,False,False
microwave,mw_rain_cell,12,39.0,NONE,,0.0,0.0,0,0.0,0.0,False,0,False,False,,0.0,0.0,,0.0,False,False
microwave,mw_rain_cell,12,40.0,NONE,,0.0,0.0,0,0.0,0.0,False,0,False,False,,0.0,0.0,,0.0,False,False
microwave,mw_rain_cell,12,41.0,NONE,,0.0,0.0,0,0.0,0.0,False,0,False,False,,0.0,0.0,,0.0,False,False
microwave,mw_rain_cell,12,42.0,NONE,,0.0,0.0,0,0.0,0.0,False,0,False,False,,0.0,0.0,,0.0,False,False
microwave,mw_rain_cell,12,43.0,NONE,,0.0,0.0,0,0.0,0.0,False,0,False,False,,0.0,0.0,,0.0,False,False
microwave,mw_rain_cell,12,44.0,NONE,,0.0,0.0,0,0.0,0.0,False,0,False,False,,0.0,0.0,,0.0,False,False
microwave,mw_rain_cell,12,45.0,NONE,,0.0,0.0,0,0.0,0.0,False,0,False,False,,0.0,0.0,,0.0,False,False
microwave,mw_rain_cell,12,46.0,NONE,,0.0,0.0,0,0.0,0.0,False,0,False,False,,0.0,0.0,,0.0,False,False
microwave,mw_rain_cell,12,47.0,NONE,,0.0,0.0,0,0.0,0.0,False,0,False,False,,0.0,0.0,,0.0,False,False
microwave,mw_rain_cell,12,48.0,NONE,,0.0,0.0,0,0.0,0.0,False,0,False,False,,0.0,0.0,,0.0,False,False
microwave,mw_rain_cell,12,49.0,NONE,,0.0,0.0,0,0.0,0.0,False,0,False,False,,0.0,0.0,,0.0,False,False
microwave,mw_rain_cell,12,50.0,NONE,,0.0,0.0,0,0.0,0.0,False,0,False,False,,0.0,0.0,,0.0,False,False
microwave,mw_rain_cell,12,51.0,NONE,,0.0,0.0,0,0.0,0.0,False,0,False,False,,0.0,0.0,,0.0,False,False
microwave,mw_rain_cell,12,52.0,NONE,,0.0,0.0,0,0.0,0.0,False,0,False,False,,0.0,0.0,,0.0,False,False
microwave,mw_rain_cell,12,53.0,NONE,,0.0,0.0,0,0.0,0.0,False,0,False,False,,0.0,0.0,,0.0,False,False
microwave,mw_rain_cell,12,54.0,NONE,,0.0,0.0,0,0.0,0.0,False,0,False,False,,0.0,0.0,,0.0,False,False
microwave,mw_rain_cell,12,55.0,NONE,,0.0,0.0,0,0.0,0.0,False,0,False,False,,0.0,0.0,,0.0,False,False
microwave,mw_rain_cell,12,56.0,NONE,,0.0,0.0,0,0.0,0.0,False,0,False,False,,0.0,0.0,,0.0,False,False
microwave,mw_rain_cell,12,57.0,NONE,,0.0,0.0,0,0.0,0.0,False,0,False,False,,0.0,0.0,,0.0,False,False
microwave,mw_rain_cell,12,58.0,NONE,,0.0,0.0,0,0.0,0.0,False,0,False,False,,0.0,0.0,,0.0,False,False
microwave,mw_rain_cell,12,59.0,NONE,,0.0,0.0,0,0.0,0.0,False,0,False,False,,0.0,0.0,,0.0,False,False
microwave,mw_rain_cell,12,60.0,NONE,,0.0,0.0,0,0.0,0.0,False,0,False,False,,0.0,0.0,,0.0,False,False
microwave,mw_rain_cell,12,61.0,NONE,,0.0,0.0,0,0.0,0.0,False,0,False,False,,0.0,0.0,,0.0,False,False
microwave,mw_rain_cell,12,62.0,NONE,,0.0,0.0,0,0.0,0.0,False,0,False,False,,0.0,0.0,,0.0,False,False
microwave,mw_rain_cell,12,63.0,NONE,,0.0,0.0,0,0.0,0.0,False,0,False,False,,0.0,0.0,,0.0,False,False
microwave,mw_rain_cell,12,64.0,NONE,,0.0,0.0,0,0.0,0.0,False,0,False,False,,0.0,0.0,,0.0,False,False
microwave,mw_rain_cell,12,65.0,NONE,,0.0,0.0,0,0.0,0.0,False,0,False,False,,0.0,0.0,,0.0,False,False
microwave,mw_rain_cell,12,66.0,NONE,,0.0,0.0,0,0.0,0.0,False,0,False,False,,0.0,0.0,,0.0,False,False
microwave,mw_rain_cell,12,67.0,NONE,,0.0,0.0,0,0.0,0.0,False,0,False,False,,0.0,0.0,,0.0,False,False
microwave,mw_rain_cell,12,68.0,NONE,,0.0,0.0,0,0.0,0.0,False,0,False,False,,0.0,0.0,,0.0,False,False
microwave,mw_rain_cell,12,69.0,NONE,,0.0,0.0,0,0.0,0.0,False,0,False,False,,0.0,0.0,,0.0,False,False
microwave,mw_rain_cell,12,70.0,NONE,,0.0,0.0,0,0.0,0.0,False,0,False,False,,0.0,0.0,,0.0,False,False
microwave,mw_rain_cell,12,71.0,NONE,,0.0,0.0,0,0.0,0.0,False,0,False,False,,0.0,0.0,,0.0,False,False
microwave,mw_rain_cell,12,72.0,NONE,,0.0,0.0,0,0.0,0.0,False,0,False,False,,0.0,0.0,,0.0,False,False
microwave,mw_rain_cell,12,73.0,NONE,,0.0,0.0,0,0.0,0.0,False,0,False,False,,0.0,0.0,,0.0,False,False
microwave,mw_rain_cell,12,74.0,NONE,,0.0,0.0,0,0.0,0.0,False,0,False,False,,0.0,0.0,,0.0,False,False
microwave,mw_rain_cell,12,75.0,NONE,,0.0,0.0,0,0.0,0.0,False,0,False,False,,0.0,0.0,,0.0,False,False
microwave,mw_rain_cell,12,76.0,NONE,,0.0,0.0,0,0.0,0.0,False,0,False,False,,0.0,0.0,,0.0,False,False
microwave,mw_rain_cell,12,77.0,NONE,,0.0,0.0,0,0.0,0.0,False,0,False,False,,0.0,0.0,,0.0,False,False
microwave,mw_rain_cell,12,78.0,NONE,,0.0,0.0,0,0.0,0.0,False,0,False,False,,0.0,0.0,,0.0,False,False
microwave,mw_rain_cell,12,79.0,NONE,,0.0,0.0,0,0.0,0.0,False,0,False,False,,0.0,0.0,,0.0,False,False
microwave,mw_rain_cell,12,80.0,NONE,,0.0,0.0,0,0.0,0.0,False,0,False,False,,0.0,0.0,,0.0,False,False
microwave,mw_rain_cell,12,81.0,NONE,,0.0,0.0,0,0.0,0.0,False,0,False,False,,0.0,0.0,,0.0,False,False
microwave,mw_rain_cell,12,82.0,NONE,,0.0,0.0,0,0.0,0.0,False,0,False,False,,0.0,0.0,,0.0,False,False
microwave,mw_rain_cell,12,83.0,NONE,,0.0,0.0,0,0.0,0.0,False,0,False,False,,0.0,0.0,,0.0,False,False
microwave,mw_rain_cell,12,84.0,NONE,,0.0,0.0,0,0.0,0.0,False,0,False,False,,0.0,0.0,,0.0,False,False
microwave,mw_rain_cell,12,85.0,NONE,,0.0,0.0,0,0.0,0.0,False,0,False,False,,0.0,0.0,,0.0,False,False
microwave,mw_rain_cell,12,86.0,NONE,,0.0,0.0,0,0.0,0.0,False,0,False,False,,0.0,0.0,,0.0,False,False
microwave,mw_rain_cell,12,87.0,NONE,,0.0,0.0,0,0.0,0.0,False,0,False,False,,0.0,0.0,,0.0,False,False
microwave,mw_rain_cell,12,88.0,NONE,,0.0,0.0,0,0.0,0.0,False,0,False,False,,0.0,0.0,,0.0,False,False
microwave,mw_rain_cell,12,89.0,NONE,,0.0,0.0,0,0.0,0.0,False,0,False,False,,0.0,0.0,,0.0,False,False
microwave,mw_rain_cell,12,90.0,NONE,,0.0,0.0,0,0.0,0.0,False,0,False,False,,0.0,0.0,,0.0,False,False
microwave,mw_rain_cell,12,91.0,NONE,,0.0,0.0,0,0.0,0.0,False,0,False,False,,0.0,0.0,,0.0,False,False
microwave,mw_rain_cell,12,92.0,NONE,,0.0,0.0,0,0.0,0.0,False,0,False,False,,0.0,0.0,,0.0,False,False
microwave,mw_rain_cell,12,93.0,NONE,,0.0,0.0,0,0.0,0.0,False,0,False,False,,0.0,0.0,,0.0,False,False
microwave,mw_rain_cell,12,94.0,NONE,,0.0,0.0,0,0.0,0.0,False,0,False,False,,0.0,0.0,,0.0,False,False
microwave,mw_rain_cell,12,95.0,NONE,,0.0,0.0,0,0.0,0.0,False,0,False,False,,0.0,0.0,,0.0,False,False
microwave,mw_rain_cell,12,96.0,NONE,,0.0,0.0,0,0.0,0.0,False,0,False,False,,0.0,0.0,,0.0,False,False
microwave,mw_rain_cell,12,97.0,NONE,,0.0,0.0,0,0.0,0.0,False,0,False,False,,0.0,0.0,,0.0,False,False
microwave,mw_rain_cell,12,98.0,NONE,,0.0,0.0,0,0.0,0.0,False,0,False,False,,0.0,0.0,,0.0,False,False
microwave,mw_rain_cell,12,99.0,NONE,,0.0,0.0,0,0.0,0.0,False,0,False,False,,0.0,0.0,,0.0,False,False
microwave,mw_rain_cell,12,100.0,NONE,,0.0,0.0,0,0.0,0.0,False,0,False,False,,0.0,0.0,,0.0,False,False
microwave,mw_rain_cell,12,101.0,NONE,,0.0,0.0,0,0.0,0.0,False,0,False,False,,0.0,0.0,,0.0,False,False
microwave,mw_rain_cell,12,102.0,NONE,,0.0,0.0,0,0.0,0.0,False,0,False,False,,0.0,0.0,,0.0,False,False
microwave,mw_rain_cell,12,103.0,NONE,,0.0,0.0,0,0.0,0.0,False,0,False,False,,0.0,0.0,,0.0,False,False
microwave,mw_rain_cell,12,104.0,NONE,,0.0,0.0,0,0.0,0.0,False,0,False,False,,0.0,0.0,,0.0,False,False
microwave,mw_rain_cell,12,105.0,NONE,,0.0,0.0,0,0.0,0.0,False,0,False,False,,0.0,0.0,,0.0,False,False
microwave,mw_rain_cell,12,106.0,NONE,,0.0,0.0,0,0.0,0.0,False,0,False,False,,0.0,0.0,,0.0,False,False
microwave,mw_rain_cell,12,107.0,NONE,,0.0,0.0,0,0.0,0.0,False,0,False,False,,0.0,0.0,,0.0,False,False
microwave,mw_rain_cell,12,108.0,NONE,,0.0,0.0,0,0.0,0.0,False,0,False,False,,0.0,0.0,,0.0,False,False
microwave,mw_rain_cell,12,109.0,NONE,,0.0,0.0,0,0.0,0.0,False,0,False,False,,0.0,0.0,,0.0,False,False
microwave,mw_rain_cell,12,110.0,NONE,,0.0,0.0,0,0.0,0.0,False,0,False,False,,0.0,0.0,,0.0,False,False
microwave,mw_rain_cell,12,111.0,NONE,,0.0,0.0,0,0.0,0.0,False,0,False,False,,0.0,0.0,,0.0,False,False
microwave,mw_rain_cell,12,112.0,NONE,,0.0,0.0,0,0.0,0.0,False,0,False,False,,0.0,0.0,,0.0,False,False
microwave,mw_rain_cell,12,113.0,NONE,,0.0,0.0,0,0.0,0.0,False,0,False,False,,0.0,0.0,,0.0,False,False
microwave,mw_rain_cell,12,114.0,NONE,,0.0,0.0,0,0.0,0.0,False,0,False,False,,0.0,0.0,,0.0,False,False
microwave,mw_rain_cell,12,115.0,NONE,,0.0,0.0,0,0.0,0.0,False,0,False,False,,0.0,0.0,,0.0,False,False
microwave,mw_rain_cell,12,116.0,NONE,,0.0,0.0,0,0.0,0.0,False,0,False,False,,0.0,0.0,,0.0,False,False
microwave,mw_rain_cell,12,117.0,NONE,,0.0,0.0,0,0.0,0.0,False,0,False,False,,0.0,0.0,,0.0,False,False
microwave,mw_rain_cell,12,118.0,NONE,,0.0,0.0,0,0.0,0.0,False,0,False,False,,0.0,0.0,,0.0,False,False
microwave,mw_rain_cell,12,119.0,NONE,,0.0,0.0,0,0.0,0.0,False,0,False,False,,0.0,0.0,,0.0,False,False
microwave,mw_rain_cell,12,120.0,NONE,,0.0,0.0,0,0.0,0.0,False,0,False,False,,0.0,0.0,,0.0,False,False
microwave,mw_rain_cell,12,121.0,NONE,,0.09140807525680117,0.8663987243508373,0,0.3624041693837796,0.27099609412697845,False,0,False,False,,0.8333049758646385,0.20357652183979336,,0.0,False,False
microwave,mw_rain_cell,12,122.0,NONE,,0.40923462825183776,0.8490753935464355,0,-0.10967344849306215,-0.5189080767448999,False,0,False,False,,0.7947327773345761,0.3863553495646396,,0.0,False,False
microwave,mw_rain_cell,12,123.0,NONE,,0.7383739301355163,1.082805489657801,0,-0.5434931179249389,-1.2818670480604553,False,0,False,False,,0.9109789872215643,0.09252645222255862,,0.0,False,False
microwave,mw_rain_cell,12,124.0,NONE,,0.17693396744083145,0.8059958359978339,0,0.35717768326084354,0.18024371582001208,False,0,False,False,,0.6614851364591303,0.05268617731588887,,0.0,False,False
microwave,mw_rain_cell,12,125.0,NONE,,0.5271204370298719,0.1762840637257952,0,-0.02266259652331115,-0.549783033553183,False,0,False,False,,1.3772482010558629,1.0896710211709646,,0.0,False,False
microwave,mw_rain_cell,12,126.0,NONE,,0.4246159835933767,1.0500301695779797,0,-0.056405599022021136,-0.48102158261539785,False,0,False,False,,2.408305853331372,1.8896038653941245,,0.0,False,False
microwave,mw_rain_cell,12,127.0,NONE,,-0.07707663047789026,0.05740772159601448,0,-0.07197507134487324,0.00510155913301702,False,0,False,False,,1.0841647262903367,0.6471244588319507,,0.0,False,False
microwave,mw_rain_cell,12,128.0,NONE,,-0.027795903606289585,0.10334887638076395,0,0.4973143296631406,0.5251102332694302,False,0,False,False,,1.3408318874763028,1.2779863309666473,,0.0,False,False
microwave,mw_rain_cell,12,129.0,NONE,,0.08300705976481737,0.10310970702241917,0,0.46936397757465187,0.3863569178098345,False,0,False,False,,1.2702589416449288,1.5753733389699562,,0.0,False,False
microwave,mw_rain_cell,12,130.0,NONE,,0.43916486300936697,0.7113724417436416,0,0.4747184871392136,0.03555362412984664,False,0,False,False,,1.2324878272795692,0.8898470856739469,,0.0,False,False
microwave,mw_rain_cell,12,131.0,NONE,,0.5764832550252095,0.7364743951369022,0,0.3106697348051526,-0.2658135202200569,False,0,False,False,,0.26750307373015325,0.14829967367317565,,0.0,False,False
microwave,mw_rain_cell,12,132.0,NONE,,-0.6002777506683898,0.24313696961293374,0,0.10887226978300646,0.7091500204513963,False,0,False,False,,0.30833255764159323,0.33443973100970964,,0.0,False,False
microwave,mw_rain_cell,12,133.0,NONE,,0.3532329063670403,0.6633219710945184,0,0.24172804964365469,-0.11150485672338561,False,0,False,False,,-0.33083245805337097,0.034864668440116986,,0.0,False,False
microwave,mw_rain_cell,12,134.0,NONE,,0.09494293737360948,0.4601800489654053,0,-0.3157875995419346,-0.41073053691554406,False,0,False,False,,-0.30537286887125803,0.047407341416148496,,0.0,False,False
microwave,mw_rain_cell,12,135.0,NONE,,-0.007751560452575745,0.21230664499611152,0,-0.5773723949248506,-0.5696208344722749,False,0,False,False,,-0.22597782285086776,0.470792697164617,,0.0,False,False
microwave,mw_rain_cell,12,136.0,NONE,,0.9169649937144726,0.9364962108504784,0,-0.05045129664549819,-0.9674162903599708,False,0,False,False,,0.2754627443508652,0.18982872275847446,,0.0,False,False
microwave,mw_rain_cell,12,137.0,NONE,,0.1308312944171348,0.4599209718299093,0,0.5128827504551623,0.3820514560380275,False,0,False,False,,-0.02001050920419961,0.5986577484313951,,0.0,False,False
microwave,mw_rain_cell,12,138.0,NONE,,0.17787317428354044,0.6557775231377718,0,0.23459293846834584,0.0567197641848054,False,0,False,False,,0.05994442666542048,1.3572501589642103,,0.0,False,False
microwave,mw_rain_cell,12,139.0,NONE,,0.11079509959674994,0.5235209494164721,0,-0.49948175274209916,-0.6102768523388491,False,0,False,False,,-0.7841758461758018,0.37703486910403894,,0.0,False,False
microwave,mw_rain_cell,12,140.0,NONE,,-0.24395304859254452,0.04594228827355096,0,0.21313838704072197,0.4570914356332665,False,0,False,False,,-0.45033386027316186,0.7973410465517561,,0.0,False,False
microwave,mw_rain_cell,12,141.0,NONE,,-0.28232945330422154,0.4135254457422164,0,-0.05945448810962972,0.22287496519459182,False,0,False,False,,-0.11443758659587344,1.235646171522153,,0.0,False,False
microwave,mw_rain_cell,12,142.0,NONE,,0.5311665987106053,1.1109300520689729,0,0.07001140035756492,-0.4611551983530404,False,0,False,False,,-0.1321064372822348,1.3553908939254034,,0.0,False,False
microwave,mw_rain_cell,12,143.0,NONE,,-0.14864675403011063,0.13248816265514307,0,-0.03061537541147885,0.11803137861863178,False,0,False,False,,-0.4196388215891462,1.0518403097717774,,0.0,False,False
microwave,mw_rain_cell,12,144.0,NONE,,0.3834495064308996,0.43697196116415427,0,0.49824702721990377,0.11479752078900418,False,0,False,False,,-0.39113253823128236,1.291541039186742,,0.0,False,False
microwave,mw_rain_cell,12,145.0,NONE,,1.0070413725965892,0.6198363360184658,0,0.2576929104682222,-0.749348462128367,False,0,False,False,,-0.22772222983323265,2.0770772759816314,,0.0,False,False
microwave,mw_rain_cell,12,146.0,NONE,,-0.2250247325365251,0.5453734946237745,0,-0.08900335847928886,0.13602137405723624,False,0,False,False,,-0.572212650403815,1.3762078139965657,,0.0,False,False
microwave,mw_rain_cell,12,147.0,NONE,,0.49210338598341963,0.6705407354966155,0,-0.06560319685660687,-0.5577065828400265,False,0,False,False,,-0.5149326035613713,1.8603973135992604,,0.0,False,False
microwave,mw_rain_cell,12,148.0,NONE,,0.40311879070385714,0.35342444815061214,0,-0.12196817700974094,-0.5250869677135981,False,0,False,False,,-0.35928848709901917,2.0432599181177538,,0.0,False,False
microwave,mw_rain_cell,12,149.0,NONE,,0.15931684423050285,0.2736190862626344,0,-0.08560283430136906,-0.2449196785318719,False,0,False,False,,-1.2595997548333453,1.6218321100696889,,0.0,False,False
microwave,mw_rain_cell,12,150.0,NONE,,0.9400432101737906,0.19917329121059169,0,-0.1935051513092887,-1.1335483614830792,False,0,False,False,,-1.2005221951822351,1.6153149267812568,,0.0,False,False
microwave,mw_rain_cell,12,151.0,NONE,,0.8793911379459161,1.2768488816751074,0,-0.5835792464103449,-1.462970384356261,False,0,False,False,,-0.9680629115892155,1.2683930908372196,,0.0,False,False
microwave,mw_rain_cell,12,152.0,NONE,,0.4507297738984164,1.2044442121107863,0,-0.1169074424934422,-0.5676372163918586,False,0,False,False,,-0.8857662768833061,1.1627450070737615,,0.0,False,False
microwave,mw_rain_cell,12,153.0,NONE,,0.7188928852093213,0.7667247044630159,0,-0.1392433662040986,-0.8581362514134199,False,0,False,False,,-0.9547088457495967,0.42509135285554844,,0.0,False,False
microwave,mw_rain_cell,12,154.0,NONE,,0.07363105668147796,0.4233844686220678,0,0.07381106897406653,0.00018001229258857165,False,0,False,False,,-0.8983666337792865,0.7011438053275324,,0.0,False,False
microwave,mw_rain_cell,12,155.0,NONE,,0.35099274320580776,0.27401841264752136,0,-0.7488347165879574,-1.0998274597937652,False,0,False,False,,-1.1062605612510055,0.25617761113675397,,0.0,False,False
microwave,mw_rain_cell,12,156.0,NONE,,-0.24025235164663883,0.1794104188948964,0,0.010875834768448556,0.2511281864150874,False,0,False,False,,-0.951206822355431,0.5202727590599735,,0.0,False,False
microwave,mw_rain_cell,12,157.0,NONE,,0.12173262719933575,0.15960773780842175,0,0.480962263089161,0.35922963588982526,False,0,False,False,,-1.2191771773545028,0.04651073094920388,,0.0,False,False
microwave,mw_rain_cell,12,158.0,NONE,,0.0491242522484967,0.5392038439143221,0,-0.12230867967593895,-0.17143293192443565,False,0,False,False,,-0.5248626678673842,0.6584477014949361,,0.0,False,False
microwave,mw_rain_cell,12,159.0,NONE,,-0.3942449693887724,0.2522874401958859,0,-0.30176355005979616,0.09248141932897624,False,0,True,False,,1.630660910260809,0.5918459534464191,,0.0,False,False
microwave,mw_rain_cell,12,160.0,NONE,,0.26219624417397824,0.16782269390148485,0,0.6168450774655554,0.35464883329157715,False,0,True,False,,3.4445821848081364,0.48179674106304615,,0.0,False,False
microwave,mw_rain_cell,12,161.0,NONE,,-0.33626118910301983,0.3233087007370443,0,0.3032370588856921,0.6394982479887119,False,0,True,False,,4.770655503238933,0.7019827708928226,,0.0,False,False
microwave,mw_rain_cell,12,162.0,NONE,,-0.11437257242076981,0.3198523932222699,0,0.29249517771426525,0.40686775013503507,False,0,True,False,,5.51661413701051,0.2590521883990906,,0.0,False,False
microwave,mw_rain_cell,12,163.0,NONE,,-0.0009444824877320457,0.1581226490226939,0,0.4486628790676477,0.4496073615553797,False,0,True,False,,6.339199129915142,0.022301339063754533,,0.0,False,False
microwave,mw_rain_cell,12,164.0,NONE,,0.026026432439401503,0.26564819568131526,0,0.08038955711260343,0.054363124673201924,False,0,True,False,,7.584803551064888,0.5123906280035824,,0.0,False,False
microwave,mw_rain_cell,12,165.0,NONE,,-0.14279391728039315,0.8359859698083412,0,0.09141815487210891,0.23421207215250206,False,0,True,False,,9.026870052755342,0.2510530187582276,,0.0,False,False
microwave,mw_rain_cell,12,166.0,NONE,,-0.11247489170816749,0.2401905653399936,0,0.16712939214121292,0.2796042838493804,False,0,True,False,,10.204347554358325,0.060963836144461325,,0.0,False,False
microwave,mw_rain_cell,12,167.0,NONE,,0.6098927707934436,0.6612520071519157,0,-0.093950601331656,-0.7038433721250996,False,0,True,False,,10.932183993381885,0.09880952216507666,,0.0,False,False
microwave,mw_rain_cell,12,168.0,NONE,,0.26535015482207314,0.8607368665901589,0,0.01638016363778405,-0.24896999118428909,False,0,True,False,,11.693330740801107,0.7087213892115898,,0.0,False,False
microwave,mw_rain_cell,12,169.0,NONE,,0.46061108950014784,0.03267860287546398,0,-0.2788972173099111,-0.739508306810059,False,0,True,False,,12.49286111280546,1.080909922052351,,0.0,False,False
microwave,mw_rain_cell,12,170.0,NONE,,-0.15808306270653816,0.5712518815470986,0,0.03337300402144194,0.1914560667279801,False,0,True,False,,13.195945494078279,1.2155679702942486,,0.0,False,False
microwave,mw_rain_cell,12,171.0,NONE,,0.39609248243111495,0.7816426972902804,0,-0.3890903556037202,-0.7851828380348351,False,0,True,False,,13.46388476583754,1.3733080875009005,,0.0,False,False
microwave,mw_rain_cell,12,172.0,NONE,,-0.1333446242719134,0.006162195997653441,0,0.17497774692810708,0.3083223712000205,False,0,True,False,,14.442840285560377,1.272590050473303,,0.0,False,False
microwave,mw_rain_cell,12,173.0,NONE,,0.3304115471839424,0.045228210027616456,0,0.46568529191155505,0.13527374472761267,False,0,True,False,,15.0,1.0977670391693621,,0.0,False,False
microwave,mw_rain_cell,12,174.0,NONE,,0.95589587031062,0.4996800130293835,0,0.7645221042469359,-0.19137376606368406,False,0,True,False,,15.0,0.0,,0.0,False,False
microwave,mw_rain_cell,12,175.0,NONE,,1.370930857925316,1.1921024789901722,0,1.5990214317901774,0.2280905738648613,True,1,True,False,,15.0,0.0,,0.0,False,False
microwave,mw_rain_cell,12,176.0,NONE,,2.408167625037123,1.8850593517258574,0,2.6611633576817866,0.25299573264466346,True,2,True,False,,15.0,0.0,,0.0,False,False
microwave,mw_rain_cell,12,177.0,WAIT,RAIN_FADE,2.7807629762607675,1.8198229354400084,0,2.853527053714764,0.07276407745399638,True,3,True,False,,15.0,0.0,,0.0,False,False
microwave,mw_rain_cell,12,178.0,WAIT,RAIN_FADE,2.7457890950081634,1.7718548153120182,0,4.067130661464262,1.3213415664560983,True,4,True,False,,15.0,0.0,,0.0,False,False
microwave,mw_rain_cell,12,179.0,WAIT,RAIN_FADE,3.5098868760688333,2.1576311707617535,0,4.3198228952562445,0.8099360191874112,True,5,True,False,,15.0,0.0,,0.0,False,False
microwave,mw_rain_cell,12,180.0,WAIT,RAIN_FADE,4.776604440013216,1.9338615735004936,0,5.648793145738708,0.8721887057254918,True,6,True,False,,15.0,0.0,,0.0,False,False
microwave,mw_rain_cell,12,181.0,WAIT,RAIN_FADE,5.809132888857505,2.4832389831990866,0,5.532601126601499,-0.2765317622560062,True,7,True,False,,15.0,0.0,,0.0,False,False
microwave,mw_rain_cell,12,182.0,WAIT,RAIN_FADE,7.795625153923638,4.148049649875382,1,7.296190890461407,-0.49943426346223063,True,8,True,False,,15.0,0.0,,0.0,False,False
microwave,mw_rain_cell,12,183.0,WAIT,RAIN_FADE,7.523505368942324,4.001240067561021,2,6.9638941118631905,-0.5596112570791334,True,9,True,False,,15.0,0.0,,0.0,False,False
microwave,mw_rain_cell,12,184.0,WAIT,RAIN_FADE,8.915957072002314,5.142634739778529,3,8.151234380253229,-0.7647226917490855,True,10,True,False,,15.0,0.0,,0.0,False,False
microwave,mw_rain_cell,12,185.0,WAIT,RAIN_FADE,9.945220560800863,4.500995252876308,4,9.826200412394755,-0.11902014840610775,True,11,True,False,,15.0,0.0,,0.0,False,False
microwave,mw_rain_cell,12,186.0,ESCALATE,HARDWARE_DIRECTIONAL,9.737204095667842,3.7189257941881735,5,8.681553457618644,-1.0556506380491975,True,12,True,False,,15.0,0.0,,0.0,False,False
microwave,mw_rain_cell,12,187.0,ESCALATE,HARDWARE_DIRECTIONAL,9.803120994694048,4.41138842924903,6,9.273960862802948,-0.5291601318910999,True,13,True,False,,15.0,0.0,,0.0,False,False
microwave,mw_rain_cell,12,188.0,WAIT,RAIN_FADE,8.848031092740321,2.279980958620534,0,9.38325360417912,0.5352225114387998,True,14,True,False,,15.0,0.0,,0.0,False,False
microwave,mw_rain_cell,12,189.0,WAIT,RAIN_FADE,8.471920461193307,3.139101269208787,1,8.6615597748882,0.18963931369489373,True,15,True,False,,15.0,0.0,,0.0,False,False
microwave,mw_rain_cell,12,190.0,WAIT,RAIN_FADE,7.7162635299341815,2.8800247907398173,0,8.574134744199604,0.8578712142654226,True,16,True,False,,15.0,0.0,,0.0,False,False
microwave,mw_rain_cell,12,191.0,WAIT,RAIN_FADE,7.650416058525622,2.0828825720856443,0,8.496497145817582,0.8460810872919602,True,17,True,False,,15.0,0.0,,0.0,False,False
microwave,mw_rain_cell,12,192.0,WAIT,RAIN_FADE,6.753843398768915,2.735983654772511,0,7.175975548371362,0.42213214960244727,True,18,True,False,,15.0,0.0,,0.0,False,False
microwave,mw_rain_cell,12,193.0,WAIT,RAIN_FADE,6.746185908601028,2.2778224764902575,0,6.843801568575344,0.09761565997431632,True,19,True,False,,15.0,0.0,,0.0,False,False
microwave,mw_rain_cell,12,194.0,WAIT,RAIN_FADE,6.576954122058503,3.195875056282823,1,6.590939404085745,0.013985282027242363,True,20,True,False,,15.0,0.0,,0.0,False,False
microwave,mw_rain_cell,12,195.0,WAIT,RAIN_FADE,5.6827599057077265,2.548839872266541,0,6.040252327006904,0.35749242129917747,True,21,True,False,,15.0,0.0,,0.0,False,False
microwave,mw_rain_cell,12,196.0,WAIT,RAIN_FADE,5.985288962950392,2.6183789092412226,0,5.871866200649443,-0.11342276230094939,True,22,True,False,,15.0,0.0,,0.0,False,False
microwave,mw_rain_cell,12,197.0,WAIT,RAIN_FADE,4.293544505938392,2.163796504727067,0,4.956680607924952,0.6631361019865594,True,23,True,False,,15.0,0.0,,0.0,False,False
microwave,mw_rain_cell,12,198.0,WAIT,RAIN_FADE,3.852404227419285,2.0027677935760977,0,3.62561780598692,-0.22678642143236516,True,24,True,False,,15.0,0.0,,0.0,False,False
microwave,mw_rain_cell,12,199.0,WAIT,RAIN_FADE,3.18511620105005,2.8119454073741537,0,2.661921405468526,-0.5231947955815244,True,25,True,False,,15.0,0.0,,0.0,False,False
microwave,mw_rain_cell,12,200.0,NONE,,1.2294587158988648,0.9396894302426233,0,1.0259505691040403,-0.20350814679482454,False,0,True,False,,15.0,1.2046073014868206,,0.0,False,False
microwave,mw_rain_cell,12,201.0,NONE,,0.16625934746831206,0.10978807491279952,0,-0.19699794219844335,-0.3632572896667554,False,0,True,False,,15.0,2.3576078142275687,,0.0,False,False
microwave,mw_rain_cell,12,202.0,NONE,,0.395143359145564,0.2562906306896977,0,-0.0006826601647347275,-0.3958260193102987,False,0,True,False,,13.67237885833565,1.7842416166076482,,0.0,False,False
microwave,mw_rain_cell,12,203.0,NONE,,-0.3443713386208813,0.39148796220669624,0,0.18603829389808624,0.5304096325189676,False,0,True,False,,11.80941673497307,0.6336582938270201,,0.0,False,False
microwave,mw_rain_cell,12,204.0,NONE,,-0.0461058623310322,0.24519821799140828,0,0.1410048972965825,0.1871107596276147,False,0,True,False,,11.120002014547834,0.6674997027205141,,0.0,False,False
microwave,mw_rain_cell,12,205.0,NONE,,0.20813826908874233,0.1601637793260977,0,0.1857283889464867,-0.022409880142255645,False,0,True,False,,9.914768236580166,0.08563683921142484,,0.0,False,False
microwave,mw_rain_cell,12,206.0,NONE,,0.45154479723226615,0.48781084223912075,0,0.18333088178886925,-0.2682139154433969,False,0,True,False,,8.594556487974584,0.3877945361508246,,0.0,False,False
microwave,mw_rain_cell,12,207.0,NONE,,0.3911603234357983,0.12728508689146167,0,-0.2739664882095951,-0.6651268116453934,False,0,True,False,,7.66679577860594,0.6773106962394202,,0.0,False,False
microwave,mw_rain_cell,12,208.0,NONE,,0.730492695886916,1.0530925976816619,0,0.19037756775234982,-0.5401151281345662,False,0,True,False,,5.323718533121048,0.8885877437235239,,0.0,False,False
microwave,mw_rain_cell,12,209.0,NONE,,-0.5616646782781274,0.07225128671360892,0,-0.03925430750144443,0.522410370776683,False,0,True,False,,3.799617594970981,1.0444013714092772,,0.0,False,False
microwave,mw_rain_cell,12,210.0,NONE,,-0.009802465958031803,0.5342585559164306,0,0.588689822917992,0.5984922888760238,False,0,False,True,1.0,0.5223641685124328,1.3606633822072767,,0.0,False,False
microwave,mw_rain_cell,12,211.0,NONE,,0.4398395379826141,1.0964033165677662,0,-0.07701635280491104,-0.5168558907875251,False,0,False,True,2.0,0.5825909249406797,0.7797019494663597,,0.0,False,False
microwave,mw_rain_cell,12,212.0,NONE,,0.19049947298235992,0.09048320122130349,0,0.7574834193259932,0.5669839463436332,False,0,False,True,3.0,0.8399684503702181,1.5624874198503327,,0.0,False,False
microwave,mw_rain_cell,12,213.0,NONE,,0.5724926018051022,1.033826770885149,0,0.003157759966271101,-0.5693348418388311,False,0,False,True,4.0,0.43941540587989475,0.957663155435061,,0.0,False,False
microwave,mw_rain_cell,12,214.0,NONE,,-0.2824805068828553,0.45668290839784476,0,0.12163173462996468,0.40411224151282,False,0,False,True,5.0,0.8721099381997831,1.3288693315660607,,0.0,False,False
microwave,mw_rain_cell,12,215.0,NONE,,0.364982727033464,0.8423727641271626,0,-0.12084659070002601,-0.48582931773349003,False,0,False,True,6.0,1.7770627375848151,2.634017524806682,,0.0,False,False
microwave,mw_rain_cell,12,216.0,NONE,,0.046993726742236674,0.6281494032148629,0,0.03562700857465728,-0.011366718167579393,False,0,False,True,7.0,1.5291862245867032,2.288226360591767,,0.0,False,False
microwave,mw_rain_cell,12,217.0,NONE,,1.2072340414247265,2.0604574344246913,0,0.45896789005531957,-0.7482661513694069,True,1,False,True,8.0,1.4665184987659472,2.3912055609478413,,0.0,False,False
microwave,mw_rain_cell,12,218.0,NONE,,-0.3552932382394758,0.4608068215213308,0,0.43745984930371407,0.7927530875431898,False,0,False,True,9.0,1.539354100103823,2.4207699341395337,,0.0,False,False
microwave,mw_rain_cell,12,219.0,NONE,,0.4843281723965944,0.33929941433699895,0,0.07565028050742484,-0.4086778918891696,False,0,False,True,10.0,1.2014285894775252,2.299900663413193,,0.0,False,False
microwave,mw_rain_cell,12,220.0,NONE,,-0.19396608529451953,0.354547437553677,0,0.3645320141532693,0.5584980994477888,False,0,False,True,11.0,0.4932525187376984,2.2253658342371816,,0.0,False,False
microwave,mw_rain_cell,12,221.0,NONE,,-0.028771496616265324,0.02485446157228921,0,-0.8140213134219962,-0.7852498168057309,False,0,False,True,12.0,0.07661366546971432,2.0580888668674207,,0.0,False,False
microwave,mw_rain_cell,12,222.0,NONE,,0.10385565710670619,0.2606091319606847,0,-0.2513949883351785,-0.35525064544188467,False,0,False,True,13.0,-0.4514830115651928,1.550939675177962,,0.0,False,False
microwave,mw_rain_cell,12,223.0,NONE,,0.011561096740123844,0.665004513624126,0,-0.007686880138372487,-0.01924797687849633,False,0,False,True,14.0,-0.2615394417841971,1.3332350207815176,,0.0,False,False
microwave,mw_rain_cell,12,224.0,NONE,,0.19210526274167705,0.28478111076636026,0,0.014687267680869809,-0.17741799506080724,False,0,False,True,15.0,0.8749547987070426,2.2079006891964825,,0.0,False,False
microwave,mw_rain_cell,12,225.0,NONE,,0.24811005653649687,0.8974919533355603,0,-0.04043164435762492,-0.2885417008941218,False,0,False,True,16.0,0.4750565429368902,2.11396186894789,,0.0,False,False
microwave,mw_rain_cell,12,226.0,NONE,,0.01802146214976119,0.029194883102341862,0,0.4620029161438026,0.44398145399404143,False,0,False,True,17.0,0.03982401638191707,1.597838794150545,,0.0,False,False
microwave,mw_rain_cell,12,227.0,NONE,,0.13832558974181808,1.166343575089293,0,-0.08335102166002173,-0.2216766114018398,False,0,False,True,18.0,-0.058937432582408515,1.593961301891532,,0.0,False,False
microwave,mw_rain_cell,12,228.0,NONE,,0.043995916030198146,0.4660349608782681,0,0.28179198532090055,0.2377960692907024,False,0,False,True,19.0,1.0712777690137494,2.272557587001305,,0.0,False,False
microwave,mw_rain_cell,12,229.0,NONE,,-0.0087285995657993,1.3840521135863781,0,-0.2553668080903364,-0.2466382085245371,False,0,False,True,20.0,1.1633143573989633,2.649023218056782,,0.0,False,False
microwave,mw_rain_cell,12,230.0,NONE,,-0.502026380318469,0.06801953118025494,0,-0.4019108905195026,0.10011548979896645,False,0,False,True,21.0,1.217587013263989,2.5853026324368327,,0.0,False,False
microwave,mw_rain_cell,12,231.0,NONE,,-0.17105456878686454,0.12275614430321724,0,-0.5465000314994342,-0.3754454627125696,False,0,False,True,22.0,1.3547195320200685,2.6846737767566964,,0.0,False,False
microwave,mw_rain_cell,12,232.0,NONE,,0.49510570493112027,0.19348914527326855,0,-0.13428770301724313,-0.6293934079483634,False,0,False,True,23.0,1.7311741923098138,3.435337825393229,,0.0,False,False
microwave,mw_rain_cell,12,233.0,NONE,,0.49601250252681695,0.5638486352065968,0,-0.14728529370187005,-0.643297796228687,False,0,False,True,24.0,1.178707366554168,2.689428859208249,,0.0,False,False
microwave,mw_rain_cell,12,234.0,NONE,,-0.32211616076174465,0.145805265564114,0,0.40952239801903545,0.7316385587807801,False,0,False,True,25.0,1.355720868025327,2.659109772137114,,0.0,False,False
microwave,mw_rain_cell,12,235.0,NONE,,0.2294216453089959,0.05003446260307953,0,-0.07830751060395613,-0.307729155912952,False,0,False,False,26.0,1.4732657084473852,1.993075342622815,,0.0,False,False
microwave,mw_rain_cell,12,236.0,NONE,,-0.14117122348872613,0.6662683992503133,0,0.5242876645335812,0.6654588880223073,False,0,False,False,27.0,1.055688793011115,0.830658437902368,,0.0,False,False
microwave,mw_rain_cell,12,237.0,NONE,,-0.37724450933521325,0.18407536929354507,0,0.08299599490711529,0.46024050424232854,False,0,False,False,28.0,0.7730656500138687,0.39436562319206325,,0.0,False,False
microwave,mw_rain_cell,12,238.0,NONE,,0.3406849285735092,0.9617669799313973,0,-0.22046860721963668,-0.5611535357931459,False,0,False,False,29.0,0.7999591481485719,0.15814414670315036,,0.0,False,False
microwave,mw_rain_cell,12,239.0,NONE,,0.4362764404921009,0.503504958577004,0,-0.8607020573483339,-1.2969784978404348,False,0,False,False,30.0,0.8206439638450147,0.12121034808681674,,0.0,False,False
microwave,mw_rain_cell,12,240.0,NONE,,0.32266442499621917,0.3693253428949532,0,-0.21778330566807824,-0.5404477306642974,False,0,False,False,31.0,1.2312947214875993,0.2434355299418164,,0.0,False,False
microwave,mw_rain_cell,12,241.0,NONE,,0.41586438438680773,0.8591332902906146,0,0.530436976905925,0.11457259251911722,False,0,False,False,32.0,1.1722253450676965,0.35342032235870524,,0.0,False,False
microwave,mw_rain_cell,12,242.0,NONE,,-0.26713568356297657,0.6367167543160406,0,0.4794822423843996,0.7466179259473762,False,0,False,False,33.0,1.4516187239019442,0.7186147987248896,,0.0,False,False
microwave,mw_rain_cell,12,243.0,NONE,,-0.13769553183674788,0.4479138535813192,0,-0.15607699303357236,-0.01838146119682449,False,0,False,False,34.0,1.421576401552433,1.125034671945579,,0.0,False,False
microwave,mw_rain_cell,12,244.0,NONE,,0.11112869606245823,0.5362462970118287,0,-0.04562624759036993,-0.15675494365282816,False,0,False,False,35.0,1.7250640507727928,1.6737235018495362,,0.0,False,False
microwave,mw_rain_cell,12,245.0,NONE,,-0.038964909995392816,0.06127675848262015,0,-0.10511115836614948,-0.06614624837075667,False,0,False,False,36.0,1.598850332622448,1.642626689782674,,0.0,False,False
microwave,mw_rain_cell,12,246.0,NONE,,0.25284893147424015,0.546992364816191,0,0.3523134903354972,0.09946455886125705,False,0,False,False,37.0,2.0047341358458004,2.286447594117322,,0.0,False,False
microwave,mw_rain_cell,12,247.0,NONE,,-0.05904932042819411,0.7414490934676081,0,0.007257267155516445,0.06630658758371055,False,0,False,False,38.0,2.5001504584087044,2.9516478001723017,,0.0,False,False
microwave,mw_rain_cell,12,248.0,NONE,,0.5235519709534557,1.4964064960047097,0,-0.39909152661587655,-0.9226434975693323,False,0,False,False,39.0,2.7299755512305595,3.0469581771295724,,0.0,False,False
microwave,mw_rain_cell,12,249.0,NONE,,0.13469193733850204,0.016795409505135694,0,-0.4178819696316225,-0.5525739069701245,False,0,False,False,40.0,3.269964090326488,3.66317409238425,,0.0,False,False
microwave,mw_rain_cell,12,250.0,NONE,,-0.2496918004973523,0.2044662043022356,0,-0.005653926888193439,0.24403787360915885,False,0,False,False,41.0,3.3829070266535863,4.241809244599555,,0.0,False,False
microwave,mw_rain_cell,12,251.0,NONE,,0.7667234528102398,0.9399341119320113,0,-0.686620617750016,-1.4533440705602558,False,0,False,False,42.0,2.7225613684679466,3.4489990923551366,,0.0,False,False
microwave,mw_rain_cell,12,252.0,NONE,,0.61713833267914,0.32810165677221903,0,0.04906664484821022,-0.5680716878309298,False,0,False,False,43.0,2.5823880141100455,3.113596010736631,,0.0,False,False
microwave,mw_rain_cell,12,253.0,NONE,,0.3469221977806072,1.1752331131101386,0,-0.1854276518541269,-0.5323498496347341,False,0,False,False,44.0,2.7678116315025116,3.074228930053,,0.0,False,False
microwave,mw_rain_cell,12,254.0,NONE,,0.25532579640481856,0.5855784062426324,0,0.11523125304854887,-0.1400945433562697,False,0,False,False,45.0,3.0171541784262783,3.6685941891193865,,0.0,False,False
microwave,mw_rain_cell,12,255.0,NONE,,0.04332292527484327,0.6762102885488943,0,-0.2960198428889882,-0.33934276816383147,False,0,False,False,46.0,3.0535095147698703,3.2683324547726484,,0.0,False,False
microwave,mw_rain_cell,12,256.0,NONE,,0.257147094800267,1.0252743365422106,0,-0.09036854832182684,-0.3475156431220938,False,0,False,False,47.0,3.12731026205902,3.977804073931832,,0.0,False,False
microwave,mw_rain_cell,12,257.0,NONE,,1.1851306316243253,0.35392325160938753,0,-0.35208457974830054,-1.5372152113726258,False,0,False,False,48.0,3.17441274203087,3.797099727916351,,0.0,False,False
microwave,mw_rain_cell,12,258.0,NONE,,-0.1071490792844969,0.2418749265307909,0,0.2807322305314912,0.3878813098159881,False,0,False,False,49.0,2.8511811494652903,4.609257578722766,,0.0,False,False
microwave,mw_rain_cell,12,259.0,NONE,,0.7781380488970129,0.5550540118122456,0,-0.47362050283924617,-1.251758551736259,False,0,False,False,50.0,2.3832902095776642,3.500760782010271,,0.0,False,False
microwave,mw_rain_cell,12,260.0,NONE,,-0.3137916632505551,0.20897557501241693,0,-0.6051498193339526,-0.29135815608339755,False,0,False,False,51.0,2.4247008785113735,3.0651556482341213,,0.0,False,False
microwave,mw_rain_cell,12,261.0,NONE,,-0.12776106248628594,0.5012197200917399,0,-0.055440834970447384,0.07232022751583855,False,0,False,False,52.0,2.588819822660984,3.6362533483032697,,0.0,False,False
microwave,mw_rain_cell,12,262.0,NONE,,0.4191813693077009,0.0665679206906944,0,-0.28615422773899724,-0.7053355970466981,False,0,False,False,53.0,2.187690798261149,2.8706145478781924,,0.0,False,False
microwave,mw_rain_cell,12,263.0,NONE,,0.2152701892175628,0.38056412377864035,0,-0.029972654330897797,-0.2452428435484606,False,0,False,False,54.0,2.448597271105375,2.8758210971456637,,0.0,False,False
microwave,mw_rain_cell,12,264.0,NONE,,0.9061517834250239,1.315664925584585,0,-0.25982279350999704,-1.165974576935021,False,0,False,False,55.0,2.2049490970337238,2.2246186681039477,,0.0,False,False
microwave,mw_rain_cell,12,265.0,NONE,,0.3128689024574882,0.3789506591419922,0,-0.0005629902606330006,-0.3134318927181212,False,0,False,False,56.0,1.6994517208759463,2.4616066006782003,,0.0,False,False
microwave,mw_rain_cell,12,266.0,NONE,,0.32210990358113634,0.05271676404361614,0,0.23158274626962339,-0.09052715731151295,False,0,False,False,57.0,1.7812783517262365,2.305978598896643,,0.0,False,False
microwave,mw_rain_cell,12,267.0,NONE,,0.13277517523336257,0.41230327666126243,0,0.2058536317389752,0.07307845650561262,False,0,False,False,58.0,2.193103536968853,2.86826588549124,,0.0,False,False
microwave,mw_rain_cell,12,268.0,NONE,,-0.2871477948989707,0.3454763236155074,0,-0.155384509503655,0.13176328539531568,False,0,False,False,59.0,1.7552104399256112,2.403714764613203,,0.0,False,False
microwave,mw_rain_cell,12,269.0,NONE,,0.6781049360347353,0.7662180713666373,0,0.03728620478416644,-0.6408187312505689,False,0,False,False,60.0,1.6089656557925158,2.207592707143686,,0.0,False,False
microwave,mw_rain_cell,12,270.0,NONE,,-0.36150044884170995,0.6176762576271884,0,-0.5918397488034941,-0.23033929996178415,False,0,False,False,61.0,1.4798623619118176,2.3756648062727304,,0.0,False,False
microwave,mw_rain_cell,12,271.0,NONE,,0.30731409029419154,0.34544264294851956,0,-0.2754937294492663,-0.5828078197434579,False,0,False,False,62.0,0.6231982716096653,1.1116892998432146,,0.0,False,False
microwave,mw_rain_cell,12,272.0,NONE,,-0.04264726431743071,0.3236041376078589,0,0.8213869374572766,0.8640342017747074,False,0,False,False,63.0,1.3822640714987002,1.540915320866941,,0.0,False,False
microwave,mw_rain_cell,12,273.0,NONE,,-0.13160588084414115,0.030093727334779885,0,0.18471310598720692,0.31631898683134807,False,0,False,False,64.0,1.1664904230183888,1.2728120230658633,,0.0,False,False
microwave,mw_rain_cell,12,274.0,NONE,,-0.3503672828095361,0.4277898265443909,0,-0.0888815969794976,0.2614856858300385,False,0,False,False,65.0,1.064924707113975,1.9006723385525226,,0.0,False,False
microwave,mw_rain_cell,12,275.0,NONE,,-0.2795692391271132,0.0007528823721543176,0,0.059062409742615785,0.33863164886972896,False,0,False,False,66.0,0.828912613416513,1.9942034673391407,,0.0,False,False
microwave,mw_rain_cell,12,276.0,NONE,,0.5855536099596179,0.6917353535058268,0,-0.18056603088786716,-0.7661196408474851,False,0,False,False,67.0,0.6561817404734404,2.0590388971514493,,0.0,False,False
microwave,mw_rain_cell,12,277.0,NONE,,0.5581228498120296,0.4142308295624346,0,-0.14410088685816191,-0.7022237366701916,False,0,False,False,68.0,0.9328760065502002,2.1098536165061135,,0.0,False,False
microwave,mw_rain_cell,12,278.0,NONE,,0.3354567665747652,0.7864404334277282,0,-0.4184347838426703,-0.7538915504174355,False,0,False,False,69.0,1.116312988967659,1.9316192209922636,,0.0,False,False
microwave,mw_rain_cell,12,279.0,NONE,,0.3903460887921497,0.04806145794533023,0,-0.6332790377776476,-1.0236251265697973,False,0,False,False,70.0,1.686973790046773,2.169060561671236,,0.0,False,False
microwave,mw_rain_cell,12,280.0,NONE,,-0.1663135963442457,0.21957382408927373,0,-0.43562001640442105,-0.26930642006017536,False,0,False,False,71.0,1.8050794596689679,1.9049462501421126,,0.0,False,False
microwave,mw_rain_cell,12,281.0,NONE,,0.06278099555380123,0.7185880637157069,0,-0.2947282739754229,-0.3575092695292241,False,0,False,False,72.0,2.0591387687774794,2.7471086046762263,,0.0,False,False
microwave,mw_rain_cell,12,282.0,NONE,,0.2361298245428216,0.04217772580754087,0,0.3288447029195112,0.09271487837668957,False,0,False,False,73.0,1.9191147486928504,2.4915643973282453,,0.0,False,False
microwave,mw_rain_cell,12,283.0,NONE,,-0.0933827617964127,0.3097101378465723,0,0.1997444093464793,0.293127171142892,False,0,False,False,74.0,2.1159933361198515,2.4784981690053747,,0.0,False,False
microwave,mw_rain_cell,12,284.0,NONE,,0.012833985437517015,0.4303006801403271,0,-0.4282301599960263,-0.44106414543354333,False,0,False,False,75.0,2.528462340337522,3.6436405668679805,,0.0,False,False
microwave,mw_rain_cell,12,285.0,NONE,,0.6349467120519279,0.5951577474491501,0,0.19991881653528054,-0.43502789551664733,False,0,False,False,76.0,2.6960276195679467,3.25065721757512,,0.0,False,False
microwave,mw_rain_cell,12,286.0,NONE,,-0.003792229645320333,0.3432919898049889,0,0.2134770248450124,0.21726925449033274,False,0,False,False,77.0,2.48596817950579,3.636139132663809,,0.0,False,False
microwave,mw_rain_cell,12,287.0,NONE,,-0.6439614395383586,0.24615092331227828,0,-0.1017068490116344,0.5422545905267242,False,0,False,False,78.0,2.538225241378728,4.020371015299574,,0.0,False,False
microwave,mw_rain_cell,12,288.0,NONE,,0.004706758905825836,0.08476192151714201,0,-0.2702592374592143,-0.27496599636504016,False,0,False,False,79.0,3.091423118052015,4.294175394453115,,0.0,False,False
microwave,mw_rain_cell,12,289.0,NONE,,0.17738861650483528,1.4552858806824958,0,0.342808804975256,0.16542018847042073,False,0,False,False,80.0,2.658790202940171,3.1709705716108454,,0.0,False,False
microwave,mw_rain_cell,12,290.0,NONE,,0.25535636128164185,1.0541766524719165,0,-0.3663118182562499,-0.6216681795378918,False,0,False,False,81.0,1.2732190401590409,1.2651417089852088,,0.0,False,False
microwave,mw_rain_cell,12,291.0,NONE,,0.4747287068732646,0.43873859441146834,0,0.5107958720054455,0.03606716513218089,False,0,False,False,82.0,0.7150321997946454,0.9926767824188527,,0.0,False,False
microwave,mw_rain_cell,12,292.0,NONE,,-0.08663275586965113,0.07949285598602529,0,-0.03776977075952459,0.048862985110126544,False,0,False,False,83.0,0.1834115358279867,0.18642045651991662,,0.0,False,False
microwave,mw_rain_cell,12,293.0,NONE,,0.44782520799757464,0.3812314223183506,0,0.20271489059616954,-0.2451103174014051,False,0,False,False,84.0,0.4806172050221143,0.6301482454042204,,0.0,False,False
microwave,mw_rain_cell,12,294.0,NONE,,0.9201168047304265,1.0018764853495838,0,-0.030349658858284556,-0.950466463588711,False,0,False,False,85.0,0.21880561730523243,0.21959183100917004,,0.0,False,False
microwave,mw_rain_cell,12,295.0,NONE,,0.08235216447284444,0.20320624220190808,0,0.01968879851823857,-0.06266336595460587,False,0,False,False,86.0,0.3968162053027736,0.42662628582021694,,0.0,False,False
microwave,mw_rain_cell,12,296.0,NONE,,0.10845470230814414,0.18430106370288257,0,-0.2529144876241247,-0.36136918993226885,False,0,False,False,87.0,0.031888644466236404,0.6525412811580475,,0.0,False,False
microwave,mw_rain_cell,12,297.0,NONE,,0.7856581514576746,0.7699494128976312,0,-0.21393704331717345,-0.999595194774848,False,0,False,False,88.0,0.3156411403715091,0.36915813146046067,,0.0,False,False
microwave,mw_rain_cell,12,298.0,NONE,,1.1422285374157681,0.9261062063103012,0,0.35511952812924363,-0.7871090092865245,False,0,False,False,89.0,0.5228815238535663,1.0926023949581016,,0.0,False,False
microwave,mw_rain_cell,12,299.0,NONE,,0.6316443058532926,0.33873436014881975,0,0.11459356549642763,-0.5170507403568649,False,0,False,False,90.0,-0.17358393637868602,0.390699752709551,,0.0,False,False
microwave,mw_rain_cell,12,300.0,NONE,,0.3540931889258019,1.3945397571812634,0,0.3977283948923258,0.04363520596652393,False,0,False,False,91.0,-0.18292374279893064,0.9155085802890827,,0.0,False,False
microwave,mw_rain_cell,12,301.0,NONE,,0.2950167096663563,0.4979701679908217,0,-0.4297417698588859,-0.7247584795252422,False,0,False,False,92.0,0.5988331581254169,2.319079630255497,,0.0,False,False
microwave,mw_rain_cell,12,302.0,NONE,,0.18468749577967003,0.6340250798331368,0,-0.32312576682056715,-0.5078132626002372,False,0,False,False,93.0,0.4896446088216341,1.9501629655355535,,0.0,False,False
microwave,mw_rain_cell,12,303.0,NONE,,0.7997586629987268,1.194833189490744,0,-0.16214407439785816,-0.9619027373965849,False,0,False,False,94.0,0.3840285698995487,2.0395316731412287,,0.0,False,False
microwave,mw_rain_cell,12,304.0,NONE,,0.05339633124381038,0.4005877433555298,0,0.3508778196090958,0.29748148836528543,False,0,False,False,95.0,0.7482801767827478,2.1229559640673887,,0.0,False,False
microwave,mw_rain_cell,12,305.0,NONE,,0.5158473964490327,0.3586219591456725,0,-0.03944076623147197,-0.5552881626805046,False,0,False,False,96.0,0.8262662456891915,1.7531719692383763,,0.0,False,False
microwave,mw_rain_cell,12,306.0,NONE,,0.11316800630014967,0.2683894642269635,0,-0.15298430991932577,-0.26615231621947544,False,0,False,False,97.0,0.3357037419257459,0.9633619463314261,,0.0,False,False
microwave,mw_rain_cell,12,307.0,NONE,,0.05802360948258212,0.031208945224008744,0,-0.28936053593856315,-0.34738414542114526,False,0,False,False,98.0,0.34628008626521367,1.6359732700226353,,0.0,False,False
microwave,mw_rain_cell,12,308.0,NONE,,-0.19375749133774178,0.02241209336796146,0,-0.19452080879505473,-0.0007633174573129509,False,0,False,False,99.0,-0.11770025131333667,1.9921747557033818,,0.0,False,False
microwave,mw_rain_cell,12,309.0,NONE,,0.21863619758327957,0.21254712437267642,0,0.32231893424857816,0.10368273666529859,False,0,False,False,100.0,-0.4749034033942614,0.961111838261046,,0.0,False,False
microwave,mw_rain_cell,12,310.0,NONE,,0.7435203367980705,1.138148855768904,0,0.07744540464454275,-0.6660749321535278,False,0,False,False,101.0,-0.5026350189892371,0.2720418286140571,,0.0,False,False
microwave,mw_rain_cell,12,311.0,NONE,,0.45950523600733817,0.310062478122191,0,-0.2971364593964907,-0.7566416954038289,False,0,False,False,102.0,-0.6264737811361326,0.0771288604193977,,0.0,False,False
microwave,mw_rain_cell,12,312.0,NONE,,0.6574293960127378,0.5616588415935482,0,0.01618198759235412,-0.6412474084203836,False,0,False,False,103.0,-0.7245184764546274,0.19354147881111172,,0.0,False,False
microwave,mw_rain_cell,12,313.0,NONE,,0.16010768505890383,0.713059791891105,0,-0.32672075128505895,-0.4868284363439628,False,0,False,False,104.0,-0.3534829323498962,0.5785475248500409,,0.0,False,False
microwave,mw_rain_cell,12,314.0,NONE,,-0.597823481163708,0.07554851231462578,0,-0.11769035576863729,0.4801331253950707,False,0,False,False,105.0,-0.15775753336472764,0.49587567665584853,,0.0,False,False
microwave,mw_rain_cell,12,315.0,NONE,,0.0962770536928872,0.17820015969786596,0,0.4346375315646469,0.3383604778717597,False,0,False,False,106.0,-0.23454834903348043,0.00858254983989487,,0.0,False,False
microwave,mw_rain_cell,12,316.0,NONE,,0.1982207351678298,0.7036074196555617,0,0.5478872491160942,0.3496665139482644,False,0,False,False,107.0,-0.2558589422257484,0.18624140050138843,,0.0,False,False
microwave,mw_rain_cell,12,317.0,NONE,,0.09327291936988047,0.36956812277691853,0,-0.042681459000434074,-0.13595437837031454,False,0,False,False,108.0,0.29531588760885213,0.6668457023678587,,0.0,False,False
microwave,mw_rain_cell,12,318.0,NONE,,0.008621333655597141,0.3804085605851171,0,0.31566881041673867,0.3070474767611415,False,0,False,False,109.0,-0.3895643631967023,0.16285456626658212,,0.0,False,False
microwave,mw_rain_cell,12,319.0,NONE,,-0.23488457303642463,0.1729436929000414,0,0.7417776158723655,0.9766621889087901,False,0,False,False,110.0,-0.5293853293582141,0.6229981184422048,,0.0,False,False
microwave,mw_rain_cell,12,320.0,NONE,,-0.04515113390267089,0.20474365643721626,0,-0.2859382743374965,-0.24078714043482563,False,0,False,False,111.0,-0.30910603258912694,0.2323136142029386,,0.0,False,False
microwave,mw_rain_cell,12,321.0,NONE,,0.2900568740376528,1.2946614026372956,0,-0.2670741158824512,-0.557130989920104,False,0,False,False,112.0,-0.19505817596987934,0.6569569555139683,,0.0,False,False
microwave,mw_rain_cell,12,322.0,NONE,,0.2313953917843179,0.14047296296367762,0,-0.05183001704496348,-0.2832254088292814,False,0,False,False,113.0,-0.49838271303354875,0.7714103953120643,,0.0,False,False
microwave,mw_rain_cell,12,323.0,NONE,,0.39855761388542277,0.22666675950611648,0,-0.05536298196771128,-0.45392059585313405,False,0,False,False,114.0,-0.3649693962545723,0.33287955748778025,,0.0,False,False
microwave,mw_rain_cell,12,324.0,NONE,,0.7680247211584259,0.4183126133167008,0,-0.48519633830926523,-1.2532210594676911,False,0,False,False,115.0,-0.15100168569834027,0.13853336438727315,,0.0,False,False
microwave,mw_rain_cell,12,325.0,NONE,,-0.5739821566687411,0.23293714378247898,0,-0.34948798765758937,0.2244941690111517,False,0,False,False,116.0,-0.07648087853304289,1.0296928813697646,,0.0,False,False
microwave,mw_rain_cell,12,326.0,NONE,,0.6467296930280995,1.6069123586994891,0,-0.08438236335776139,-0.7311120563858609,False,0,False,False,117.0,-0.13341458024636887,1.3328035625240224,,0.0,False,False
microwave,mw_rain_cell,12,327.0,NONE,,-0.4545992337737843,0.11253090524269282,0,-0.34012418662437227,0.11447504714941203,False,0,False,False,118.0,0.6550200245089741,1.7319271880578746,,0.0,False,False
microwave,mw_rain_cell,12,328.0,NONE,,-0.07348665332715854,0.045563265444016565,0,-0.005272379121876725,0.06821427420528181,False,0,False,False,119.0,0.04348939556641884,1.0082032905269727,,0.0,False,False
microwave,mw_rain_cell,12,329.0,NONE,,0.5424073773104894,0.039558875354401835,0,-0.7123978731000307,-1.25480525041052,False,0,False,False,120.0,0.5091334092951676,1.1281117811295431,,0.0,False,False
microwave,mw_rain_cell,12,330.0,NONE,,0.3012983722108231,0.030614795828924457,0,-0.4229373648661934,-0.7242357370770165,False,0,False,False,121.0,0.9068248245816081,2.100261510777512,,0.0,False,False
microwave,mw_rain_cell,12,331.0,NONE,,0.00721144785982375,0.7908245436637102,0,0.36490669273000975,0.357695244870186,False,0,False,False,122.0,1.1112765599170973,2.574103368339495,,0.0,False,False
microwave,mw_rain_cell,12,332.0,NONE,,0.2664915681477069,0.27445635400952995,0,-0.346680842775271,-0.6131724109229779,False,0,False,False,123.0,0.6729268861246922,2.7860971528481584,,0.0,False,False
microwave,mw_rain_cell,12,333.0,NONE,,-0.09307924903438902,0.30129199371339155,0,0.09411497948016745,0.18719422851455647,False,0,False,False,124.0,-0.2038789215302207,1.4644176628573136,,0.0,False,False
microwave,mw_rain_cell,12,334.0,NONE,,-0.121507699564809,0.0366251109182798,0,-0.44626844608031746,-0.32476074651550846,False,0,False,False,125.0,-0.2213470910084267,1.0922969413097896,,0.0,False,False
microwave,mw_rain_cell,12,335.0,NONE,,0.5206108058496213,0.5417491215815815,0,-0.07211789055095608,-0.5927286964005773,False,0,False,False,126.0,-0.08406585269758356,1.4253175963668299,,0.0,False,False
microwave,mw_rain_cell,12,336.0,NONE,,-0.13509702669884405,0.4731772738223583,0,0.052384242489139865,0.1874812691879839,False,0,False,False,127.0,-0.6377817968381924,0.09926636023605173,,0.0,False,False
microwave,mw_rain_cell,12,337.0,NONE,,-0.05333857592769675,0.20191396385094862,0,0.20028695500263893,0.2536255309303357,False,0,False,False,128.0,-0.8650546324367661,0.07346266025295689,,0.0,False,False
microwave,mw_rain_cell,12,338.0,NONE,,0.9261945633030066,0.600648759258398,0,-0.09681841384588807,-1.0230129771488947,False,0,False,False,129.0,-0.09463250079115637,0.5994268081257914,,0.0,False,False
microwave,mw_rain_cell,12,339.0,NONE,,0.5978064146210684,0.10041012229093127,0,-0.07542444566431072,-0.6732308602853792,False,0,False,False,130.0,-0.3988856263684011,0.36329243831981206,,0.0,False,False
microwave,mw_rain_cell,12,340.0,NONE,,0.1829478932121802,0.6821993296294693,0,0.22478299976381066,0.041835106551630474,False,0,False,False,131.0,-0.45746419287228834,0.011693994416087095,,0.0,False,False
microwave,mw_rain_cell,12,341.0,NONE,,0.5846792391691125,0.6472852291923132,0,0.46768564490788833,-0.11699359426122413,False,0,False,False,132.0,-0.19587888407183474,1.3193368562359562,,0.0,False,False
microwave,mw_rain_cell,12,342.0,NONE,,0.431108763967039,0.9234914318206577,0,-0.025464955536072864,-0.4565737195031119,False,0,False,False,133.0,-0.5603825601968713,1.5978922876405282,,0.0,False,False
microwave,mw_rain_cell,12,343.0,NONE,,0.4271454802271535,0.3319547423992404,0,-0.14841683445997944,-0.5755623146871329,False,0,False,False,134.0,0.12372423815097966,2.05930799426025,,0.0,False,False
microwave,mw_rain_cell,12,344.0,NONE,,0.09264042136756956,0.15943561400754191,0,0.43327863657576415,0.3406382152081946,False,0,False,False,135.0,-0.27754376638096223,1.1003981184282359,,0.0,False,False
microwave,mw_rain_cell,12,345.0,NONE,,-0.4170486542105891,0.2629655970529896,0,0.12771741560392513,0.5447660698145143,False,0,False,False,136.0,-0.9663233555181786,0.19434764384366077,,0.0,False,False
microwave,mw_rain_cell,12,346.0,NONE,,0.39083230683716863,1.5640041257738133,0,0.4746981731177442,0.08386586628057557,False,0,False,False,137.0,-0.3989437551968935,0.04632911055349109,,0.0,False,False
microwave,mw_rain_cell,12,347.0,NONE,,-0.09728040338653443,0.36499668372953664,0,0.12229034400482419,0.21957074739135862,False,0,False,False,138.0,-0.060006753377277955,0.213463106703015,,0.0,False,False
microwave,mw_rain_cell,12,348.0,NONE,,1.0417010841892136,0.8698178600089363,0,-0.4882130947284793,-1.5299141789176929,False,0,False,False,139.0,-0.3300984751739485,0.015148100743705983,,0.0,False,False
microwave,mw_rain_cell,12,349.0,NONE,,0.5286417725086991,0.8434741888605402,0,0.005577373298379484,-0.5230643992103197,False,0,False,False,140.0,0.18242779941076803,0.3314921826945604,,0.0,False,False
microwave,mw_rain_cell,12,350.0,NONE,,-0.3974299208502501,0.06687762379421969,0,0.9287211511018114,1.3261510719520615,False,0,False,False,141.0,0.5264709827737857,0.7914828253583808,,0.0,False,False
microwave,mw_rain_cell,12,351.0,NONE,,0.8676462806718988,0.018761286508976127,0,0.19402958248937807,-0.6736166981825207,False,0,False,False,142.0,0.2996329283899605,2.000550027864933,,0.0,False,False
microwave,mw_rain_cell,12,352.0,NONE,,-0.054074362400427844,0.4798503617243881,0,-0.31365328523455105,-0.2595789228341232,False,0,False,False,143.0,0.04313913237893657,1.8374071263180174,,0.0,False,False
microwave,mw_rain_cell,12,353.0,NONE,,-0.1448372229415611,0.2836788272305455,0,0.06975659622268893,0.21459381916425002,False,0,False,False,144.0,0.2521805701978901,1.6963676556433942,,0.0,False,False
microwave,mw_rain_cell,12,354.0,NONE,,-0.48293535498832085,0.4390432507794344,0,0.29108479565365997,0.7740201506419808,False,0,False,False,145.0,0.0351540258727471,1.7751274553728893,,0.0,False,False
microwave,mw_rain_cell,12,355.0,NONE,,1.3009752251243611,1.4788712267360822,0,-0.2175148142432377,-1.5184900393675989,False,0,False,False,146.0,-0.2561891861151391,1.4643060012867621,,0.0,False,False
microwave,mw_rain_cell,12,356.0,NONE,,1.1001142189875353,0.9095145640660718,0,0.1784262106320611,-0.9216880083554742,False,0,False,False,147.0,-0.06965871550138347,1.2225576631242476,,0.0,False,False
microwave,mw_rain_cell,12,357.0,NONE,,0.10452784266667692,0.27977032179279604,0,-0.6928918844699936,-0.7974197271366705,False,0,False,False,148.0,-0.6490932901988093,0.5661033849481323,,0.0,False,False
microwave,mw_rain_cell,12,358.0,NONE,,0.4640409795735252,0.617641273781139,0,-0.016677475148490828,-0.480718454722016,False,0,False,False,149.0,-0.9593329020133049,0.3245542789914192,,0.0,False,False
microwave,mw_rain_cell,12,359.0,NONE,,-0.3902761307490934,0.12690379502507199,0,-0.3726094549988943,0.01766667575019909,False,0,False,False,150.0,-0.7920550259663204,0.7445141107239748,,0.0,False,False
microwave,mw_rain_cell,12,360.0,NONE,,0.08621977224525068,0.007722179318093936,0,-0.5461181466789782,-0.6323379189242289,False,0,False,False,151.0,-0.669429600292727,0.7594597698953814,,0.0,False,False
microwave,mw_rain_cell,12,361.0,NONE,,-0.09539286727587637,0.4991829686073359,0,0.5089765224192178,0.6043693896950941,False,0,False,False,152.0,-0.7832207770116246,0.03762881062030088,,0.0,False,False
microwave,mw_rain_cell,12,362.0,NONE,,-0.23382699588832168,0.4230811083816235,0,0.15968972284960614,0.3935167187379278,False,0,False,False,153.0,-0.6590793504925918,0.2636797349701777,,0.0,False,False
microwave,mw_rain_cell,12,363.0,NONE,,-0.12324291330404691,0.33483173084482587,0,-0.2523615580205032,-0.1291186447164563,False,0,False,False,154.0,-0.3757896771961025,0.3487598645276255,,0.0,False,False
microwave,mw_rain_cell,12,364.0,NONE,,-0.06459843046961566,0.39271119575411007,0,0.1473711437995675,0.21196957426918317,False,0,False,False,155.0,-0.6172031893612768,0.7392114463973003,,0.0,False,False
microwave,mw_rain_cell,12,365.0,NONE,,0.2504791094004162,0.32297251813127303,0,-0.633631207726026,-0.8841103171264422,False,0,False,False,156.0,-0.5686429638669541,0.3121634434468199,,0.0,False,False
microwave,mw_rain_cell,12,366.0,NONE,,0.2231978782797981,0.46092189410790496,0,-0.40430488116330565,-0.6275027594431037,False,0,False,False,157.0,-0.5792368868603128,0.5492684171188984,,0.0,False,False
microwave,mw_rain_cell,12,367.0,NONE,,0.6086979258193637,2.0589926951165936,0,0.015083595721229415,-0.5936143300981342,True,1,False,False,158.0,-0.7537872768036499,0.1433743808650758,,0.0,False,False
microwave,mw_rain_cell,12,368.0,NONE,,0.16634572268420555,0.050264047127562606,0,0.6235027063712906,0.457156983687085,False,0,False,False,159.0,-0.15225391656943743,0.6206241970027679,,0.0,False,False
microwave,mw_rain_cell,12,369.0,NONE,,1.062545698436729,0.8920238862926411,0,0.1487014265242692,-0.9138442719124598,False,0,False,False,160.0,0.06971576927582138,0.5076532731391852,,0.0,False,False
microwave,mw_rain_cell,12,370.0,NONE,,0.28420469305284257,0.7077601878915374,0,-0.08384086199312435,-0.3680455550459669,False,0,False,False,161.0,0.1059391350776642,0.7860205343253888,,0.0,False,False
microwave,mw_rain_cell,12,371.0,NONE,,1.101571267547854,1.694304084537272,0,0.1960246891888886,-0.9055465783589653,False,0,False,False,162.0,0.5131880758816476,1.5607712952070445,,0.0,False,False
microwave,mw_rain_cell,12,372.0,NONE,,-0.16082771198832546,0.6224915297297926,0,0.2541073944657626,0.41493510645408804,False,0,False,False,163.0,0.15642744088961463,1.0466902747636824,,0.0,False,False
microwave,mw_rain_cell,12,373.0,NONE,,1.2490323396256997,0.7850666793432737,0,0.29693161974937965,-0.9521007198763201,False,0,False,False,164.0,0.07239928639551893,0.629410465762279,,0.0,False,False
microwave,mw_rain_cell,12,374.0,NONE,,-0.21499693109392837,0.13101179174225308,0,0.16775644220084018,0.38275337329476855,False,0,False,False,165.0,0.0934790091942409,0.2926582736169947,,0.0,False,False
microwave,mw_rain_cell,12,375.0,NONE,,0.12560899113356783,0.9392375296895707,0,0.3851890524766475,0.25958006134307965,False,0,False,False,166.0,-0.05776558734940149,0.6312032187330806,,0.0,False,False
microwave,mw_rain_cell,12,376.0,NONE,,0.3546746366117546,1.0380252080162435,0,-0.015090537112833147,-0.3697651737245877,False,0,False,False,167.0,-0.4796054475321625,0.1639062418274836,,0.0,False,False
microwave,mw_rain_cell,12,377.0,NONE,,-0.0778894857160779,0.5608444863731776,0,-0.10781911685617018,-0.029929631140092283,False,0,False,False,168.0,-0.26790129792958617,0.600053560906433,,0.0,False,False
microwave,mw_rain_cell,12,378.0,NONE,,0.4479502629177077,0.5162571418692963,0,-0.4203223468280797,-0.8682726097457873,False,0,False,False,169.0,0.01121435873140042,0.32029901450841,,0.0,False,False
microwave,mw_rain_cell,12,379.0,NONE,,-0.25557702749875943,1.340179654363638,0,-0.047953195011942285,0.20762383248681715,False,0,False,False,170.0,1.0273150595850082,1.2499810353460965,,0.0,False,False
microwave,mw_rain_cell,12,380.0,NONE,,-0.032078055383856,0.03511882703050162,0,0.17678084112745296,0.20885889651130896,False,0,False,False,171.0,1.8721059596469565,1.9788760081839027,,0.0,False,False
microwave,mw_rain_cell,12,381.0,NONE,,-0.10520778079246185,0.36899789500139235,0,0.018316203348121007,0.12352398414058285,False,0,False,False,172.0,1.7989939825614123,2.0522047530329353,,0.0,False,False
microwave,mw_rain_cell,12,382.0,NONE,,0.24243103549737555,0.37546775440697644,0,-0.21986048352945886,-0.4622915190268344,False,0,False,False,173.0,1.3479900215829403,0.8557600378691788,,0.0,False,False
microwave,mw_rain_cell,12,383.0,NONE,,0.6305006894318126,0.014484152964293173,0,-0.33326263830393543,-0.963763327735748,False,0,False,False,174.0,1.164513367154999,0.8102449767274233,,0.0,False,False
microwave,mw_rain_cell,12,384.0,NONE,,0.7899004013928703,1.763273878682675,0,0.08014732433892391,-0.7097530770539464,False,0,False,False,175.0,1.8592416638734253,1.8077762083224886,,0.0,False,False
microwave,mw_rain_cell,12,385.0,NONE,,0.6174270379346041,0.38561007888031185,0,-0.04480967921279699,-0.6622367171474011,False,0,False,False,176.0,2.1823905956614245,1.9764244294342745,,0.0,False,False
microwave,mw_rain_cell,12,386.0,NONE,,0.3833102982155552,0.9483983937456202,0,-0.21015951181237824,-0.5934698100279334,False,0,False,False,177.0,1.8233431915154397,1.696713339924917,,0.0,False,False
microwave,mw_rain_cell,12,387.0,NONE,,-0.295980505739017,0.449678910358962,0,-0.08291889363528071,0.2130616121037363,False,0,False,False,178.0,1.7166219727185357,1.8685023680213493,,0.0,False,False
microwave,mw_rain_cell,12,388.0,NONE,,0.23595672361046383,0.47865443667250673,0,-0.16074556950673724,-0.39670229311720107,False,0,False,False,179.0,1.6930919950382224,0.9720969077798806,,0.0,False,False
microwave,mw_rain_cell,12,389.0,NONE,,0.5007876958898265,0.6295751104219249,0,0.12496459573416274,-0.3758231001556638,False,0,False,False,180.0,1.7850125820630476,1.120894552254725,,0.0,False,False
microwave,mw_rain_cell,12,390.0,NONE,,0.13579800115870455,0.2830486758125801,0,0.45610938906042264,0.3203113879017181,False,0,False,False,181.0,1.643729347698948,1.0644198885887666,,0.0,False,False
microwave,mw_rain_cell,12,391.0,NONE,,0.3569877810339719,0.22471625229652403,0,-0.21528729648871092,-0.5722750775226828,False,0,False,False,182.0,1.8696523585132696,0.9082896158432914,,0.0,False,False
microwave,mw_rain_cell,12,392.0,NONE,,-0.3346218225592068,0.5080092687040931,0,-0.10591618695377747,0.22870563560542934,False,0,False,False,183.0,2.002650889988865,1.4920519250977973,,0.0,False,False
microwave,mw_rain_cell,12,393.0,NONE,,0.5446031819436641,0.15259183998533388,0,-0.0073624293748721925,-0.5519656113185363,False,0,False,False,184.0,2.1743607175461315,0.9176024662248268,,0.0,False,False
microwave,mw_rain_cell,12,394.0,NONE,,-0.08638633322271261,0.037503470291810004,0,-0.029012520234033445,0.05737381298867916,False,0,False,False,185.0,1.9375255918057717,0.47392305393030054,,0.0,False,False
microwave,mw_rain_cell,12,395.0,NONE,,1.3730187016368447,1.2563291098890303,0,0.16936561901414393,-1.2036530826227008,True,1,False,False,186.0,1.9017107928330612,0.5583713470415141,,0.0,False,False
microwave,mw_rain_cell,12,396.0,NONE,,0.419664694428171,0.0851143931529279,0,0.08960498650818494,-0.33005970791998607,False,0,False,False,187.0,2.0345159631000516,0.13403586010366642,,0.0,False,False
microwave,mw_rain_cell,12,397.0,NONE,,0.17146986723700053,0.759563825199173,0,-0.04235232264279176,-0.2138221898797923,False,0,False,False,188.0,2.3439641225059207,0.918594832335309,,0.0,False,False
microwave,mw_rain_cell,12,398.0,NONE,,-0.4003313218746527,0.2207966581627474,0,0.25004501065242835,0.650376332527081,False,0,False,False,189.0,2.7687467842063387,2.1460129142432502,,0.0,False,False
microwave,mw_rain_cell,12,399.0,NONE,,-0.2688925478995259,0.12688419735491863,0,0.2090322447638684,0.47792479266339427,False,0,False,False,190.0,2.4548976717688427,1.4570368534262246,,0.0,False,False
microwave,mw_rain_cell,12,400.0,NONE,,0.37272108778865487,0.495089122244039,0,0.22940344692977277,-0.1433176408588821,False,0,False,False,191.0,2.06771456203126,0.7361145667759588,,0.0,False,False
microwave,mw_rain_cell,12,401.0,NONE,,-0.12998570408213084,0.12344283248686594,0,0.47222843096474776,0.6022141350468786,False,0,False,False,192.0,1.8824307434574317,1.3789680148464116,,0.0,False,False
microwave,mw_rain_cell,12,402.0,NONE,,0.3560959099273546,0.40978833130453296,0,-0.021493601100253557,-0.3775895110276082,False,0,False,False,193.0,2.123842775116321,1.1151914298006016,,0.0,False,False
microwave,mw_rain_cell,12,403.0,NONE,,0.24796589331302954,2.1933505526025954,0,0.2906022842244411,0.04263639091141158,True,1,False,False,194.0,0.7736227060751569,0.05364846127189027,,0.0,False,False
microwave,mw_rain_cell,12,404.0,NONE,,0.5864902432861925,0.14897743085763437,0,-0.30227098760596505,-0.8887612308921575,False,0,False,False,195.0,1.2551906838265054,0.17730804442237336,,0.0,False,False
microwave,mw_rain_cell,12,405.0,NONE,,0.7514400635644591,1.1815512688611207,0,-0.2223604203540006,-0.9738004839184597,False,0,False,False,196.0,1.08563686071799,0.7076761766363207,,0.0,False,False
microwave,mw_rain_cell,12,406.0,NONE,,0.23865589398381815,0.04871861331221794,0,-0.3755549177145383,-0.6142108116983565,False,0,False,False,197.0,0.9937110818187417,0.5429684507358796,,0.0,False,False
microwave,mw_rain_cell,12,407.0,NONE,,0.7082808754427745,0.8194573743183184,0,-0.5146217095541132,-1.2229025849968878,False,0,False,False,198.0,0.716262617335289,0.6607394509147144,,0.0,False,False
microwave,mw_rain_cell,12,408.0,NONE,,0.3132786591569925,0.5163895005639958,0,0.2720116185892323,-0.041267040567760205,False,0,False,False,199.0,0.5324198773405896,0.7490914768322103,,0.0,False,False
microwave,mw_rain_cell,12,409.0,NONE,,0.029481612978514704,0.4317709192421404,0,-0.008755791347773823,-0.03823740432628853,False,0,False,False,200.0,1.408002673195769,1.4568446493219558,,0.0,False,False
microwave,mw_rain_cell,12,410.0,NONE,,0.8664461746933725,0.26897275338782833,0,-0.12663584357611057,-0.9930820182694831,False,0,False,False,201.0,1.6864434444986791,1.0724216110103195,,0.0,False,False
microwave,mw_rain_cell,12,411.0,NONE,,0.14262417495002921,0.21915594546807426,0,0.1654829385283989,0.02285876357836969,False,0,False,False,202.0,1.4207856372838703,0.7484249417862823,,0.0,False,False
microwave,mw_rain_cell,12,412.0,NONE,,-0.1703205198323019,0.06323897895794062,0,-0.6434347866454146,-0.47311426681311275,False,0,False,False,203.0,1.530729225743134,0.7673407981113718,,0.0,False,False
microwave,mw_rain_cell,12,413.0,NONE,,0.5717018881756246,0.9856518024614758,0,-0.11084468722028618,-0.6825465753959108,False,0,False,False,204.0,1.431017165408596,0.2657443141450786,,0.0,False,False
microwave,mw_rain_cell,12,414.0,NONE,,0.5288790514714421,0.3758289374681709,0,0.076770067147649,-0.4521089843237931,False,0,False,False,205.0,1.5045343999438037,0.33730032752076267,,0.0,False,False
microwave,mw_rain_cell,12,415.0,NONE,,0.8229180583038698,0.10232461058345876,0,0.19648624868386833,-0.6264318096200014,False,0,False,False,206.0,1.8232413430702443,0.9256879546441543,,0.0,False,False
microwave,mw_rain_cell,12,416.0,NONE,,1.049822181680291,0.10248305487616705,0,-0.12459920575118133,-1.1744213874314724,False,0,False,False,207.0,1.1435715120200534,0.3741785324411373,,0.0,False,False
microwave,mw_rain_cell,12,417.0,NONE,,0.6185418560553657,0.8666640801526668,0,0.09173012971287164,-0.5268117263424941,False,0,False,False,208.0,1.3358949926756756,0.3142467760152239,,0.0,False,False
microwave,mw_rain_cell,12,418.0,NONE,,0.32131717889605227,0.5571708581097354,0,-0.17982088260823303,-0.5011380615042853,False,0,False,False,209.0,0.6012131939897469,0.2060225523538286,,0.0,False,False
microwave,mw_rain_cell,12,419.0,NONE,,0.5449784846201666,0.8521385673526538,0,-0.3350880762134594,-0.880066560833626,False,0,False,False,210.0,1.0904477986923786,0.5720098857312471,,0.0,False,False
microwave,mw_rain_cell,12,420.0,NONE,,0.6402016703760509,1.1387954074072937,0,-0.021104877841672476,-0.6613065482177234,False,0,False,False,211.0,0.7846193618241409,0.5768917506389217,,0.0,False,False
microwave,mw_rain_cell,12,421.0,NONE,,-0.34212329789153273,0.3670081101972187,0,0.5531076628865819,0.8952309607781146,False,0,False,False,212.0,0.9572082517231922,1.0382207244671604,,0.0,False,False
microwave,mw_rain_cell,12,422.0,NONE,,0.27461650000035576,0.20168165246919756,0,0.0505877556876797,-0.22402874431267605,False,0,False,False,213.0,1.3281894771066105,1.5123097030982702,,0.0,False,False
microwave,mw_rain_cell,12,423.0,NONE,,0.19942666862196035,0.305751982475968,0,0.45246699494786213,0.2530403263259018,False,0,False,False,214.0,1.0904571762477864,1.1826094228540034,,0.0,False,False
microwave,mw_rain_cell,12,424.0,NONE,,-0.21679925264510302,0.6154359495956001,0,-0.1747515154629724,0.04204773718213062,False,0,False,False,215.0,0.8063324499222421,0.33208911339117014,,0.0,False,False
microwave,mw_rain_cell,12,425.0,NONE,,0.31617372964789325,0.7522556815511479,0,-0.12258877762089071,-0.43876250726878396,False,0,False,False,216.0,0.06276561716707907,0.2396684203810071,,0.0,False,False
microwave,mw_rain_cell,12,426.0,NONE,,-0.6042516881965909,0.22580095499525044,0,-0.11114915077273935,0.4931025374238516,False,0,False,False,217.0,0.04156390345747575,0.1430772039967006,,0.0,False,False
microwave,mw_rain_cell,12,427.0,NONE,,0.708624252046171,1.1284912582640914,0,-0.09239856047156536,-0.8010228125177363,False,0,False,False,218.0,0.4990670846710962,0.672302090314795,,0.0,False,False
microwave,mw_rain_cell,12,428.0,NONE,,0.008417487874332608,0.29554244843829025,0,0.22706965079939323,0.21865216292506062,False,0,False,False,219.0,0.6558331230824576,0.7766960531648006,,0.0,False,False
microwave,mw_rain_cell,12,429.0,NONE,,0.8237724185795514,0.1321314498749473,0,-0.5526771421739554,-1.3764495607535068,False,0,False,False,220.0,1.2612677433419424,0.7509232175901047,,0.0,False,False
microwave,mw_rain_cell,12,430.0,NONE,,-0.015445229388937776,0.17839446174051687,0,0.21669778207699864,0.2321430114659364,False,0,False,False,221.0,1.057451645504477,0.8212242840729436,,0.0,False,False
microwave,mw_rain_cell,12,431.0,NONE,,-0.32684838548875916,0.21057390413774613,0,-0.08175836473469644,0.24509002075406272,False,0,False,False,222.0,0.6428801570364532,0.5539026899428998,,0.0,False,False
microwave,mw_rain_cell,12,432.0,NONE,,0.4148981260561442,1.2993688169052575,0,-0.4141635486263908,-0.829061674682535,False,0,False,False,223.0,0.141371141872548,0.10662083280052756,,0.0,False,False
microwave,mw_rain_cell,12,433.0,NONE,,0.26040082845079837,0.3608106504130788,0,-0.253685812455096,-0.5140866409058944,False,0,False,False,224.0,0.4228987386994888,0.6678615766900753,,0.0,False,False
microwave,mw_rain_cell,12,434.0,NONE,,0.14178513391902214,0.48322487828234983,0,-0.04528829076231489,-0.18707342468133703,False,0,False,False,225.0,0.767940489748743,0.8053759383857126,,0.0,False,False
microwave,mw_rain_cell,12,435.0,NONE,,0.08227803702164493,0.26498651832238096,0,0.2425661024408683,0.16028806541922336,False,0,False,False,226.0,0.7393878401370839,0.6417425497476864,,0.0,False,False
microwave,mw_rain_cell,12,436.0,NONE,,-0.30495963504430534,0.15604916788622347,0,0.08965333233567208,0.3946129673799774,False,0,False,False,227.0,1.193618639278681,0.45293696050077514,,0.0,False,False
microwave,mw_rain_cell,12,437.0,NONE,,-0.41120601701850035,0.5052385790125626,0,-0.3691101793980778,0.04209583762042257,False,0,False,False,228.0,1.6766540976146116,1.2197307990630908,,0.0,False,False
microwave,mw_rain_cell,12,438.0,NONE,,0.44492538198885967,0.33263504505163155,0,-0.7114847393586246,-1.1564101213474842,False,0,False,False,229.0,1.1804958669896202,0.4787000535081235,,0.0,False,False
microwave,mw_rain_cell,12,439.0,NONE,,0.5250576907747728,0.2774372117249655,0,-0.5285837077717161,-1.053641398546489,False,0,False,False,230.0,0.8802199764559068,0.6652330470507302,,0.0,False,False
microwave,mw_rain_cell,12,440.0,NONE,,0.28959342669855914,0.5038540203073651,0,0.7296926032889175,0.44009917659035835,False,0,False,False,231.0,0.3624190379096273,0.665518763436173,,0.0,False,False
microwave,mw_rain_cell,12,441.0,NONE,,0.6739893681011324,0.363235139644388,0,-0.38850872570925077,-1.0624980938103832,False,0,False,False,232.0,0.07229107572513055,0.23429946033459575,,0.0,False,False
microwave,mw_rain_cell,12,442.0,NONE,,0.2999491466968749,0.9634107395269069,0,-0.1103167598741237,-0.4102659065709986,False,0,False,False,233.0,0.5988854002082522,1.030690122650129,,0.0,False,False
microwave,mw_rain_cell,12,443.0,NONE,,0.3716652490234438,0.5866244065138062,0,-0.13460008726806194,-0.5062653362915057,False,0,False,False,234.0,0.7585682486507782,2.0008847022255876,,0.0,False,False
microwave,mw_rain_cell,12,444.0,NONE,,0.19884670640902158,0.47951341708591144,0,0.3227496212684642,0.1239029148594426,False,0,False,False,235.0,1.6225308617993446,3.6586050096341505,,0.0,False,False
microwave,mw_rain_cell,12,445.0,NONE,,0.836375352688826,0.8873209902259163,0,-0.17051898577314262,-1.0068943384619686,False,0,False,False,236.0,0.9917466602687612,3.209887144267128,,0.0,False,False
microwave,mw_rain_cell,12,446.0,NONE,,0.194553109654791,0.6487798658344417,0,0.013468320530520828,-0.18108478912427017,False,0,False,False,237.0,1.2411424740613985,4.045224351236245,,0.0,False,False
microwave,mw_rain_cell,12,447.0,NONE,,0.38242757939745076,0.4341905939383963,0,-0.16131493205170244,-0.5437425114491532,False,0,False,False,238.0,0.45033823808251294,3.1304108707827885,,0.0,False,False
microwave,mw_rain_cell,12,448.0,NONE,,0.06327925509071264,0.6300244612662311,0,-0.27641950773512036,-0.339698762825833,False,0,False,False,239.0,0.5452519558235464,2.861604088074276,,0.0,False,False
microwave,mw_rain_cell,12,449.0,NONE,,0.4958619430162514,0.7973053219285404,0,-0.37317454711347864,-0.86903649012973,False,0,False,False,240.0,-0.4810477931798419,1.631134818297736,,0.0,False,False
microwave,mw_rain_cell,12,450.0,NONE,,0.1081817175661044,0.5452687520991191,0,-0.1968948389763625,-0.3050765565424669,False,0,False,False,241.0,-0.07390879146974272,1.7842425618564415,,0.0,False,False
microwave,mw_rain_cell,12,451.0,NONE,,0.8998349328716131,0.6731819503103083,0,-0.18430129883591206,-1.0841362317075252,False,0,False,False,242.0,-0.37681047323023803,1.295765542303295,,0.0,False,False
microwave,mw_rain_cell,12,452.0,NONE,,0.07711734444816898,0.4726626379250831,0,-0.2844915062943443,-0.36160885074251325,False,0,False,False,243.0,-0.7705163455410532,1.0231514166811304,,0.0,False,False
microwave,mw_rain_cell,12,453.0,NONE,,1.2387827722020504,1.6732455863586324,0,0.08995187022490825,-1.148830901977142,False,0,False,False,244.0,-0.6315662671896831,0.6560388256059206,,0.0,False,False
microwave,mw_rain_cell,12,454.0,NONE,,0.1660130812423759,0.44594624010006356,0,0.021313726809616185,-0.14469935443275972,False,0,False,False,245.0,-0.1328551299119406,0.5498133378560157,,0.0,False,False
microwave,mw_rain_cell,12,455.0,NONE,,-0.07634371247590366,0.019018662857142488,0,0.044746478177792426,0.12109019065369608,False,0,False,False,246.0,-0.07186386464302169,0.08548035088416023,,0.0,False,False
microwave,mw_rain_cell,12,456.0,NONE,,0.07519089828310399,0.25724742675613754,0,-0.1673110705721328,-0.24250196885523678,False,0,False,False,247.0,0.6138984550699085,0.8730564078953886,,0.0,False,False
microwave,mw_rain_cell,12,457.0,NONE,,0.08003585874636343,0.47552756627251824,0,0.15137571124130034,0.0713398524949369,False,0,False,False,248.0,0.252134757313528,0.082415026527423,,0.0,False,False
microwave,mw_rain_cell,12,458.0,NONE,,0.18497971696474025,0.10135725122530914,0,0.4192235644611202,0.23424384749637994,False,0,False,False,249.0,0.17025828786748837,0.6870506167598267,,0.0,False,False
microwave,mw_rain_cell,12,459.0,NONE,,-0.34946942560943484,0.22053321177057938,0,0.3181579690997509,0.6676273947091858,False,0,False,False,250.0,0.6157694564280256,1.139757386251991,,0.0,False,False
microwave,mw_rain_cell,12,460.0,NONE,,-0.07749072302002702,0.23258873509099942,0,-0.24035532543436489,-0.16286460241433787,False,0,False,False,251.0,0.11477434835764799,1.4488303032414478,,0.0,False,False
microwave,mw_rain_cell,12,461.0,NONE,,-0.18261253165491098,0.7654466689123893,0,-0.2640902710788069,-0.08147773942389591,False,0,False,False,252.0,-0.13550894257352156,1.2851088346142903,,0.0,False,False
microwave,mw_rain_cell,12,462.0,NONE,,-0.08218973443749888,0.5622747162349384,0,0.509353565485462,0.5915432999229608,False,0,False,False,253.0,-0.24375799338875356,1.1571385295454963,,0.0,False,False
microwave,mw_rain_cell,12,463.0,NONE,,-0.3706408519792035,0.6251259045345776,0,0.5839599725123179,0.9546008244915214,False,0,False,False,254.0,0.24686150737556076,1.5482015628077075,,0.0,False,False
microwave,mw_rain_cell,12,464.0,NONE,,-0.19687440295385272,0.28655531295932946,0,-0.30782587833650155,-0.11095147538264882,False,0,False,False,255.0,-0.11081760020504697,0.4606851393028737,,0.0,False,False
microwave,mw_rain_cell,12,465.0,NONE,,-0.40184446432051146,0.07557188815083293,0,0.5217480377464057,0.9235925020669171,False,0,False,False,256.0,0.7378487034503803,2.011660228962196,,0.0,False,False
microwave,mw_rain_cell,12,466.0,NONE,,0.42459137616440046,0.8564549232803031,0,-0.5283135228386513,-0.9529048990030518,False,0,False,False,257.0,1.3399561759316037,2.4950731922038174,,0.0,False,False
microwave,mw_rain_cell,12,467.0,NONE,,-0.144065551133302,0.48888828434393616,0,0.01821768495878473,0.16228323609208672,False,0,False,False,258.0,1.1655522182416143,2.385924194142491,,0.0,False,False
microwave,mw_rain_cell,12,468.0,NONE,,0.7990093015166408,1.519105372668129,0,0.4126784443937126,-0.38633085712292825,False,0,False,False,259.0,1.1069236623974361,1.8699908460773345,,0.0,False,False
microwave,mw_rain_cell,12,469.0,NONE,,0.09745935867488242,0.40446133908725557,0,0.34271886517156247,0.24525950649668005,False,0,False,False,260.0,1.083970209682652,1.9581292841120226,,0.0,False,False
microwave,mw_rain_cell,12,470.0,NONE,,-0.10062392602326042,0.9963146846884712,0,0.0830735659598929,0.18369749198315333,False,0,False,False,261.0,0.949099617063779,1.3078508222271175,,0.0,False,False
microwave,mw_rain_cell,12,471.0,NONE,,0.3051385712400503,0.4646342133432739,0,-0.05484401926526772,-0.359982590505318,False,0,False,False,262.0,1.2105687726414043,2.3560605134723605,,0.0,False,False
microwave,mw_rain_cell,12,472.0,NONE,,0.40082297632240227,0.2395751972297262,0,-0.298868505010482,-0.6996914813328843,False,0,False,False,263.0,1.3139358003070907,2.0613718171203628,,0.0,False,False
microwave,mw_rain_cell,12,473.0,NONE,,-0.13812959326205032,0.08287693022518994,0,0.12685990317171303,0.26498949643376335,False,0,False,False,264.0,1.6359787778934958,1.9508832432221026,,0.0,False,False
microwave,mw_rain_cell,12,474.0,NONE,,0.04752091410143322,0.20913265695339334,0,0.07060534066868485,0.023084426567251626,False,0,False,False,265.0,1.918885820482316,2.372999369220261,,0.0,False,False
microwave,mw_rain_cell,12,475.0,NONE,,0.6674827684734765,0.0885788736777755,0,0.09374535290587005,-0.5737374155676065,False,0,False,False,266.0,1.3209037453478976,2.242415673697363,,0.0,False,False
microwave,mw_rain_cell,12,476.0,NONE,,0.21393874008668945,0.29065025589131466,0,-0.015297529389158626,-0.22923626947584808,False,0,False,False,267.0,1.3851113797768764,1.7524501026859542,,0.0,False,False
microwave,mw_rain_cell,12,477.0,NONE,,-0.1555059033314805,0.31495418092570304,0,-0.10188941710367061,0.0536164862278099,False,0,False,False,268.0,0.85885928783867,1.5424327722023188,,0.0,False,False
microwave,mw_rain_cell,12,478.0,NONE,,-0.1771741246216081,0.2232344618224289,0,0.48311026107348454,0.6602843856950926,False,0,False,False,269.0,0.7949824364000976,1.3360453688297387,,0.0,False,False
microwave,mw_rain_cell,12,479.0,NONE,,-0.22223688031287026,0.14417178236835326,0,0.5536911691314046,0.7759280494442748,False,0,False,False,270.0,1.1231621299931336,1.8038943125880469,,0.0,False,False
microwave,mw_rain_cell,12,480.0,NONE,,0.05262396569168004,0.5873558657335209,0,0.10125529486099083,0.04863132916931079,False,0,False,False,271.0,0.1056912279328942,0.3317747801378685,,0.0,False,False
microwave,mw_rain_cell,12,481.0,NONE,,0.49996276334649536,1.047359392245795,0,-0.11381642924732205,-0.6137791925938174,False,0,False,False,272.0,0.5970181686367546,0.9603436990977823,,0.0,False,False
microwave,mw_rain_cell,12,482.0,NONE,,0.3232799855494761,0.10254207124338421,0,-0.38393656101523277,-0.7072165465647089,False,0,False,False,273.0,0.37402106993782347,0.7648007143776542,,0.0,False,False
microwave,mw_rain_cell,12,483.0,NONE,,0.5190818617941488,0.6069588835728155,0,0.09350708559962584,-0.425574776194523,False,0,False,False,274.0,0.7138612756166667,1.0359312213631842,,0.0,False,False
microwave,mw_rain_cell,12,484.0,NONE,,1.172104350884588,1.6014416331155417,0,0.05494028904227122,-1.1171640618423169,False,0,False,False,275.0,-0.09161536060728492,0.8050501264433108,,0.0,False,False
microwave,mw_rain_cell,12,485.0,NONE,,0.06056459688738869,0.7128461783190971,0,0.5754239773832879,0.5148593804958992,False,0,False,False,276.0,-0.3542208040654442,0.4652753521683095,,0.0,False,False
microwave,mw_rain_cell,12,486.0,NONE,,0.24035304608828056,0.4814709119293994,0,-0.6338180923860364,-0.8741711384743169,False,0,False,False,277.0,-0.047345838136904184,0.7257377209902921,,0.0,False,False
microwave,mw_rain_cell,12,487.0,NONE,,0.6651955999206649,0.9418955157176612,0,0.0880021191659992,-0.5771934807546657,False,0,False,False,278.0,-0.028414422818799176,0.2827871386694748,,0.0,False,False
microwave,mw_rain_cell,12,488.0,NONE,,0.8662321954942414,0.9410786815264771,0,0.2967039519505974,-0.569528243543644,False,0,False,False,279.0,0.04078371316705571,0.6952726599658893,,0.0,False,False
microwave,mw_rain_cell,12,489.0,NONE,,0.09423222625634509,0.2694786187338849,0,0.04006631821679463,-0.05416590803955046,False,0,False,False,280.0,-0.29396091835476384,0.4418748681806934,,0.0,False,False
microwave,mw_rain_cell,12,490.0,NONE,,-0.23130717367040177,0.33186197154018515,0,0.46408525844722703,0.6953924321176288,False,0,False,False,281.0,-0.28069824157389256,0.8961751142963656,,0.0,False,False
microwave,mw_rain_cell,12,491.0,NONE,,0.05146186417862708,0.850777214939086,0,-0.48797931839107633,-0.5394411825697034,False,0,False,False,282.0,-0.7703076235977158,0.21180905072190026,,0.0,False,False
microwave,mw_rain_cell,12,492.0,NONE,,0.3604282632992053,0.35172892019325985,0,0.2704986765951105,-0.08992958670409479,False,0,False,False,283.0,-0.9275499110319119,0.023228321214375347,,0.0,False,False
microwave,mw_rain_cell,12,493.0,NONE,,-0.17430507117370553,0.11232726680233895,0,-0.08756731691389774,0.08673775425980779,False,0,False,False,284.0,-0.8700593872462278,0.46906490327242667,,0.0,False,False
microwave,mw_rain_cell,12,494.0,NONE,,0.7418019265358566,0.6013688477332764,0,0.18008688013865282,-0.5617150463972038,False,0,False,False,285.0,-0.48028865340746424,0.5632290414520944,,0.0,False,False
microwave,mw_rain_cell,12,495.0,NONE,,0.9691056556378967,1.2635276985897903,0,-0.03563557264280348,-1.0047412282807002,False,0,False,False,286.0,-0.4044491689732864,0.11245991083882745,,0.0,False,False
microwave,mw_rain_cell,12,496.0,NONE,,0.7222842590537155,0.18608818183566456,0,0.22116213670307872,-0.5011221223506368,False,0,False,False,287.0,-0.11905221187021858,0.2709354846125362,,0.0,False,False
microwave,mw_rain_cell,12,497.0,NONE,,0.5149308118525582,0.29913750991927657,0,0.1846346029411592,-0.330296208911399,False,0,False,False,288.0,0.5694483729386102,0.6228026336164427,,0.0,False,False
microwave,mw_rain_cell,12,498.0,NONE,,0.4807386528949351,0.771927840109619,0,0.1579038988539736,-0.3228347540409615,False,0,False,False,289.0,1.2397057380995657,0.740463021383621,,0.0,False,False
microwave,mw_rain_cell,12,499.0,NONE,,0.4335345681259213,0.2148722551536295,0,-0.09929576606554491,-0.5328303341914662,False,0,False,False,290.0,0.7265591530626374,0.3969049352752543,,0.0,False,False
microwave,mw_rain_cell,12,500.0,NONE,,-0.35963427371094525,0.312517350955666,0,-0.1699464529405077,0.18968782077043755,False,0,False,False,291.0,0.8187113834635041,0.6679117182709577,,0.0,False,False
microwave,mw_rain_cell,12,501.0,NONE,,0.08504934001384612,0.47960132461871297,0,-0.06583648676063802,-0.15088582677448414,False,0,False,False,292.0,0.8216398836015963,0.8867092963172303,,0.0,False,False
microwave,mw_rain_cell,12,502.0,NONE,,0.49868845193470435,0.7573651901213765,0,0.10134554250517169,-0.39734290942953265,False,0,False,False,293.0,1.1725644734867904,0.7860958334794912,,0.0,False,False
microwave,mw_rain_cell,12,503.0,NONE,,0.2672914620827598,0.5286827445673907,0,-0.07278701729577364,-0.3400784793785334,False,0,False,False,294.0,0.8625854133492701,0.9748989024134298,,0.0,False,False
microwave,mw_rain_cell,12,504.0,NONE,,-0.049731160872383384,0.009642299956801992,0,0.7880596508912134,0.8377908117635968,False,0,False,False,295.0,0.40670415355142314,1.14851740459476,,0.0,False,False
microwave,mw_rain_cell,12,505.0,NONE,,-0.49678078845730056,0.06612555834094991,0,0.09018756341511391,0.5869683518724145,False,0,False,False,296.0,0.8810648746328471,1.30269058400666,,0.0,False,False
microwave,mw_rain_cell,12,506.0,NONE,,0.43711975099296296,0.6758434697452316,0,0.14736643394756044,-0.2897533170454025,False,0,False,False,297.0,1.17257034964909,1.2255578436489927,,0.0,False,False
microwave,mw_rain_cell,12,507.0,NONE,,-0.357140463794714,0.3917907630361981,0,-0.03663262441783388,0.3205078393768801,False,0,False,False,298.0,1.4225111897381026,1.1929426212510483,,0.0,False,False
microwave,mw_rain_cell,12,508.0,NONE,,-0.23796653747154295,0.16812743774611505,0,0.4191216991061353,0.6570882365776782,False,0,False,False,299.0,1.1869656547804694,1.3717059653923651,,0.0,False,False
microwave,mw_rain_cell,12,509.0,NONE,,-0.021648157576080962,0.2313935750046454,0,0.3371015785125735,0.35874973608865446,False,0,False,False,300.0,1.7452587882506814,2.3496725854317155,,0.0,False,False
microwave,mw_rain_cell,12,510.0,NONE,,0.22130325964469932,0.6047694804900772,0,-0.00671190625703133,-0.22801516590173065,False,0,False,False,301.0,1.3043186357854828,2.2106281353357673,,0.0,False,False
microwave,mw_rain_cell,12,511.0,NONE,,-0.1362872502143233,0.5229372378037453,0,-0.11078086527956543,0.025506384934757875,False,0,False,False,302.0,1.474981335966368,2.416380379551385,,0.0,False,False
microwave,mw_rain_cell,12,512.0,NONE,,0.4567195690892447,0.7394840304715871,0,-0.2920156671277425,-0.7487352362169872,False,0,False,False,303.0,1.1025456340349848,1.0797070045054196,,0.0,False,False
microwave,mw_rain_cell,12,513.0,NONE,,0.8573601017254049,0.5782975988016901,0,-0.041708773517626696,-0.8990688752430316,False,0,False,False,304.0,1.6286170761102445,1.701300069559604,,0.0,False,False
microwave,mw_rain_cell,12,514.0,NONE,,0.27652900471865394,0.5186737557592807,0,0.08341055714108592,-0.19311844757756802,False,0,False,False,305.0,1.3835719627669911,1.6543893204378106,,0.0,False,False
microwave,mw_rain_cell,12,515.0,NONE,,0.06398727933653703,0.05003956472220494,0,0.24510856799002312,0.1811212886534861,False,0,False,False,306.0,1.1199163246315544,1.679373719153691,,0.0,False,False
microwave,mw_rain_cell,12,516.0,NONE,,0.292572961549844,0.8313800391442712,0,0.18066165751221064,-0.11191130403763339,False,0,False,False,307.0,0.676888872623464,0.09314532339990045,,0.0,False,False
microwave,mw_rain_cell,12,517.0,NONE,,-0.42709716559877364,0.14274124152783685,0,0.1088130069327704,0.535910172531544,False,0,False,False,308.0,0.7104172599663837,0.8931659505008744,,0.0,False,False
microwave,mw_rain_cell,12,518.0,NONE,,-0.16585140157818756,0.31878434072216066,0,-0.649310503361491,-0.4834591017833034,False,0,False,False,309.0,0.4962356553829269,0.579596242584184,,0.0,False,False
microwave,mw_rain_cell,12,519.0,NONE,,1.0583737126569304,1.1760043669585443,0,-0.19275096455680085,-1.2511246772137312,False,0,False,False,310.0,0.09755650825234424,0.5458363239393335,,0.0,False,False
microwave,mw_rain_cell,12,520.0,NONE,,-0.08370653926724714,0.47791668960770295,0,-0.24457917703441012,-0.16087263776716298,False,0,False,False,311.0,0.34401685991861997,0.7675962856161673,,0.0,False,False
microwave,mw_rain_cell,12,521.0,NONE,,0.5305842284666795,0.5029500066652446,0,0.13913745803711208,-0.39144677042956744,False,0,False,False,312.0,0.23521799105489566,0.979383629002162,,0.0,False,False
microwave,mw_rain_cell,12,522.0,NONE,,0.8331159117477327,1.1948449386389086,0,-0.10314160703893549,-0.9362575187866682,False,0,False,False,313.0,0.39043096972245106,1.0087337993542915,,0.0,False,False
microwave,mw_rain_cell,12,523.0,NONE,,0.2005058079808606,0.30991457943475353,0,0.16067683806245014,-0.03982896991841045,False,0,False,False,314.0,0.38555221396552986,1.078818237207525,,0.0,False,False
microwave,mw_rain_cell,12,524.0,NONE,,0.40200294142957915,0.11345389680639073,0,0.0001706668766985331,-0.4018322745528806,False,0,False,False,315.0,1.3183594393357594,2.5751831386222914,,0.0,False,False
microwave,mw_rain_cell,12,525.0,NONE,,-0.19018799967909672,0.11721465684193788,0,0.039694624491076524,0.22988262417017324,False,0,False,False,316.0,0.4210409301275442,0.9664828303332671,,0.0,False,False
microwave,mw_rain_cell,12,526.0,NONE,,0.7965597573847703,1.2408709946021546,0,-0.38425545853748844,-1.1808152159222587,False,0,False,False,317.0,-0.27130261243835996,0.22133514800451642,,0.0,False,False
microwave,mw_rain_cell,12,527.0,NONE,,0.2708112088492456,0.6984963008920104,0,-0.048180955508421164,-0.31899216435766675,False,0,False,False,318.0,-0.40525280050725393,0.21818463546631878,,0.0,False,False
microwave,mw_rain_cell,12,528.0,NONE,,0.5986843574879401,0.46019714203737294,0,-0.35947367625792737,-0.9581580337458675,False,0,False,False,319.0,-0.59732082648066,0.7638780597133448,,0.0,False,False
microwave,mw_rain_cell,12,529.0,NONE,,-0.10430761711555192,0.05651577946684938,0,0.3075741796646483,0.4118817967802002,False,0,False,False,320.0,-0.9239488424349163,0.29068305995507404,,0.0,False,False
microwave,mw_rain_cell,12,530.0,NONE,,0.1616920466920604,0.1149190718663462,0,0.3786333357107381,0.2169412890186777,False,0,False,False,321.0,-0.43580541428543884,0.955973892477457,,0.0,False,False
microwave,mw_rain_cell,12,531.0,NONE,,0.3945221446818792,0.5687086445096341,0,0.36957537564968135,-0.024946769032197835,False,0,False,False,322.0,-0.09760817843945097,0.6041964809497591,,0.0,False,False
microwave,mw_rain_cell,12,532.0,NONE,,0.10295186746109408,0.9632633165215623,0,-0.38086693258048854,-0.4838188000415826,False,0,False,False,323.0,-0.2755880864437462,0.04720999540156945,,0.0,False,False
microwave,mw_rain_cell,12,533.0,NONE,,0.41345508342432424,0.6629343853447267,0,-0.20129197831360557,-0.6147470617379298,False,0,False,False,324.0,-0.372525634317072,0.48159088759631663,,0.0,False,False
microwave,mw_rain_cell,12,534.0,NONE,,0.9492497207583668,0.31346178138169023,0,-0.1614896562324617,-1.1107393769908285,False,0,False,False,325.0,0.4733145689474302,1.3203085303086655,,0.0,False,False
microwave,mw_rain_cell,12,535.0,NONE,,0.7926459876852618,0.9186275134500974,0,0.27604137569579734,-0.5166046119894645,False,0,False,False,326.0,0.27693356953181003,1.0102013544132071,,0.0,False,False
microwave,mw_rain_cell,12,536.0,NONE,,0.15855919557552767,0.32400233734658457,0,-0.12850701929452413,-0.2870662148700518,False,0,False,False,327.0,0.7640364737844336,1.0302266709310035,,0.0,False,False
microwave,mw_rain_cell,12,537.0,NONE,,0.21854562076160988,0.1505093126598709,0,-0.24249289025927112,-0.461038511020881,False,0,False,False,328.0,0.6539079488709305,0.7407450352867945,,0.0,False,False
microwave,mw_rain_cell,12,538.0,NONE,,0.8017591446973142,0.9781515554651179,0,-0.10795184295731985,-0.9097109876546341,False,0,False,False,329.0,1.0258593791644268,1.6471044158682644,,0.0,False,False
microwave,mw_rain_cell,12,539.0,NONE,,-0.04527589480387917,0.2655470638725461,0,0.13574031401082465,0.18101620881470382,False,0,False,False,330.0,1.4333406513279057,2.203656304954025,,0.0,False,False
microwave,mw_rain_cell,12,540.0,NONE,,0.8611881714945895,0.7467926757214514,0,-0.6186548336300248,-1.4798430051246143,False,0,False,False,331.0,0.4789802220416617,0.6535261564533895,,0.0,False,False
microwave,mw_rain_cell,12,541.0,NONE,,0.35432631494882116,0.542694983932499,0,-0.15899239598116566,-0.5133187109299868,False,0,False,False,332.0,1.0202230439540712,1.3425031275814958,,0.0,False,False
microwave,mw_rain_cell,12,542.0,NONE,,0.27572907869737406,0.24719828203673444,0,0.009319414155733341,-0.2664096645416407,False,0,False,False,333.0,0.8358764733904089,1.3670356547799203,,0.0,False,False
microwave,mw_rain_cell,12,543.0,NONE,,0.252613565984916,0.7427333560325593,0,-0.7508582205413887,-1.0034717865263048,False,0,False,False,334.0,0.6254049444313754,1.6273558471124703,,0.0,False,False
microwave,mw_rain_cell,12,544.0,NONE,,-0.07446794662343592,0.12411884890181568,0,-0.04385981003564865,0.03060813658778727,False,0,False,False,335.0,0.3257092737326888,1.8708604433066154,,0.0,False,False
microwave,mw_rain_cell,12,545.0,NONE,,0.40627622417900966,0.023096538551961032,0,-0.3522045893696557,-0.7584808135486654,False,0,False,False,336.0,0.14803499134419199,1.6686372945832835,,0.0,False,False
microwave,mw_rain_cell,12,546.0,NONE,,0.10158151313572006,0.0003981895987905659,0,0.5463245864174198,0.4447430732816997,False,0,False,False,337.0,-0.5565799665756442,0.7609580913062154,,0.0,False,False
microwave,mw_rain_cell,12,547.0,NONE,,0.03752185949198861,0.36369851357812166,0,-0.35304056302204145,-0.39056242251403006,False,0,False,False,338.0,-0.6381687150590963,0.8490182676627823,,0.0,False,False
microwave,mw_rain_cell,12,548.0,NONE,,0.395056296299515,0.6241841653098348,0,0.307136607157247,-0.087919689142268,False,0,False,False,339.0,0.04333544733813788,0.8115603697248606,,0.0,False,False
microwave,mw_rain_cell,12,549.0,NONE,,0.934857910737982,0.7002152734066343,0,-0.5490648283135471,-1.483922739051529,False,0,False,False,340.0,0.8293421119402583,2.3412842678689163,,0.0,False,False
microwave,mw_rain_cell,12,550.0,NONE,,0.29335042974367553,0.6731373798102993,0,-0.32650399182183065,-0.6198544215655062,False,0,False,False,341.0,0.5691155012698059,2.1311667223854025,,0.0,False,False
microwave,mw_rain_cell,12,551.0,NONE,,0.28032228604663345,0.8518842217624822,0,-0.0368105018005096,-0.31713278784714305,False,0,False,False,342.0,1.1498801735937638,2.3966060025191633,,0.0,False,False
microwave,mw_rain_cell,12,552.0,NONE,,0.48795649619952997,0.9408521366377727,0,0.2885663447027227,-0.19939015149680728,False,0,False,False,343.0,1.4561817626518623,2.885875135365069,,0.0,False,False
microwave,mw_rain_cell,12,553.0,NONE,,0.7673004045077079,0.8291672172451143,0,-0.0774602573053329,-0.8447606618130408,False,0,False,False,344.0,1.6241096197626332,2.872168180664084,,0.0,False,False
microwave,mw_rain_cell,12,554.0,NONE,,0.01791214760996951,0.1713051945704933,0,0.10954893658569631,0.0916367889757268,False,0,False,False,345.0,1.7566830586578865,2.99370479730215,,0.0,False,False
microwave,mw_rain_cell,12,555.0,NONE,,0.5022997025487399,1.6520410087708086,0,-0.7818989105450527,-1.2841986130937926,False,0,False,False,346.0,1.7567220106648123,3.203338076561126,,0.0,False,False
microwave,mw_rain_cell,12,556.0,NONE,,0.0023338473101617296,0.35229876108292757,0,0.3234464740147729,0.32111262670461116,False,0,False,False,347.0,2.3919785863322303,3.668800255481498,,0.0,False,False
microwave,mw_rain_cell,12,557.0,NONE,,-0.06752868316332439,0.4961425510103652,0,-0.46482451878106446,-0.39729583561774007,False,0,False,False,348.0,3.0747791955696826,4.236878056160267,,0.0,False,False
microwave,mw_rain_cell,12,558.0,NONE,,0.3132008868587306,1.4127527261288506,0,-0.47690108952438237,-0.790101976383113,False,0,False,False,349.0,2.868907832760724,3.0556847835470835,,0.0,False,False
microwave,mw_rain_cell,12,559.0,NONE,,0.5971208636580059,1.3720666589223853,0,0.2216854139796638,-0.3754354496783421,False,0,False,False,350.0,2.9155888737913522,3.0344610193138997,,0.0,False,False
microwave,mw_rain_cell,12,560.0,NONE,,0.5693032503111795,0.7885676428429633,0,-0.5133642860802112,-1.0826675363913907,False,0,False,False,351.0,2.916785528833107,2.474612483244168,,0.0,False,False
microwave,mw_rain_cell,12,561.0,NONE,,0.643552498190175,0.4317912077611936,0,-0.19685565925642123,-0.8404081574465962,False,0,False,False,352.0,2.754658379721852,1.6098548720210408,,0.0,False,False
microwave,mw_rain_cell,12,562.0,NONE,,0.10470058552880346,0.3134685635550767,0,0.6688443016394388,0.5641437161106353,False,0,False,False,353.0,2.2449999582705287,1.135397056698033,,0.0,False,False
microwave,mw_rain_cell,12,563.0,NONE,,0.5097536627502919,0.19562160066744383,0,-0.3004005477710905,-0.8101542105213824,False,0,False,False,354.0,1.2760519296423696,0.2781259946033897,,0.0,False,False
microwave,mw_rain_cell,12,564.0,NONE,,0.02495222655770135,0.44997218360931157,0,-0.38360692573506583,-0.4085591522927672,False,0,False,False,355.0,1.3802382103756181,0.3922259258218539,,0.0,False,False
microwave,mw_rain_cell,12,565.0,NONE,,0.5568612424852049,0.3753402376285848,0,-0.13497668360715664,-0.6918379260923615,False,0,False,False,356.0,1.333279947334635,0.6453977392221469,,0.0,False,False
microwave,mw_rain_cell,12,566.0,NONE,,-0.00875338140929216,0.5075689625291488,0,0.37232632881050876,0.3810797102198009,False,0,False,False,357.0,1.4473637724981303,0.7732761259443168,,0.0,False,False
microwave,mw_rain_cell,12,567.0,NONE,,-0.0666724782045307,0.5103558036869771,0,0.5510395720906089,0.6177120502951396,False,0,False,False,358.0,1.1670927654470893,0.5600830150012724,,0.0,False,False
microwave,mw_rain_cell,12,568.0,NONE,,0.41284012888486643,0.26157294523780905,0,-0.345411078479664,-0.7582512073645304,False,0,False,False,359.0,0.41104365908596546,0.10521034468763363,,0.0,False,False
microwave,mw_rain_cell,12,569.0,NONE,,0.4254156040518282,0.24803368683106441,0,0.6346721411506522,0.20925653709882397,False,0,False,False,360.0,0.2898746092351401,0.005668662469089258,,0.0,False,False
microwave,mw_rain_cell,12,570.0,NONE,,0.28365090653445435,0.19180655253967416,0,-0.5894393879082855,-0.8730902944427399,False,0,False,False,361.0,1.1292819315433846,0.9325974140803015,,0.0,False,False
microwave,mw_rain_cell,12,571.0,NONE,,0.30353562282723345,0.9445888327019958,0,-0.564452662861413,-0.8679882856886465,False,0,False,False,362.0,0.7976340289873713,0.712563525469133,,0.0,False,False
microwave,mw_rain_cell,12,572.0,NONE,,0.3477290074547099,0.24211277283738042,0,0.2322225560215756,-0.11550645143313432,False,0,False,False,363.0,0.9287172422518205,1.4112368091902037,,0.0,False,False
microwave,mw_rain_cell,12,573.0,NONE,,0.7234335629813486,0.9322065473795718,0,0.3494108050713223,-0.37402275791002637,False,0,False,False,364.0,1.6718004233104076,1.9784368506736936,,0.0,False,False
microwave,mw_rain_cell,12,574.0,NONE,,0.3891697985767806,0.19714215593802464,0,-0.1027026274516345,-0.4918724260284151,False,0,False,False,365.0,0.6163003178455942,1.0950312940875324,,0.0,False,False
microwave,mw_rain_cell,12,575.0,NONE,,0.5233331565218009,0.9689723510813835,0,-0.28394059668482186,-0.8072737532066228,False,0,False,False,366.0,0.8443537410704436,0.6478918491415901,,0.0,False,False
microwave,mw_rain_cell,12,576.0,NONE,,0.047451778058913874,1.2309617875237961,0,0.10906366361955833,0.06161188556064445,False,0,False,False,367.0,1.171191469169999,1.1673782994435675,,0.0,False,False
microwave,mw_rain_cell,12,577.0,NONE,,0.34832604694565106,0.6897575854427274,0,0.3579337591672953,0.009607712221644249,False,0,False,False,368.0,1.8389264153084606,1.899561237347754,,0.0,False,False
microwave,mw_rain_cell,12,578.0,NONE,,0.9670243269853174,0.24202103119206697,0,-0.058809964025492434,-1.0258342910108098,False,0,False,False,369.0,1.2676180231956926,2.356437874760247,,0.0,False,False
microwave,mw_rain_cell,12,579.0,NONE,,0.057682666660291204,0.6313962338097951,0,0.42183730466567226,0.36415463800538106,False,0,False,False,370.0,0.7178227908619106,1.783298675519808,,0.0,False,False
microwave,mw_rain_cell,12,580.0,NONE,,0.5381243335489785,0.5560576377354138,0,-0.3910354434678851,-0.9291597770168636,False,0,False,False,371.0,0.7979321232348913,1.8301478948186969,,0.0,False,False
microwave,mw_rain_cell,12,581.0,NONE,,-0.4244807782044191,0.03184028304711717,0,0.024192389255091484,0.4486731674595106,False,0,False,False,372.0,0.7952705074288386,1.5138988957165755,,0.0,False,False
microwave,mw_rain_cell,12,582.0,NONE,,-0.30683519552256655,0.29255740552164156,0,0.0601259651507533,0.36696116067331985,False,0,False,False,373.0,0.8598803927037613,1.7152522667320942,,0.0,False,False
microwave,mw_rain_cell,12,583.0,NONE,,-0.03380757696803727,0.5463462374360049,0,-0.8250063422782432,-0.7911987653102059,False,0,False,False,374.0,0.8344885769893216,1.5536492012170993,,0.0,False,False
microwave,mw_rain_cell,12,584.0,NONE,,0.4670116702773228,0.670845025817961,0,-0.30244312959585784,-0.7694547998731807,False,0,False,False,375.0,1.025496786390946,2.0667985859875215,,0.0,False,False
microwave,mw_rain_cell,12,585.0,NONE,,0.13537441775938674,0.3527062742317,0,-0.3064613427172489,-0.44183576047663564,False,0,False,False,376.0,-0.11113442705780496,1.1243304002589078,,0.0,False,False
microwave,mw_rain_cell,12,586.0,NONE,,0.34025727635727065,1.003902172307562,0,0.07060271014481145,-0.2696545662124592,False,0,False,False,377.0,-0.488955910401509,0.6759528328210319,,0.0,False,False
microwave,mw_rain_cell,12,587.0,NONE,,0.44928673929203455,0.29937217131560345,0,-0.2213261700199496,-0.6706129093119841,False,0,False,False,378.0,-0.3408417832635438,1.1200914813279403,,0.0,False,False
microwave,mw_rain_cell,12,588.0,NONE,,0.3366528139102982,0.19041000964816135,0,0.10232154364635448,-0.23433127026394374,False,0,False,False,379.0,0.29612808155001896,1.9298299790864746,,0.0,False,False
microwave,mw_rain_cell,12,589.0,NONE,,-0.26297538972968226,0.4800717989953327,0,0.017524682577551687,0.28050007230723395,False,0,False,False,380.0,0.5518193087852347,2.1694612382104994,,0.0,False,False
microwave,mw_rain_cell,12,590.0,NONE,,0.49895646488758416,0.5121050105365157,0,0.3380010836156089,-0.16095538127197528,False,0,False,False,381.0,0.42634736704026077,2.0750205884461357,,0.0,False,False
microwave,mw_rain_cell,12,591.0,NONE,,0.13587035419645588,0.10850629468303907,0,-0.2863601881108906,-0.42223054230734647,False,0,False,False,382.0,0.7020175087678123,2.847642919416172,,0.0,False,False
microwave,mw_rain_cell,12,592.0,NONE,,-0.258719696714067,0.09154711395254367,0,0.10476156043018392,0.36348125714425095,False,0,False,False,383.0,0.46064323609931335,2.2319107996259504,,0.0,False,False
microwave,mw_rain_cell,12,593.0,NONE,,0.1316844291497148,0.5858661936494016,0,-0.21413563850157402,-0.3458200676512888,False,0,False,False,384.0,0.4633969459251591,2.25245512033545,,0.0,False,False
microwave,mw_rain_cell,12,594.0,NONE,,0.2144596740442708,0.7562725221916438,0,0.3203572026202437,0.1058975285759729,False,0,False,False,385.0,0.1913008428526184,1.9487538508294755,,0.0,False,False
microwave,mw_rain_cell,12,595.0,NONE,,0.7331606143871312,0.27224537369047397,0,0.004834631583591431,-0.7283259828035398,False,0,False,False,386.0,0.727334692376844,2.078570404589783,,0.0,False,False
microwave,mw_rain_cell,12,596.0,NONE,,0.3210328045207973,0.468265482202348,0,-0.6439155298643442,-0.9649483343851415,False,0,False,False,387.0,0.6233743047900822,1.7478417527786863,,0.0,False,False
microwave,mw_rain_cell,12,597.0,NONE,,0.8398586771040115,0.7938804476009338,0,-0.3590205073117332,-1.1988791844157447,False,0,False,False,388.0,0.6680771404390724,1.40080526700639,,0.0,False,False
microwave,mw_rain_cell,12,598.0,NONE,,0.8646605678844281,1.0430418395635783,0,-0.5232439106432523,-1.3879044785276804,False,0,False,False,389.0,-0.22280054812650318,0.6403679259854048,,0.0,False,False
microwave,mw_rain_cell,12,599.0,NONE,,-0.08851939713155588,0.09926470885064731,0,-0.1928056763620134,-0.10428627923045752,False,0,False,False,390.0,-0.7948236475467443,0.06089926582330785,,0.0,False,False
microwave,mw_rain_cell,12,600.0,NONE,,0.02454952500659857,0.6405529338849405,0,-0.6882780498335279,-0.7128275748401265,False,0,False,False,391.0,-0.8169136321632543,0.8946442017521784,,0.0,False,False
microwave,mw_rain_cell,21,0.0,NONE,,0.0,0.0,0,0.0,0.0,False,0,False,False,,0.0,0.0,,0.0,False,False
microwave,mw_rain_cell,21,1.0,NONE,,0.0,0.0,0,0.0,0.0,False,0,False,False,,0.0,0.0,,0.0,False,False
microwave,mw_rain_cell,21,2.0,NONE,,0.0,0.0,0,0.0,0.0,False,0,False,False,,0.0,0.0,,0.0,False,False
microwave,mw_rain_cell,21,3.0,NONE,,0.0,0.0,0,0.0,0.0,False,0,False,False,,0.0,0.0,,0.0,False,False
microwave,mw_rain_cell,21,4.0,NONE,,0.0,0.0,0,0.0,0.0,False,0,False,False,,0.0,0.0,,0.0,False,False
microwave,mw_rain_cell,21,5.0,NONE,,0.0,0.0,0,0.0,0.0,False,0,False,False,,0.0,0.0,,0.0,False,False
microwave,mw_rain_cell,21,6.0,NONE,,0.0,0.0,0,0.0,0.0,False,0,False,False,,0.0,0.0,,0.0,False,False
microwave,mw_rain_cell,21,7.0,NONE,,0.0,0.0,0,0.0,0.0,False,0,False,False,,0.0,0.0,,0.0,False,False
microwave,mw_rain_cell,21,8.0,NONE,,0.0,0.0,0,0.0,0.0,False,0,False,False,,0.0,0.0,,0.0,False,False
microwave,mw_rain_cell,21,9.0,NONE,,0.0,0.0,0,0.0,0.0,False,0,False,False,,0.0,0.0,,0.0,False,False
microwave,mw_rain_cell,21,10.0,NONE,,0.0,0.0,0,0.0,0.0,False,0,False,False,,0.0,0.0,,0.0,False,False
microwave,mw_rain_cell,21,11.0,NONE,,0.0,0.0,0,0.0,0.0,False,0,False,False,,0.0,0.0,,0.0,False,False
microwave,mw_rain_cell,21,12.0,NONE,,0.0,0.0,0,0.0,0.0,False,0,False,False,,0.0,0.0,,0.0,False,False
microwave,mw_rain_cell,21,13.0,NONE,,0.0,0.0,0,0.0,0.0,False,0,False,False,,0.0,0.0,,0.0,False,False
microwave,mw_rain_cell,21,14.0,NONE,,0.0,0.0,0,0.0,0.0,False,0,False,False,,0.0,0.0,,0.0,False,False
microwave,mw_rain_cell,21,15.0,NONE,,0.0,0.0,0,0.0,0.0,False,0,False,False,,0.0,0.0,,0.0,False,False
microwave,mw_rain_cell,21,16.0,NONE,,0.0,0.0,0,0.0,0.0,False,0,False,False,,0.0,0.0,,0.0,False,False
microwave,mw_rain_cell,21,17.0,NONE,,0.0,0.0,0,0.0,0.0,False,0,False,False,,0.0,0.0,,0.0,False,False
microwave,mw_rain_cell,21,18.0,NONE,,0.0,0.0,0,0.0,0.0,False,0,False,False,,0.0,0.0,,0.0,False,False
microwave,mw_rain_cell,21,19.0,NONE,,0.0,0.0,0,0.0,0.0,False,0,False,False,,0.0,0.0,,0.0,False,False
microwave,mw_rain_cell,21,20.0,NONE,,0.0,0.0,0,0.0,0.0,False,0,False,False,,0.0,0.0,,0.0,False,False
microwave,mw_rain_cell,21,21.0,NONE,,0.0,0.0,0,0.0,0.0,False,0,False,False,,0.0,0.0,,0.0,False,False
microwave,mw_rain_cell,21,22.0,NONE,,0.0,0.0,0,0.0,0.0,False,0,False,False,,0.0,0.0,,0.0,False,False
microwave,mw_rain_cell,21,23.0,NONE,,0.0,0.0,0,0.0,0.0,False,0,False,False,,0.0,0.0,,0.0,False,False
microwave,mw_rain_cell,21,24.0,NONE,,0.0,0.0,0,0.0,0.0,False,0,False,False,,0.0,0.0,,0.0,False,False
microwave,mw_rain_cell,21,25.0,NONE,,0.0,0.0,0,0.0,0.0,False,0,False,False,,0.0,0.0,,0.0,False,False
microwave,mw_rain_cell,21,26.0,NONE,,0.0,0.0,0,0.0,0.0,False,0,False,False,,0.0,0.0,,0.0,False,False
microwave,mw_rain_cell,21,27.0,NONE,,0.0,0.0,0,0.0,0.0,False,0,False,False,,0.0,0.0,,0.0,False,False
microwave,mw_rain_cell,21,28.0,NONE,,0.0,0.0,0,0.0,0.0,False,0,False,False,,0.0,0.0,,0.0,False,False
microwave,mw_rain_cell,21,29.0,NONE,,0.0,0.0,0,0.0,0.0,False,0,False,False,,0.0,0.0,,0.0,False,False
microwave,mw_rain_cell,21,30.0,NONE,,0.0,0.0,0,0.0,0.0,False,0,False,False,,0.0,0.0,,0.0,False,False
microwave,mw_rain_cell,21,31.0,NONE,,0.0,0.0,0,0.0,0.0,False,0,False,False,,0.0,0.0,,0.0,False,False
microwave,mw_rain_cell,21,32.0,NONE,,0.0,0.0,0,0.0,0.0,False,0,False,False,,0.0,0.0,,0.0,False,False
microwave,mw_rain_cell,21,33.0,NONE,,0.0,0.0,0,0.0,0.0,False,0,False,False,,0.0,0.0,,0.0,False,False
microwave,mw_rain_cell,21,34.0,NONE,,0.0,0.0,0,0.0,0.0,False,0,False,False,,0.0,0.0,,0.0,False,False
microwave,mw_rain_cell,21,35.0,NONE,,0.0,0.0,0,0.0,0.0,False,0,False,False,,0.0,0.0,,0.0,False,False
microwave,mw_rain_cell,21,36.0,NONE,,0.0,0.0,0,0.0,0.0,False,0,False,False,,0.0,0.0,,0.0,False,False
microwave,mw_rain_cell,21,37.0,NONE,,0.0,0.0,0,0.0,0.0,False,0,False,False,,0.0,0.0,,0.0,False,False
microwave,mw_rain_cell,21,38.0,NONE,,0.0,0.0,0,0.0,0.0,False,0,False,False,,0.0,0.0,,0.0,False,False
microwave,mw_rain_cell,21,39.0,NONE,,0.0,0.0,0,0.0,0.0,False,0,False,False,,0.0,0.0,,0.0,False,False
microwave,mw_rain_cell,21,40.0,NONE,,0.0,0.0,0,0.0,0.0,False,0,False,False,,0.0,0.0,,0.0,False,False
microwave,mw_rain_cell,21,41.0,NONE,,0.0,0.0,0,0.0,0.0,False,0,False,False,,0.0,0.0,,0.0,False,False
microwave,mw_rain_cell,21,42.0,NONE,,0.0,0.0,0,0.0,0.0,False,0,False,False,,0.0,0.0,,0.0,False,False
microwave,mw_rain_cell,21,43.0,NONE,,0.0,0.0,0,0.0,0.0,False,0,False,False,,0.0,0.0,,0.0,False,False
microwave,mw_rain_cell,21,44.0,NONE,,0.0,0.0,0,0.0,0.0,False,0,False,False,,0.0,0.0,,0.0,False,False
microwave,mw_rain_cell,21,45.0,NONE,,0.0,0.0,0,0.0,0.0,False,0,False,False,,0.0,0.0,,0.0,False,False
microwave,mw_rain_cell,21,46.0,NONE,,0.0,0.0,0,0.0,0.0,False,0,False,False,,0.0,0.0,,0.0,False,False
microwave,mw_rain_cell,21,47.0,NONE,,0.0,0.0,0,0.0,0.0,False,0,False,False,,0.0,0.0,,0.0,False,False
microwave,mw_rain_cell,21,48.0,NONE,,0.0,0.0,0,0.0,0.0,False,0,False,False,,0.0,0.0,,0.0,False,False
microwave,mw_rain_cell,21,49.0,NONE,,0.0,0.0,0,0.0,0.0,False,0,False,False,,0.0,0.0,,0.0,False,False
microwave,mw_rain_cell,21,50.0,NONE,,0.0,0.0,0,0.0,0.0,False,0,False,False,,0.0,0.0,,0.0,False,False
microwave,mw_rain_cell,21,51.0,NONE,,0.0,0.0,0,0.0,0.0,False,0,False,False,,0.0,0.0,,0.0,False,False
microwave,mw_rain_cell,21,52.0,NONE,,0.0,0.0,0,0.0,0.0,False,0,False,False,,0.0,0.0,,0.0,False,False
microwave,mw_rain_cell,21,53.0,NONE,,0.0,0.0,0,0.0,0.0,False,0,False,False,,0.0,0.0,,0.0,False,False
microwave,mw_rain_cell,21,54.0,NONE,,0.0,0.0,0,0.0,0.0,False,0,False,False,,0.0,0.0,,0.0,False,False
microwave,mw_rain_cell,21,55.0,NONE,,0.0,0.0,0,0.0,0.0,False,0,False,False,,0.0,0.0,,0.0,False,False
microwave,mw_rain_cell,21,56.0,NONE,,0.0,0.0,0,0.0,0.0,False,0,False,False,,0.0,0.0,,0.0,False,False
microwave,mw_rain_cell,21,57.0,NONE,,0.0,0.0,0,0.0,0.0,False,0,False,False,,0.0,0.0,,0.0,False,False
microwave,mw_rain_cell,21,58.0,NONE,,0.0,0.0,0,0.0,0.0,False,0,False,False,,0.0,0.0,,0.0,False,False
microwave,mw_rain_cell,21,59.0,NONE,,0.0,0.0,0,0.0,0.0,False,0,False,False,,0.0,0.0,,0.0,False,False
microwave,mw_rain_cell,21,60.0,NONE,,0.0,0.0,0,0.0,0.0,False,0,False,False,,0.0,0.0,,0.0,False,False
microwave,mw_rain_cell,21,61.0,NONE,,0.0,0.0,0,0.0,0.0,False,0,False,False,,0.0,0.0,,0.0,False,False
microwave,mw_rain_cell,21,62.0,NONE,,0.0,0.0,0,0.0,0.0,False,0,False,False,,0.0,0.0,,0.0,False,False
microwave,mw_rain_cell,21,63.0,NONE,,0.0,0.0,0,0.0,0.0,False,0,False,False,,0.0,0.0,,0.0,False,False
microwave,mw_rain_cell,21,64.0,NONE,,0.0,0.0,0,0.0,0.0,False,0,False,False,,0.0,0.0,,0.0,False,False
microwave,mw_rain_cell,21,65.0,NONE,,0.0,0.0,0,0.0,0.0,False,0,False,False,,0.0,0.0,,0.0,False,False
microwave,mw_rain_cell,21,66.0,NONE,,0.0,0.0,0,0.0,0.0,False,0,False,False,,0.0,0.0,,0.0,False,False
microwave,mw_rain_cell,21,67.0,NONE,,0.0,0.0,0,0.0,0.0,False,0,False,False,,0.0,0.0,,0.0,False,False
microwave,mw_rain_cell,21,68.0,NONE,,0.0,0.0,0,0.0,0.0,False,0,False,False,,0.0,0.0,,0.0,False,False
microwave,mw_rain_cell,21,69.0,NONE,,0.0,0.0,0,0.0,0.0,False,0,False,False,,0.0,0.0,,0.0,False,False
microwave,mw_rain_cell,21,70.0,NONE,,0.0,0.0,0,0.0,0.0,False,0,False,False,,0.0,0.0,,0.0,False,False
microwave,mw_rain_cell,21,71.0,NONE,,0.0,0.0,0,0.0,0.0,False,0,False,False,,0.0,0.0,,0.0,False,False
microwave,mw_rain_cell,21,72.0,NONE,,0.0,0.0,0,0.0,0.0,False,0,False,False,,0.0,0.0,,0.0,False,False
microwave,mw_rain_cell,21,73.0,NONE,,0.0,0.0,0,0.0,0.0,False,0,False,False,,0.0,0.0,,0.0,False,False
microwave,mw_rain_cell,21,74.0,NONE,,0.0,0.0,0,0.0,0.0,False,0,False,False,,0.0,0.0,,0.0,False,False
microwave,mw_rain_cell,21,75.0,NONE,,0.0,0.0,0,0.0,0.0,False,0,False,False,,0.0,0.0,,0.0,False,False
microwave,mw_rain_cell,21,76.0,NONE,,0.0,0.0,0,0.0,0.0,False,0,False,False,,0.0,0.0,,0.0,False,False
microwave,mw_rain_cell,21,77.0,NONE,,0.0,0.0,0,0.0,0.0,False,0,False,False,,0.0,0.0,,0.0,False,False
microwave,mw_rain_cell,21,78.0,NONE,,0.0,0.0,0,0.0,0.0,False,0,False,False,,0.0,0.0,,0.0,False,False
microwave,mw_rain_cell,21,79.0,NONE,,0.0,0.0,0,0.0,0.0,False,0,False,False,,0.0,0.0,,0.0,False,False
microwave,mw_rain_cell,21,80.0,NONE,,0.0,0.0,0,0.0,0.0,False,0,False,False,,0.0,0.0,,0.0,False,False
microwave,mw_rain_cell,21,81.0,NONE,,0.0,0.0,0,0.0,0.0,False,0,False,False,,0.0,0.0,,0.0,False,False
microwave,mw_rain_cell,21,82.0,NONE,,0.0,0.0,0,0.0,0.0,False,0,False,False,,0.0,0.0,,0.0,False,False
microwave,mw_rain_cell,21,83.0,NONE,,0.0,0.0,0,0.0,0.0,False,0,False,False,,0.0,0.0,,0.0,False,False
microwave,mw_rain_cell,21,84.0,NONE,,0.0,0.0,0,0.0,0.0,False,0,False,False,,0.0,0.0,,0.0,False,False
microwave,mw_rain_cell,21,85.0,NONE,,0.0,0.0,0,0.0,0.0,False,0,False,False,,0.0,0.0,,0.0,False,False
microwave,mw_rain_cell,21,86.0,NONE,,0.0,0.0,0,0.0,0.0,False,0,False,False,,0.0,0.0,,0.0,False,False
microwave,mw_rain_cell,21,87.0,NONE,,0.0,0.0,0,0.0,0.0,False,0,False,False,,0.0,0.0,,0.0,False,False
microwave,mw_rain_cell,21,88.0,NONE,,0.0,0.0,0,0.0,0.0,False,0,False,False,,0.0,0.0,,0.0,False,False
microwave,mw_rain_cell,21,89.0,NONE,,0.0,0.0,0,0.0,0.0,False,0,False,False,,0.0,0.0,,0.0,False,False
microwave,mw_rain_cell,21,90.0,NONE,,0.0,0.0,0,0.0,0.0,False,0,False,False,,0.0,0.0,,0.0,False,False
microwave,mw_rain_cell,21,91.0,NONE,,0.0,0.0,0,0.0,0.0,False,0,False,False,,0.0,0.0,,0.0,False,False
microwave,mw_rain_cell,21,92.0,NONE,,0.0,0.0,0,0.0,0.0,False,0,False,False,,0.0,0.0,,0.0,False,False
microwave,mw_rain_cell,21,93.0,NONE,,0.0,0.0,0,0.0,0.0,False,0,False,False,,0.0,0.0,,0.0,False,False
microwave,mw_rain_cell,21,94.0,NONE,,0.0,0.0,0,0.0,0.0,False,0,False,False,,0.0,0.0,,0.0,False,False
microwave,mw_rain_cell,21,95.0,NONE,,0.0,0.0,0,0.0,0.0,False,0,False,False,,0.0,0.0,,0.0,False,False
microwave,mw_rain_cell,21,96.0,NONE,,0.0,0.0,0,0.0,0.0,False,0,False,False,,0.0,0.0,,0.0,False,False
microwave,mw_rain_cell,21,97.0,NONE,,0.0,0.0,0,0.0,0.0,False,0,False,False,,0.0,0.0,,0.0,False,False
microwave,mw_rain_cell,21,98.0,NONE,,0.0,0.0,0,0.0,0.0,False,0,False,False,,0.0,0.0,,0.0,False,False
microwave,mw_rain_cell,21,99.0,NONE,,0.0,0.0,0,0.0,0.0,False,0,False,False,,0.0,0.0,,0.0,False,False
microwave,mw_rain_cell,21,100.0,NONE,,0.0,0.0,0,0.0,0.0,False,0,False,False,,0.0,0.0,,0.0,False,False
microwave,mw_rain_cell,21,101.0,NONE,,0.0,0.0,0,0.0,0.0,False,0,False,False,,0.0,0.0,,0.0,False,False
microwave,mw_rain_cell,21,102.0,NONE,,0.0,0.0,0,0.0,0.0,False,0,False,False,,0.0,0.0,,0.0,False,False
microwave,mw_rain_cell,21,103.0,NONE,,0.0,0.0,0,0.0,0.0,False,0,False,False,,0.0,0.0,,0.0,False,False
microwave,mw_rain_cell,21,104.0,NONE,,0.0,0.0,0,0.0,0.0,False,0,False,False,,0.0,0.0,,0.0,False,False
microwave,mw_rain_cell,21,105.0,NONE,,0.0,0.0,0,0.0,0.0,False,0,False,False,,0.0,0.0,,0.0,False,False
microwave,mw_rain_cell,21,106.0,NONE,,0.0,0.0,0,0.0,0.0,False,0,False,False,,0.0,0.0,,0.0,False,False
microwave,mw_rain_cell,21,107.0,NONE,,0.0,0.0,0,0.0,0.0,False,0,False,False,,0.0,0.0,,0.0,False,False
microwave,mw_rain_cell,21,108.0,NONE,,0.0,0.0,0,0.0,0.0,False,0,False,False,,0.0,0.0,,0.0,False,False
microwave,mw_rain_cell,21,109.0,NONE,,0.0,0.0,0,0.0,0.0,False,0,False,False,,0.0,0.0,,0.0,False,False
microwave,mw_rain_cell,21,110.0,NONE,,0.0,0.0,0,0.0,0.0,False,0,False,False,,0.0,0.0,,0.0,False,False
microwave,mw_rain_cell,21,111.0,NONE,,0.0,0.0,0,0.0,0.0,False,0,False,False,,0.0,0.0,,0.0,False,False
microwave,mw_rain_cell,21,112.0,NONE,,0.0,0.0,0,0.0,0.0,False,0,False,False,,0.0,0.0,,0.0,False,False
microwave,mw_rain_cell,21,113.0,NONE,,0.0,0.0,0,0.0,0.0,False,0,False,False,,0.0,0.0,,0.0,False,False
microwave,mw_rain_cell,21,114.0,NONE,,0.0,0.0,0,0.0,0.0,False,0,False,False,,0.0,0.0,,0.0,False,False
microwave,mw_rain_cell,21,115.0,NONE,,0.0,0.0,0,0.0,0.0,False,0,False,False,,0.0,0.0,,0.0,False,False
microwave,mw_rain_cell,21,116.0,NONE,,0.0,0.0,0,0.0,0.0,False,0,False,False,,0.0,0.0,,0.0,False,False
microwave,mw_rain_cell,21,117.0,NONE,,0.0,0.0,0,0.0,0.0,False,0,False,False,,0.0,0.0,,0.0,False,False
microwave,mw_rain_cell,21,118.0,NONE,,0.0,0.0,0,0.0,0.0,False,0,False,False,,0.0,0.0,,0.0,False,False
microwave,mw_rain_cell,21,119.0,NONE,,0.0,0.0,0,0.0,0.0,False,0,False,False,,0.0,0.0,,0.0,False,False
microwave,mw_rain_cell,21,120.0,NONE,,0.0,0.0,0,0.0,0.0,False,0,False,False,,0.0,0.0,,0.0,False,False
microwave,mw_rain_cell,21,121.0,NONE,,0.38459470034354837,0.009003158301624126,0,0.2821789886422792,-0.10241571170126917,False,0,False,False,,1.6774079135783682,2.7660821164062197,,0.0,False,False
microwave,mw_rain_cell,21,122.0,NONE,,-0.1763537428646842,0.23235157262333672,0,-0.29661473168796704,-0.12026098882328284,False,0,False,False,,1.6644520780105623,3.6493807734902823,,0.0,False,False
microwave,mw_rain_cell,21,123.0,NONE,,-0.09978780731096748,0.30755350632674094,0,0.35744406024441844,0.4572318675553859,False,0,False,False,,2.5391058384916665,4.509893228723501,,0.0,False,False
microwave,mw_rain_cell,21,124.0,NONE,,0.35454189100794054,0.5424022249738272,0,0.23227393448637912,-0.12226795652156142,False,0,False,False,,2.064238669152177,3.57158687145869,,0.0,False,False
microwave,mw_rain_cell,21,125.0,NONE,,0.6181344658952383,1.0878629817709111,0,0.007524331400816209,-0.6106101344944221,False,0,False,False,,3.1927339956123686,4.279795911326476,,0.0,False,False
microwave,mw_rain_cell,21,126.0,NONE,,0.19704598968667142,0.8974404964805629,0,-0.7351775841653705,-0.9322235738520419,False,0,False,False,,2.670964995553053,4.04765345029986,,0.0,False,False
microwave,mw_rain_cell,21,127.0,NONE,,0.4985579596220546,0.49897827433472486,0,0.11949179948079092,-0.3790661601412637,False,0,False,False,,2.6392086770856036,3.7320151794138314,,0.0,False,False
microwave,mw_rain_cell,21,128.0,NONE,,0.4934614603992671,1.208032585701332,0,-0.2327170284504021,-0.7261784888496692,False,0,False,False,,1.82656463655528,2.5923281503477242,,0.0,False,False
microwave,mw_rain_cell,21,129.0,NONE,,0.21459783070963567,0.07593279478964376,0,0.12658025784960358,-0.08801757286003209,False,0,False,False,,1.3618413984534308,1.9899393265578957,,0.0,False,False
microwave,mw_rain_cell,21,130.0,NONE,,0.031840009493066646,0.43124209018965587,0,0.1086657715366357,0.07682576204356906,False,0,False,False,,1.542234659423864,1.8718177352328391,,0.0,False,False
microwave,mw_rain_cell,21,131.0,NONE,,0.3360868645316444,0.16131341850796588,0,-0.326389587845874,-0.6624764523775184,False,0,False,False,,1.2100156407053413,1.6396780626053213,,0.0,False,False
microwave,mw_rain_cell,21,132.0,NONE,,0.28632667441370785,0.5767098330093887,0,0.49816485728335635,0.2118381828696485,False,0,False,False,,1.094933211771451,1.816466363681194,,0.0,False,False
microwave,mw_rain_cell,21,133.0,NONE,,-0.21558057156143207,0.17760079069950052,0,-0.21344617688891532,0.0021343946725167484,False,0,False,False,,0.6792028355286552,1.0966593520370147,,0.0,False,False
microwave,mw_rain_cell,21,134.0,NONE,,-0.1608109104430966,0.08975707042448988,0,0.16063066427745554,0.3214415747205521,False,0,False,False,,0.5984227586954368,0.8208463016020286,,0.0,False,False
microwave,mw_rain_cell,21,135.0,NONE,,-0.8525729207329675,0.283347256226385,0,-0.02330648003967184,0.8292664406932957,False,0,False,False,,0.6826066024853444,0.5672414942693643,,0.0,False,False
microwave,mw_rain_cell,21,136.0,NONE,,-0.4053504457007904,0.6161304973789399,0,0.04591266641153169,0.45126311211232206,False,0,False,False,,1.5583299354634552,1.503876943371601,,0.0,False,False
microwave,mw_rain_cell,21,137.0,NONE,,0.3700441338184177,0.15596335777661352,0,-0.21688894743965648,-0.5869330812580742,False,0,False,False,,1.4729200677504137,1.8204520107435915,,0.0,False,False
microwave,mw_rain_cell,21,138.0,NONE,,0.09416311982709402,0.33526096879745637,0,0.16993193443627064,0.07576881460917662,False,0,False,False,,1.6790692010441894,1.9876837538730379,,0.0,False,False
microwave,mw_rain_cell,21,139.0,NONE,,0.003860485962569271,0.27260621968908794,0,-0.4346489806472178,-0.43850946660978707,False,0,False,False,,1.7361537161274334,2.3147341390518177,,0.0,False,False
microwave,mw_rain_cell,21,140.0,NONE,,0.08935367949840867,0.3250479073911805,0,-0.18528293406993868,-0.27463661356834734,False,0,False,False,,2.0398555033604175,2.1313630001433648,,0.0,False,False
microwave,mw_rain_cell,21,141.0,NONE,,0.6391893030756961,0.0646404092605195,0,0.5797013540181055,-0.05948794905759058,False,0,False,False,,2.039398433887741,1.9476709741727107,,0.0,False,False
microwave,mw_rain_cell,21,142.0,NONE,,-0.0691026460759474,0.4193316893710559,0,-0.7172607628516658,-0.6481581167757184,False,0,False,False,,1.9322731091967662,1.6997018377644098,,0.0,False,False
microwave,mw_rain_cell,21,143.0,NONE,,-0.08082570885423479,0.5329608718148791,0,-0.2835576026853559,-0.2027318938311211,False,0,False,False,,2.004265624669702,1.7861195682072841,,0.0,False,False
microwave,mw_rain_cell,21,144.0,NONE,,0.8147301674928116,0.10699228296337537,0,0.02478467620071001,-0.7899454912921016,False,0,False,False,,2.1624162040776915,2.6052982691067745,,0.0,False,False
microwave,mw_rain_cell,21,145.0,NONE,,0.07303762063143893,0.46535622519861874,0,-0.015587728271114543,-0.08862534890255347,False,0,False,False,,1.5774026205734641,1.5430251400656387,,0.0,False,False
microwave,mw_rain_cell,21,146.0,NONE,,-0.27784999277108113,0.3868909332794388,0,-0.43918379060886537,-0.16133379783778423,False,0,False,False,,1.9693652844929384,2.3570155917683544,,0.0,False,False
microwave,mw_rain_cell,21,147.0,NONE,,0.36438405629084514,0.6344681125297384,0,-0.4723834368844422,-0.8367674931752873,False,0,False,False,,2.0317059425291824,1.8606424113485764,,0.0,False,False
microwave,mw_rain_cell,21,148.0,NONE,,0.09410939888996239,0.15819782839321306,0,0.2956406783767349,0.20153127948677252,False,0,False,False,,2.2240362142615764,2.064615353166387,,0.0,False,False
microwave,mw_rain_cell,21,149.0,NONE,,0.3303291368438792,1.1570343642864103,0,-0.15357814494226574,-0.48390728178614495,False,0,False,False,,1.1822903341653628,0.9146383195396376,,0.0,False,False
microwave,mw_rain_cell,21,150.0,NONE,,0.3249333116106641,0.3719528482451864,0,-0.46008678490039046,-0.7850200965110545,False,0,False,False,,1.352175215303762,0.9895141196521374,,0.0,False,False
microwave,mw_rain_cell,21,151.0,NONE,,0.28784497653989405,0.8954947409867415,0,-0.16930022180140014,-0.4571451983412942,False,0,False,False,,0.44429459355613,0.748824384005589,,0.0,False,False
microwave,mw_rain_cell,21,152.0,NONE,,-0.04051935319714062,0.2331851586041367,0,0.2799192061662268,0.3204385593633674,False,0,False,False,,0.10281587106402201,0.9978257844236039,,0.0,False,False
microwave,mw_rain_cell,21,153.0,NONE,,0.05734278306189822,0.3137999681439396,0,-0.17336389897830173,-0.23070668204019995,False,0,False,False,,-0.19015399800455085,0.4459537750706705,,0.0,False,False
microwave,mw_rain_cell,21,154.0,NONE,,0.1411756648553606,0.35516512792739263,0,-0.0966833271684564,-0.237858992023817,False,0,False,False,,0.20863054079018037,0.7130221163602805,,0.0,False,False
microwave,mw_rain_cell,21,155.0,NONE,,0.37624339949907437,0.3032059408159071,0,-0.043035224366903435,-0.4192786238659778,False,0,False,False,,0.5154664041030363,0.7132739993496755,,0.0,False,False
microwave,mw_rain_cell,21,156.0,NONE,,0.42435418831171035,0.46374408715293214,0,-0.5370728356927117,-0.961427024004422,False,0,False,False,,0.9848735510163191,1.2467892781756116,,0.0,False,False
microwave,mw_rain_cell,21,157.0,NONE,,-0.227095625029051,0.23829371009058775,0,-0.7790374089058147,-0.5519417838767637,False,0,False,False,,1.2809531179003109,0.7932519526920425,,0.0,False,False
microwave,mw_rain_cell,21,158.0,NONE,,0.2077289340634465,0.3564526554413163,0,-0.36554178371170565,-0.5732707177751521,False,0,False,False,,0.5342414974513207,0.3988244212430586,,0.0,False,False
microwave,mw_rain_cell,21,159.0,NONE,,-0.13578742483724682,0.20817975941835698,0,0.13467146175219114,0.27045888658943795,False,0,True,False,,2.729387745281742,0.5360394929087264,,0.0,False,False
microwave,mw_rain_cell,21,160.0,NONE,,0.15788749321082918,0.18785392784945287,0,-0.6537964938626359,-0.8116839870734651,False,0,True,False,,4.648172206530313,0.7871646374610188,,0.0,False,False
microwave,mw_rain_cell,21,161.0,NONE,,-0.16700855733048314,0.2754062598285003,0,-0.08896902543921925,0.07803953189126389,False,0,True,False,,5.155774016988852,0.4338569026248491,,0.0,False,False
microwave,mw_rain_cell,21,162.0,NONE,,0.019958227266918982,0.0989052662637917,0,0.08575490003814679,0.0657966727712278,False,0,True,False,,6.205641667759547,0.6101191526293874,,0.0,False,False
microwave,mw_rain_cell,21,163.0,NONE,,-0.41734750245742447,0.12386139614746128,0,-0.4346782724755798,-0.017330770018155306,False,0,True,False,,6.848988359957206,1.0227981685481247,,0.0,False,False
microwave,mw_rain_cell,21,164.0,NONE,,-0.40308497485953865,0.33652632146036154,0,-0.0992823791563282,0.30380259570321044,False,0,True,False,,7.3017127962222315,0.9533863778007854,,0.0,False,False
microwave,mw_rain_cell,21,165.0,NONE,,-0.4862929187129339,0.34794254891911436,0,0.027759971222771185,0.5140528899357051,False,0,True,False,,7.999175095473797,0.3982983019869355,,0.0,False,False
microwave,mw_rain_cell,21,166.0,NONE,,-0.4482082068212492,0.2509892052519618,0,0.4678277011928813,0.9160359080141305,False,0,True,False,,8.707909712168798,0.43976275406010146,,0.0,False,False
microwave,mw_rain_cell,21,167.0,NONE,,-0.03407708659475617,0.5255272154898805,0,0.18607446330105404,0.2201515498958102,False,0,True,False,,10.228944187741652,1.157703951549033,,0.0,False,False
microwave,mw_rain_cell,21,168.0,NONE,,-0.1615336797017406,0.16973191605548266,0,0.34077641875030906,0.5023100984520497,False,0,True,False,,10.971297312017503,0.44591380898419963,,0.0,False,False
microwave,mw_rain_cell,21,169.0,NONE,,-0.3564235581523931,0.43266877664355974,0,-0.6552840065531598,-0.29886044840076664,False,0,True,False,,11.761564660158806,0.18673276450682508,,0.0,False,False
microwave,mw_rain_cell,21,170.0,NONE,,0.3079514497414806,0.8875063044126392,0,-0.41682319818336566,-0.7247746479248462,False,0,True,False,,11.943970260903768,0.44287095875722216,,0.0,False,False
microwave,mw_rain_cell,21,171.0,NONE,,0.18561741814730226,0.7034200981522645,0,-0.33227738288427133,-0.5178948010315736,False,0,True,False,,12.57463318995794,0.2998389325331061,,0.0,False,False
microwave,mw_rain_cell,21,172.0,NONE,,0.6144201233394,1.3502453678014277,0,-0.022693268290630897,-0.6371133916300309,False,0,True,False,,14.09534208461982,1.0176542306455776,,0.0,False,False
microwave,mw_rain_cell,21,173.0,NONE,,0.12171931771078448,0.8235152715241583,0,0.15588153816894845,0.03416222045816397,False,0,True,False,,13.605233691867314,0.05747304814244991,,0.0,False,False
microwave,mw_rain_cell,21,174.0,NONE,,0.5885743699510471,0.7428369443005138,0,0.2622060558736976,-0.32636831407734945,False,0,True,False,,15.0,0.6976528247131402,,0.0,False,False
microwave,mw_rain_cell,21,175.0,NONE,,2.012732826889895,1.6739008602654053,0,1.0122792680506691,-1.0004535588392258,True,1,True,False,,15.0,0.0,,0.0,False,False
microwave,mw_rain_cell,21,176.0,NONE,,1.709814828112954,0.5025833385556808,0,2.1443257081046596,0.4345108799917057,True,2,True,False,,15.0,0.0,,0.0,False,False
microwave,mw_rain_cell,21,177.0,WAIT,RAIN_FADE,2.3399453829260253,0.38946595344593504,0,2.123796048718013,-0.21614933420801208,True,3,True,False,,15.0,0.0,,0.0,False,False
microwave,mw_rain_cell,21,178.0,WAIT,RAIN_FADE,3.8639411882932606,0.9763750876609834,0,3.3637188469840993,-0.5002223413091613,True,4,True,False,,15.0,0.0,,0.0,False,False
microwave,mw_rain_cell,21,179.0,WAIT,RAIN_FADE,3.626792383440062,0.07228923734086123,0,3.302022321597647,-0.32477006184241475,True,5,True,False,,15.0,0.0,,0.0,False,False
microwave,mw_rain_cell,21,180.0,WAIT,RAIN_FADE,4.5081205551222965,1.2459865769641283,0,3.9065191632621605,-0.601601391860136,True,6,True,False,,15.0,0.0,,0.0,False,False
microwave,mw_rain_cell,21,181.0,WAIT,RAIN_FADE,3.5674737599987765,0.7347057937900985,0,4.798523463112261,1.2310497031134844,True,7,True,False,,15.0,0.0,,0.0,False,False
microwave,mw_rain_cell,21,182.0,WAIT,RAIN_FADE,4.606684536761591,1.4551419527153726,0,4.999515055097724,0.39283051833613314,True,8,True,False,,15.0,0.0,,0.0,False,False
microwave,mw_rain_cell,21,183.0,WAIT,RAIN_FADE,5.755512196819147,2.334492913154513,0,5.13283631820287,-0.6226758786162776,True,9,True,False,,15.0,0.0,,0.0,False,False
microwave,mw_rain_cell,21,184.0,WAIT,RAIN_FADE,6.1796669316934825,3.0341619870353185,1,5.474128794081544,-0.7055381376119385,True,10,True,False,,15.0,0.0,,0.0,False,False
microwave,mw_rain_cell,21,185.0,WAIT,RAIN_FADE,6.206285341141246,2.2709965431737587,0,5.706228323893619,-0.5000570172476273,True,11,True,False,,15.0,0.0,,0.0,False,False
microwave,mw_rain_cell,21,186.0,WAIT,RAIN_FADE,6.04545759091841,2.4785401055077614,0,5.066153120954887,-0.9793044699635232,True,12,True,False,,15.0,0.0,,0.0,False,False
microwave,mw_rain_cell,21,187.0,WAIT,RAIN_FADE,6.898340482922812,2.138417113668851,0,5.8801285892688355,-1.0182118936539766,True,13,True,False,,15.0,0.0,,0.0,False,False
microwave,mw_rain_cell,21,188.0,WAIT,RAIN_FADE,6.2647809125505205,1.4750337446711725,0,6.598984452639254,0.3342035400887333,True,14,True,False,,15.0,0.0,,0.0,False,False
microwave,mw_rain_cell,21,189.0,WAIT,RAIN_FADE,6.114843163495912,1.7592114605051492,0,5.37152114657588,-0.7433220169200325,True,15,True,False,,15.0,0.0,,0.0,False,False
microwave,mw_rain_cell,21,190.0,WAIT,RAIN_FADE,5.525657268862751,2.5745816477330052,0,5.217313962725143,-0.3083433061376084,True,16,True,False,,15.0,0.0,,0.0,False,False
microwave,mw_rain_cell,21,191.0,WAIT,RAIN_FADE,6.2957441675135115,2.7257714085137934,0,6.218636522897388,-0.07710764461612385,True,17,True,False,,15.0,0.0,,0.0,False,False
microwave,mw_rain_cell,21,192.0,WAIT,RAIN_FADE,5.577959439464379,2.5470341809566577,0,5.945157577450306,0.3671981379859268,True,18,True,False,,15.0,0.0,,0.0,False,False
microwave,mw_rain_cell,21,193.0,WAIT,RAIN_FADE,6.17583973674693,3.0877129488041533,1,4.554282955788224,-1.6215567809587057,True,19,True,False,,15.0,0.0,,0.0,False,False
microwave,mw_rain_cell,21,194.0,WAIT,RAIN_FADE,5.1993654160104015,3.015521238139158,2,4.753660897478298,-0.4457045185321036,True,20,True,False,,15.0,0.0,,0.0,False,False
microwave,mw_rain_cell,21,195.0,WAIT,RAIN_FADE,4.439541634801813,3.406471040737415,3,3.9437364803116353,-0.4958051544901778,True,21,True,False,,15.0,0.0,,0.0,False,False
microwave,mw_rain_cell,21,196.0,WAIT,RAIN_FADE,4.2410815457759625,3.3321449610060156,4,4.3546727638504805,0.113591218074518,True,22,True,False,,15.0,0.0,,0.0,False,False
microwave,mw_rain_cell,21,197.0,ESCALATE,HARDWARE_DIRECTIONAL,4.179943526894064,3.7457129223728103,5,4.203920924536824,0.023977397642759968,True,23,True,False,,15.0,0.0,,0.0,False,False
microwave,mw_rain_cell,21,198.0,ESCALATE,HARDWARE_DIRECTIONAL,3.2326494383821256,3.261098385261853,6,2.8816392822155024,-0.35101015616662323,True,24,True,False,,15.0,0.6186749386264712,,0.0,False,False
microwave,mw_rain_cell,21,199.0,WAIT,RAIN_FADE,2.6996354571128904,1.706171488905241,0,1.9225774182702082,-0.7770580388426822,True,25,True,False,,15.0,1.7523671806332786,,0.0,False,False
microwave,mw_rain_cell,21,200.0,WAIT,RAIN_FADE,2.4263912119844377,2.458150588032268,0,2.4191273764903656,-0.007263835494072168,True,26,True,False,,15.0,3.0154100202125758,,0.0,False,False
microwave,mw_rain_cell,21,201.0,WAIT,RAIN_FADE,1.5715702688554245,2.1428983899164464,0,-0.10489654420062067,-1.6764668130560452,True,27,True,False,,15.0,3.5843743676302093,,0.0,False,False
microwave,mw_rain_cell,21,202.0,NONE,,-0.21328819558730316,0.3225167641662665,0,-0.6829685555114011,-0.46968035992409796,False,0,True,False,,14.831606663087744,4.413256179241426,,0.0,False,False
microwave,mw_rain_cell,21,203.0,NONE,,-0.213206044444874,0.41638563858728617,0,-0.00971490914710671,0.2034911352977673,False,0,True,False,,13.586355120260176,4.7319423492935275,,0.0,False,False
microwave,mw_rain_cell,21,204.0,NONE,,0.4257428097368674,0.5540852382912576,0,-0.2532705641552653,-0.6790133738921327,False,0,True,False,,11.87610104307488,3.7870135053726486,,0.0,False,False
microwave,mw_rain_cell,21,205.0,NONE,,0.8802138130041257,0.46832189342298136,0,0.34844729361595483,-0.5317665193881709,False,0,True,False,,10.602574415964789,3.4799866528930528,,0.0,False,False
microwave,mw_rain_cell,21,206.0,NONE,,0.4135986123259201,0.5058799133931942,0,-0.44195032202686235,-0.8555489343527825,False,0,True,False,,9.284603294513245,3.090958519168306,,0.0,False,False
microwave,mw_rain_cell,21,207.0,NONE,,-0.14951161190748508,0.5448321698954359,0,0.6941549902104853,0.8436666021179704,False,0,True,False,,7.902078858903668,2.626350822455848,,0.0,False,False
microwave,mw_rain_cell,21,208.0,NONE,,-0.3707107041491966,0.5357648167174247,0,-0.7314653724222566,-0.36075466827306,False,0,True,False,,4.926140493085282,2.711344113819957,,0.0,False,False
microwave,mw_rain_cell,21,209.0,NONE,,0.16502100557657684,0.5455731787703968,0,0.33042718879706,0.16540618322048317,False,0,True,False,,3.0819945334396706,2.0851796939569565,,0.0,False,False
microwave,mw_rain_cell,21,210.0,NONE,,-0.18492021719401208,0.11855086978345497,0,0.2652796442755303,0.4501998614695424,False,0,False,True,1.0,-0.7904642287857475,1.4491447867806866,,0.0,False,False
microwave,mw_rain_cell,21,211.0,NONE,,0.6038449512930626,0.4516353455426554,0,0.05642281336690047,-0.5474221379261621,False,0,False,True,2.0,-0.6235949050349007,1.0990076447781179,,0.0,False,False
microwave,mw_rain_cell,21,212.0,NONE,,0.025807303018090977,0.827536254739222,0,-0.3859694763755499,-0.4117767793936409,False,0,False,True,3.0,-0.4133558278411904,0.952577009961689,,0.0,False,False
microwave,mw_rain_cell,21,213.0,NONE,,-0.3901874950441595,0.048826938442587675,0,-0.18254933432021403,0.20763816072394548,False,0,False,True,4.0,-1.2614623564700083,0.42899350867259534,,0.0,False,False
microwave,mw_rain_cell,21,214.0,NONE,,0.3467141012431796,0.8756218207408466,0,-0.1401490334402311,-0.4868631346834107,False,0,False,True,5.0,-1.4793800951475566,0.6259172244435758,,0.0,False,False
microwave,mw_rain_cell,21,215.0,NONE,,0.9913391408528369,0.9017989841380611,0,0.46058116505782465,-0.5307579757950123,False,0,False,True,6.0,-1.4755069362497313,0.33892887521197745,,0.0,False,False
microwave,mw_rain_cell,21,216.0,NONE,,-0.10894800521860759,0.0045773786596470245,0,0.0358497284751067,0.1447977336937143,False,0,False,True,7.0,-1.6069899755560253,0.4484366651097216,,0.0,False,False
microwave,mw_rain_cell,21,217.0,NONE,,0.10488222033068695,0.6156330396921916,0,-0.9125365200648758,-1.0174187403955628,False,0,False,True,8.0,-2.2339027053697063,0.6933180613083527,,0.0,False,False
microwave,mw_rain_cell,21,218.0,NONE,,0.38479304937499137,0.07812715701243889,0,0.4053912433914064,0.02059819401641505,False,0,False,True,9.0,-1.9551498726434315,0.5290786247788561,,0.0,False,False
microwave,mw_rain_cell,21,219.0,NONE,,-0.3060127360276397,0.24547329436399679,0,0.01653716934152527,0.32254990536916495,False,0,False,True,10.0,-2.011711220916155,0.034956335552583706,,0.0,False,False
microwave,mw_rain_cell,21,220.0,NONE,,-0.17852388720517354,0.4048353892970127,0,-0.5860436461735503,-0.4075197589683768,False,0,False,True,11.0,-1.6982203386598411,0.47399452254310903,,0.0,False,False
microwave,mw_rain_cell,21,221.0,NONE,,0.43694380855096426,0.42015256565660053,0,-0.3283836936644491,-0.7653275022154133,False,0,False,True,12.0,-1.795420708596498,0.49007854418137153,,0.0,False,False
microwave,mw_rain_cell,21,222.0,NONE,,0.3474923942763226,0.676131595290336,0,-0.41739469059019285,-0.7648870848665155,False,0,False,True,13.0,-1.4649880693968271,1.281665164980461,,0.0,False,False
microwave,mw_rain_cell,21,223.0,NONE,,0.35569087889511763,0.573052702153106,0,0.29757674854294436,-0.05811413035217328,False,0,False,True,14.0,-1.6222749587181102,1.2337739519710063,,0.0,False,False
microwave,mw_rain_cell,21,224.0,NONE,,0.29555739647329915,0.6877645532093055,0,-0.22114298508208208,-0.5167003815553812,False,0,False,True,15.0,-1.7338275111198396,0.5828893630555085,,0.0,False,False
microwave,mw_rain_cell,21,225.0,NONE,,0.15204722859013486,0.6633701505147442,0,0.46268929844346474,0.31064206985332987,False,0,False,True,16.0,-1.5387679287409939,0.11257608320449086,,0.0,False,False
microwave,mw_rain_cell,21,226.0,NONE,,0.36071711136719387,0.8837249960389713,0,-0.413274345521053,-0.7739914568882469,False,0,False,True,17.0,-0.8709561420390588,0.5606082977575955,,0.0,False,False
microwave,mw_rain_cell,21,227.0,NONE,,0.4901477254728235,0.23149988166667157,0,-0.13376341436349293,-0.6239111398363164,False,0,False,True,18.0,-0.6817016006029012,0.7426745310160908,,0.0,False,False
microwave,mw_rain_cell,21,228.0,NONE,,0.3121660949380285,0.2903314648935904,0,0.15360113074271453,-0.15856496419531396,False,0,False,True,19.0,-0.2800579085738937,0.27027997884929,,0.0,False,False
microwave,mw_rain_cell,21,229.0,NONE,,0.32338144098459054,0.6128490700837759,0,-0.13011653411228963,-0.45349797509688017,False,0,False,True,20.0,0.2524596771019894,0.6281645841830058,,0.0,False,False
microwave,mw_rain_cell,21,230.0,NONE,,0.6040822112564825,0.06629734798040232,0,-0.35282613026927834,-0.9569083415257609,False,0,False,True,21.0,0.3404200337335346,0.36393559949951926,,0.0,False,False
microwave,mw_rain_cell,21,231.0,NONE,,0.08276681350638171,0.5345272635782479,0,0.31467025613773103,0.23190344263134932,False,0,False,True,22.0,-0.2084037906926399,0.032428872146324755,,0.0,False,False
microwave,mw_rain_cell,21,232.0,NONE,,0.2901698170817184,0.9228728062627667,0,-0.025219507585539702,-0.3153893246672581,False,0,False,True,23.0,-0.25831664081332467,0.13847265740372044,,0.0,False,False
microwave,mw_rain_cell,21,233.0,NONE,,0.15174808659244832,0.2946404412867025,0,-0.30108830554365085,-0.45283639213609916,False,0,False,True,24.0,-0.10142066696593563,0.15321790299964763,,0.0,False,False
microwave,mw_rain_cell,21,234.0,NONE,,0.16724214857902098,0.14332536288454634,0,-0.7249736926469339,-0.8922158412259549,False,0,False,True,25.0,0.2998983900031721,0.8526793194756727,,0.0,False,False
microwave,mw_rain_cell,21,235.0,NONE,,1.0567836354394373,0.9010697732295228,0,0.000964101354789193,-1.0558195340846481,False,0,False,False,26.0,0.8419365537686989,0.9606711598876714,,0.0,False,False
microwave,mw_rain_cell,21,236.0,NONE,,0.10303381765179864,0.43909806943320717,0,0.44105019272586077,0.3380163750740621,False,0,False,False,27.0,1.382259726747133,1.3407512747764356,,0.0,False,False
microwave,mw_rain_cell,21,237.0,NONE,,0.6289320374803751,0.4000833025579098,0,-0.5179005653765856,-1.1468326028569606,False,0,False,False,28.0,1.14845984861774,0.6453834437796189,,0.0,False,False
microwave,mw_rain_cell,21,238.0,NONE,,0.36067237267503316,0.25501336787084483,0,-0.1991471124136126,-0.5598194850886458,False,0,False,False,29.0,0.8796045657768563,1.2225392355471094,,0.0,False,False
microwave,mw_rain_cell,21,239.0,NONE,,0.32890326407970605,0.27745408335174204,0,0.16241560496001028,-0.16648765911969576,False,0,False,False,30.0,1.1530881140577602,1.3246625569216297,,0.0,False,False
microwave,mw_rain_cell,21,240.0,NONE,,0.4274638807622537,0.7032359439528619,0,-0.36321473892728307,-0.7906786196895368,False,0,False,False,31.0,1.390569041973848,0.770703467824042,,0.0,False,False
microwave,mw_rain_cell,21,241.0,NONE,,1.0525035235165774,0.7732426898798295,0,-0.447793026759129,-1.5002965502757064,False,0,False,False,32.0,1.4577465976541024,0.5786757531334625,,0.0,False,False
microwave,mw_rain_cell,21,242.0,NONE,,0.5790060201901426,0.10468540932390624,0,-0.06668948382748852,-0.6456955040176311,False,0,False,False,33.0,1.380379214801019,0.19294717087388524,,0.0,False,False
microwave,mw_rain_cell,21,243.0,NONE,,0.30721709039066525,0.24907493318367813,0,0.04445276423874844,-0.2627643261519168,False,0,False,False,34.0,1.6176438689792216,0.5553964670633615,,0.0,False,False
microwave,mw_rain_cell,21,244.0,NONE,,0.6277920907497005,0.2509790878094478,0,-0.40776075928149424,-1.0355528500311948,False,0,False,False,35.0,1.488255630292885,0.8613853886934817,,0.0,False,False
microwave,mw_rain_cell,21,245.0,NONE,,0.5327010239687695,0.7328821425969281,0,0.2140378435479917,-0.3186631804207778,False,0,False,False,36.0,1.382421279488401,0.646892321696602,,0.0,False,False
microwave,mw_rain_cell,21,246.0,NONE,,0.397305428176395,0.23365296962768412,0,0.07370049857838268,-0.32360492959801235,False,0,False,False,37.0,1.0482322972788634,0.24089737092447494,,0.0,False,False
microwave,mw_rain_cell,21,247.0,NONE,,-0.2038148289588122,0.28967137024483236,0,-0.5466440866736306,-0.3428292577148184,False,0,False,False,38.0,1.096309526875068,0.2545190580977621,,0.0,False,False
microwave,mw_rain_cell,21,248.0,NONE,,0.11205282216197787,0.013135816973232295,0,0.04712008109638077,-0.0649327410655971,False,0,False,False,39.0,1.0940836335715958,0.42943670269236145,,0.0,False,False
microwave,mw_rain_cell,21,249.0,NONE,,0.20147257146584963,0.07019107958158344,0,0.11333226140198605,-0.08814031006386358,False,0,False,False,40.0,0.5850618242286565,0.06383484730883959,,0.0,False,False
microwave,mw_rain_cell,21,250.0,NONE,,0.05573702881245168,0.7126629000431208,0,-0.6145765423268656,-0.6703135711393173,False,0,False,False,41.0,0.8088053141951502,0.8629175373692961,,0.0,False,False
microwave,mw_rain_cell,21,251.0,NONE,,-0.2541458383070392,0.4815795121695743,0,-0.02202790991493231,0.23211792839210688,False,0,False,False,42.0,0.9787488355030356,1.6258649259901339,,0.0,False,False
microwave,mw_rain_cell,21,252.0,NONE,,0.21842933687931065,0.14503446052234636,0,-0.13773439777919094,-0.3561637346585016,False,0,False,False,43.0,1.0373366642927018,1.7674738370182423,,0.0,False,False
microwave,mw_rain_cell,21,253.0,NONE,,0.33018196440344383,0.1782948495926604,0,-0.805404470730231,-1.1355864351336749,False,0,False,False,44.0,0.4813604673543336,0.9177042792743193,,0.0,False,False
microwave,mw_rain_cell,21,254.0,NONE,,0.055542020145146864,0.002763607974308968,0,0.2463571563518414,0.19081513620669455,False,0,False,False,45.0,0.4585703059045215,0.5519361468542744,,0.0,False,False
microwave,mw_rain_cell,21,255.0,NONE,,0.3308341880410808,0.08196149738492409,0,-0.13672681448184676,-0.46756100252292754,False,0,False,False,46.0,0.15670899049503784,0.3766498226444763,,0.0,False,False
microwave,mw_rain_cell,21,256.0,NONE,,0.8898777684661923,0.5374890526216234,0,-0.6438782260332445,-1.5337559944994368,False,0,False,False,47.0,0.5044844519596605,0.3026375143939216,,0.0,False,False
microwave,mw_rain_cell,21,257.0,NONE,,0.8937339353591724,0.9017456213573993,0,-0.5284204813810618,-1.4221544167402342,False,0,False,False,48.0,0.9213508527713362,0.6057604520135202,,0.0,False,False
microwave,mw_rain_cell,21,258.0,NONE,,0.7322211730500356,0.824067957784024,0,-0.07270018769997222,-0.8049213607500079,False,0,False,False,49.0,1.4699455972060123,1.5240327513316383,,0.0,False,False
microwave,mw_rain_cell,21,259.0,NONE,,0.5794445981026044,0.3379176878184822,0,0.0899871211227321,-0.4894574769798723,False,0,False,False,50.0,0.9963349249705961,1.6747785161409698,,0.0,False,False
microwave,mw_rain_cell,21,260.0,NONE,,0.6469039279705839,1.5307692545024736,0,0.0383292743175474,-0.6085746536530365,False,0,False,False,51.0,1.4481883404847897,1.8680548003695958,,0.0,False,False
microwave,mw_rain_cell,21,261.0,NONE,,0.4435799999011323,0.7376786035988303,0,-0.09279005656333794,-0.5363700564644702,False,0,False,False,52.0,1.6398989060244666,2.6911121478507676,,0.0,False,False
microwave,mw_rain_cell,21,262.0,NONE,,1.0141850542702002,1.3386725198300553,0,-0.33085432573240325,-1.3450393800026035,False,0,False,False,53.0,1.3095598922733764,2.7298706455789556,,0.0,False,False
microwave,mw_rain_cell,21,263.0,NONE,,0.0799472263088461,0.3756531132923868,0,-0.5583133137070959,-0.638260540015942,False,0,False,False,54.0,1.065609224509657,2.7370139941278127,,0.0,False,False
microwave,mw_rain_cell,21,264.0,NONE,,-0.03777300758606117,0.12114394023681285,0,-0.030382932647540883,0.007390074938520286,False,0,False,False,55.0,1.0561399749135418,1.5976561627050911,,0.0,False,False
microwave,mw_rain_cell,21,265.0,NONE,,0.4282691655274036,0.2239752177612715,0,0.4398914791403925,0.011622313612988933,False,0,False,False,56.0,0.07669006626686559,0.3564465843997438,,0.0,False,False
microwave,mw_rain_cell,21,266.0,NONE,,0.22429444900922846,0.26888296678751544,0,0.12451083243986716,-0.0997836165693613,False,0,False,False,57.0,0.4330047854432638,0.2629823425351237,,0.0,False,False
microwave,mw_rain_cell,21,267.0,NONE,,0.6645016624060389,0.7325809533142618,0,-0.4109213021894007,-1.0754229645954396,False,0,False,False,58.0,0.4560208035705409,0.4366122905309069,,0.0,False,False
microwave,mw_rain_cell,21,268.0,NONE,,1.1496519593222203,0.964691070550316,0,-0.34736698912550423,-1.4970189484477245,True,1,False,False,59.0,0.4639870898683129,0.33527704094165717,,0.0,False,False
microwave,mw_rain_cell,21,269.0,NONE,,-0.6283692391819855,0.20975653590248555,0,-0.4777457244567316,0.15062351472525393,False,0,False,False,60.0,0.5693699007988198,0.13437182381658408,,0.0,False,False
microwave,mw_rain_cell,21,270.0,NONE,,0.9847577490654587,1.2727331475601389,0,0.3671842725598111,-0.6175734765056475,False,0,False,False,61.0,0.4327500465138202,0.015139712232379421,,0.0,False,False
microwave,mw_rain_cell,21,271.0,NONE,,0.174493703680632,0.4338207398199785,0,0.6126641387443641,0.4381704350637321,False,0,False,False,62.0,0.838038905277217,0.445261851227444,,0.0,False,False
microwave,mw_rain_cell,21,272.0,NONE,,0.4246811505348589,0.3350254456351607,0,-0.42596550730968374,-0.8506466578445426,False,0,False,False,63.0,1.4718771007689035,0.5335278045620242,,0.0,False,False
microwave,mw_rain_cell,21,273.0,NONE,,0.22293912867529286,0.35882650938814464,0,0.17933170706855606,-0.04360742160673681,False,0,False,False,64.0,1.635268083251659,1.0594452673790136,,0.0,False,False
microwave,mw_rain_cell,21,274.0,NONE,,0.5062443736956581,0.36510220815633687,0,0.6420709743765514,0.13582660068089325,False,0,False,False,65.0,0.7117558428455377,0.40388413023990694,,0.0,False,False
microwave,mw_rain_cell,21,275.0,NONE,,-0.5182620731217611,0.5199968915759854,0,-0.5428677034944442,-0.02460563037268315,False,0,False,False,66.0,0.5331776760109492,0.23165002911498334,,0.0,False,False
microwave,mw_rain_cell,21,276.0,NONE,,0.5622444098992787,0.14040312718922365,0,0.25263973338469015,-0.30960467651458856,False,0,False,False,67.0,1.3122055399307664,1.50822697495272,,0.0,False,False
microwave,mw_rain_cell,21,277.0,NONE,,0.6870402038795476,0.32104535509508736,0,-0.08271189383162181,-0.7697520977111694,False,0,False,False,68.0,1.652440558870005,2.0518372041908335,,0.0,False,False
microwave,mw_rain_cell,21,278.0,NONE,,-0.4117445694383335,0.04955802122455566,0,-0.07502225691592201,0.33672231252241147,False,0,False,False,69.0,1.684156529606314,2.557983947906053,,0.0,False,False
microwave,mw_rain_cell,21,279.0,NONE,,0.5702951606451307,0.19888201343957235,0,0.23063190118256216,-0.3396632594625686,False,0,False,False,70.0,1.0673242373912588,1.7983965222202112,,0.0,False,False
microwave,mw_rain_cell,21,280.0,NONE,,0.2845046921274843,0.4492873796395287,0,-0.1019844705679489,-0.3864891626954332,False,0,False,False,71.0,1.1956048503215568,1.8251559549791814,,0.0,False,False
microwave,mw_rain_cell,21,281.0,NONE,,0.02075155594368283,0.023579002610802036,0,-0.4590943672201391,-0.4798459231638219,False,0,False,False,72.0,0.7356121460797992,1.3453220783474564,,0.0,False,False
microwave,mw_rain_cell,21,282.0,NONE,,0.05521885038208296,0.679770790765204,0,-0.29130290754942934,-0.3465217579315123,False,0,False,False,73.0,1.4615740911377015,1.8089054079457956,,0.0,False,False
microwave,mw_rain_cell,21,283.0,NONE,,0.47617906705233537,0.3487053720796922,0,0.5917152082527934,0.11553614120045808,False,0,False,False,74.0,1.5717551294934715,2.1708010026880267,,0.0,False,False
microwave,mw_rain_cell,21,284.0,NONE,,0.12031432995745206,0.13466439711092448,0,0.11681356148465483,-0.0035007684727972332,False,0,False,False,75.0,1.19150038853744,1.4446727531357828,,0.0,False,False
microwave,mw_rain_cell,21,285.0,NONE,,0.890965027869548,0.9034592192450646,0,0.7017377616248126,-0.1892272662447354,False,0,False,False,76.0,1.2402448051984183,1.4737596857040216,,0.0,False,False
microwave,mw_rain_cell,21,286.0,NONE,,0.6492508569925164,1.5237284826029196,0,-0.7220761139428049,-1.3713269709353213,False,0,False,False,77.0,1.1449550287518235,1.1037912237566656,,0.0,False,False
microwave,mw_rain_cell,21,287.0,NONE,,0.44059798893312063,0.5959637434552363,0,0.1120957333262993,-0.32850225560682134,False,0,False,False,78.0,1.246570993284015,0.278444560451087,,0.0,False,False
microwave,mw_rain_cell,21,288.0,NONE,,-0.11835827102152763,0.0005446560661752642,0,-0.3495477385653629,-0.2311894675438353,False,0,False,False,79.0,1.0315354528230904,0.7818746790781161,,0.0,False,False
microwave,mw_rain_cell,21,289.0,NONE,,0.33821993393713257,0.6380275390008165,0,-0.07157093943550308,-0.40979087337263564,False,0,False,False,80.0,1.1724213376470471,0.527770438531804,,0.0,False,False
microwave,mw_rain_cell,21,290.0,NONE,,0.7457158879964396,0.3655495861674112,0,-0.14446502901971314,-0.8901809170161528,False,0,False,False,81.0,1.9247454797135675,1.074684189818072,,0.0,False,False
microwave,mw_rain_cell,21,291.0,NONE,,0.6277965558191809,1.0777931835081986,0,0.0013299312862358192,-0.6264666245329451,False,0,False,False,82.0,1.436340797254149,0.22682720784595567,,0.0,False,False
microwave,mw_rain_cell,21,292.0,NONE,,0.3754452321385173,0.18063848802790972,0,0.8307586459338907,0.4553134137953734,False,0,False,False,83.0,1.7183570409733413,0.8040637172676423,,0.0,False,False
microwave,mw_rain_cell,21,293.0,NONE,,0.8148817710303575,1.047868827227191,0,0.2963048951423062,-0.5185768758880513,False,0,False,False,84.0,1.153422522490102,0.6622676079256669,,0.0,False,False
microwave,mw_rain_cell,21,294.0,NONE,,-0.15273350984691803,0.06489946797890411,0,-0.26162194965792196,-0.10888843981100393,False,0,False,False,85.0,1.4539148976704297,1.2963319736546017,,0.0,False,False
microwave,mw_rain_cell,21,295.0,NONE,,0.4686047192473808,0.1582892788637409,0,0.0506092977123771,-0.4179954215350037,False,0,False,False,86.0,0.8995618258226254,0.47214928423380165,,0.0,False,False
microwave,mw_rain_cell,21,296.0,NONE,,-0.11565439166220415,0.8107826134191427,0,-0.20747120988398393,-0.09181681822177978,False,0,False,False,87.0,1.4880191504810898,1.2029397557338142,,0.0,False,False
microwave,mw_rain_cell,21,297.0,NONE,,0.1559818910301729,0.057241510063356316,0,0.013192364907858689,-0.14278952612231421,False,0,False,False,88.0,1.1203665057598693,0.5312324242459832,,0.0,False,False
microwave,mw_rain_cell,21,298.0,NONE,,0.21294629105487672,0.257951984521263,0,0.003203687805708455,-0.20974260324916827,False,0,False,False,89.0,0.8534626591474894,0.21460396073054822,,0.0,False,False
microwave,mw_rain_cell,21,299.0,NONE,,-0.0594383587106222,0.18867632169389736,0,-0.39622910955301194,-0.33679075084238974,False,0,False,False,90.0,1.0293846544665257,0.10110684315638929,,0.0,False,False
microwave,mw_rain_cell,21,300.0,NONE,,0.036960687774488576,0.08174487466642688,0,-0.03945009405657629,-0.07641078183106487,False,0,False,False,91.0,0.7429110801604584,0.2035930053318964,,0.0,False,False
microwave,mw_rain_cell,21,301.0,NONE,,0.07228118728991717,1.288353319053094,0,-0.46643665999521744,-0.5387178472851346,False,0,False,False,92.0,0.5507011728977467,0.10465049257784931,,0.0,False,False
microwave,mw_rain_cell,21,302.0,NONE,,-0.4079308925586389,0.16164844783458676,0,0.30283921329726127,0.7107701058559002,False,0,False,False,93.0,0.3327951941320981,0.14324187529399562,,0.0,False,False
microwave,mw_rain_cell,21,303.0,NONE,,-0.35627933912854814,0.3747202569216057,0,-0.058569184885406855,0.2977101542431413,False,0,False,False,94.0,0.2780379466565307,0.3201206476814653,,0.0,False,False
microwave,mw_rain_cell,21,304.0,NONE,,-0.11864310230409103,0.33234890246746573,0,-0.24002712125282955,-0.12138401894873851,False,0,False,False,95.0,0.4750320850894597,0.08203867436394252,,0.0,False,False
microwave,mw_rain_cell,21,305.0,NONE,,-0.5512745114754267,0.10263843945508455,0,0.44516646575992525,0.996440977235352,False,0,False,False,96.0,-0.14085759877885828,0.10322969135980498,,0.0,False,False
microwave,mw_rain_cell,21,306.0,NONE,,-0.06715401144904831,0.4749661954992206,0,0.17469418513493196,0.24184819658398027,False,0,False,False,97.0,0.18703376073300287,0.22126022582786237,,0.0,False,False
microwave,mw_rain_cell,21,307.0,NONE,,0.12644463215757185,0.9667302211558848,0,-0.232789413052231,-0.35923404520980284,False,0,False,False,98.0,0.0149296802183084,0.5976870063622118,,0.0,False,False
microwave,mw_rain_cell,21,308.0,NONE,,0.7158004830849976,0.5014145441543931,0,0.21434875224692007,-0.5014517308380775,False,0,False,False,99.0,0.3307875476514912,0.23647904531241953,,0.0,False,False
microwave,mw_rain_cell,21,309.0,NONE,,0.5567596521081768,0.49176551326808493,0,-0.49701073424675,-1.0537703863549268,False,0,False,False,100.0,0.034319921638670724,0.1179576871458248,,0.0,False,False
microwave,mw_rain_cell,21,310.0,NONE,,0.09099399878576264,0.043589859859153535,0,0.0687730289514974,-0.022220969834265247,False,0,False,False,101.0,-0.07426898851224861,0.48313714721163814,,0.0,False,False
microwave,mw_rain_cell,21,311.0,NONE,,0.559105443676458,0.3229860207653843,0,0.17731492098457835,-0.38179052269187963,False,0,False,False,102.0,0.6668882589654839,1.2934357662563136,,0.0,False,False
microwave,mw_rain_cell,21,312.0,NONE,,0.023568691072114234,0.23749984688802783,0,-0.23058005467478182,-0.25414874574689605,False,0,False,False,103.0,0.3267936520353422,0.729318979725669,,0.0,False,False
microwave,mw_rain_cell,21,313.0,NONE,,0.2885591540822148,0.05035874231912629,0,-0.01986033999924075,-0.3084194940814555,False,0,False,False,104.0,0.1489063527421501,0.41991084894755837,,0.0,False,False
microwave,mw_rain_cell,21,314.0,NONE,,-0.2509791861657291,0.2826043098453894,0,-0.06079099612057348,0.19018819004515564,False,0,False,False,105.0,-0.08545544076248421,0.4948222031257755,,0.0,False,False
microwave,mw_rain_cell,21,315.0,NONE,,-0.26554545740021496,0.2618937526526892,0,0.33868601412137167,0.6042314715215866,False,0,False,False,106.0,-0.27833186415511113,0.9938657481346929,,0.0,False,False
microwave,mw_rain_cell,21,316.0,NONE,,0.11706588014644126,0.5220492821567859,0,0.12703782883384207,0.009971948687400811,False,0,False,False,107.0,-0.6674285681265091,0.6821728268248761,,0.0,False,False
microwave,mw_rain_cell,21,317.0,NONE,,-0.37882834388442177,0.6321400295718576,0,-0.41359451371864253,-0.03476616983422076,False,0,False,False,108.0,-0.4736896904948576,0.2966629544973453,,0.0,False,False
microwave,mw_rain_cell,21,318.0,NONE,,0.1523476186255337,0.35936391108183585,0,0.18496205576117575,0.03261443713564205,False,0,False,False,109.0,-0.25582178699151703,0.37411748870904016,,0.0,False,False
microwave,mw_rain_cell,21,319.0,NONE,,0.026054522311675044,0.6222546517663758,0,-0.2814769136789508,-0.3075314359906258,False,0,False,False,110.0,-0.010905615798036533,0.0730746796291721,,0.0,False,False
microwave,mw_rain_cell,21,320.0,NONE,,0.3580768248136934,0.15425266336429644,0,0.2610797170083714,-0.096997107805322,False,0,False,False,111.0,0.24226259793746774,0.5195522269072312,,0.0,False,False
microwave,mw_rain_cell,21,321.0,NONE,,0.7236236687765611,0.36496653187534633,0,-0.1547062806069519,-0.878329949383513,False,0,False,False,112.0,0.38638844333005895,0.5217618140051371,,0.0,False,False
microwave,mw_rain_cell,21,322.0,NONE,,-0.15242594583152425,0.16628550906011696,0,-0.26804577358810633,-0.11561982775658208,False,0,False,False,113.0,0.40169607114374883,0.33130228308428844,,0.0,False,False
microwave,mw_rain_cell,21,323.0,NONE,,0.5424558361146481,1.092482899137238,0,0.025055604952477495,-0.5174002311621706,False,0,False,False,114.0,0.6758542562743319,0.5371465838904254,,0.0,False,False
microwave,mw_rain_cell,21,324.0,NONE,,0.1876552533423137,1.1806639288493983,0,-0.13744947986537426,-0.32510473320768796,False,0,False,False,115.0,0.3429827774407553,0.3980058166855873,,0.0,False,False
microwave,mw_rain_cell,21,325.0,NONE,,-0.16652703581736006,0.05256660182914885,0,-0.10984091859130274,0.05668611722605732,False,0,False,False,116.0,0.24946325662022462,0.10335877488514345,,0.0,False,False
microwave,mw_rain_cell,21,326.0,NONE,,-0.41867007802754586,0.2835262010125277,0,-0.09921948155679416,0.3194505964707517,False,0,False,False,117.0,1.1598616368057557,0.7209018167193312,,0.0,False,False
microwave,mw_rain_cell,21,327.0,NONE,,0.24766930474399373,1.492361817915409,0,-0.28324762375815027,-0.530916928502144,False,0,False,False,118.0,0.6717352058422559,0.0011162585756205878,,0.0,False,False
microwave,mw_rain_cell,21,328.0,NONE,,-0.02334822206982068,0.4361180414619312,0,-0.035886975170519975,-0.012538753100699296,False,0,False,False,119.0,0.680064396480303,0.7265966628326207,,0.0,False,False
microwave,mw_rain_cell,21,329.0,NONE,,-0.07065856666363857,0.13491196296537566,0,-0.21494099088459961,-0.14428242422096105,False,0,False,False,120.0,0.34832472465147934,0.1348138638810991,,0.0,False,False
microwave,mw_rain_cell,21,330.0,NONE,,-0.07382577880125751,0.34695953727904083,0,0.47163019589169153,0.545455974692949,False,0,False,False,121.0,0.3483674591598679,0.46894351737561224,,0.0,False,False
microwave,mw_rain_cell,21,331.0,NONE,,-0.10595319615920573,0.29832024849192607,0,-0.4151534284745253,-0.30920023231531957,False,0,False,False,122.0,0.4901461073231903,0.46489865282570547,,0.0,False,False
microwave,mw_rain_cell,21,332.0,NONE,,0.4229694326971156,0.6133205753525743,0,0.034448232063482465,-0.38852120063363316,False,0,False,False,123.0,0.3520197160288935,0.9306365464460667,,0.0,False,False
microwave,mw_rain_cell,21,333.0,NONE,,0.1805115867203071,0.6146595508853565,0,-0.017318653682252716,-0.1978302404025598,False,0,False,False,124.0,0.6382414917119965,0.5175907610825773,,0.0,False,False
microwave,mw_rain_cell,21,334.0,NONE,,-0.048252113381259676,0.41525857995159754,0,-0.45040563624348096,-0.4021535228622213,False,0,False,False,125.0,0.20305155132278824,0.10889743661159913,,0.0,False,False
microwave,mw_rain_cell,21,335.0,NONE,,0.31311012114402814,0.00015793552793041954,0,-0.6916959232168836,-1.0048060443609117,False,0,False,False,126.0,0.3020969433235152,0.5398048643977905,,0.0,False,False
microwave,mw_rain_cell,21,336.0,NONE,,0.8797572530193776,0.03144817925378618,0,-0.05034320723633812,-0.9301004602557157,False,0,False,False,127.0,0.5573412158252069,1.0397740215341447,,0.0,False,False
microwave,mw_rain_cell,21,337.0,NONE,,0.1995264709788671,0.10165191808422946,0,0.4747461456669413,0.2752196746880742,False,0,False,False,128.0,-0.014180128860792451,0.08949254287062913,,0.0,False,False
microwave,mw_rain_cell,21,338.0,NONE,,0.3348991411792994,0.771001735861411,0,-0.22616289819609392,-0.5610620393753933,False,0,False,False,129.0,0.38577493026081555,0.3909098316614089,,0.0,False,False
microwave,mw_rain_cell,21,339.0,NONE,,-0.438688265024723,0.08097868493857874,0,-0.21257349445717466,0.22611477056754836,False,0,False,False,130.0,0.01996630576025965,0.10225725564637532,,0.0,False,False
microwave,mw_rain_cell,21,340.0,NONE,,0.5227534762783108,0.3905276505358444,0,-0.5762843971449314,-1.0990378734232422,False,0,False,False,131.0,0.2456310302931649,0.42044894149649614,,0.0,False,False
microwave,mw_rain_cell,21,341.0,NONE,,0.36328473169361786,0.13351696373969446,0,0.3387778016803651,-0.02450693001325277,False,0,False,False,132.0,-0.10906903576328258,0.24960457663555163,,0.0,False,False
microwave,mw_rain_cell,21,342.0,NONE,,-0.04926590405382569,0.6962858936244132,0,-0.364068348585036,-0.3148024445312103,False,0,False,False,133.0,0.11982236697559284,0.5254630427182052,,0.0,False,False
microwave,mw_rain_cell,21,343.0,NONE,,-0.6620646943602608,0.07578769135871966,0,-0.5320365297113199,0.13002816464894096,False,0,False,False,134.0,0.06979397619669031,0.9613552946183681,,0.0,False,False
microwave,mw_rain_cell,21,344.0,NONE,,0.15965446365330394,1.0763001009194184,0,-0.4535244974621193,-0.6131789611154232,False,0,False,False,135.0,0.5895168774085777,0.8790367927392005,,0.0,False,False
microwave,mw_rain_cell,21,345.0,NONE,,0.19635363517834037,0.5419885095429962,0,0.10504198514778551,-0.09131165003055486,False,0,False,False,136.0,0.4119372337082744,0.6214264284808533,,0.0,False,False
microwave,mw_rain_cell,21,346.0,NONE,,0.36772059700005144,0.502628371217952,0,0.2732889888051986,-0.09443160819485286,False,0,False,False,137.0,0.285701233094166,1.0123404607660893,,0.0,False,False
microwave,mw_rain_cell,21,347.0,NONE,,0.5133816253053212,1.0843688163691212,0,-0.08074144639157055,-0.5941230716968917,False,0,False,False,138.0,0.08582993557186608,0.8795943352734756,,0.0,False,False
microwave,mw_rain_cell,21,348.0,NONE,,0.7701288349681334,0.3845008353308117,0,0.08716419143451759,-0.6829646435336159,False,0,False,False,139.0,0.027949502990138077,0.7647515258170732,,0.0,False,False
microwave,mw_rain_cell,21,349.0,NONE,,0.11456256074314553,0.19001680009402122,0,0.10113763264595832,-0.013424928097187205,False,0,False,False,140.0,-0.3654236089230357,0.4201086177746345,,0.0,False,False
microwave,mw_rain_cell,21,350.0,NONE,,0.5255195632781309,0.6918385964242262,0,-0.6650267193105108,-1.1905462825886417,False,0,False,False,141.0,-0.3062296533177793,0.9964091624078313,,0.0,False,False
microwave,mw_rain_cell,21,351.0,NONE,,0.9948354547705662,1.0601127998747089,0,-0.446123307240228,-1.4409587620107942,False,0,False,False,142.0,0.3796523347707893,1.911782418027562,,0.0,False,False
microwave,mw_rain_cell,21,352.0,NONE,,-0.2574858148078576,0.7429779319565384,0,-0.6681962504630121,-0.4107104356551545,False,0,False,False,143.0,-0.1010773676600153,1.065824382601357,,0.0,False,False
microwave,mw_rain_cell,21,353.0,NONE,,0.4242059653721313,0.14448554376475187,0,-0.5660211047391215,-0.9902270701112528,False,0,False,False,144.0,0.27332473125804446,1.089339535786466,,0.0,False,False
microwave,mw_rain_cell,21,354.0,NONE,,0.23331074777648553,0.017972751481813987,0,0.43864750740752356,0.20533675963103803,False,0,False,False,145.0,-0.040873591131950604,1.1007226696033736,,0.0,False,False
microwave,mw_rain_cell,21,355.0,NONE,,0.5246369583289905,0.9666138796214625,0,0.04864328872433532,-0.47599366960465517,False,0,False,False,146.0,0.2800136444234163,1.3670497552361371,,0.0,False,False
microwave,mw_rain_cell,21,356.0,NONE,,0.35836843966171017,0.6456987256051718,0,-0.07863335453852471,-0.4370017942002349,False,0,False,False,147.0,-0.03412138566111772,0.4113873929025182,,0.0,False,False
microwave,mw_rain_cell,21,357.0,NONE,,0.795963129570616,0.7545493826476104,0,-0.035096144749353186,-0.8310592743199692,False,0,False,False,148.0,0.6238599798101672,0.390368459832805,,0.0,False,False
microwave,mw_rain_cell,21,358.0,NONE,,0.18835187937636988,0.19709048642039306,0,0.5507144475518757,0.36236256817550583,False,0,False,False,149.0,1.5074744754007918,1.523801960688518,,0.0,False,False
microwave,mw_rain_cell,21,359.0,NONE,,0.35975981776303456,0.2619047387926159,0,-0.4533337338908936,-0.8130935516539282,False,0,False,False,150.0,1.0536277630986035,1.13737078398956,,0.0,False,False
microwave,mw_rain_cell,21,360.0,NONE,,0.5676023557100933,0.5346900569461539,0,-0.22216909976958021,-0.7897714554796735,False,0,False,False,151.0,0.17063512806963943,0.05741021549478957,,0.0,False,False
microwave,mw_rain_cell,21,361.0,NONE,,0.1070795791480208,0.5822868437824127,0,-0.1832201246211369,-0.2902997037691577,False,0,False,False,152.0,0.2524594171416728,0.28209879491739975,,0.0,False,False
microwave,mw_rain_cell,21,362.0,NONE,,0.06134457391857495,0.612566566980334,0,0.2945343794146993,0.23318980549612434,False,0,False,False,153.0,0.168880537223386,0.035544906331899995,,0.0,False,False
microwave,mw_rain_cell,21,363.0,NONE,,1.014420356249346,1.9251521708277863,0,-0.3913343498738229,-1.4057547061231688,False,0,False,False,154.0,0.5879346483073626,0.5306341994846144,,0.0,False,False
microwave,mw_rain_cell,21,364.0,NONE,,0.02290736665965909,0.7016728633561513,0,0.1617260374809888,0.1388186708213297,False,0,False,False,155.0,0.3731072311891552,0.004707577217185455,,0.0,False,False
microwave,mw_rain_cell,21,365.0,NONE,,-0.5759896592921194,0.1983957573094841,0,-0.49562335121345313,0.0803663080786663,False,0,False,False,156.0,0.8109786035837254,0.3786571120615728,,0.0,False,False
microwave,mw_rain_cell,21,366.0,NONE,,0.5873054023462316,0.6915308247527747,0,-0.128250620818406,-0.7155560231646376,False,0,False,False,157.0,1.5507860401250637,1.4109636279918334,,0.0,False,False
microwave,mw_rain_cell,21,367.0,NONE,,0.5573095421471166,0.7517749333808581,0,-0.9065660205371486,-1.4638755626842652,False,0,False,False,158.0,1.5393770842337056,1.381414801765775,,0.0,False,False
microwave,mw_rain_cell,21,368.0,NONE,,0.5157193612184159,0.5991065652028098,0,-0.23248029890384458,-0.7481996601222605,False,0,False,False,159.0,1.9692604823798856,2.0310021654935917,,0.0,False,False
microwave,mw_rain_cell,21,369.0,NONE,,1.1637419236384687,1.5204907426019574,0,0.38571441716877786,-0.7780275064696909,True,1,False,False,160.0,2.1638413985164764,1.552815869628631,,0.0,False,False
microwave,mw_rain_cell,21,370.0,NONE,,0.41233308299190696,1.0069722114360644,0,-0.06437202969114963,-0.4767051126830566,False,0,False,False,161.0,1.6079115848095564,1.2406353069996665,,0.0,False,False
microwave,mw_rain_cell,21,371.0,NONE,,-0.41358222222905283,0.25334930624584473,0,-0.17300388539591438,0.24057833683313845,False,0,False,False,162.0,1.9805706202047166,1.396186776867924,,0.0,False,False
microwave,mw_rain_cell,21,372.0,NONE,,0.45169577007521866,0.8486449520758725,0,-0.021700116642691114,-0.4733958867179098,False,0,False,False,163.0,1.4944943387041714,0.5905869322265529,,0.0,False,False
microwave,mw_rain_cell,21,373.0,NONE,,0.33444836671380074,0.06738171900443746,0,0.03296934308347943,-0.3014790236303213,False,0,False,False,164.0,1.2274751790008709,0.48704667353058473,,0.0,False,False
microwave,mw_rain_cell,21,374.0,NONE,,-0.18106581523960585,1.3233012357641982,0,-0.3177499605613292,-0.13668414532172335,False,0,False,False,165.0,1.458844642733518,0.7068796289919503,,0.0,False,False
microwave,mw_rain_cell,21,375.0,NONE,,0.6455419924637553,0.40258139065242204,0,-0.3275480352602642,-0.9730900277240195,False,0,False,False,166.0,1.403489054429872,1.185669871362226,,0.0,False,False
microwave,mw_rain_cell,21,376.0,NONE,,-0.15310802189750916,0.9847106749087544,0,0.3152120792829294,0.46832010118043854,False,0,False,False,167.0,1.7893186430836365,1.601761605478866,,0.0,False,False
microwave,mw_rain_cell,21,377.0,NONE,,0.5176223582405299,0.8145779956656867,0,-0.0835300441889757,-0.6011524024295056,False,0,False,False,168.0,1.7259809097251768,1.40102479000618,,0.0,False,False
microwave,mw_rain_cell,21,378.0,NONE,,0.4191474171237175,0.5483246777425634,0,0.344621672876265,-0.07452574424745251,False,0,False,False,169.0,1.413017419756351,0.6376081873750097,,0.0,False,False
microwave,mw_rain_cell,21,379.0,NONE,,0.5430435635466537,0.5349216410832796,0,-0.16008822198323713,-0.7031317855298909,False,0,False,False,170.0,1.0992322685407778,0.4911506158837089,,0.0,False,False
microwave,mw_rain_cell,21,380.0,NONE,,0.3272169670546603,0.14873036357811031,0,-0.5098479049846105,-0.8370648720392708,False,0,False,False,171.0,1.7783696204192134,1.108541737600468,,0.0,False,False
microwave,mw_rain_cell,21,381.0,NONE,,0.23244495176052027,0.09710297735382767,0,-0.26991214502091054,-0.5023570967814308,False,0,False,False,172.0,1.5761539171610777,1.221332980241991,,0.0,False,False
microwave,mw_rain_cell,21,382.0,NONE,,-0.00312301781600155,0.1869162146384653,0,-0.008095443949720504,-0.004972426133718955,False,0,False,False,173.0,0.8583905513180343,0.39581213528065917,,0.0,False,False
microwave,mw_rain_cell,21,383.0,NONE,,-0.28253154609235764,0.2663511374406937,0,-0.5262662366336244,-0.24373469054126673,False,0,False,False,174.0,0.6642935313538079,0.030602355847723972,,0.0,False,False
microwave,mw_rain_cell,21,384.0,NONE,,-0.005160477446487732,0.36255018281811857,0,-0.39089934773896573,-0.385738870292478,False,0,False,False,175.0,0.7951064263368183,0.053529868458185526,,0.0,False,False
microwave,mw_rain_cell,21,385.0,NONE,,-0.39017044763267705,0.08196722788385102,0,-0.3133593811036377,0.07681106652903935,False,0,False,False,176.0,1.0707886554038952,0.5227050864994652,,0.0,False,False
microwave,mw_rain_cell,21,386.0,NONE,,0.32599726464572143,0.24223845553859746,0,-0.10528982902488337,-0.4312870936706048,False,0,False,False,177.0,0.9900876604406991,0.2600474509958427,,0.0,False,False
microwave,mw_rain_cell,21,387.0,NONE,,0.1330631272092404,0.10198914495394007,0,-0.263902213237067,-0.3969653404463074,False,0,False,False,178.0,1.185765281903241,0.11863833733471796,,0.0,False,False
microwave,mw_rain_cell,21,388.0,NONE,,1.2497517677480943,1.7199025161026569,0,-0.1710206013383626,-1.4207723690864569,True,1,False,False,179.0,0.9463371596984774,0.12766853593595362,,0.0,False,False
microwave,mw_rain_cell,21,389.0,NONE,,0.6543303752551779,0.4998443979195031,0,-0.27378538603238667,-0.9281157612875646,False,0,False,False,180.0,1.7117794617402233,1.2669632587655628,,0.0,False,False
microwave,mw_rain_cell,21,390.0,NONE,,0.8075375842622563,0.9099845959210242,0,-0.13471753027864253,-0.9422551145408988,False,0,False,False,181.0,1.8140868395051797,1.4175275280297601,,0.0,False,False
microwave,mw_rain_cell,21,391.0,NONE,,0.5801440723766191,0.234154100377701,0,0.19441986653271215,-0.385724205843907,False,0,False,False,182.0,1.8169615381386792,1.4028670251282107,,0.0,False,False
microwave,mw_rain_cell,21,392.0,NONE,,0.5293288801502811,1.0929672398971348,0,0.3377339548294316,-0.19159492532084954,False,0,False,False,183.0,2.048922835801484,1.8605038958669606,,0.0,False,False
microwave,mw_rain_cell,21,393.0,NONE,,0.4516606845874733,1.03761689506765,0,-0.0293035882078172,-0.4809642727952905,False,0,False,False,184.0,1.9075793422899894,1.8326027927260724,,0.0,False,False
microwave,mw_rain_cell,21,394.0,NONE,,0.13770709558345118,0.1762673031658224,0,0.0727470399462149,-0.06496005563723628,False,0,False,False,185.0,2.148410521211633,2.089885379556345,,0.0,False,False
microwave,mw_rain_cell,21,395.0,NONE,,0.2465631841309417,0.30320113664742365,0,0.05737796102739168,-0.18918522310355002,False,0,False,False,186.0,2.124856112469361,1.9626852203942415,,0.0,False,False
microwave,mw_rain_cell,21,396.0,NONE,,0.7030272678850764,0.5860933216825543,0,-0.19836171870519337,-0.9013889865902698,False,0,False,False,187.0,1.591635957254693,1.5539267393677896,,0.0,False,False
microwave,mw_rain_cell,21,397.0,NONE,,0.3577281298082653,0.1685722886276082,0,-0.1678699403502506,-0.5255980701585159,False,0,False,False,188.0,1.537769241165897,1.2575640150992862,,0.0,False,False
microwave,mw_rain_cell,21,398.0,NONE,,0.059718111616390956,0.20652508554881877,0,-0.7146942641903777,-0.7744123758067687,False,0,False,False,189.0,1.4294556799061058,1.3155473153817132,,0.0,False,False
microwave,mw_rain_cell,21,399.0,NONE,,0.28982510236782133,0.006069475151946335,0,-0.04339085011235966,-0.333215952480181,False,0,False,False,190.0,1.6469967612617253,1.040160210757005,,0.0,False,False
microwave,mw_rain_cell,21,400.0,NONE,,0.26573943283139556,0.298069494239833,0,0.09295212663771935,-0.17278730619367622,False,0,False,False,191.0,1.92224963488302,1.38443911308189,,0.0,False,False
microwave,mw_rain_cell,21,401.0,NONE,,-0.1590427418030771,0.11210756265089827,0,-0.05270173618117724,0.10634100562189985,False,0,False,False,192.0,1.38596292378516,0.5205313891406163,,0.0,False,False
microwave,mw_rain_cell,21,402.0,NONE,,-0.3952590334315431,0.445364469304252,0,0.0784881257395682,0.4737471591711113,False,0,False,False,193.0,1.4636991311475878,0.2690042202677183,,0.0,False,False
microwave,mw_rain_cell,21,403.0,NONE,,0.4916546821919425,0.15322621993861674,0,-0.13171022520443643,-0.623364907396379,False,0,False,False,194.0,1.119928356830049,0.2939478207961578,,0.0,False,False
microwave,mw_rain_cell,21,404.0,NONE,,0.40624722368349353,0.542850648387116,0,-0.1336442583521631,-0.5398914820356566,False,0,False,False,195.0,1.259553322360482,0.3193681183967325,,0.0,False,False
microwave,mw_rain_cell,21,405.0,NONE,,0.0075527750814430306,0.49918013424552754,0,-0.4276782940960615,-0.43523106917750454,False,0,False,False,196.0,1.475207073853638,0.024899814305257895,,0.0,False,False
microwave,mw_rain_cell,21,406.0,NONE,,0.642918953942825,0.7498514484682204,0,-0.34368774285640313,-0.9866066967992282,False,0,False,False,197.0,1.4135822011788926,0.8323458518811889,,0.0,False,False
microwave,mw_rain_cell,21,407.0,NONE,,0.6959005589949854,1.3138647920640878,0,-0.08758371067514048,-0.7834842696701259,False,0,False,False,198.0,1.0703502607986262,0.8427922748592964,,0.0,False,False
microwave,mw_rain_cell,21,408.0,NONE,,0.2613914989743975,0.5040312299380005,0,-0.17691581255409972,-0.4383073115284972,False,0,False,False,199.0,0.5817494326128989,0.5430898019026663,,0.0,False,False
microwave,mw_rain_cell,21,409.0,NONE,,1.4395677110121028,0.6772977398052262,0,0.6132823162267655,-0.8262853947853372,True,1,False,False,200.0,1.1743481165098273,1.282918878127812,,0.0,False,False
microwave,mw_rain_cell,21,410.0,NONE,,0.2533339137580839,0.2340786130835042,0,-0.6686393431122468,-0.9219732568703307,False,0,False,False,201.0,0.6913194626873378,0.04930627585099823,,0.0,False,False
microwave,mw_rain_cell,21,411.0,NONE,,0.6235537467531813,0.7957387942012417,0,-0.058176491264937624,-0.6817302380181189,False,0,False,False,202.0,0.689609861530205,0.7208832178735046,,0.0,False,False
microwave,mw_rain_cell,21,412.0,NONE,,-0.19920037560251558,0.01519710208837921,0,-0.32968736414166244,-0.13048698853914686,False,0,False,False,203.0,0.19274031741705583,0.1395654505258396,,0.0,False,False
microwave,mw_rain_cell,21,413.0,NONE,,0.16891164060883312,0.2827440635441789,0,-0.19683054520378818,-0.3657421858126213,False,0,False,False,204.0,0.10923416754610471,0.130637074697074,,0.0,False,False
microwave,mw_rain_cell,21,414.0,NONE,,0.7499559146979209,0.7894209669359356,0,0.20270277664375413,-0.5472531380541668,False,0,False,False,205.0,0.25541885332409964,0.5157695163515378,,0.0,False,False
microwave,mw_rain_cell,21,415.0,NONE,,0.23468235250997793,0.10731865382051353,0,0.017476187201147297,-0.21720616530883063,False,0,False,False,206.0,-0.20304113531539225,0.001675123966274894,,0.0,False,False
microwave,mw_rain_cell,21,416.0,NONE,,0.24598495605066262,0.45065999709540705,0,-0.21498961720167387,-0.4609745732523365,False,0,False,False,207.0,0.4674340999721659,0.8776292198096017,,0.0,False,False
microwave,mw_rain_cell,21,417.0,NONE,,0.5907568039694695,1.1246127830785966,0,0.39877586816725596,-0.19198093580221354,False,0,False,False,208.0,0.9086562019328936,0.933342907644587,,0.0,False,False
microwave,mw_rain_cell,21,418.0,NONE,,0.1541932282708629,0.3010059481898537,0,-0.20303698539288462,-0.3572302136637475,False,0,False,False,209.0,0.07757612546937788,0.0003156452988529873,,0.0,False,False
microwave,mw_rain_cell,21,419.0,NONE,,0.004215666858115696,0.06571491715288857,0,-0.19632566825157483,-0.20054133510969052,False,0,False,False,210.0,0.5694813305140339,0.8834746267867924,,0.0,False,False
microwave,mw_rain_cell,21,420.0,NONE,,-0.45925147363708874,0.8989814097439606,0,0.03969542286149874,0.4989468964985875,False,0,False,False,211.0,0.7651546800213616,0.7935632591875389,,0.0,False,False
microwave,mw_rain_cell,21,421.0,NONE,,0.6208489067271472,0.967904512970513,0,0.576577289690114,-0.044271617037033195,False,0,False,False,212.0,0.9547868185890585,0.5185089599398187,,0.0,False,False
microwave,mw_rain_cell,21,422.0,NONE,,0.13525662641645653,0.23077285049002683,0,-0.17568388244909983,-0.31094050886555635,False,0,False,False,213.0,1.0860478948811816,0.5309162380318045,,0.0,False,False
microwave,mw_rain_cell,21,423.0,NONE,,0.35217498335652664,0.7618899950931564,0,-0.40198850458425284,-0.7541634879407795,False,0,False,False,214.0,1.5601569024359132,0.9596702403481867,,0.0,False,False
microwave,mw_rain_cell,21,424.0,NONE,,0.1064004809401311,0.45241284301350504,0,0.056094426262404795,-0.05030605467772631,False,0,False,False,215.0,1.057934085363919,0.166625376014507,,0.0,False,False
microwave,mw_rain_cell,21,425.0,NONE,,0.46131059779830963,1.3061540682726474,0,0.21633450235095353,-0.2449760954473561,False,0,False,False,216.0,0.9073435262261166,0.2919497138665601,,0.0,False,False
microwave,mw_rain_cell,21,426.0,NONE,,0.5640162009412109,0.6845529945894953,0,0.5602184075433527,-0.003797793397858129,False,0,False,False,217.0,1.0606171063946668,0.6835101682606255,,0.0,False,False
microwave,mw_rain_cell,21,427.0,NONE,,0.566895370301701,0.35662111128939245,0,0.5520807305996485,-0.014814639702052546,False,0,False,False,218.0,1.2697412642562034,1.1047857017163951,,0.0,False,False
microwave,mw_rain_cell,21,428.0,NONE,,-0.34611028882965655,0.2230405730936056,0,-0.5065518187113085,-0.16044152988165195,False,0,False,False,219.0,1.0031224264843517,0.7097374655516668,,0.0,False,False
microwave,mw_rain_cell,21,429.0,NONE,,0.14871533315012186,0.3194923378080645,0,-0.5811663092702162,-0.729881642420338,False,0,False,False,220.0,1.3815774263715448,0.18426588544920364,,0.0,False,False
microwave,mw_rain_cell,21,430.0,NONE,,-0.4338518369736448,0.1992495353832311,0,0.32456521750152945,0.7584170544751743,False,0,False,False,221.0,1.4016035062098258,0.31817685895913206,,0.0,False,False
microwave,mw_rain_cell,21,431.0,NONE,,0.30972328413989914,0.2789327488741904,0,0.6991238324842257,0.3894005483443266,False,0,False,False,222.0,1.6369811862177661,0.7220177041505886,,0.0,False,False
microwave,mw_rain_cell,21,432.0,NONE,,-0.5746259861132259,0.0873714012153215,0,-0.11268206371347134,0.46194392239975457,False,0,False,False,223.0,1.3743461051582189,0.22020634966671815,,0.0,False,False
microwave,mw_rain_cell,21,433.0,NONE,,-0.18305773086942168,0.0867081176555402,0,0.3067719183303552,0.4898296491997769,False,0,False,False,224.0,1.4278492258083713,0.13516512521453272,,0.0,False,False
microwave,mw_rain_cell,21,434.0,NONE,,0.523082945336256,0.3208833074601074,0,0.2057874066115275,-0.3172955387247285,False,0,False,False,225.0,1.4402946391733127,0.05260200517488056,,0.0,False,False
microwave,mw_rain_cell,21,435.0,NONE,,0.2559207835575208,0.4421595360436896,0,-0.28019023654218245,-0.5361110200997032,False,0,False,False,226.0,0.9409974833997671,0.4842980539642512,,0.0,False,False
microwave,mw_rain_cell,21,436.0,NONE,,0.07411239515923285,0.17335226169814888,0,0.0259692008001835,-0.048143194359049346,False,0,False,False,227.0,0.5888479277945734,0.05140812149863849,,0.0,False,False
microwave,mw_rain_cell,21,437.0,NONE,,-0.20043845246890868,0.10561006662371142,0,0.2025857616028972,0.4030242140718059,False,0,False,False,228.0,0.4416154257801753,0.25089866969453406,,0.0,False,False
microwave,mw_rain_cell,21,438.0,NONE,,0.6172174803525081,0.20460253634932712,0,-0.06263890871943545,-0.6798563890719436,False,0,False,False,229.0,0.3306428713073508,0.2144412990868375,,0.0,False,False
microwave,mw_rain_cell,21,439.0,NONE,,0.2574324593669246,0.09504686240248361,0,0.21969415264339176,-0.037738306723532844,False,0,False,False,230.0,0.3615664811785543,0.3226335626524627,,0.0,False,False
microwave,mw_rain_cell,21,440.0,NONE,,0.14082251951656133,0.410269357698688,0,0.05144741812643616,-0.08937510139012517,False,0,False,False,231.0,0.07142715724030971,0.15679286131075595,,0.0,False,False
microwave,mw_rain_cell,21,441.0,NONE,,0.0034557497074700905,0.28049485106620153,0,0.2198845503408009,0.2164288006333308,False,0,False,False,232.0,0.5529930214507199,0.08942809868106394,,0.0,False,False
microwave,mw_rain_cell,21,442.0,NONE,,-0.059126768981045075,0.12901704429944516,0,-0.19669606844090026,-0.1375692994598552,False,0,False,False,233.0,1.0633007111788413,0.6016975820572164,,0.0,False,False
microwave,mw_rain_cell,21,443.0,NONE,,-0.2297405733661506,0.03890311467444718,0,-0.047385578927546135,0.18235499443860448,False,0,False,False,234.0,0.9783540741745822,0.8395210431553768,,0.0,False,False
microwave,mw_rain_cell,21,444.0,NONE,,0.5414259070662979,0.7432952434034945,0,-0.7697862656615868,-1.3112121727278847,False,0,False,False,235.0,0.7340526486319279,1.4151572233731957,,0.0,False,False
microwave,mw_rain_cell,21,445.0,NONE,,-0.21591440786720995,0.20798680578393913,0,0.031923921086239204,0.24783832895344915,False,0,False,False,236.0,0.9608624014959883,2.0227674635196515,,0.0,False,False
microwave,mw_rain_cell,21,446.0,NONE,,0.4404915289786828,0.29737619639863766,0,0.07685845744212827,-0.36363307153655455,False,0,False,False,237.0,0.8918841290069458,1.9411980436980842,,0.0,False,False
microwave,mw_rain_cell,21,447.0,NONE,,0.6015114995893214,0.6340598934879225,0,-0.1874750839883106,-0.788986583577632,False,0,False,False,238.0,0.696439825979523,1.545657940708765,,0.0,False,False
microwave,mw_rain_cell,21,448.0,NONE,,0.12935599002584297,0.06082360459883773,0,-0.09453314536904855,-0.22388913539489153,False,0,False,False,239.0,0.5212051876778867,1.4887369607636063,,0.0,False,False
microwave,mw_rain_cell,21,449.0,NONE,,0.27569290377722666,1.073680355044047,0,-0.7697609408085953,-1.045453844585822,False,0,False,False,240.0,0.23642563605911235,1.1986030148654971,,0.0,False,False
microwave,mw_rain_cell,21,450.0,NONE,,0.021629546200180982,0.44729726498511013,0,-0.15227713206655125,-0.17390667826673223,False,0,False,False,241.0,-0.24831104740749152,1.1462566684864806,,0.0,False,False
microwave,mw_rain_cell,21,451.0,NONE,,0.527064407514942,0.31137519480427756,0,-0.06872174432435685,-0.5957861518392988,False,0,False,False,242.0,-0.16634894951639795,1.1160456166957513,,0.0,False,False
microwave,mw_rain_cell,21,452.0,NONE,,0.0035903538877306573,0.3737940661692605,0,-0.2832259044865495,-0.28681625837428015,False,0,False,False,243.0,-0.2561184323604365,0.573152076141234,,0.0,False,False
microwave,mw_rain_cell,21,453.0,NONE,,0.19961542369580343,0.43311720671749043,0,0.048906884340041756,-0.15070853935576167,False,0,False,False,244.0,0.19889839470202705,1.2750126240462745,,0.0,False,False
microwave,mw_rain_cell,21,454.0,NONE,,0.10360759718024326,0.520718491539796,0,-0.15463921707869588,-0.25824681425893914,False,0,False,False,245.0,-0.09134274458802522,0.8296905260351586,,0.0,False,False
microwave,mw_rain_cell,21,455.0,NONE,,0.04398845205668067,0.22703559972730858,0,-0.20994968087503452,-0.2539381329317152,False,0,False,False,246.0,0.22260390043683562,1.5889797782660229,,0.0,False,False
microwave,mw_rain_cell,21,456.0,NONE,,0.008335319720302437,0.453900422846651,0,-0.5270528774743894,-0.5353881971946919,False,0,False,False,247.0,0.06963983429156967,1.106767153317736,,0.0,False,False
microwave,mw_rain_cell,21,457.0,NONE,,0.1432901699319018,0.6932576540306812,0,0.161848732757079,0.018558562825177205,False,0,False,False,248.0,-0.03935444729627828,0.6627327840210451,,0.0,False,False
microwave,mw_rain_cell,21,458.0,NONE,,0.41883685055064035,1.0359095155967921,0,-0.24644206159890558,-0.6652789121495459,False,0,False,False,249.0,0.32349987348073866,1.0586870276467324,,0.0,False,False
microwave,mw_rain_cell,21,459.0,NONE,,0.8063140565053999,0.8553942386704207,0,0.1079741544278221,-0.6983399020775778,False,0,False,False,250.0,0.051431819973389636,0.8479162788616087,,0.0,False,False
microwave,mw_rain_cell,21,460.0,NONE,,-0.477579433299141,0.6170705694049801,0,-0.4141487796940595,0.06343065360508149,False,0,False,False,251.0,0.2544156012124835,0.7785475754693718,,0.0,False,False
microwave,mw_rain_cell,21,461.0,NONE,,0.5422758252368638,1.983976910936704,0,-0.4165717409987977,-0.9588475662356615,True,1,False,False,252.0,-0.19247862035899382,0.08673719418984943,,0.0,False,False
microwave,mw_rain_cell,21,462.0,NONE,,-0.24657758131739627,0.18952569982940304,0,0.09422361752102404,0.3408011988384203,False,0,False,False,253.0,-0.22866841550390563,0.024340921041906133,,0.0,False,False
microwave,mw_rain_cell,21,463.0,NONE,,-0.05450070785438754,0.08578126252829321,0,0.04169863510107774,0.09619934295546528,False,0,False,False,254.0,0.2887362338574884,0.1273888925480318,,0.0,False,False
microwave,mw_rain_cell,21,464.0,NONE,,-0.2747418483519368,0.6311335192908132,0,-0.13029645183328853,0.1444453965186483,False,0,False,False,255.0,0.29282739933704194,0.27557746686884876,,0.0,False,False
microwave,mw_rain_cell,21,465.0,NONE,,-0.1683471714219209,0.05044157333384902,0,-0.0050731652268680705,0.16327400619505283,False,0,False,False,256.0,0.9682314192456207,0.5306656775073599,,0.0,False,False
microwave,mw_rain_cell,21,466.0,NONE,,0.5181286268035876,1.0366869800442373,0,-0.45249401764503006,-0.9706226444486177,False,0,False,False,257.0,1.2716531798617747,0.8281952190285371,,0.0,False,False
microwave,mw_rain_cell,21,467.0,NONE,,0.7015642534843565,0.5774477265488827,0,0.4455401842686726,-0.2560240692156839,False,0,False,False,258.0,1.4984234140375718,1.1956638976783684,,0.0,False,False
microwave,mw_rain_cell,21,468.0,NONE,,0.28292982522766863,0.1301000827933052,0,-0.20655057389030418,-0.4894803991179728,False,0,False,False,259.0,0.8327482591049084,0.8824994430268707,,0.0,False,False
microwave,mw_rain_cell,21,469.0,NONE,,0.5623283815273581,0.4685536846472971,0,0.07399540054551323,-0.48833298098184486,False,0,False,False,260.0,0.3676291491941288,0.5204929356938504,,0.0,False,False
microwave,mw_rain_cell,21,470.0,NONE,,0.2505313091792942,0.45773996820911833,0,-0.11045622505670849,-0.3609875342360027,False,0,False,False,261.0,1.1248415977654658,1.023224682907109,,0.0,False,False
microwave,mw_rain_cell,21,471.0,NONE,,0.7196950798529897,0.8527956883214287,0,0.057868731254707484,-0.6618263485982823,False,0,False,False,262.0,0.8025537764353547,0.6772402938204329,,0.0,False,False
microwave,mw_rain_cell,21,472.0,NONE,,0.0923748841848635,0.00567582224802976,0,-0.36416445062866387,-0.4565393348135274,False,0,False,False,263.0,0.7313332122559255,0.07412554513404479,,0.0,False,False
microwave,mw_rain_cell,21,473.0,NONE,,0.41894182698602833,0.2620125723334965,0,-0.19995331832573982,-0.6188951453117681,False,0,False,False,264.0,0.7952672583759718,0.507813472201667,,0.0,False,False
microwave,mw_rain_cell,21,474.0,NONE,,0.45784645153673864,1.183971494455335,0,-0.19197686563435212,-0.6498233171710908,False,0,False,False,265.0,1.1834054736280502,1.4509322148343466,,0.0,False,False
microwave,mw_rain_cell,21,475.0,NONE,,0.14618271870492094,1.1069894389006265,0,-0.3944499635540666,-0.5406326822589875,False,0,False,False,266.0,1.020135037339479,0.8609889661502063,,0.0,False,False
microwave,mw_rain_cell,21,476.0,NONE,,0.5537583899490457,0.3115807300808342,0,0.4203875242596311,-0.13337086568941459,False,0,False,False,267.0,1.4958535493897585,1.2195659210062022,,0.0,False,False
microwave,mw_rain_cell,21,477.0,NONE,,0.265855259104292,0.16133075407003616,0,0.06684773475654282,-0.19900752434774915,False,0,False,False,268.0,1.0231404225766636,0.7575801361415384,,0.0,False,False
microwave,mw_rain_cell,21,478.0,NONE,,0.3857317289658866,0.38312885076132375,0,-0.5253518887240176,-0.9110836176899042,False,0,False,False,269.0,0.8573932866498697,0.5381056401533124,,0.0,False,False
microwave,mw_rain_cell,21,479.0,NONE,,0.40491998582096755,0.79223764441236,0,0.11343111404401185,-0.2914888717769557,False,0,False,False,270.0,0.9028886966502272,1.127700057870989,,0.0,False,False
microwave,mw_rain_cell,21,480.0,NONE,,-0.25524267831270464,0.027855367715702073,0,-0.49908635719171457,-0.24384367887900993,False,0,False,False,271.0,1.2935878443530207,1.2727748729153476,,0.0,False,False
microwave,mw_rain_cell,21,481.0,NONE,,1.027559376833949,0.9810982311924761,0,0.3113856617525528,-0.7161737150813963,False,0,False,False,272.0,1.3701070397029693,1.0027372646595132,,0.0,False,False
microwave,mw_rain_cell,21,482.0,NONE,,0.07081052343093575,1.1182088198499756,0,-0.10161517482233506,-0.1724256982532708,False,0,False,False,273.0,1.5149441897911908,1.6475225328370593,,0.0,False,False
microwave,mw_rain_cell,21,483.0,NONE,,0.5541822950028319,0.9159485318405771,0,-0.1543650385521218,-0.7085473335549537,False,0,False,False,274.0,1.6328127943162491,1.7437737165747238,,0.0,False,False
microwave,mw_rain_cell,21,484.0,NONE,,0.4095444228288798,0.14780219271651163,0,-0.03160652427347799,-0.4411509471023578,False,0,False,False,275.0,1.6081973232647164,1.4220898069013819,,0.0,False,False
microwave,mw_rain_cell,21,485.0,NONE,,0.5199872194654347,1.208635358126969,0,-0.04106377139957118,-0.5610509908650059,False,0,False,False,276.0,1.2383484250527843,1.0188210242455082,,0.0,False,False
microwave,mw_rain_cell,21,486.0,NONE,,0.04755096743706844,0.9235575550615778,0,-0.08298940473022753,-0.13054037216729597,False,0,False,False,277.0,1.7078713545117137,1.1169898025669756,,0.0,False,False
microwave,mw_rain_cell,21,487.0,NONE,,0.7054184744931504,0.7300655548695616,0,-0.0636429457737151,-0.7690614202668655,False,0,False,False,278.0,1.5056042173499988,0.9148359403226092,,0.0,False,False
microwave,mw_rain_cell,21,488.0,NONE,,0.40734694334803834,0.7276212404426161,0,0.6248247388681563,0.21747779552011792,False,0,False,False,279.0,1.4097495140330056,0.6228594957263357,,0.0,False,False
microwave,mw_rain_cell,21,489.0,NONE,,0.12707137301745774,1.309534961819054,0,0.27387855812323636,0.14680718510577861,False,0,False,False,280.0,1.2425368531034768,0.8956999000396204,,0.0,False,False
microwave,mw_rain_cell,21,490.0,NONE,,0.7606769157764646,1.1739106731875637,0,-0.02915891095821621,-0.7898358267346808,False,0,False,False,281.0,1.8385922675249273,1.5452547765617084,,0.0,False,False
microwave,mw_rain_cell,21,491.0,NONE,,0.5589080847990502,0.2720103744230187,0,-0.3597195145968328,-0.918627599395883,False,0,False,False,282.0,1.9048382807484645,1.0589042710028034,,0.0,False,False
microwave,mw_rain_cell,21,492.0,NONE,,-0.09284241495056023,0.031135208047054164,0,-0.43841281934103904,-0.3455704043904788,False,0,False,False,283.0,2.027443511381733,0.329280633073028,,0.0,False,False
microwave,mw_rain_cell,21,493.0,NONE,,0.35459155853008184,0.21609106277900025,0,-0.35527938368942813,-0.70987094221951,False,0,False,False,284.0,2.406615907307844,1.0204145525532315,,0.0,False,False
microwave,mw_rain_cell,21,494.0,NONE,,0.20608929647820418,0.19488413794648096,0,-0.9052730027322937,-1.111362299210498,False,0,False,False,285.0,2.3639285559552476,1.6338550766727855,,0.0,False,False
microwave,mw_rain_cell,21,495.0,NONE,,-0.016098592852557658,0.6532393167462658,0,0.36852425936467625,0.3846228522172339,False,0,False,False,286.0,1.9086716660762426,0.9449204539975276,,0.0,False,False
microwave,mw_rain_cell,21,496.0,NONE,,0.4473865479440775,0.0687682764433859,0,-0.2883285145255954,-0.7357150624696729,False,0,False,False,287.0,1.8556989912879376,0.6429197638678252,,0.0,False,False
microwave,mw_rain_cell,21,497.0,NONE,,-0.009309119924139964,0.36493309025870246,0,-0.056104485828981865,-0.0467953659048419,False,0,False,False,288.0,2.601164393394072,2.0568079149587,,0.0,False,False
microwave,mw_rain_cell,21,498.0,NONE,,0.4495034810387466,0.5350213341845276,0,-0.25526146764266855,-0.7047649486814151,False,0,False,False,289.0,2.767481630636366,2.560401783820255,,0.0,False,False
microwave,mw_rain_cell,21,499.0,NONE,,1.158057987628787,1.242472362627403,0,0.0653003263021148,-1.0927576613266723,True,1,False,False,290.0,2.295147131571103,1.5830132808056474,,0.0,False,False
microwave,mw_rain_cell,21,500.0,NONE,,0.358819344203404,0.6893712963404113,0,-0.1128444942489466,-0.4716638384523506,False,0,False,False,291.0,1.794306848835371,0.6867263131938084,,0.0,False,False
microwave,mw_rain_cell,21,501.0,NONE,,-0.25158526796359126,0.3104149111373147,0,0.20120464411789385,0.4527899120814851,False,0,False,False,292.0,1.9799634634790826,1.4903873507527394,,0.0,False,False
microwave,mw_rain_cell,21,502.0,NONE,,0.2642989971000773,0.6679880550608743,0,0.007733226091929168,-0.25656577100814815,False,0,False,False,293.0,2.1357859620385358,1.6396774482503131,,0.0,False,False
microwave,mw_rain_cell,21,503.0,NONE,,-0.5354039941560629,0.264157638956803,0,-0.15909345313802703,0.37631054101803585,False,0,False,False,294.0,1.926884234314018,0.694839451426478,,0.0,False,False
microwave,mw_rain_cell,21,504.0,NONE,,-0.7663237351389824,0.18699910409464593,0,-0.0094511517048943,0.7568725834340881,False,0,False,False,295.0,2.0777387220072043,0.338540150222,,0.0,False,False
microwave,mw_rain_cell,21,505.0,NONE,,0.1592367507670005,0.6539665342449155,0,0.3408143455242083,0.1815775947572078,False,0,False,False,296.0,1.9105535831577916,1.1403596887129548,,0.0,False,False
microwave,mw_rain_cell,21,506.0,NONE,,0.5269139805602947,0.9976575996560229,0,0.14964547011297213,-0.37726851044732257,False,0,False,False,297.0,1.9020917104882547,0.3117143544204499,,0.0,False,False
microwave,mw_rain_cell,21,507.0,NONE,,0.10011248683642293,0.02045516952444615,0,0.20193145931693124,0.10181897248050831,False,0,False,False,298.0,1.6167469195849025,0.30345077334787884,,0.0,False,False
microwave,mw_rain_cell,21,508.0,NONE,,0.3922768569044237,0.1956550036791711,0,-0.011946315295809029,-0.40422317220023274,False,0,False,False,299.0,1.171698622655135,0.68639088774863,,0.0,False,False
microwave,mw_rain_cell,21,509.0,NONE,,0.18698547451266734,0.14587693138401647,0,-0.04618837483300808,-0.23317384934567542,False,0,False,False,300.0,1.335945983528445,1.1354799719800153,,0.0,False,False
microwave,mw_rain_cell,21,510.0,NONE,,0.7149915954178212,0.514178565914392,0,0.029193309591605043,-0.6857982858262162,False,0,False,False,301.0,1.0768046788927876,1.17687823935622,,0.0,False,False
microwave,mw_rain_cell,21,511.0,NONE,,0.042452135583047834,0.021875039132922325,0,-0.22201336675881578,-0.2644655023418636,False,0,False,False,302.0,1.774207146479168,1.6840323735258156,,0.0,False,False
microwave,mw_rain_cell,21,512.0,NONE,,-0.04262112779260008,0.40959462634316424,0,0.02482940268309619,0.06745053047569627,False,0,False,False,303.0,2.1593027238848785,2.417903790085814,,0.0,False,False
microwave,mw_rain_cell,21,513.0,NONE,,0.1893444481224833,0.16559297029877484,0,0.19467360416162194,0.005329156039138638,False,0,False,False,304.0,1.9276309582558842,1.8293283101186457,,0.0,False,False
microwave,mw_rain_cell,21,514.0,NONE,,0.6244010412131615,0.5982838435730216,0,0.0624880496440241,-0.5619129915691374,False,0,False,False,305.0,2.510838317027326,3.031455624136292,,0.0,False,False
microwave,mw_rain_cell,21,515.0,NONE,,0.5468131945522643,0.42816517645375995,0,0.3570951854111115,-0.18971800914115278,False,0,False,False,306.0,2.113798657794106,2.3803063342375994,,0.0,False,False
microwave,mw_rain_cell,21,516.0,NONE,,0.6964571023640289,0.440492404522665,0,0.4809188201145673,-0.2155382822494616,False,0,False,False,307.0,2.3373860216532716,3.371114903918941,,0.0,False,False
microwave,mw_rain_cell,21,517.0,NONE,,-0.2772553052867366,0.10026565085087213,0,0.13900957892001742,0.416264884206754,False,0,False,False,308.0,2.0285669360150056,3.2122619766465474,,0.0,False,False
microwave,mw_rain_cell,21,518.0,NONE,,0.09855422509831868,0.7046680935306853,0,-0.02089266624227548,-0.11944689134059416,False,0,False,False,309.0,1.9487628272805504,2.568883099780982,,0.0,False,False
microwave,mw_rain_cell,21,519.0,NONE,,0.32249650425001164,0.10404022085933207,0,0.29457511570812045,-0.02792138854189119,False,0,False,False,310.0,1.7373017158815511,2.4281638473428924,,0.0,False,False
microwave,mw_rain_cell,21,520.0,NONE,,0.22821240363433049,1.4154160414206345,0,-0.7751779539110473,-1.0033903575453778,False,0,False,False,311.0,1.331552251360373,2.4186190459713774,,0.0,False,False
microwave,mw_rain_cell,21,521.0,NONE,,0.1726751634382282,0.577871793344606,0,-0.3255777865451819,-0.4982529499834101,False,0,False,False,312.0,1.1962431517728191,1.521754932982847,,0.0,False,False
microwave,mw_rain_cell,21,522.0,NONE,,0.31150467342042276,0.6959496534089027,0,-0.6099962565682802,-0.9215009299887029,False,0,False,False,313.0,1.5082799000013032,2.2325663812890233,,0.0,False,False
microwave,mw_rain_cell,21,523.0,NONE,,-0.22809528432426873,0.18041997780690622,0,-0.609268256321208,-0.3811729719969392,False,0,False,False,314.0,1.9577782403670536,3.0613703432834094,,0.0,False,False
microwave,mw_rain_cell,21,524.0,NONE,,0.3901927474637503,0.8500952498034806,0,-0.6443003952369395,-1.0344931427006898,False,0,False,False,315.0,1.6292335951656807,2.7770304835128163,,0.0,False,False
microwave,mw_rain_cell,21,525.0,NONE,,0.14432710315593056,0.17747001328641687,0,-0.3538290125257575,-0.49815611568168805,False,0,False,False,316.0,2.0584263698620506,3.389342416820275,,0.0,False,False
microwave,mw_rain_cell,21,526.0,NONE,,0.3178501688074675,0.6358124879724443,0,-0.6231789359181761,-0.9410291047256436,False,0,False,False,317.0,2.100478502372278,3.6639542080516714,,0.0,False,False
microwave,mw_rain_cell,21,527.0,NONE,,0.290637042376531,0.715764981822403,0,0.4413700470365356,0.1507330046600046,False,0,False,False,318.0,2.1360086708054533,3.5053278169099586,,0.0,False,False
microwave,mw_rain_cell,21,528.0,NONE,,-0.14595210345909493,0.302940329167356,0,0.38462455744964075,0.5305766609087357,False,0,False,False,319.0,2.275321377819891,2.8886389085142783,,0.0,False,False
microwave,mw_rain_cell,21,529.0,NONE,,0.37712486938889356,0.27662891028250414,0,-0.07351502587938796,-0.4506398952682815,False,0,False,False,320.0,1.8546886476528508,2.267110102919415,,0.0,False,False
microwave,mw_rain_cell,21,530.0,NONE,,-0.42567833813041034,0.03472267111421701,0,-0.09618829041366439,0.32949004771674595,False,0,False,False,321.0,1.5982038278970487,1.961183620020145,,0.0,False,False
microwave,mw_rain_cell,21,531.0,NONE,,1.3245352169817295,0.8997993937922217,0,0.5953069948423106,-0.7292282221394188,True,1,False,False,322.0,2.22189405167608,2.6704230289913506,,0.0,False,False
microwave,mw_rain_cell,21,532.0,NONE,,0.37968114294322675,0.5439766440815674,0,-0.24991439690194284,-0.6295955398451696,False,0,False,False,323.0,1.4904749922621292,1.5645545813280723,,0.0,False,False
microwave,mw_rain_cell,21,533.0,NONE,,0.07031194483664649,0.10828580000920596,0,-0.5245721241877703,-0.5948840690244168,False,0,False,False,324.0,0.6657771280465318,0.989990931785272,,0.0,False,False
microwave,mw_rain_cell,21,534.0,NONE,,0.10390144129861056,0.8287284276155376,0,0.17510120299654375,0.07119976169793318,False,0,False,False,325.0,0.7892562538349056,1.1386259835940138,,0.0,False,False
microwave,mw_rain_cell,21,535.0,NONE,,0.33921849187878195,0.8934406387883342,0,0.7183223912380186,0.3791038993592366,False,0,False,False,326.0,1.1547028473985863,1.9680662385220704,,0.0,False,False
microwave,mw_rain_cell,21,536.0,NONE,,0.2202542342703282,0.06313270625999934,0,0.4570144357629431,0.2367602014926149,False,0,False,False,327.0,1.5029007367562603,2.3247118693448794,,0.0,False,False
microwave,mw_rain_cell,21,537.0,NONE,,-0.3850691990769022,0.39373802142279146,0,0.2657087016548658,0.650777900731768,False,0,False,False,328.0,1.5868096578242235,3.04013987119142,,0.0,False,False
microwave,mw_rain_cell,21,538.0,NONE,,0.12989841984977346,0.558432166334498,0,-0.17938168090067563,-0.3092801007504491,False,0,False,False,329.0,1.2799137407750474,2.933511374672576,,0.0,False,False
microwave,mw_rain_cell,21,539.0,NONE,,0.1771615379590017,0.2375433421930353,0,0.23460541041865213,0.057443872459650436,False,0,False,False,330.0,1.0382245894348345,2.2239251490333833,,0.0,False,False
microwave,mw_rain_cell,21,540.0,NONE,,0.7250047045111998,0.4706862608864668,0,-0.2220385930200024,-0.9470432975312022,False,0,False,False,331.0,0.579842578968874,1.0345321361401782,,0.0,False,False
microwave,mw_rain_cell,21,541.0,NONE,,1.0688304623162708,1.5720505571048946,0,0.3531733185255348,-0.715657143790736,False,0,False,False,332.0,0.5296286972580715,0.7198790205654548,,0.0,False,False
microwave,mw_rain_cell,21,542.0,NONE,,0.4650899770589092,1.4544879718809653,0,-0.27562936756101664,-0.7407193446199258,False,0,False,False,333.0,0.7853824475855641,1.459210973284089,,0.0,False,False
microwave,mw_rain_cell,21,543.0,NONE,,0.5245860353319785,0.31230815205823603,0,-0.7035002823585401,-1.2280863176905186,False,0,False,False,334.0,0.5854121373710458,1.5616970332799136,,0.0,False,False
microwave,mw_rain_cell,21,544.0,NONE,,0.5170368152489644,0.6037040223610006,0,0.26847789169551817,-0.24855892355344622,False,0,False,False,335.0,0.9847441474614915,2.557198248863137,,0.0,False,False
microwave,mw_rain_cell,21,545.0,NONE,,-0.05628431254154975,0.2833574036419151,0,0.4176466612586083,0.47393097380015803,False,0,False,False,336.0,0.7090172409888172,1.4964539681161368,,0.0,False,False
microwave,mw_rain_cell,21,546.0,NONE,,0.28339279573783926,0.195507122785898,0,-0.5265141613035453,-0.8099069570413846,False,0,False,False,337.0,0.5212646051384192,1.851800958364581,,0.0,False,False
microwave,mw_rain_cell,21,547.0,NONE,,0.570820079824621,0.5129696168947646,0,0.24239044027878975,-0.32842963954583126,False,0,False,False,338.0,-0.5336367929328496,0.8095851895857493,,0.0,False,False
microwave,mw_rain_cell,21,548.0,NONE,,0.4903071129107346,1.1840880402089269,0,0.5474696795287599,0.05716256661802532,False,0,False,False,339.0,-0.5522185468328246,1.2419107771770617,,0.0,False,False
microwave,mw_rain_cell,21,549.0,NONE,,-0.2126946074977596,0.17622979805901906,0,-0.2675140769911266,-0.05481946949336702,False,0,False,False,340.0,-0.810796546812923,1.4065773710750598,,0.0,False,False
microwave,mw_rain_cell,21,550.0,NONE,,0.11308073985316014,0.18208672788321678,0,-0.19850175444071994,-0.3115824942938801,False,0,False,False,341.0,-1.383770225283821,1.4281492803872,,0.0,False,False
microwave,mw_rain_cell,21,551.0,NONE,,0.029652051875437735,0.18056318809724559,0,0.05007148369466563,0.020419431819227896,False,0,False,False,342.0,-1.0612838601073333,1.8565142192638282,,0.0,False,False
microwave,mw_rain_cell,21,552.0,NONE,,0.5587781943455354,0.06495689571481478,0,0.6884805248404433,0.12970233049490787,False,0,False,False,343.0,-1.1037358207073873,2.334360902511922,,0.0,False,False
microwave,mw_rain_cell,21,553.0,NONE,,0.1664162225404482,0.4836973449495616,0,-0.5521152061436396,-0.7185314286840878,False,0,False,False,344.0,-0.9921592694194488,2.208131550502957,,0.0,False,False
microwave,mw_rain_cell,21,554.0,NONE,,0.6338266603154992,0.6038713350218501,0,-0.22002293686144725,-0.8538495971769464,False,0,False,False,345.0,-0.5246235102736274,2.543852033190618,,0.0,False,False
microwave,mw_rain_cell,21,555.0,NONE,,0.0493637493813921,0.7198348192451363,0,-0.42172744438042997,-0.47109119376182207,False,0,False,False,346.0,-0.5374334224153764,2.1570177105007,,0.0,False,False
microwave,mw_rain_cell,21,556.0,NONE,,0.07475461204068523,0.9624660810588068,0,-0.023625526667565566,-0.0983801387082508,False,0,False,False,347.0,-0.4061828732407758,2.056707663932159,,0.0,False,False
microwave,mw_rain_cell,21,557.0,NONE,,-0.3524166246170424,0.27214802699302965,0,0.008937930240058733,0.3613545548571011,False,0,False,False,348.0,-0.3529752354386252,2.0770356534094314,,0.0,False,False
microwave,mw_rain_cell,21,558.0,NONE,,0.5302095946681575,0.06330282273444254,0,-0.13640407673409527,-0.6666136714022528,False,0,False,False,349.0,-0.3836794197129403,3.093172051220731,,0.0,False,False
microwave,mw_rain_cell,21,559.0,NONE,,0.8323772673990106,0.6523126175351379,0,-0.10938050502599594,-0.9417577724250066,False,0,False,False,350.0,-1.1061103837287913,2.275564371321625,,0.0,False,False
microwave,mw_rain_cell,21,560.0,NONE,,-0.28026010889134767,0.006149952766762112,0,0.06890206131874521,0.3491621702100929,False,0,False,False,351.0,-0.9629051329546452,1.828819033093799,,0.0,False,False
microwave,mw_rain_cell,21,561.0,NONE,,0.37775079745413365,0.8817603688182771,0,-0.038037454085895206,-0.41578825154002885,False,0,False,False,352.0,-0.7527803668884057,2.2867150059387242,,0.0,False,False
microwave,mw_rain_cell,21,562.0,NONE,,0.41326279418980505,0.7011948116345508,0,-0.0347751294412717,-0.44803792363107675,False,0,False,False,353.0,-1.0491071295365142,1.2127977159856291,,0.0,False,False
microwave,mw_rain_cell,21,563.0,NONE,,0.19293697628209117,0.16589345893972052,0,-0.17580564120055442,-0.3687426174826456,False,0,False,False,354.0,-0.9477588210876294,0.661860621138897,,0.0,False,False
microwave,mw_rain_cell,21,564.0,NONE,,0.710235000799905,0.38261568947611835,0,-0.5150051913530476,-1.2252401921529525,False,0,False,False,355.0,-0.6729925085677329,0.5817873524103552,,0.0,False,False
microwave,mw_rain_cell,21,565.0,NONE,,0.10702166278496605,0.13327959303932602,0,-0.5441580006322297,-0.6511796634171958,False,0,False,False,356.0,-1.3176294329023452,0.03639792317818058,,0.0,False,False
microwave,mw_rain_cell,21,566.0,NONE,,-0.26233418907609973,0.35144384909052206,0,0.009635150197411235,0.27196933927351097,False,0,False,False,357.0,-1.088023769181341,0.14062944365211072,,0.0,False,False
microwave,mw_rain_cell,21,567.0,NONE,,0.5262913973077872,1.2697251086707766,0,-0.14548679828698852,-0.6717781955947757,False,0,False,False,358.0,-0.5436984293032434,0.9958309464609252,,0.0,False,False
microwave,mw_rain_cell,21,568.0,NONE,,0.5699837667465175,0.10589789769523605,0,0.20396172295292558,-0.36602204379359193,False,0,False,False,359.0,-0.5924990636698769,0.42581330109123805,,0.0,False,False
microwave,mw_rain_cell,21,569.0,NONE,,0.18247363526985794,0.6914203143123814,0,0.11363721044206443,-0.06883642482779351,False,0,False,False,360.0,-0.35230903169395933,0.7090554092991549,,0.0,False,False
microwave,mw_rain_cell,21,570.0,NONE,,-0.06256184224115913,0.0833133484928581,0,0.5150123079595517,0.5775741502007108,False,0,False,False,361.0,-0.47895876814018573,0.09389892343056844,,0.0,False,False
microwave,mw_rain_cell,21,571.0,NONE,,0.03688622670505026,0.17662459464744273,0,0.4072462727117596,0.37036004600670935,False,0,False,False,362.0,-0.2230757885380781,0.44106860772815826,,0.0,False,False
microwave,mw_rain_cell,21,572.0,NONE,,-0.33743793822876,0.8993729816999263,0,0.06789305246186217,0.4053309906906222,False,0,False,False,363.0,-0.0056070490406847084,0.45426358925872434,,0.0,False,False
microwave,mw_rain_cell,21,573.0,NONE,,0.08341856070811104,0.10283809956123946,0,-0.09092752915228886,-0.1743460898603999,False,0,False,False,364.0,-0.20131235601132635,0.018469792774171823,,0.0,False,False
microwave,mw_rain_cell,21,574.0,NONE,,0.4670493162164533,1.0151939039894629,0,-0.28046946938120954,-0.7475187855976628,False,0,False,False,365.0,-0.39588057072550775,0.6297774302887134,,0.0,False,False
microwave,mw_rain_cell,21,575.0,NONE,,0.20884757511863228,0.6860174326946691,0,0.0857001230799952,-0.12314745203863708,False,0,False,False,366.0,0.07226495166756186,0.3148097771600258,,0.0,False,False
microwave,mw_rain_cell,21,576.0,NONE,,0.06578836369847352,0.7996802794673812,0,0.22824239994236706,0.16245403624389354,False,0,False,False,367.0,-0.12154450964110987,0.12769197574442387,,0.0,False,False
microwave,mw_rain_cell,21,577.0,NONE,,0.3319307026653249,0.9899871821672548,0,-0.28041849488450055,-0.6123491975498254,False,0,False,False,368.0,0.22763997167999564,0.7161171971358291,,0.0,False,False
microwave,mw_rain_cell,21,578.0,NONE,,0.3831817440456575,1.1235551053792392,0,-0.2255659143585902,-0.6087476584042477,False,0,False,False,369.0,-0.2842825736053472,0.5235062332462774,,0.0,False,False
microwave,mw_rain_cell,21,579.0,NONE,,0.4845077764756809,0.19365973451010632,0,0.13190569864411827,-0.3526020778315626,False,0,False,False,370.0,0.7871565246095515,0.9419060079165493,,0.0,False,False
microwave,mw_rain_cell,21,580.0,NONE,,0.2267630551752262,0.309900447551982,0,-0.3165803777926115,-0.5433434329678377,False,0,False,False,371.0,0.6386953287058461,0.6181462901053256,,0.0,False,False
microwave,mw_rain_cell,21,581.0,NONE,,0.34987034156992536,0.060402333463358104,0,-0.6558796151637978,-1.0057499567337231,False,0,False,False,372.0,0.8666527114040685,1.5112509957899707,,0.0,False,False
microwave,mw_rain_cell,21,582.0,NONE,,-0.18391673136193987,0.43169632636772803,0,0.19409226966281778,0.37800900102475765,False,0,False,False,373.0,0.4921586262525816,1.3024625781561552,,0.0,False,False
microwave,mw_rain_cell,21,583.0,NONE,,0.12747470760465518,0.031021679558442372,0,-0.560168938835929,-0.6876436464405842,False,0,False,False,374.0,0.5444957354516492,0.7367578892012092,,0.0,False,False
microwave,mw_rain_cell,21,584.0,NONE,,-0.2643769777790581,0.19046292213504046,0,0.48103525087287125,0.7454122286519294,False,0,False,False,375.0,0.6197602369255556,0.9735351397118339,,0.0,False,False
microwave,mw_rain_cell,21,585.0,NONE,,-0.40144994483137,0.3107996327263862,0,0.6100512717557791,1.011501216587149,False,0,False,False,376.0,0.8774552313115643,1.142705262842362,,0.0,False,False
microwave,mw_rain_cell,21,586.0,NONE,,0.32772055457418503,0.5922617544507887,0,0.15415883059695545,-0.17356172397722958,False,0,False,False,377.0,0.9626698224669763,0.9814972835917798,,0.0,False,False
microwave,mw_rain_cell,21,587.0,NONE,,-0.2804368283644436,0.09875157831036319,0,-0.3178021415184702,-0.03736531315402658,False,0,False,False,378.0,1.2557149579374467,1.6958928208565924,,0.0,False,False
microwave,mw_rain_cell,21,588.0,NONE,,0.2190043162708335,0.14990932349356,0,-0.07117608653964425,-0.29018040281047774,False,0,False,False,379.0,1.030638421072628,0.9214576075937662,,0.0,False,False
microwave,mw_rain_cell,21,589.0,NONE,,0.03532875756007314,0.7273994565375759,0,-0.19374525137130405,-0.2290740089313772,False,0,False,False,380.0,1.1189092570461332,1.1810535052768443,,0.0,False,False
microwave,mw_rain_cell,21,590.0,NONE,,0.16572892875790757,0.8916105583326726,0,-0.0698517562961527,-0.23558068505406027,False,0,False,False,381.0,0.9545807853489334,0.8543709306643279,,0.0,False,False
microwave,mw_rain_cell,21,591.0,NONE,,0.279012649989518,0.4394052376989137,0,-0.6994581849881953,-0.9784708349777134,False,0,False,False,382.0,0.5213586379350168,0.6776316400497637,,0.0,False,False
microwave,mw_rain_cell,21,592.0,NONE,,-0.04768870731940211,0.2068943100853744,0,-0.31818858670795436,-0.27049987938855224,False,0,False,False,383.0,0.769404482378663,1.0250415575867133,,0.0,False,False
microwave,mw_rain_cell,21,593.0,NONE,,-0.32873826758433466,0.12913580476063657,0,-0.03490363916765915,0.2938346284166755,False,0,False,False,384.0,0.674989634560715,0.5174274438100208,,0.0,False,False
microwave,mw_rain_cell,21,594.0,NONE,,-0.07873243064493352,0.4406049370933971,0,-0.18467448409262488,-0.10594205344769136,False,0,False,False,385.0,1.2893407581379082,0.8674693083075165,,0.0,False,False
microwave,mw_rain_cell,21,595.0,NONE,,0.09975154164818179,0.43625159214217035,0,-0.5273816186094251,-0.6271331602576069,False,0,False,False,386.0,1.3516371864557704,0.45362198364464734,,0.0,False,False
microwave,mw_rain_cell,21,596.0,NONE,,0.578313813418589,0.9373424462978406,0,0.518991746529899,-0.05932206688869002,False,0,False,False,387.0,1.1546432992382838,0.6120924089588311,,0.0,False,False
microwave,mw_rain_cell,21,597.0,NONE,,0.6947382074437414,0.5027842383732093,0,-0.3366750620502117,-1.031413269493953,False,0,False,False,388.0,1.504336409846672,1.6728728321504436,,0.0,False,False
microwave,mw_rain_cell,21,598.0,NONE,,-0.07361176786994861,0.7972360941897492,0,0.3680560603173788,0.4416678281873274,False,0,False,False,389.0,1.9316689371370943,1.730272955683167,,0.0,False,False
microwave,mw_rain_cell,21,599.0,NONE,,-0.10110098181677785,0.03035753601076152,0,0.11944293661131411,0.22054391842809196,False,0,False,False,390.0,2.0038559337357036,1.7428944335221377,,0.0,False,False
microwave,mw_rain_cell,21,600.0,NONE,,0.6005315973849434,0.45359247948982073,0,-0.10972984726286228,-0.7102614446478057,False,0,False,False,391.0,1.8502523226178524,1.5506951067611374,,0.0,False,False
leo_ntn,leo_low_elevation,1,0.0,NONE,,0.0,0.0,0,0.0,0.0,False,0,False,False,,0.0,0.0,,0.0,False,False
leo_ntn,leo_low_elevation,1,1.0,NONE,,0.0,0.0,0,0.0,0.0,False,0,False,False,,0.0,0.0,,0.0,False,False
leo_ntn,leo_low_elevation,1,2.0,NONE,,0.0,0.0,0,0.0,0.0,False,0,False,False,,0.0,0.0,,0.0,False,False
leo_ntn,leo_low_elevation,1,3.0,NONE,,0.0,0.0,0,0.0,0.0,False,0,False,False,,0.0,0.0,,0.0,False,False
leo_ntn,leo_low_elevation,1,4.0,NONE,,0.0,0.0,0,0.0,0.0,False,0,False,False,,0.0,0.0,,0.0,False,False
leo_ntn,leo_low_elevation,1,5.0,NONE,,0.0,0.0,0,0.0,0.0,False,0,False,False,,0.0,0.0,,0.0,False,False
leo_ntn,leo_low_elevation,1,6.0,NONE,,0.0,0.0,0,0.0,0.0,False,0,False,False,,0.0,0.0,,0.0,False,False
leo_ntn,leo_low_elevation,1,7.0,NONE,,0.0,0.0,0,0.0,0.0,False,0,False,False,,0.0,0.0,,0.0,False,False
leo_ntn,leo_low_elevation,1,8.0,NONE,,0.0,0.0,0,0.0,0.0,False,0,False,False,,0.0,0.0,,0.0,False,False
leo_ntn,leo_low_elevation,1,9.0,NONE,,0.0,0.0,0,0.0,0.0,False,0,False,False,,0.0,0.0,,0.0,False,False
leo_ntn,leo_low_elevation,1,10.0,NONE,,0.0,0.0,0,0.0,0.0,False,0,False,False,,0.0,0.0,,0.0,False,False
leo_ntn,leo_low_elevation,1,11.0,NONE,,0.0,0.0,0,0.0,0.0,False,0,False,False,,0.0,0.0,,0.0,False,False
leo_ntn,leo_low_elevation,1,12.0,NONE,,0.0,0.0,0,0.0,0.0,False,0,False,False,,0.0,0.0,,0.0,False,False
leo_ntn,leo_low_elevation,1,13.0,NONE,,0.0,0.0,0,0.0,0.0,False,0,False,False,,0.0,0.0,,0.0,False,False
leo_ntn,leo_low_elevation,1,14.0,NONE,,0.0,0.0,0,0.0,0.0,False,0,False,False,,0.0,0.0,,0.0,False,False
leo_ntn,leo_low_elevation,1,15.0,NONE,,0.0,0.0,0,0.0,0.0,False,0,False,False,,0.0,0.0,,0.0,False,False
leo_ntn,leo_low_elevation,1,16.0,NONE,,0.0,0.0,0,0.0,0.0,False,0,False,False,,0.0,0.0,,0.0,False,False
leo_ntn,leo_low_elevation,1,17.0,NONE,,0.0,0.0,0,0.0,0.0,False,0,False,False,,0.0,0.0,,0.0,False,False
leo_ntn,leo_low_elevation,1,18.0,NONE,,0.0,0.0,0,0.0,0.0,False,0,False,False,,0.0,0.0,,0.0,False,False
leo_ntn,leo_low_elevation,1,19.0,NONE,,0.0,0.0,0,0.0,0.0,False,0,False,False,,0.0,0.0,,0.0,False,False
leo_ntn,leo_low_elevation,1,20.0,NONE,,0.0,0.0,0,0.0,0.0,False,0,False,False,,0.0,0.0,,0.0,False,False
leo_ntn,leo_low_elevation,1,21.0,NONE,,0.0,0.0,0,0.0,0.0,False,0,False,False,,0.0,0.0,,0.0,False,False
leo_ntn,leo_low_elevation,1,22.0,NONE,,0.0,0.0,0,0.0,0.0,False,0,False,False,,0.0,0.0,,0.0,False,False
leo_ntn,leo_low_elevation,1,23.0,NONE,,0.0,0.0,0,0.0,0.0,False,0,False,False,,0.0,0.0,,0.0,False,False
leo_ntn,leo_low_elevation,1,24.0,NONE,,0.0,0.0,0,0.0,0.0,False,0,False,False,,0.0,0.0,,0.0,False,False
leo_ntn,leo_low_elevation,1,25.0,NONE,,0.0,0.0,0,0.0,0.0,False,0,False,False,,0.0,0.0,,0.0,False,False
leo_ntn,leo_low_elevation,1,26.0,NONE,,0.0,0.0,0,0.0,0.0,False,0,False,False,,0.0,0.0,,0.0,False,False
leo_ntn,leo_low_elevation,1,27.0,NONE,,0.0,0.0,0,0.0,0.0,False,0,False,False,,0.0,0.0,,0.0,False,False
leo_ntn,leo_low_elevation,1,28.0,NONE,,0.0,0.0,0,0.0,0.0,False,0,False,False,,0.0,0.0,,0.0,False,False
leo_ntn,leo_low_elevation,1,29.0,NONE,,0.0,0.0,0,0.0,0.0,False,0,False,False,,0.0,0.0,,0.0,False,False
leo_ntn,leo_low_elevation,1,30.0,NONE,,0.0,0.0,0,0.0,0.0,False,0,False,False,,0.0,0.0,,0.0,False,False
leo_ntn,leo_low_elevation,1,31.0,NONE,,0.0,0.0,0,0.0,0.0,False,0,False,False,,0.0,0.0,,0.0,False,False
leo_ntn,leo_low_elevation,1,32.0,NONE,,0.0,0.0,0,0.0,0.0,False,0,False,False,,0.0,0.0,,0.0,False,False
leo_ntn,leo_low_elevation,1,33.0,NONE,,0.0,0.0,0,0.0,0.0,False,0,False,False,,0.0,0.0,,0.0,False,False
leo_ntn,leo_low_elevation,1,34.0,NONE,,0.0,0.0,0,0.0,0.0,False,0,False,False,,0.0,0.0,,0.0,False,False
leo_ntn,leo_low_elevation,1,35.0,NONE,,0.0,0.0,0,0.0,0.0,False,0,False,False,,0.0,0.0,,0.0,False,False
leo_ntn,leo_low_elevation,1,36.0,NONE,,0.0,0.0,0,0.0,0.0,False,0,False,False,,0.0,0.0,,0.0,False,False
leo_ntn,leo_low_elevation,1,37.0,NONE,,0.0,0.0,0,0.0,0.0,False,0,False,False,,0.0,0.0,,0.0,False,False
leo_ntn,leo_low_elevation,1,38.0,NONE,,0.0,0.0,0,0.0,0.0,False,0,False,False,,0.0,0.0,,0.0,False,False
leo_ntn,leo_low_elevation,1,39.0,NONE,,0.0,0.0,0,0.0,0.0,False,0,False,False,,0.0,0.0,,0.0,False,False
leo_ntn,leo_low_elevation,1,40.0,NONE,,0.0,0.0,0,0.0,0.0,False,0,False,False,,0.0,0.0,,0.0,False,False
leo_ntn,leo_low_elevation,1,41.0,NONE,,0.0,0.0,0,0.0,0.0,False,0,False,False,,0.0,0.0,,0.0,False,False
leo_ntn,leo_low_elevation,1,42.0,NONE,,0.0,0.0,0,0.0,0.0,False,0,False,False,,0.0,0.0,,0.0,False,False
leo_ntn,leo_low_elevation,1,43.0,NONE,,0.0,0.0,0,0.0,0.0,False,0,False,False,,0.0,0.0,,0.0,False,False
leo_ntn,leo_low_elevation,1,44.0,NONE,,0.0,0.0,0,0.0,0.0,False,0,False,False,,0.0,0.0,,0.0,False,False
leo_ntn,leo_low_elevation,1,45.0,NONE,,0.0,0.0,0,0.0,0.0,False,0,False,False,,0.0,0.0,,0.0,False,False
leo_ntn,leo_low_elevation,1,46.0,NONE,,0.0,0.0,0,0.0,0.0,False,0,False,False,,0.0,0.0,,0.0,False,False
leo_ntn,leo_low_elevation,1,47.0,NONE,,0.0,0.0,0,0.0,0.0,False,0,False,False,,0.0,0.0,,0.0,False,False
leo_ntn,leo_low_elevation,1,48.0,NONE,,0.0,0.0,0,0.0,0.0,False,0,False,False,,0.0,0.0,,0.0,False,False
leo_ntn,leo_low_elevation,1,49.0,NONE,,0.0,0.0,0,0.0,0.0,False,0,False,False,,0.0,0.0,,0.0,False,False
leo_ntn,leo_low_elevation,1,50.0,NONE,,0.0,0.0,0,0.0,0.0,False,0,False,False,,0.0,0.0,,0.0,False,False
leo_ntn,leo_low_elevation,1,51.0,NONE,,0.0,0.0,0,0.0,0.0,False,0,False,False,,0.0,0.0,,0.0,False,False
leo_ntn,leo_low_elevation,1,52.0,NONE,,0.0,0.0,0,0.0,0.0,False,0,False,False,,0.0,0.0,,0.0,False,False
leo_ntn,leo_low_elevation,1,53.0,NONE,,0.0,0.0,0,0.0,0.0,False,0,False,False,,0.0,0.0,,0.0,False,False
leo_ntn,leo_low_elevation,1,54.0,NONE,,0.0,0.0,0,0.0,0.0,False,0,False,False,,0.0,0.0,,0.0,False,False
leo_ntn,leo_low_elevation,1,55.0,NONE,,0.0,0.0,0,0.0,0.0,False,0,False,False,,0.0,0.0,,0.0,False,False
leo_ntn,leo_low_elevation,1,56.0,NONE,,0.0,0.0,0,0.0,0.0,False,0,False,False,,0.0,0.0,,0.0,False,False
leo_ntn,leo_low_elevation,1,57.0,NONE,,0.0,0.0,0,0.0,0.0,False,0,False,False,,0.0,0.0,,0.0,False,False
leo_ntn,leo_low_elevation,1,58.0,NONE,,0.0,0.0,0,0.0,0.0,False,0,False,False,,0.0,0.0,,0.0,False,False
leo_ntn,leo_low_elevation,1,59.0,NONE,,0.0,0.0,0,0.0,0.0,False,0,False,False,,0.0,0.0,,0.0,False,False
leo_ntn,leo_low_elevation,1,60.0,NONE,,0.0,0.0,0,0.0,0.0,False,0,False,False,,0.0,0.0,,0.0,False,False
leo_ntn,leo_low_elevation,1,61.0,NONE,,0.0,0.0,0,0.0,0.0,False,0,False,False,,0.0,0.0,,0.0,False,False
leo_ntn,leo_low_elevation,1,62.0,NONE,,0.0,0.0,0,0.0,0.0,False,0,False,False,,0.0,0.0,,0.0,False,False
leo_ntn,leo_low_elevation,1,63.0,NONE,,0.0,0.0,0,0.0,0.0,False,0,False,False,,0.0,0.0,,0.0,False,False
leo_ntn,leo_low_elevation,1,64.0,NONE,,0.0,0.0,0,0.0,0.0,False,0,False,False,,0.0,0.0,,0.0,False,False
leo_ntn,leo_low_elevation,1,65.0,NONE,,0.0,0.0,0,0.0,0.0,False,0,False,False,,0.0,0.0,,0.0,False,False
leo_ntn,leo_low_elevation,1,66.0,NONE,,0.0,0.0,0,0.0,0.0,False,0,False,False,,0.0,0.0,,0.0,False,False
leo_ntn,leo_low_elevation,1,67.0,NONE,,0.0,0.0,0,0.0,0.0,False,0,False,False,,0.0,0.0,,0.0,False,False
leo_ntn,leo_low_elevation,1,68.0,NONE,,0.0,0.0,0,0.0,0.0,False,0,False,False,,0.0,0.0,,0.0,False,False
leo_ntn,leo_low_elevation,1,69.0,NONE,,0.0,0.0,0,0.0,0.0,False,0,False,False,,0.0,0.0,,0.0,False,False
leo_ntn,leo_low_elevation,1,70.0,NONE,,0.0,0.0,0,0.0,0.0,False,0,False,False,,0.0,0.0,,0.0,False,False
leo_ntn,leo_low_elevation,1,71.0,NONE,,0.0,0.0,0,0.0,0.0,False,0,False,False,,0.0,0.0,,0.0,False,False
leo_ntn,leo_low_elevation,1,72.0,NONE,,0.0,0.0,0,0.0,0.0,False,0,False,False,,0.0,0.0,,0.0,False,False
leo_ntn,leo_low_elevation,1,73.0,NONE,,0.0,0.0,0,0.0,0.0,False,0,False,False,,0.0,0.0,,0.0,False,False
leo_ntn,leo_low_elevation,1,74.0,NONE,,0.0,0.0,0,0.0,0.0,False,0,False,False,,0.0,0.0,,0.0,False,False
leo_ntn,leo_low_elevation,1,75.0,NONE,,0.0,0.0,0,0.0,0.0,False,0,False,False,,0.0,0.0,,0.0,False,False
leo_ntn,leo_low_elevation,1,76.0,NONE,,0.0,0.0,0,0.0,0.0,False,0,False,False,,0.0,0.0,,0.0,False,False
leo_ntn,leo_low_elevation,1,77.0,NONE,,0.0,0.0,0,0.0,0.0,False,0,False,False,,0.0,0.0,,0.0,False,False
leo_ntn,leo_low_elevation,1,78.0,NONE,,0.0,0.0,0,0.0,0.0,False,0,False,False,,0.0,0.0,,0.0,False,False
leo_ntn,leo_low_elevation,1,79.0,NONE,,0.0,0.0,0,0.0,0.0,False,0,False,False,,0.0,0.0,,0.0,False,False
leo_ntn,leo_low_elevation,1,80.0,NONE,,0.0,0.0,0,0.0,0.0,False,0,False,False,,0.0,0.0,,0.0,False,False
leo_ntn,leo_low_elevation,1,81.0,NONE,,0.0,0.0,0,0.0,0.0,False,0,False,False,,0.0,0.0,,0.0,False,False
leo_ntn,leo_low_elevation,1,82.0,NONE,,0.0,0.0,0,0.0,0.0,False,0,False,False,,0.0,0.0,,0.0,False,False
leo_ntn,leo_low_elevation,1,83.0,NONE,,0.0,0.0,0,0.0,0.0,False,0,False,False,,0.0,0.0,,0.0,False,False
leo_ntn,leo_low_elevation,1,84.0,NONE,,0.0,0.0,0,0.0,0.0,False,0,False,False,,0.0,0.0,,0.0,False,False
leo_ntn,leo_low_elevation,1,85.0,NONE,,0.0,0.0,0,0.0,0.0,False,0,False,False,,0.0,0.0,,0.0,False,False
leo_ntn,leo_low_elevation,1,86.0,NONE,,0.0,0.0,0,0.0,0.0,False,0,False,False,,0.0,0.0,,0.0,False,False
leo_ntn,leo_low_elevation,1,87.0,NONE,,0.0,0.0,0,0.0,0.0,False,0,False,False,,0.0,0.0,,0.0,False,False
leo_ntn,leo_low_elevation,1,88.0,NONE,,0.0,0.0,0,0.0,0.0,False,0,False,False,,0.0,0.0,,0.0,False,False
leo_ntn,leo_low_elevation,1,89.0,NONE,,0.0,0.0,0,0.0,0.0,False,0,False,False,,0.0,0.0,,0.0,False,False
leo_ntn,leo_low_elevation,1,90.0,NONE,,0.0,0.0,0,0.0,0.0,False,0,False,False,,0.0,0.0,,0.0,False,False
leo_ntn,leo_low_elevation,1,91.0,NONE,,0.0,0.0,0,0.0,0.0,False,0,False,False,,0.0,0.0,,0.0,False,False
leo_ntn,leo_low_elevation,1,92.0,NONE,,0.0,0.0,0,0.0,0.0,False,0,False,False,,0.0,0.0,,0.0,False,False
leo_ntn,leo_low_elevation,1,93.0,NONE,,0.0,0.0,0,0.0,0.0,False,0,False,False,,0.0,0.0,,0.0,False,False
leo_ntn,leo_low_elevation,1,94.0,NONE,,0.0,0.0,0,0.0,0.0,False,0,False,False,,0.0,0.0,,0.0,False,False
leo_ntn,leo_low_elevation,1,95.0,NONE,,0.0,0.0,0,0.0,0.0,False,0,False,False,,0.0,0.0,,0.0,False,False
leo_ntn,leo_low_elevation,1,96.0,NONE,,0.0,0.0,0,0.0,0.0,False,0,False,False,,0.0,0.0,,0.0,False,False
leo_ntn,leo_low_elevation,1,97.0,NONE,,0.0,0.0,0,0.0,0.0,False,0,False,False,,0.0,0.0,,0.0,False,False
leo_ntn,leo_low_elevation,1,98.0,NONE,,0.0,0.0,0,0.0,0.0,False,0,False,False,,0.0,0.0,,0.0,False,False
leo_ntn,leo_low_elevation,1,99.0,NONE,,0.0,0.0,0,0.0,0.0,False,0,False,False,,0.0,0.0,,0.0,False,False
leo_ntn,leo_low_elevation,1,100.0,NONE,,0.0,0.0,0,0.0,0.0,False,0,False,False,,0.0,0.0,,0.0,False,False
leo_ntn,leo_low_elevation,1,101.0,NONE,,0.0,0.0,0,0.0,0.0,False,0,False,False,,0.0,0.0,,0.0,False,False
leo_ntn,leo_low_elevation,1,102.0,NONE,,0.0,0.0,0,0.0,0.0,False,0,False,False,,0.0,0.0,,0.0,False,False
leo_ntn,leo_low_elevation,1,103.0,NONE,,0.0,0.0,0,0.0,0.0,False,0,False,False,,0.0,0.0,,0.0,False,False
leo_ntn,leo_low_elevation,1,104.0,NONE,,0.0,0.0,0,0.0,0.0,False,0,False,False,,0.0,0.0,,0.0,False,False
leo_ntn,leo_low_elevation,1,105.0,NONE,,0.0,0.0,0,0.0,0.0,False,0,False,False,,0.0,0.0,,0.0,False,False
leo_ntn,leo_low_elevation,1,106.0,NONE,,0.0,0.0,0,0.0,0.0,False,0,False,False,,0.0,0.0,,0.0,False,False
leo_ntn,leo_low_elevation,1,107.0,NONE,,0.0,0.0,0,0.0,0.0,False,0,False,False,,0.0,0.0,,0.0,False,False
leo_ntn,leo_low_elevation,1,108.0,NONE,,0.0,0.0,0,0.0,0.0,False,0,False,False,,0.0,0.0,,0.0,False,False
leo_ntn,leo_low_elevation,1,109.0,NONE,,0.0,0.0,0,0.0,0.0,False,0,False,False,,0.0,0.0,,0.0,False,False
leo_ntn,leo_low_elevation,1,110.0,NONE,,0.0,0.0,0,0.0,0.0,False,0,False,False,,0.0,0.0,,0.0,False,False
leo_ntn,leo_low_elevation,1,111.0,NONE,,0.0,0.0,0,0.0,0.0,False,0,False,False,,0.0,0.0,,0.0,False,False
leo_ntn,leo_low_elevation,1,112.0,NONE,,0.0,0.0,0,0.0,0.0,False,0,False,False,,0.0,0.0,,0.0,False,False
leo_ntn,leo_low_elevation,1,113.0,NONE,,0.0,0.0,0,0.0,0.0,False,0,False,False,,0.0,0.0,,0.0,False,False
leo_ntn,leo_low_elevation,1,114.0,NONE,,0.0,0.0,0,0.0,0.0,False,0,False,False,,0.0,0.0,,0.0,False,False
leo_ntn,leo_low_elevation,1,115.0,NONE,,0.0,0.0,0,0.0,0.0,False,0,False,False,,0.0,0.0,,0.0,False,False
leo_ntn,leo_low_elevation,1,116.0,NONE,,0.0,0.0,0,0.0,0.0,False,0,False,False,,0.0,0.0,,0.0,False,False
leo_ntn,leo_low_elevation,1,117.0,NONE,,0.0,0.0,0,0.0,0.0,False,0,False,False,,0.0,0.0,,0.0,False,False
leo_ntn,leo_low_elevation,1,118.0,NONE,,0.0,0.0,0,0.0,0.0,False,0,False,False,,0.0,0.0,,0.0,False,False
leo_ntn,leo_low_elevation,1,119.0,NONE,,0.0,0.0,0,0.0,0.0,False,0,False,False,,0.0,0.0,,0.0,False,False
leo_ntn,leo_low_elevation,1,120.0,NONE,,0.0,0.0,0,0.0,0.0,False,0,False,False,,0.0,0.0,,0.0,False,False
leo_ntn,leo_low_elevation,1,121.0,NONE,,0.27842812839463704,3.85984410356469,0,1.4421263610361859,1.1636982326415488,False,0,False,False,,0.0,0.0,27.195996763555428,0.0,False,False
leo_ntn,leo_low_elevation,1,122.0,NONE,,-0.532595015238897,2.203027537832959,0,-0.3693374420984874,0.16325757314040956,False,0,False,False,,0.0,0.0,38.088892419738194,0.0,False,False
leo_ntn,leo_low_elevation,1,123.0,NONE,,-0.9048869008135512,1.3177483322368104,0,-3.434711035083449,-2.529824134269898,False,0,False,False,,0.0,0.0,64.85073059735709,0.0,False,False
leo_ntn,leo_low_elevation,1,124.0,NONE,,-0.7561141843734873,1.0783169083272313,0,-2.3564231503790865,-1.6003089660055991,False,0,False,False,,0.0,0.0,59.557058557972006,0.0,False,False
leo_ntn,leo_low_elevation,1,125.0,NONE,,-0.675754428052926,1.2360008499618047,0,0.4027006070503134,1.0784550351032394,False,0,False,False,,0.0,0.0,34.83953294961997,0.0,False,False
leo_ntn,leo_low_elevation,1,126.0,NONE,,-0.6913720816358477,0.09842028721244844,0,1.444741139283714,2.1361132209195617,False,0,False,False,,0.0,0.0,29.614267103158454,0.0,False,False
leo_ntn,leo_low_elevation,1,127.0,NONE,,-0.7863605186521028,0.24782371444872808,0,-1.607936003516155,-0.8215754848640522,False,0,False,False,,0.0,0.0,50.41803648281598,0.0,False,False
leo_ntn,leo_low_elevation,1,128.0,NONE,,-0.7870475624012983,0.33288300903100776,0,-3.021842126878404,-2.234794564477106,False,0,False,False,,0.0,0.0,71.51573494050787,0.0,False,False
leo_ntn,leo_low_elevation,1,129.0,NONE,,-0.3194568938283311,1.0037274233223172,0,-0.8664890399631773,-0.5470321461348462,False,0,False,False,,0.0,0.0,45.42548579096305,0.0,False,False
leo_ntn,leo_low_elevation,1,130.0,NONE,,-0.7447658478438228,0.5961842914143745,0,1.9053439902451643,2.650109838088987,False,0,False,False,,0.0,0.0,26.891029330641594,0.0,False,False
leo_ntn,leo_low_elevation,1,131.0,NONE,,-0.740752196981731,1.1450856905467433,0,-0.14748557354902303,0.593266623432708,False,0,False,False,,0.0,0.0,38.781149231550735,0.0,False,False
leo_ntn,leo_low_elevation,1,132.0,NONE,,-0.07805859788541625,0.29720493300965956,0,-2.795242308216391,-2.717183710330975,False,0,False,False,,0.0,0.0,65.47959918722707,0.0,False,False
leo_ntn,leo_low_elevation,1,133.0,NONE,,0.7209936998524711,1.378299172567317,0,-0.8987750236385033,-1.6197687234909743,False,0,False,False,,0.0,0.0,58.88314464259093,0.0,False,False
leo_ntn,leo_low_elevation,1,134.0,NONE,,-0.31306511212463306,0.26066701584766605,0,0.8168937990760181,1.1299589112006512,False,0,False,False,,0.0,0.0,34.43169803664612,0.0,False,False
leo_ntn,leo_low_elevation,1,135.0,NONE,,0.8437306039389796,2.9599074621730423,0,0.888055632758384,0.044325028819404366,False,0,False,False,,0.0,0.0,29.95522568087681,0.0,False,False
leo_ntn,leo_low_elevation,1,136.0,NONE,,0.13124181135366086,1.3298778144157453,0,-1.0168729128464697,-1.1481147242001306,False,0,False,False,,0.0,0.0,51.03788776721875,0.0,False,False
leo_ntn,leo_low_elevation,1,137.0,NONE,,-0.07759932328933417,1.7385656062314254,0,-3.29147576091432,-3.213876437624986,False,0,False,False,,0.0,0.0,71.26728511079142,0.0,False,False
leo_ntn,leo_low_elevation,1,138.0,NONE,,0.6080106436336195,1.525200408360753,0,-0.11329075426787938,-0.7213013979014988,False,0,False,False,,0.0,0.0,44.8718836148702,0.0,False,False
leo_ntn,leo_low_elevation,1,139.0,NONE,,0.669257399896722,1.9640549231659676,0,2.659714256651286,1.9904568567545642,False,0,False,False,,0.0,0.0,26.4408170932437,0.0,False,False
leo_ntn,leo_low_elevation,1,140.0,NONE,,-0.07225440641222747,0.18761541290685813,0,1.0916282450259853,1.1638826514382128,False,0,False,False,,0.0,0.0,39.250861716672134,0.0,False,False
leo_ntn,leo_low_elevation,1,141.0,NONE,,0.3437488351545994,0.7590261734797608,0,-1.9970105873866153,-2.3407594225412147,False,0,False,False,,0.0,0.0,66.0953290818893,0.0,False,False
leo_ntn,leo_low_elevation,1,142.0,NONE,,0.09228340763058895,0.9646705349154345,0,-0.8320847019000226,-0.9243681095306115,False,0,False,False,,0.0,0.0,58.21004164980092,0.0,False,False
leo_ntn,leo_low_elevation,1,143.0,NONE,,0.09282420257842716,0.4071608364153647,0,1.779419779652999,1.6865955770745718,False,0,False,False,,0.0,0.0,34.02955154819034,0.0,False,False
leo_ntn,leo_low_elevation,1,144.0,NONE,,0.017808880819401907,0.5117380305864572,0,2.064985326991808,2.047176446172406,False,0,False,False,,0.0,0.0,30.3008006394949,0.0,False,False
leo_ntn,leo_low_elevation,1,145.0,NONE,,0.717706214598067,0.760295609186258,0,-0.2649387304719468,-0.9826449450700139,False,0,False,False,,0.0,0.0,51.66409878803865,0.0,False,False
leo_ntn,leo_low_elevation,1,146.0,NONE,,0.18165316115255337,1.6196459301713588,0,-3.0479853196532325,-3.229638480805786,False,0,False,False,,0.0,0.0,70.97197489930396,0.0,False,False
leo_ntn,leo_low_elevation,1,147.0,NONE,,-0.3200716413881395,0.27010242473487267,0,0.4398390526023057,0.7599106939904452,False,0,False,False,,0.0,0.0,44.05498177303784,0.0,False,False
leo_ntn,leo_low_elevation,1,148.0,NONE,,-0.01833288374143649,0.9127774324153535,0,2.954001570985197,2.9723344547266333,False,0,False,False,,0.0,0.0,26.145397491964665,0.0,False,False
leo_ntn,leo_low_elevation,1,149.0,NONE,,-0.052256810580544766,1.3586983486569366,0,-0.33115860208284076,-0.278901791502296,False,0,False,False,,0.0,0.0,39.7272341247556,0.0,False,False
leo_ntn,leo_low_elevation,1,150.0,NONE,,-0.36715398245756603,1.1302214975013456,0,-3.2511730930693865,-2.8840191106118205,False,0,False,False,,0.0,0.0,66.69573804412238,0.0,False,False
leo_ntn,leo_low_elevation,1,151.0,NONE,,-0.13245355056767494,1.8114441539256134,0,-2.458293334303189,-2.325839783735514,False,0,False,False,,0.0,0.0,57.53854281646706,0.0,False,False
leo_ntn,leo_low_elevation,1,152.0,NONE,,0.3040603692201955,2.4381998046923385,0,0.5228131292425573,0.21875276002236177,False,0,False,False,,0.0,0.0,33.63300100559428,0.0,False,False
leo_ntn,leo_low_elevation,1,153.0,NONE,,0.12878087083488765,1.8508441382702543,0,0.9614756827959692,0.8326948119610815,False,0,False,False,,0.0,0.0,30.65107655847437,0.0,False,False
leo_ntn,leo_low_elevation,1,154.0,NONE,,0.6100259234936658,2.7574484925209433,0,-2.0220171276853947,-2.6320430511790605,False,0,False,False,,0.0,0.0,52.61486328226398,0.0,False,False
leo_ntn,leo_low_elevation,1,155.0,NONE,,0.9404613523651477,2.483225559756896,0,-2.4233166314942167,-3.3637779838593644,False,0,False,False,,0.0,0.0,70.44722883736357,0.0,False,False
leo_ntn,leo_low_elevation,1,156.0,NONE,,-0.03538444417849007,2.017610395374824,0,-1.3032038345759673,-1.2678193903974773,False,0,False,False,,0.0,0.0,43.5193618045342,0.0,False,False
leo_ntn,leo_low_elevation,1,157.0,NONE,,-0.6185835192143827,3.5211528670626038,0,0.8440372865423544,1.4626208057567371,False,0,False,False,,0.0,0.0,25.85367383621669,0.0,False,False
leo_ntn,leo_low_elevation,1,158.0,NONE,,-0.6233976297026231,2.1506654742863347,0,-0.8914794435703293,-0.26808181386770613,False,0,False,False,,0.0,0.0,40.21034316831792,0.0,False,False
leo_ntn,leo_low_elevation,1,159.0,NONE,,0.2062379633384097,2.7719440722372113,0,-3.051598661637165,-3.2578366249755746,False,0,False,False,,0.0,0.0,67.27847431199764,0.0,False,False
leo_ntn,leo_low_elevation,1,160.0,NONE,,-0.1400820736940318,2.0094926928352024,0,-2.23489154667125,-2.094809472977218,False,0,False,False,,0.0,0.0,56.86936332364891,0.0,False,False
leo_ntn,leo_low_elevation,1,161.0,NONE,,0.59725668146082,4.693796714568954,0,1.0874848361746334,0.4902281547138134,False,0,False,False,,0.0,0.0,33.24195412498184,0.0,False,False
leo_ntn,leo_low_elevation,1,162.0,NONE,,2.422484766739558,5.007812995485111,1,2.3885637596431533,-0.033921007096404665,True,1,False,False,,0.0,0.0,31.185492417371854,0.0,False,False
leo_ntn,leo_low_elevation,1,163.0,NONE,,0.8120500132981334,1.2117938523334288,0,-0.7499226920374085,-1.5619727053355419,False,0,False,False,,0.0,0.0,53.255965647979,0.0,False,False
leo_ntn,leo_low_elevation,1,164.0,NONE,,1.654295545676149,1.8788789873497507,0,-0.926645327263433,-2.580940872939582,False,0,False,False,,0.0,0.0,70.04725500084922,0.0,False,False
leo_ntn,leo_low_elevation,1,165.0,NONE,,1.7707180197021017,2.9944495986809727,0,0.5483644159956782,-1.2223536037064235,False,0,False,False,,0.0,0.0,42.990898015192315,0.0,False,False
leo_ntn,leo_low_elevation,1,166.0,NONE,,0.9742422451774218,1.6233518491891203,0,3.921360196899359,2.9471179517219372,False,0,False,False,,0.0,0.0,25.56557764099329,0.0,False,False
leo_ntn,leo_low_elevation,1,167.0,NONE,,0.9840418521077936,2.135782366955034,0,0.4274928500113795,-0.5565490020964141,False,0,False,False,,0.0,0.0,40.7002619398408,0.0,False,False
leo_ntn,leo_low_elevation,1,168.0,NONE,,0.15021466935174033,0.6726790231913995,0,-1.6921375533867042,-1.8423522227384446,False,0,False,False,,0.0,0.0,67.84101692847304,0.0,False,False
leo_ntn,leo_low_elevation,1,169.0,NONE,,1.3098966327230954,1.8760608263221386,0,-1.1391852215591705,-2.449081854282266,False,0,False,False,,0.0,0.0,56.20314665708676,0.0,False,False
leo_ntn,leo_low_elevation,1,170.0,NONE,,2.5395304379617727,3.4157361570823994,0,2.7065116217519467,0.16698118379017401,True,1,False,False,,0.0,0.0,32.66550215741749,0.0,False,False
leo_ntn,leo_low_elevation,1,171.0,NONE,,3.189159780568829,4.767605499942611,1,2.592920378168044,-0.5962394024007853,True,1,False,False,,0.0,0.0,31.54789778351115,0.0,False,False
leo_ntn,leo_low_elevation,1,172.0,NONE,,2.8299043080709794,3.3940912271278663,0,-0.3574713921651167,-3.187375700236096,True,2,False,False,,0.0,0.0,53.90252905123154,0.0,False,False
leo_ntn,leo_low_elevation,1,173.0,AMBIGUOUS,,2.733202580597492,4.0256271228739635,0,-2.0922286068865255,-4.825431187484018,True,3,False,False,,0.0,0.0,69.61080728630967,0.0,False,False
leo_ntn,leo_low_elevation,1,174.0,AMBIGUOUS,,2.9259288040897076,4.577085763441723,1,0.4367122511716772,-2.4892165529180303,True,4,False,False,,0.0,0.0,42.46955569451208,0.0,False,False
leo_ntn,leo_low_elevation,1,175.0,ESCALATE,GATEWAY_SIDE,3.4799622060156565,4.065124433296269,0,4.78466732868627,1.3047051226706134,True,5,False,False,,0.0,0.0,25.281041684554843,0.0,False,False
leo_ntn,leo_low_elevation,1,176.0,NONE,,1.7121563656615706,2.1418835146722373,0,1.0642576638026604,-0.6478987018589102,False,0,False,False,,0.0,0.0,41.19705939417239,0.0,False,False
leo_ntn,leo_low_elevation,1,177.0,NONE,,0.503678241079129,1.6481827261249933,0,-2.383584951896758,-2.8872631929758867,False,0,False,False,,0.0,0.0,68.64105231679088,0.0,False,False
leo_ntn,leo_low_elevation,1,178.0,NONE,,0.9767163950529891,2.170277774619329,0,-0.9638321841814452,-1.9405485792344344,False,0,False,False,,0.0,0.0,55.21062394903291,0.0,False,False
leo_ntn,leo_low_elevation,1,179.0,NONE,,1.6385717519266194,3.1763243706699384,0,1.9411958583740727,0.3026241064474533,False,0,False,False,,0.0,0.0,32.28781320325454,0.0,False,False
leo_ntn,leo_low_elevation,1,180.0,NONE,,0.957680035980232,0.63395541327111,0,2.989125074041233,2.031445038061001,False,0,False,False,,0.0,0.0,31.915308363875674,0.0,False,False
leo_ntn,leo_low_elevation,1,181.0,NONE,,1.7224624367885042,2.5978713691015827,0,-0.5353139395060253,-2.2577763762945295,False,0,False,False,,0.0,0.0,54.55421089311194,0.0,False,False
leo_ntn,leo_low_elevation,1,182.0,NONE,,1.2745228568305862,0.718462003048316,0,-0.9916537295929295,-2.2661765864235157,False,0,False,False,,0.0,0.0,69.14103594384633,0.0,False,False
leo_ntn,leo_low_elevation,1,183.0,NONE,,1.814447471558978,1.8598191235433035,0,1.2663842853575318,-0.5480631862014462,False,0,False,False,,0.0,0.0,41.955292226263765,0.0,False,False
leo_ntn,leo_low_elevation,1,184.0,NONE,,3.3839155586394867,4.281024489297124,0,4.656376959226728,1.2724614005872414,True,1,False,False,,0.0,0.0,25.0,0.0,False,False
leo_ntn,leo_low_elevation,1,185.0,NONE,,2.781205385761382,3.3231855785479,0,0.8738454712330661,-1.9073599145283158,True,2,False,False,,0.0,0.0,41.95529222626376,0.0,False,False
leo_ntn,leo_low_elevation,1,186.0,NONE,,1.6345096334946874,2.7045106915826054,0,-1.9423071312897804,-3.5768167647844678,False,0,False,False,,0.0,0.0,69.14103594384633,0.0,False,False
leo_ntn,leo_low_elevation,1,187.0,NONE,,1.9896520048741877,2.393239455195335,0,-0.38353242321458225,-2.37318442808877,False,0,False,False,,0.0,0.0,54.55421089311194,0.0,False,False
leo_ntn,leo_low_elevation,1,188.0,NONE,,2.05588151299078,2.5705767217103883,0,2.508451813714178,0.4525703007233979,False,0,False,False,,0.0,0.0,31.91530836387568,0.0,False,False
leo_ntn,leo_low_elevation,1,189.0,AMBIGUOUS,,3.4215645113218187,4.663855220329303,1,2.4561870556152137,-0.965377455706605,True,6,False,False,,0.0,0.0,32.28781320325454,0.0,False,False
leo_ntn,leo_low_elevation,1,190.0,NONE,,1.5816024774261734,3.5158972867123808,0,-2.63821475132789,-4.219817228754064,False,0,False,False,,0.0,0.0,55.21062394903289,0.0,False,False
leo_ntn,leo_low_elevation,1,191.0,NONE,,1.7499748694668682,3.7154822535913254,0,-2.5621497660944996,-4.312124635561368,False,0,False,False,,0.0,0.0,68.64105231679088,0.0,False,False
leo_ntn,leo_low_elevation,1,192.0,NONE,,1.1625530131012027,3.8022710244651634,0,-0.5270473019443678,-1.6896003150455705,False,0,False,False,,0.0,0.0,41.44805790676682,0.0,False,False
leo_ntn,leo_low_elevation,1,193.0,NONE,,0.9892501978593344,2.6284643443792035,0,3.102890957319225,2.1136407594598907,False,0,False,False,,0.0,0.0,25.28104168455484,0.0,False,False
leo_ntn,leo_low_elevation,1,194.0,NONE,,-0.09601298284830762,1.078168360039463,0,-0.5133486154470965,-0.4173356325987889,False,0,False,False,,0.0,0.0,42.46955569451208,0.0,False,False
leo_ntn,leo_low_elevation,1,195.0,NONE,,-0.40599283347266635,0.9033765620124754,0,-2.786155280999669,-2.3801624475270025,False,0,False,False,,0.0,0.0,69.61080728630967,0.0,False,False
leo_ntn,leo_low_elevation,1,196.0,NONE,,-0.5149234962648848,0.2471778933006803,0,-1.3391621482951805,-0.8242386520302958,False,0,False,False,,0.0,0.0,53.90252905123156,0.0,False,False
leo_ntn,leo_low_elevation,1,197.0,NONE,,-0.7573561541222489,0.06986278751752906,0,1.7327542091763704,2.4901103632986192,False,0,False,False,,0.0,0.0,31.54789778351116,0.0,False,False
leo_ntn,leo_low_elevation,1,198.0,NONE,,0.696093087558495,0.90460706772528,0,2.0960352486131857,1.3999421610546907,False,0,False,False,,0.0,0.0,32.66550215741749,0.0,False,False
leo_ntn,leo_low_elevation,1,199.0,NONE,,0.7035797310540772,0.6044764233000564,0,-0.49403729262494167,-1.197617023679019,False,0,False,False,,0.0,0.0,55.87133232456452,0.0,False,False
leo_ntn,leo_low_elevation,1,200.0,NONE,,0.8612143725322738,1.7336928995204914,0,-1.7085825128035985,-2.5697968853358724,False,0,False,False,,0.0,0.0,67.84101692847304,0.0,False,False
leo_ntn,leo_low_elevation,1,201.0,NONE,,0.5927898926874207,0.5524217326370859,0,1.2900346845071162,0.6972447918196956,False,0,False,False,,0.0,0.0,40.7002619398408,0.0,False,False
leo_ntn,leo_low_elevation,1,202.0,NONE,,0.1467982082811119,0.45637508635838486,0,3.393378150939732,3.24657994265862,False,0,False,False,,0.0,0.0,25.56557764099329,0.0,False,False
leo_ntn,leo_low_elevation,1,203.0,NONE,,0.627138847790917,0.5467294825495301,0,0.4921508232955585,-0.13498802449535852,False,0,False,False,,0.0,0.0,42.99089801519231,0.0,False,False
leo_ntn,leo_low_elevation,1,204.0,NONE,,-0.099977413095786,0.4736984624840588,0,-2.5904560116749025,-2.4904785985791165,False,0,False,False,,0.0,0.0,70.04725500084922,0.0,False,False
leo_ntn,leo_low_elevation,1,205.0,NONE,,0.42228228376639265,0.3540878408818102,0,-0.7656269250919507,-1.1879092088583434,False,0,False,False,,0.0,0.0,53.255965647979,0.0,False,False
leo_ntn,leo_low_elevation,1,206.0,NONE,,1.2286173870899972,3.0145945529816274,0,2.49025038003092,1.261632992940923,False,0,False,False,,0.0,0.0,31.18549241737186,0.0,False,False
leo_ntn,leo_low_elevation,1,207.0,NONE,,0.4245720943900366,0.8546696548609205,0,2.66837646459034,2.243804370200303,False,0,False,False,,0.0,0.0,33.04846580748963,0.0,False,False
leo_ntn,leo_low_elevation,1,208.0,NONE,,0.42515126246642154,0.6847047931639665,0,-1.4742850143510502,-1.8994362768174717,False,0,False,False,,0.0,0.0,56.869363323648905,0.0,False,False
leo_ntn,leo_low_elevation,1,209.0,NONE,,-0.013945617158540813,0.5917472209706531,0,-2.601125530670032,-2.5871799135114912,False,0,False,False,,0.0,0.0,67.27847431199766,0.0,False,False
leo_ntn,leo_low_elevation,1,210.0,NONE,,0.1792924956723425,1.1516981065271708,0,0.39187563709960926,0.21258314142726675,False,0,False,False,,0.0,0.0,40.210343168317934,0.0,False,False
leo_ntn,leo_low_elevation,1,211.0,NONE,,-0.41254059060359793,0.5531059361116419,0,3.037508297759432,3.45004888836303,False,0,False,False,,0.0,0.0,25.853673836216686,0.0,False,False
leo_ntn,leo_low_elevation,1,212.0,NONE,,0.036325694446503576,0.1009407486997631,0,1.122545797004694,1.0862201025581903,False,0,False,False,,0.0,0.0,43.51936180453419,0.0,False,False
leo_ntn,leo_low_elevation,1,213.0,NONE,,0.3810132311864578,1.0674977204376788,0,-1.3361565334382774,-1.7171697646247353,False,0,False,False,,0.0,0.0,70.44722883736357,0.0,False,False
leo_ntn,leo_low_elevation,1,214.0,NONE,,-0.9087072717793347,0.5948790187417146,0,-1.7266908490233988,-0.817983577244064,False,0,False,False,,0.0,0.0,52.61486328226399,0.0,False,False
leo_ntn,leo_low_elevation,1,215.0,NONE,,-0.5950086527369365,1.3095083146367088,0,2.305895286109326,2.9009039388462625,False,0,False,False,,0.0,0.0,30.828004107517263,0.0,False,False
leo_ntn,leo_low_elevation,1,216.0,NONE,,0.0683976125778969,1.2500004508668212,0,1.62532418926226,1.5569265766843632,False,0,False,False,,0.0,0.0,33.63300100559428,0.0,False,False
leo_ntn,leo_low_elevation,1,217.0,NONE,,1.2987035314414754,2.3081421151990043,0,-0.5442440713293699,-1.8429476027708454,False,0,False,False,,0.0,0.0,57.53854281646706,0.0,False,False
leo_ntn,leo_low_elevation,1,218.0,NONE,,0.3727561124766794,1.661265854780126,0,-2.002404633790338,-2.3751607462670172,False,0,False,False,,0.0,0.0,66.69573804412238,0.0,False,False
leo_ntn,leo_low_elevation,1,219.0,NONE,,0.8585400544781407,2.70165462151499,0,0.8997970033710168,0.04125694889287601,False,0,False,False,,0.0,0.0,39.7272341247556,0.0,False,False
leo_ntn,leo_low_elevation,1,220.0,NONE,,0.40275132215975873,3.440004949678716,0,3.1362423648124267,2.733491042652668,False,0,False,False,,0.0,0.0,26.145397491964665,0.0,False,False
leo_ntn,leo_low_elevation,1,221.0,NONE,,0.7602812369945298,1.4434714673298217,0,0.28141832029914937,-0.4788629166953804,False,0,False,False,,0.0,0.0,44.05498177303783,0.0,False,False
leo_ntn,leo_low_elevation,1,222.0,NONE,,-0.1418404231018826,0.6399549377591498,0,-2.3829333551341243,-2.2410929320322417,False,0,False,False,,0.0,0.0,70.80759801816036,0.0,False,False
leo_ntn,leo_low_elevation,1,223.0,NONE,,0.5536770475572865,1.288513281753957,0,-0.715590487933671,-1.2692675354909575,False,0,False,False,,0.0,0.0,51.664098788038665,0.0,False,False
leo_ntn,leo_low_elevation,1,224.0,NONE,,0.5025898244672646,1.1360618656265942,0,2.936710993114046,2.434121168646781,False,0,False,False,,0.0,0.0,30.300800639494906,0.0,False,False
leo_ntn,leo_low_elevation,1,225.0,NONE,,0.879216571424088,0.09780628778691636,0,2.668231559487209,1.789014988063121,False,0,False,False,,0.0,0.0,34.02955154819033,0.0,False,False
leo_ntn,leo_low_elevation,1,226.0,NONE,,0.7628210533605113,1.398848130262003,0,-1.5442815414320776,-2.307102594792589,False,0,False,False,,0.0,0.0,58.210041649800914,0.0,False,False
leo_ntn,leo_low_elevation,1,227.0,NONE,,1.3590095800788902,1.950390833839613,0,-1.6523812501341126,-3.011390830213003,False,0,False,False,,0.0,0.0,66.0953290818893,0.0,False,False
leo_ntn,leo_low_elevation,1,228.0,NONE,,1.0772132170436919,1.823188895468455,0,0.8516237302672369,-0.22558948677645496,False,0,False,False,,0.0,0.0,39.25086171667215,0.0,False,False
leo_ntn,leo_low_elevation,1,229.0,NONE,,-0.3672848418129746,0.858831933137246,0,2.460142238214699,2.8274270800276735,False,0,False,False,,0.0,0.0,26.4408170932437,0.0,False,False
leo_ntn,leo_low_elevation,1,230.0,NONE,,-0.30726436814296676,0.012723156603833274,0,0.2214078832389852,0.528672251381952,False,0,False,False,,0.0,0.0,44.597783837534145,0.0,False,False
leo_ntn,leo_low_elevation,1,231.0,NONE,,-0.21464330116310748,0.2347476972719491,0,-2.040843105067406,-1.8261998039042986,False,0,False,False,,0.0,0.0,71.26728511079142,0.0,False,False
leo_ntn,leo_low_elevation,1,232.0,NONE,,0.19524015038631148,0.07704299646659507,0,-0.21932464433337984,-0.4145647947196913,False,0,False,False,,0.0,0.0,51.03788776721876,0.0,False,False
leo_ntn,leo_low_elevation,1,233.0,NONE,,-0.12005835885646832,0.39576775459892843,0,2.6332449105507862,2.7533032694072546,False,0,False,False,,0.0,0.0,29.95522568087681,0.0,False,False
leo_ntn,leo_low_elevation,1,234.0,NONE,,0.4378959738039896,0.21459981870282263,0,2.081261707658312,1.6433657338543224,False,0,False,False,,0.0,0.0,34.43169803664612,0.0,False,False
leo_ntn,leo_low_elevation,1,235.0,NONE,,0.09131192771255314,0.24351570622793872,0,-1.7440473303142845,-1.8353592580268376,False,0,False,False,,0.0,0.0,58.88314464259091,0.0,False,False
leo_ntn,leo_low_elevation,1,236.0,NONE,,-0.024888743850695505,0.4527069310477003,0,-2.2316318685580043,-2.206743124707309,False,0,False,False,,0.0,0.0,65.47959918722708,0.0,False,False
leo_ntn,leo_low_elevation,1,237.0,NONE,,0.8566671485050108,1.7102384329635356,0,1.652729162081508,0.7960620135764973,False,0,False,False,,0.0,0.0,38.781149231550735,0.0,False,False
leo_ntn,leo_low_elevation,1,238.0,NONE,,1.1737125706825253,2.240727682641001,0,2.7448991345522273,1.571186563869702,False,0,False,False,,0.0,0.0,26.740002395071535,0.0,False,False
leo_ntn,leo_low_elevation,1,239.0,NONE,,0.9351845937903676,2.0114066875058043,0,-0.06627725333765255,-1.00146184712802,False,0,False,False,,0.0,0.0,45.425485790963045,0.0,False,False
leo_ntn,leo_low_elevation,1,240.0,NONE,,0.8991056054976667,1.6065135598004545,0,-2.055675632598497,-2.9547812380961638,False,0,False,False,,0.0,0.0,71.51573494050787,0.0,False,False
leo_ntn,leo_low_elevation,1,241.0,NONE,,0.14056522492427348,1.132957387946,0,-1.389202794386378,-1.5297680193106515,False,0,False,False,,0.0,0.0,50.41803648281598,0.0,False,False
leo_ntn,leo_low_elevation,1,242.0,NONE,,-0.7920424998737445,1.285471709349288,0,1.6766899714063666,2.468732471280111,False,0,False,False,,0.0,0.0,29.614267103158454,0.0,False,False
leo_ntn,leo_low_elevation,1,243.0,NONE,,1.5883357898375436,3.1569530338986667,0,1.4741472913502438,-0.11418849848729984,False,0,False,False,,0.0,0.0,34.839532949619965,0.0,False,False
leo_ntn,leo_low_elevation,1,244.0,NONE,,0.8954554216891921,2.4864987309168995,0,-2.250370371452103,-3.145825793141295,False,0,False,False,,0.0,0.0,59.557058557972006,0.0,False,False
leo_ntn,leo_low_elevation,1,245.0,NONE,,1.5316420563187165,3.369125152791433,0,-2.3298319170463913,-3.861473973365108,False,0,False,False,,0.0,0.0,64.8507305973571,0.0,False,False
leo_ntn,leo_low_elevation,1,246.0,NONE,,2.532826811961101,3.603357705259434,0,1.6741254502286882,-0.8587013617324128,True,1,False,False,,0.0,0.0,38.0888924197382,0.0,False,False
leo_ntn,leo_low_elevation,1,247.0,NONE,,0.9492866905200401,2.6315384662942805,0,2.9213666869017665,1.9720799963817264,False,0,False,False,,0.0,0.0,27.195996763555428,0.0,False,False
leo_ntn,leo_low_elevation,1,248.0,NONE,,-0.043180740427047226,2.4986096951190504,0,-1.6001924192224095,-1.5570116787953623,False,0,False,False,,0.0,0.0,45.98628985984879,0.0,False,False
leo_ntn,leo_low_elevation,1,249.0,NONE,,0.09711569481825677,1.2548323126738055,0,-2.6254169691778344,-2.722532663996091,False,0,False,False,,0.0,0.0,71.71487483119608,0.0,False,False
leo_ntn,leo_low_elevation,1,250.0,NONE,,0.40459562429703055,1.529592013214078,0,-0.3346304758385621,-0.7392261001355926,False,0,False,False,,0.0,0.0,49.8047286108249,0.0,False,False
leo_ntn,leo_low_elevation,1,251.0,NONE,,-0.7254945990590045,0.5709311711481106,0,1.8652888872783002,2.5907834863373047,False,0,False,False,,0.0,0.0,29.27784145431323,0.0,False,False
leo_ntn,leo_low_elevation,1,252.0,NONE,,-0.8704186828483813,0.18988136099819997,0,0.8076697752699609,1.6780884581183422,False,0,False,False,,0.0,0.0,35.25314880409335,0.0,False,False
leo_ntn,leo_low_elevation,1,253.0,NONE,,-0.36983858180452955,0.6965848878709409,0,-2.0590087618152992,-1.6891701800107697,False,0,False,False,,0.0,0.0,60.23090524072772,0.0,False,False
leo_ntn,leo_low_elevation,1,254.0,NONE,,-0.5766946023621813,0.4970057947036963,0,-2.2029984487138563,-1.626303846351675,False,0,False,False,,0.0,0.0,63.887158559493415,0.0,False,False
leo_ntn,leo_low_elevation,1,255.0,NONE,,-1.28051481019682,0.4221684883759309,0,-0.8391140879857844,0.44140072221103566,False,0,False,False,,0.0,0.0,37.63547455114855,0.0,False,False
leo_ntn,leo_low_elevation,1,256.0,NONE,,-0.18631912914554505,3.2206092580523844,0,0.8954516795089535,1.0817708086544986,False,0,False,False,,0.0,0.0,27.504909867555387,0.0,False,False
leo_ntn,leo_low_elevation,1,257.0,NONE,,-0.6454952860166969,1.2129733875085904,0,-1.424494774986627,-0.7789994889699301,False,0,False,False,,0.0,0.0,46.5542828246626,0.0,False,False
leo_ntn,leo_low_elevation,1,258.0,NONE,,0.1768833277519093,2.107132208965943,0,-3.333640252297382,-3.5105235800492913,False,0,False,False,,0.0,0.0,71.86264735829762,0.0,False,False
leo_ntn,leo_low_elevation,1,259.0,NONE,,0.11639529061270082,1.2437418090738603,0,-1.3368987673362653,-1.4532940579489662,False,0,False,False,,0.0,0.0,49.19812027983368,0.0,False,False
leo_ntn,leo_low_elevation,1,260.0,NONE,,0.6486343185840013,2.428752900550016,0,1.6790715079624974,1.030437189378496,False,0,False,False,,0.0,0.0,28.94586644464911,0.0,False,False
leo_ntn,leo_low_elevation,1,261.0,NONE,,1.3288801746266188,3.444813592975443,0,0.6364540206950693,-0.6924261539315495,False,0,False,False,,0.0,0.0,35.6726379822729,0.0,False,False
leo_ntn,leo_low_elevation,1,262.0,NONE,,1.0593969842890942,3.2048561255476287,0,-2.3028088459476237,-3.362205830236718,False,0,False,False,,0.0,0.0,61.23939918903475,0.0,False,False
leo_ntn,leo_low_elevation,1,263.0,NONE,,1.2834547723120409,3.2199395743755517,0,-2.1316468391493757,-3.4151016114614166,False,0,False,False,,0.0,0.0,63.233914212092316,0.0,False,False
leo_ntn,leo_low_elevation,1,264.0,NONE,,1.1749203085004325,3.4350817269020055,0,0.7639744110623443,-0.4109458974380882,False,0,False,False,,0.0,0.0,37.18842611917388,0.0,False,False
leo_ntn,leo_low_elevation,1,265.0,NONE,,-0.6675330820639402,0.5153861791081695,0,2.731380107136326,3.3989131892002664,False,0,False,False,,0.0,0.0,27.81784286665388,0.0,False,False
leo_ntn,leo_low_elevation,1,266.0,NONE,,0.6806157117991063,1.1581694878756608,0,0.03647501920416474,-0.6441406925949416,False,0,False,False,,0.0,0.0,47.12943787442566,0.0,False,False
leo_ntn,leo_low_elevation,1,267.0,NONE,,-0.5143775639033095,0.2810852066821994,0,-2.698633616778462,-2.1842560528751527,False,0,False,False,,0.0,0.0,71.95746880895388,0.0,False,False
leo_ntn,leo_low_elevation,1,268.0,NONE,,-0.3413327089276237,0.032178852134244096,0,-0.2227259921004432,0.11860671682718049,False,0,False,False,,0.0,0.0,48.59834242149576,0.0,False,False
leo_ntn,leo_low_elevation,1,269.0,NONE,,0.531892401257565,1.7639056399575068,0,2.806873093412433,2.274980692154868,False,0,False,False,,0.0,0.0,28.45607180866819,0.0,False,False
leo_ntn,leo_low_elevation,1,270.0,NONE,,-0.5593457168027953,0.7025185616380583,0,0.6237976156803349,1.1831433324831302,False,0,False,False,,0.0,0.0,36.31308546414453,0.0,False,False
leo_ntn,leo_low_elevation,1,271.0,NONE,,-0.3243277220324501,0.9514540613266291,0,-2.5551226178470934,-2.2307948958146433,False,0,False,False,,0.0,0.0,61.90861070710233,0.0,False,False
leo_ntn,leo_low_elevation,1,272.0,NONE,,-0.5682695222918994,0.5435991164707303,0,-1.9971222565108384,-1.428852734218939,False,0,False,False,,0.0,0.0,62.573901842623656,0.0,False,False
leo_ntn,leo_low_elevation,1,273.0,NONE,,-0.7459995515526145,0.44393937228591085,0,0.5419606942224533,1.2879602457750678,False,0,False,False,,0.0,0.0,36.74765946151534,0.0,False,False
leo_ntn,leo_low_elevation,1,274.0,NONE,,0.031086100795661764,1.2385272736388586,0,2.3076027463092323,2.2765166455135706,False,0,False,False,,0.0,0.0,28.1348712586664,0.0,False,False
leo_ntn,leo_low_elevation,1,275.0,NONE,,-1.0223705652110198,0.8242544242193119,0,-1.8436942745892075,-0.8213237093781878,False,0,False,False,,0.0,0.0,47.711712998137244,0.0,False,False
leo_ntn,leo_low_elevation,1,276.0,NONE,,-0.5974492670143547,1.1222856224979338,0,-3.0184457115069208,-2.420996444492566,False,0,False,False,,0.0,0.0,71.9982963613764,0.0,False,False
leo_ntn,leo_low_elevation,1,277.0,NONE,,-0.20703284063419858,0.8446804893100861,0,-1.137267333243269,-0.9302344926090704,False,0,False,False,,0.0,0.0,47.71171299813726,0.0,False,False
leo_ntn,leo_low_elevation,1,278.0,NONE,,-0.38882431844255905,0.8013846877755171,0,1.6837584217747796,2.0725827402173387,False,0,False,False,,0.0,0.0,28.134871258666404,0.0,False,False
leo_ntn,leo_low_elevation,1,279.0,NONE,,0.8737011669369821,2.6110247704357974,0,0.26055279930765707,-0.613148367629325,False,0,False,False,,0.0,0.0,36.74765946151534,0.0,False,False
leo_ntn,leo_low_elevation,1,280.0,NONE,,1.6213672110868913,3.984768181957655,0,-2.035830474562662,-3.657197685649553,False,0,False,False,,0.0,0.0,62.573901842623656,0.0,False,False
leo_ntn,leo_low_elevation,1,281.0,NONE,,1.6822302267542568,2.5598315563304013,0,-1.022319937921207,-2.7045501646754637,False,0,False,False,,0.0,0.0,61.90861070710235,0.0,False,False
leo_ntn,leo_low_elevation,1,282.0,NONE,,2.2157638837280444,3.30623910696729,0,1.649424852098024,-0.5663390316300205,False,0,False,False,,0.0,0.0,36.31308546414453,0.0,False,False
leo_ntn,leo_low_elevation,1,283.0,NONE,,0.3157684005262382,0.5239949795647547,0,3.2881894863103938,2.9724210857841555,False,0,False,False,,0.0,0.0,28.456071808668188,0.0,False,False
leo_ntn,leo_low_elevation,1,284.0,NONE,,1.0843438622524246,1.878258045289634,0,0.08938330771061942,-0.9949605545418052,False,0,False,False,,0.0,0.0,48.30104948234161,0.0,False,False
leo_ntn,leo_low_elevation,1,285.0,NONE,,1.1359089744427564,2.5417594960183365,0,-2.3101037980334524,-3.446012772476209,False,0,False,False,,0.0,0.0,71.95746880895388,0.0,False,False
leo_ntn,leo_low_elevation,1,286.0,NONE,,0.9247598555454033,2.127734487738941,0,-0.5903360151169217,-1.515095870662325,False,0,False,False,,0.0,0.0,47.12943787442566,0.0,False,False
leo_ntn,leo_low_elevation,1,287.0,NONE,,-0.2686501352995947,0.3637155906659828,0,2.6704567936612342,2.939106928960829,False,0,False,False,,0.0,0.0,27.81784286665388,0.0,False,False
leo_ntn,leo_low_elevation,1,288.0,NONE,,0.33569260071359963,0.7088331746790857,0,1.57543820901315,1.2397456082995504,False,0,False,False,,0.0,0.0,37.18842611917388,0.0,False,False
leo_ntn,leo_low_elevation,1,289.0,NONE,,0.05167928810256228,0.3173724790011505,0,-1.7961233320553482,-1.8478026201579105,False,0,False,False,,0.0,0.0,63.2339142120923,0.0,False,False
leo_ntn,leo_low_elevation,1,290.0,NONE,,0.4988237246412126,0.8828807462907804,0,-0.4506061098017078,-0.9494298344429204,False,0,False,False,,0.0,0.0,61.23939918903475,0.0,False,False
leo_ntn,leo_low_elevation,1,291.0,NONE,,0.3372141733706684,0.17885802880543622,0,1.3208863631220122,0.9836721897513439,False,0,False,False,,0.0,0.0,35.8846138536988,0.0,False,False
leo_ntn,leo_low_elevation,1,292.0,NONE,,0.18949567582416194,0.12936196491424568,0,2.8961718858916488,2.706676210067487,False,0,False,False,,0.0,0.0,28.781522539137278,0.0,False,False
leo_ntn,leo_low_elevation,1,293.0,NONE,,-0.19507242708409933,0.6600087160567014,0,-0.6776564865160708,-0.48258405943197147,False,0,False,False,,0.0,0.0,49.198120279833674,0.0,False,False
leo_ntn,leo_low_elevation,1,294.0,NONE,,-0.17774058897288114,0.2570001895006371,0,-2.952425670849138,-2.7746850818762567,False,0,False,False,,0.0,0.0,71.86264735829762,0.0,False,False
leo_ntn,leo_low_elevation,1,295.0,NONE,,0.2939743460256068,1.5118101313632124,0,-0.48791679344471106,-0.7818911394703179,False,0,False,False,,0.0,0.0,46.55428282466261,0.0,False,False
leo_ntn,leo_low_elevation,1,296.0,NONE,,-0.3854068319541426,0.0030791395675109356,0,2.573106006400396,2.9585128383545385,False,0,False,False,,0.0,0.0,27.504909867555387,0.0,False,False
leo_ntn,leo_low_elevation,1,297.0,NONE,,0.5862255009580934,0.3044895068395661,0,1.1428130744539438,0.5565875734958503,False,0,False,False,,0.0,0.0,37.63547455114855,0.0,False,False
leo_ntn,leo_low_elevation,1,298.0,NONE,,0.7014578541424044,0.7001714435312678,0,-1.3586542097546612,-2.0601120638970656,False,0,False,False,,0.0,0.0,63.887158559493415,0.0,False,False
leo_ntn,leo_low_elevation,1,299.0,NONE,,0.9784342874802121,1.124975530592657,0,-0.9005249163924667,-1.8789592038726788,False,0,False,False,,0.0,0.0,60.567503922553826,0.0,False,False
leo_ntn,leo_low_elevation,1,300.0,NONE,,-0.18351474623771935,0.25108136638156253,0,1.5574393137709386,1.740954060008658,False,0,False,False,,0.0,0.0,35.25314880409335,0.0,False,False
leo_ntn,leo_low_elevation,1,301.0,NONE,,0.43460624767055833,1.7292301080314658,0,3.056004921556582,2.6213986738860235,False,0,False,False,,0.0,0.0,29.27784145431323,0.0,False,False
leo_ntn,leo_low_elevation,1,302.0,NONE,,0.3854093159874594,1.4162670914590265,0,-0.10346650705451665,-0.4888758230419761,False,0,False,False,,0.0,0.0,49.80472861082489,0.0,False,False
leo_ntn,leo_low_elevation,1,303.0,NONE,,0.3960136438505657,1.4883748089831883,0,-1.8637494034042241,-2.25976304725479,False,0,False,False,,0.0,0.0,71.71487483119608,0.0,False,False
leo_ntn,leo_low_elevation,1,304.0,NONE,,1.0988418696867939,1.6401004454605115,0,0.5755707857453878,-0.5232710839414061,False,0,False,False,,0.0,0.0,45.98628985984879,0.0,False,False
leo_ntn,leo_low_elevation,1,305.0,NONE,,1.3015908298939962,0.5803752104107716,0,4.648558353594915,3.3469675237009184,False,0,False,False,,0.0,0.0,27.195996763555428,0.0,False,False
leo_ntn,leo_low_elevation,1,306.0,NONE,,1.9189765775321632,1.4568016556675758,0,3.177434648785722,1.2584580712535587,False,0,False,False,,0.0,0.0,38.088892419738194,0.0,False,False
leo_ntn,leo_low_elevation,1,307.0,NONE,,1.279610711237595,1.3431852429825568,0,-0.5328237380691299,-1.8124344493067248,False,0,False,False,,0.0,0.0,64.5320056358793,0.0,False,False
leo_ntn,leo_low_elevation,1,308.0,NONE,,1.7435459031404434,1.7345795856978157,0,-0.026987946870246304,-1.7705338500106897,False,0,False,False,,0.0,0.0,59.557058557972006,0.0,False,False
leo_ntn,leo_low_elevation,1,309.0,NONE,,2.5082847455459074,3.070981692360732,0,3.5590087158621824,1.050723970316275,True,1,False,False,,0.0,0.0,34.83953294961997,0.0,False,False
leo_ntn,leo_low_elevation,1,310.0,NONE,,2.530852343594134,2.8724559666377374,0,4.376227498370362,1.845375154776228,True,1,False,False,,0.0,0.0,29.614267103158454,0.0,False,False
leo_ntn,leo_low_elevation,1,311.0,NONE,,1.0019536698762863,2.108651169942142,0,-0.4997465457334975,-1.5017002156097838,False,0,False,False,,0.0,0.0,50.41803648281598,0.0,False,False
leo_ntn,leo_low_elevation,1,312.0,NONE,,0.6523260483738085,0.879059528253201,0,-1.5035610012768572,-2.1558870496506657,False,0,False,False,,0.0,0.0,71.51573494050787,0.0,False,False
leo_ntn,leo_low_elevation,1,313.0,NONE,,2.4814110439512405,2.3094850802664055,0,1.6834316104526987,-0.7979794334985417,True,1,False,False,,0.0,0.0,45.42548579096305,0.0,False,False
leo_ntn,leo_low_elevation,1,314.0,NONE,,1.2808729013035816,0.5983230947775056,0,4.611136791364199,3.3302638900606176,False,0,False,False,,0.0,0.0,26.891029330641594,0.0,False,False
leo_ntn,leo_low_elevation,1,315.0,NONE,,1.3596291057035188,0.4041581454163534,0,2.5323609742864246,1.1727318685829058,False,0,False,False,,0.0,0.0,38.548765615360175,0.0,False,False
leo_ntn,leo_low_elevation,1,316.0,NONE,,1.530109585262636,1.419635475575923,0,-1.9311996887750453,-3.4613092740376814,False,0,False,False,,0.0,0.0,65.47959918722707,0.0,False,False
leo_ntn,leo_low_elevation,1,317.0,NONE,,1.8222642767383377,2.245375394663988,0,-1.0341261884212365,-2.856390465159574,False,0,False,False,,0.0,0.0,58.88314464259093,0.0,False,False
leo_ntn,leo_low_elevation,1,318.0,NONE,,1.468002101629665,0.9522893859590269,0,2.9512478128588366,1.4832457112291717,False,0,False,False,,0.0,0.0,34.43169803664612,0.0,False,False
leo_ntn,leo_low_elevation,1,319.0,NONE,,0.20501806782942822,0.04843780783857454,0,3.4978328589907832,3.292814791161355,False,0,False,False,,0.0,0.0,29.95522568087681,0.0,False,False
leo_ntn,leo_low_elevation,1,320.0,NONE,,0.08627985503952118,0.607837290143614,0,-0.37437269442587606,-0.46065254946539724,False,0,False,False,,0.0,0.0,51.03788776721875,0.0,False,False
leo_ntn,leo_low_elevation,1,321.0,NONE,,-0.2392948932247947,0.01575009201608424,0,-1.392792259182638,-1.1534973659578434,False,0,False,False,,0.0,0.0,71.26728511079142,0.0,False,False
leo_ntn,leo_low_elevation,1,322.0,NONE,,-0.10978733063920743,0.033041030327702,0,0.40793729724210337,0.5177246278813108,False,0,False,False,,0.0,0.0,44.8718836148702,0.0,False,False
leo_ntn,leo_low_elevation,1,323.0,NONE,,1.1618254852033374,1.1261087068653453,0,3.721541909227703,2.5597164240243657,False,0,False,False,,0.0,0.0,26.4408170932437,0.0,False,False
leo_ntn,leo_low_elevation,1,324.0,NONE,,1.0206444575515974,0.7392090540859613,0,1.5580274730703465,0.5373830155187491,False,0,False,False,,0.0,0.0,39.250861716672134,0.0,False,False
leo_ntn,leo_low_elevation,1,325.0,NONE,,0.23092130223845686,0.30344895146139095,0,-1.5754438625360372,-1.806365164774494,False,0,False,False,,0.0,0.0,66.0953290818893,0.0,False,False
leo_ntn,leo_low_elevation,1,326.0,NONE,,0.4419187749330149,0.8070152384177476,0,-1.128938438953469,-1.5708572138864838,False,0,False,False,,0.0,0.0,58.21004164980092,0.0,False,False
leo_ntn,leo_low_elevation,1,327.0,NONE,,0.7888890674043125,1.42041546606238,0,1.6284611018394504,0.8395720344351378,False,0,False,False,,0.0,0.0,34.02955154819034,0.0,False,False
leo_ntn,leo_low_elevation,1,328.0,NONE,,0.04315126915876988,0.009727400491591709,0,2.181507730474877,2.138356461316107,False,0,False,False,,0.0,0.0,30.3008006394949,0.0,False,False
leo_ntn,leo_low_elevation,1,329.0,NONE,,-0.6372102619495905,0.09374298457806418,0,-1.39318073947274,-0.7559704775231495,False,0,False,False,,0.0,0.0,51.66409878803865,0.0,False,False
leo_ntn,leo_low_elevation,1,330.0,NONE,,-0.4903293319529922,0.15199964407836575,0,-2.964434739834605,-2.4741054078816127,False,0,False,False,,0.0,0.0,70.97197489930396,0.0,False,False
leo_ntn,leo_low_elevation,1,331.0,NONE,,-0.632329942309866,0.2178498824873074,0,-0.7655609567098871,-0.13323101440002105,False,0,False,False,,0.0,0.0,44.05498177303784,0.0,False,False
leo_ntn,leo_low_elevation,1,332.0,NONE,,-1.64041529276804,0.5766549042778806,0,1.4476819778440113,3.0880972706120513,False,0,False,False,,0.0,0.0,26.145397491964665,0.0,False,False
leo_ntn,leo_low_elevation,1,333.0,NONE,,-0.4373943154278095,1.415868753900135,0,-0.40258278437996964,0.03481153104783985,False,0,False,False,,0.0,0.0,39.7272341247556,0.0,False,False
leo_ntn,leo_low_elevation,1,334.0,NONE,,-0.2751914611043276,0.8335177957149185,0,-2.740814275908903,-2.4656228148045756,False,0,False,False,,0.0,0.0,66.69573804412238,0.0,False,False
leo_ntn,leo_low_elevation,1,335.0,NONE,,1.0361815762127833,1.828196095864861,0,-1.0345357471733791,-2.0707173233861624,False,0,False,False,,0.0,0.0,57.53854281646706,0.0,False,False
leo_ntn,leo_low_elevation,1,336.0,NONE,,0.6072768333484788,1.3532701916700844,0,1.5900114312689304,0.9827345979204516,False,0,False,False,,0.0,0.0,33.63300100559428,0.0,False,False
leo_ntn,leo_low_elevation,1,337.0,NONE,,0.7348557886157465,0.8956690348533627,0,3.106648456056181,2.3717926674404346,False,0,False,False,,0.0,0.0,30.65107655847437,0.0,False,False
leo_ntn,leo_low_elevation,1,338.0,NONE,,0.20132606518609464,1.4278171251576381,0,-0.2436922481743089,-0.44501831336040354,False,0,False,False,,0.0,0.0,52.296455769383655,0.0,False,False
leo_ntn,leo_low_elevation,1,339.0,NONE,,-0.11369182575437264,1.1465319925788933,0,-3.5770998895145674,-3.4634080637601947,False,0,False,False,,0.0,0.0,70.44722883736357,0.0,False,False
leo_ntn,leo_low_elevation,1,340.0,NONE,,1.0086384046229995,2.443691118250065,0,-0.2361889579027583,-1.2448273625257578,False,0,False,False,,0.0,0.0,43.5193618045342,0.0,False,False
leo_ntn,leo_low_elevation,1,341.0,NONE,,1.1336350312022034,3.1602191395956893,0,3.3448627621825704,2.211227730980367,False,0,False,False,,0.0,0.0,25.85367383621669,0.0,False,False
leo_ntn,leo_low_elevation,1,342.0,NONE,,-0.6530650553384731,0.9636541772201355,0,-0.7526648413103629,-0.09959978597188979,False,0,False,False,,0.0,0.0,40.21034316831792,0.0,False,False
leo_ntn,leo_low_elevation,1,343.0,NONE,,-0.42540167096336745,0.07792259476613594,0,-2.412158094763736,-1.9867564238003688,False,0,False,False,,0.0,0.0,67.27847431199764,0.0,False,False
leo_ntn,leo_low_elevation,1,344.0,NONE,,0.16113869279023163,0.13784209511270262,0,-0.9625753018260212,-1.1237139946162529,False,0,False,False,,0.0,0.0,56.86936332364891,0.0,False,False
leo_ntn,leo_low_elevation,1,345.0,NONE,,1.8028685319781061,1.3820230100272113,0,2.9036394709784794,1.1007709390003733,False,0,False,False,,0.0,0.0,33.24195412498184,0.0,False,False
leo_ntn,leo_low_elevation,1,346.0,NONE,,1.5950138341145532,2.3358167938862593,0,2.689343449883385,1.0943296157688316,False,0,False,False,,0.0,0.0,31.185492417371854,0.0,False,False
leo_ntn,leo_low_elevation,1,347.0,NONE,,1.4127535272719456,0.9923128520358588,0,-0.27962428983342846,-1.692377817105374,False,0,False,False,,0.0,0.0,53.255965647979,0.0,False,False
leo_ntn,leo_low_elevation,1,348.0,NONE,,1.033881567739698,1.8048743853825258,0,-1.7286775922788777,-2.7625591600185757,False,0,False,False,,0.0,0.0,70.04725500084922,0.0,False,False
leo_ntn,leo_low_elevation,1,349.0,NONE,,0.46836865406528716,0.9585645560990272,0,0.37164669404286244,-0.09672196002242472,False,0,False,False,,0.0,0.0,42.990898015192315,0.0,False,False
leo_ntn,leo_low_elevation,1,350.0,NONE,,-0.2569352009842305,1.1820105086975659,0,2.2764255964943434,2.533360797478574,False,0,False,False,,0.0,0.0,25.56557764099329,0.0,False,False
leo_ntn,leo_low_elevation,1,351.0,NONE,,1.2005973277506996,3.3457739264790476,0,0.0798753108411141,-1.1207220169095855,False,0,False,False,,0.0,0.0,40.7002619398408,0.0,False,False
leo_ntn,leo_low_elevation,1,352.0,NONE,,-0.5263305710894599,1.8832860561888722,0,-3.3293253921419605,-2.8029948210525006,False,0,False,False,,0.0,0.0,67.84101692847304,0.0,False,False
leo_ntn,leo_low_elevation,1,353.0,NONE,,0.4007990405771693,1.9819258964833963,0,-1.7098202161563307,-2.1106192567335,False,0,False,False,,0.0,0.0,56.20314665708676,0.0,False,False
leo_ntn,leo_low_elevation,1,354.0,NONE,,0.023676692664025722,2.90050589505109,0,-0.057138362819522115,-0.08081505548354784,False,0,False,False,,0.0,0.0,32.66550215741749,0.0,False,False
leo_ntn,leo_low_elevation,1,355.0,NONE,,-0.4379765319786628,2.062895722341146,0,0.9079460152949395,1.3459225472736023,False,0,False,False,,0.0,0.0,31.54789778351115,0.0,False,False
leo_ntn,leo_low_elevation,1,356.0,NONE,,0.2589386449850224,1.7214954353019252,0,-1.1609296837319292,-1.4198683287169516,False,0,False,False,,0.0,0.0,53.90252905123154,0.0,False,False
leo_ntn,leo_low_elevation,1,357.0,NONE,,0.10482151200695,0.679765279234168,0,-2.2289011599962407,-2.3337226720031907,False,0,False,False,,0.0,0.0,69.61080728630967,0.0,False,False
leo_ntn,leo_low_elevation,1,358.0,NONE,,0.36925693392893777,0.18913764480826245,0,1.1742529219853477,0.8049959880564099,False,0,False,False,,0.0,0.0,42.46955569451208,0.0,False,False
leo_ntn,leo_low_elevation,1,359.0,NONE,,1.1790166644580182,0.396447796241695,0,5.510162449981605,4.331145785523587,False,0,False,False,,0.0,0.0,25.281041684554843,0.0,False,False
leo_ntn,leo_low_elevation,1,360.0,NONE,,1.0430953487363723,0.4616495366980473,0,1.4609227889479453,0.4178274402115729,False,0,False,False,,0.0,0.0,41.19705939417239,0.0,False,False
leo_ntn,leo_low_elevation,1,361.0,NONE,,0.7917630053435545,0.4228035678688826,0,-0.9651979423625505,-1.756960947706105,False,0,False,False,,0.0,0.0,68.38068095807722,0.0,False,False
leo_ntn,leo_low_elevation,1,362.0,NONE,,1.6485456794910078,0.45791480282603914,0,0.5621961402609799,-1.086349539230028,False,0,False,False,,0.0,0.0,55.21062394903291,0.0,False,False
leo_ntn,leo_low_elevation,1,363.0,NONE,,1.419918968347048,0.0015010229246001927,0,3.5866740388763603,2.1667550705293124,False,0,False,False,,0.0,0.0,32.28781320325454,0.0,False,False
leo_ntn,leo_low_elevation,1,364.0,NONE,,1.4745813928406335,0.3379022743996174,0,3.8590863051203357,2.384504912279702,False,0,False,False,,0.0,0.0,31.915308363875674,0.0,False,False
leo_ntn,leo_low_elevation,1,365.0,NONE,,0.9198255379589142,0.050643247198046026,0,0.06842876776168794,-0.8513967701972263,False,0,False,False,,0.0,0.0,54.55421089311194,0.0,False,False
leo_ntn,leo_low_elevation,1,366.0,NONE,,0.8396282946923463,1.1219416070279422,0,-2.112452799076724,-2.9520810937690705,False,0,False,False,,0.0,0.0,69.14103594384633,0.0,False,False
leo_ntn,leo_low_elevation,1,367.0,NONE,,2.095409340080664,2.129769846562901,0,1.7953553579089796,-0.30005398217168455,False,0,False,False,,0.0,0.0,41.955292226263765,0.0,False,False
leo_ntn,leo_low_elevation,1,368.0,NONE,,1.6008368236901305,2.260011105295682,0,4.219536908469285,2.618700084779155,False,0,False,False,,0.0,0.0,25.0,0.0,False,False
leo_ntn,leo_low_elevation,1,369.0,NONE,,2.0569829213348,1.5869549882089373,0,2.0677774947883396,0.010794573453539513,False,0,False,False,,0.0,0.0,41.95529222626376,0.0,False,False
leo_ntn,leo_low_elevation,1,370.0,NONE,,0.16764309520685572,0.4954667884605968,0,-2.0814619707050177,-2.2491050659118734,False,0,False,False,,0.0,0.0,69.14103594384633,0.0,False,False
leo_ntn,leo_low_elevation,1,371.0,NONE,,-0.11683903440741261,0.07084121043647684,0,-1.1959317318463185,-1.079092697438906,False,0,False,False,,0.0,0.0,54.55421089311194,0.0,False,False
leo_ntn,leo_low_elevation,1,372.0,NONE,,0.6676384387722436,1.7586217560893758,0,2.2057649839813553,1.5381265452091117,False,0,False,False,,0.0,0.0,31.91530836387568,0.0,False,False
leo_ntn,leo_low_elevation,1,373.0,NONE,,-0.890754623801044,0.5256012095557807,0,0.885664915355834,1.776419539156878,False,0,False,False,,0.0,0.0,32.28781320325454,0.0,False,False
leo_ntn,leo_low_elevation,1,374.0,NONE,,-0.2109356316311306,0.7434835981194041,0,-0.794872253532958,-0.5839366219018274,False,0,False,False,,0.0,0.0,55.21062394903289,0.0,False,False
leo_ntn,leo_low_elevation,1,375.0,NONE,,-0.42442013103107,0.3319204288018014,0,-1.7003213448716856,-1.2759012138406156,False,0,False,False,,0.0,0.0,68.64105231679088,0.0,False,False
leo_ntn,leo_low_elevation,1,376.0,NONE,,-0.9069622487312046,0.04383083289072687,0,0.1479456279696194,1.054907876700824,False,0,False,False,,0.0,0.0,41.44805790676682,0.0,False,False
leo_ntn,leo_low_elevation,1,377.0,NONE,,-0.8455043891244571,0.03352804089219319,0,2.603344797133907,3.4488491862583643,False,0,False,False,,0.0,0.0,25.28104168455484,0.0,False,False
leo_ntn,leo_low_elevation,1,378.0,NONE,,-1.1183917171590991,0.17239016608732527,0,-0.7828306004681842,0.33556111669091493,False,0,False,False,,0.0,0.0,42.46955569451208,0.0,False,False
leo_ntn,leo_low_elevation,1,379.0,NONE,,-0.6881622186541989,0.3131947026925985,0,-3.0298668307748997,-2.341704612120701,False,0,False,False,,0.0,0.0,69.61080728630967,0.0,False,False
leo_ntn,leo_low_elevation,1,380.0,NONE,,-0.7030552994670813,0.7584828980740781,0,-1.923875210706754,-1.2208199112396727,False,0,False,False,,0.0,0.0,53.90252905123156,0.0,False,False
leo_ntn,leo_low_elevation,1,381.0,NONE,,-1.543356493340255,0.2642435212229941,0,0.8131627970381476,2.3565192903784027,False,0,False,False,,0.0,0.0,31.54789778351116,0.0,False,False
leo_ntn,leo_low_elevation,1,382.0,NONE,,-0.7853111845734588,1.8088817038734604,0,0.37529035867229155,1.1606015432457504,False,0,False,False,,0.0,0.0,32.66550215741749,0.0,False,False
leo_ntn,leo_low_elevation,1,383.0,NONE,,-0.9344261642769567,0.7555385059210735,0,-2.4628048048021647,-1.528378640525208,False,0,False,False,,0.0,0.0,55.87133232456452,0.0,False,False
leo_ntn,leo_low_elevation,1,384.0,NONE,,-0.10867518102701013,0.7187922893977188,0,-2.424859400380168,-2.3161842193531577,False,0,False,False,,0.0,0.0,68.1138827142839,0.0,False,False
leo_ntn,leo_low_elevation,1,385.0,NONE,,-0.4540544569279774,1.238064798340723,0,0.10059311838590901,0.5546475753138864,False,0,False,False,,0.0,0.0,40.7002619398408,0.0,False,False
leo_ntn,leo_low_elevation,1,386.0,NONE,,-0.21298492336414654,2.1164882556574653,0,1.703698687912107,1.9166836112762535,False,0,False,False,,0.0,0.0,25.56557764099329,0.0,False,False
leo_ntn,leo_low_elevation,1,387.0,NONE,,-0.22368768136909267,0.1303303330019432,0,-0.19179188367586164,0.03189579769323103,False,0,False,False,,0.0,0.0,42.99089801519231,0.0,False,False
leo_ntn,leo_low_elevation,1,388.0,NONE,,0.1372455956846892,1.2459606262391887,0,-3.5652265541286674,-3.7024721498133566,False,0,False,False,,0.0,0.0,70.04725500084922,0.0,False,False
leo_ntn,leo_low_elevation,1,389.0,NONE,,-0.09973215272908931,0.6872704967216308,0,-1.2948262096579697,-1.1950940569288804,False,0,False,False,,0.0,0.0,53.255965647979,0.0,False,False
leo_ntn,leo_low_elevation,1,390.0,NONE,,-0.4096635407888911,0.18593186043177212,0,1.604812176309057,2.014475717097948,False,0,False,False,,0.0,0.0,31.18549241737186,0.0,False,False
leo_ntn,leo_low_elevation,1,391.0,NONE,,1.086104198234338,3.05489680684574,0,2.7448733145003903,1.6587691162660523,False,0,False,False,,0.0,0.0,33.04846580748963,0.0,False,False
leo_ntn,leo_low_elevation,1,392.0,NONE,,-0.23114307248114585,1.0925507173950635,0,-1.1632408548441227,-0.9320977823629768,False,0,False,False,,0.0,0.0,56.869363323648905,0.0,False,False
leo_ntn,leo_low_elevation,1,393.0,NONE,,0.48455789917849756,1.8487831381514397,0,-1.3406018132321513,-1.825159712410649,False,0,False,False,,0.0,0.0,67.27847431199766,0.0,False,False
leo_ntn,leo_low_elevation,1,394.0,NONE,,0.6293223501043883,2.1619034067708256,0,1.3668576429271742,0.7375352928227858,False,0,False,False,,0.0,0.0,40.210343168317934,0.0,False,False
leo_ntn,leo_low_elevation,1,395.0,NONE,,1.0668770580917624,2.7954239216497143,0,4.31704461472574,3.2501675566339774,False,0,False,False,,0.0,0.0,25.853673836216686,0.0,False,False
leo_ntn,leo_low_elevation,1,396.0,NONE,,0.7347112365822994,1.7029912048938343,0,0.3120756798662079,-0.42263555671609154,False,0,False,False,,0.0,0.0,43.51936180453419,0.0,False,False
leo_ntn,leo_low_elevation,1,397.0,NONE,,0.6357771388446736,1.3553237412455843,0,-2.2164443415097033,-2.852221480354377,False,0,False,False,,0.0,0.0,70.44722883736357,0.0,False,False
leo_ntn,leo_low_elevation,1,398.0,NONE,,0.40706343518068877,1.3527566910265136,0,-1.4493874773989859,-1.8564509125796747,False,0,False,False,,0.0,0.0,52.61486328226399,0.0,False,False
leo_ntn,leo_low_elevation,1,399.0,NONE,,-0.6688510373645187,0.5006994875280242,0,1.7013804883850678,2.3702315257495865,False,0,False,False,,0.0,0.0,30.828004107517263,0.0,False,False
leo_ntn,leo_low_elevation,1,400.0,NONE,,-0.6872476888306664,0.29182923433251773,0,1.1956283352227768,1.8828760240534432,False,0,False,False,,0.0,0.0,33.63300100559428,0.0,False,False
leo_ntn,leo_low_elevation,1,401.0,NONE,,-0.1552235534553006,0.5805939824785824,0,-1.7081558593948358,-1.5529323059395352,False,0,False,False,,0.0,0.0,57.53854281646706,0.0,False,False
leo_ntn,leo_low_elevation,1,402.0,NONE,,-0.6202542082661751,0.628353441907926,0,-2.8734338568383464,-2.2531796485721713,False,0,False,False,,0.0,0.0,66.69573804412238,0.0,False,False
leo_ntn,leo_low_elevation,1,403.0,NONE,,1.0731378114219439,3.104508192850325,0,-0.35920474685330817,-1.432342558275252,False,0,False,False,,0.0,0.0,39.7272341247556,0.0,False,False
leo_ntn,leo_low_elevation,1,404.0,NONE,,0.3363167963139517,3.5629866883066583,0,1.3323925171743056,0.9960757208603539,False,0,False,False,,0.0,0.0,26.145397491964665,0.0,False,False
leo_ntn,leo_low_elevation,1,405.0,NONE,,0.4664298035349077,2.1478940451102417,0,-0.3694927191342501,-0.8359225226691578,False,0,False,False,,0.0,0.0,44.05498177303783,0.0,False,False
leo_ntn,leo_low_elevation,1,406.0,NONE,,0.9450726998029495,2.6272040834522628,0,-2.530707073139819,-3.4757797729427686,False,0,False,False,,0.0,0.0,70.80759801816036,0.0,False,False
leo_ntn,leo_low_elevation,1,407.0,NONE,,0.6955779416567651,2.654298869164599,0,-1.6335958601363352,-2.3291738017931003,False,0,False,False,,0.0,0.0,51.97952364464685,0.0,False,False
leo_ntn,leo_low_elevation,1,408.0,NONE,,-0.21702358675383948,1.6159321913551778,0,1.6950612887451388,1.9120848754989783,False,0,False,False,,0.0,0.0,30.300800639494906,0.0,False,False
leo_ntn,leo_low_elevation,1,409.0,NONE,,-0.4133022522712224,1.353419811254092,0,0.7889748503466745,1.2022771026178969,False,0,False,False,,0.0,0.0,34.02955154819033,0.0,False,False
leo_ntn,leo_low_elevation,1,410.0,NONE,,-0.41668257604958114,0.05639798918542027,0,-1.4432890393421935,-1.0266064632926124,False,0,False,False,,0.0,0.0,58.210041649800914,0.0,False,False
leo_ntn,leo_low_elevation,1,411.0,NONE,,-0.10699641459525822,0.5923978055751107,0,-1.5690610096940638,-1.4620645950988056,False,0,False,False,,0.0,0.0,66.0953290818893,0.0,False,False
leo_ntn,leo_low_elevation,1,412.0,NONE,,-0.2500490581845156,0.7398625895048738,0,1.0585374250801323,1.3085864832646479,False,0,False,False,,0.0,0.0,39.25086171667215,0.0,False,False
leo_ntn,leo_low_elevation,1,413.0,NONE,,1.2704452953719283,2.0540335338028513,0,4.582116471157937,3.3116711757860084,False,0,False,False,,0.0,0.0,26.4408170932437,0.0,False,False
leo_ntn,leo_low_elevation,1,414.0,NONE,,1.5274996453463103,1.7346728913618534,0,0.8761857641605779,-0.6513138811857324,False,0,False,False,,0.0,0.0,44.597783837534145,0.0,False,False
leo_ntn,leo_low_elevation,1,415.0,NONE,,0.43104302000242,0.36304219173632646,0,-1.870120682601332,-2.301163702603752,False,0,False,False,,0.0,0.0,71.12532154959243,0.0,False,False
leo_ntn,leo_low_elevation,1,416.0,NONE,,0.7154711073424664,1.188390936624998,0,-0.23302461128557184,-0.9484957186280383,False,0,False,False,,0.0,0.0,51.03788776721876,0.0,False,False
leo_ntn,leo_low_elevation,1,417.0,NONE,,1.5127817033802131,0.7537548299557102,0,4.24352153140137,2.7307398280211572,False,0,False,False,,0.0,0.0,29.95522568087681,0.0,False,False
leo_ntn,leo_low_elevation,1,418.0,NONE,,0.9295160519265835,0.361941009701475,0,2.316598685514796,1.3870826335882125,False,0,False,False,,0.0,0.0,34.43169803664612,0.0,False,False
leo_ntn,leo_low_elevation,1,419.0,NONE,,0.4729894709740421,0.37764713271857175,0,-1.5741254477603768,-2.047114918734419,False,0,False,False,,0.0,0.0,58.88314464259091,0.0,False,False
leo_ntn,leo_low_elevation,1,420.0,NONE,,0.4340081761139061,0.731058911354161,0,-2.0710299683459645,-2.5050381444598706,False,0,False,False,,0.0,0.0,65.47959918722708,0.0,False,False
leo_ntn,leo_low_elevation,1,421.0,NONE,,0.6750917112894399,0.04969788886545956,0,1.6314300812945657,0.9563383700051258,False,0,False,False,,0.0,0.0,38.781149231550735,0.0,False,False
leo_ntn,leo_low_elevation,1,422.0,NONE,,1.16307659003121,0.6226672128335693,0,4.116071937292245,2.9529953472610355,False,0,False,False,,0.0,0.0,26.740002395071535,0.0,False,False
leo_ntn,leo_low_elevation,1,423.0,NONE,,0.99676185097006,0.656366436934853,0,1.0139847377351803,0.017222886765120293,False,0,False,False,,0.0,0.0,45.425485790963045,0.0,False,False
leo_ntn,leo_low_elevation,1,424.0,NONE,,1.2551658311794682,0.26251605913166287,0,-0.9364112416153532,-2.1915770727948214,False,0,False,False,,0.0,0.0,71.51573494050787,0.0,False,False
leo_ntn,leo_low_elevation,1,425.0,NONE,,1.6588314850093866,1.1275928641710138,0,1.0573982803718547,-0.6014332046375319,False,0,False,False,,0.0,0.0,50.41803648281598,0.0,False,False
leo_ntn,leo_low_elevation,1,426.0,NONE,,2.141833920194344,0.7623634615290413,0,4.469514450876607,2.3276805306822634,False,0,False,False,,0.0,0.0,29.614267103158454,0.0,False,False
leo_ntn,leo_low_elevation,1,427.0,NONE,,1.5005336318149318,0.8705753953649449,0,3.5244329347318555,2.0238993029169237,False,0,False,False,,0.0,0.0,34.839532949619965,0.0,False,False
leo_ntn,leo_low_elevation,1,428.0,NONE,,0.6238066598323257,0.9777177120344973,0,-0.5949663364953217,-1.2187729963276475,False,0,False,False,,0.0,0.0,59.557058557972006,0.0,False,False
leo_ntn,leo_low_elevation,1,429.0,NONE,,0.83277910542472,1.535327636422842,0,-0.5122281923026542,-1.3450072977273742,False,0,False,False,,0.0,0.0,64.8507305973571,0.0,False,False
leo_ntn,leo_low_elevation,1,430.0,NONE,,1.0148489281112631,0.3253334966601429,0,1.699472445161902,0.684623517050639,False,0,False,False,,0.0,0.0,38.31801681209204,0.0,False,False
leo_ntn,leo_low_elevation,1,431.0,NONE,,2.3584839492189076,1.49077941718879,0,5.059510936511055,2.7010269872921473,False,0,False,False,,0.0,0.0,27.195996763555428,0.0,False,False
leo_ntn,leo_low_elevation,1,432.0,NONE,,1.51397172373035,0.5112644083812938,0,0.8737150377835867,-0.6402566859467633,False,0,False,False,,0.0,0.0,45.98628985984879,0.0,False,False
leo_ntn,leo_low_elevation,1,433.0,NONE,,1.7962800718592007,0.825107603680749,0,-0.5341746782132262,-2.330454750072427,False,0,False,False,,0.0,0.0,71.71487483119608,0.0,False,False
leo_ntn,leo_low_elevation,1,434.0,NONE,,1.0117793393293653,0.5736424444057064,0,0.6105539161409546,-0.4012254231884107,False,0,False,False,,0.0,0.0,49.8047286108249,0.0,False,False
leo_ntn,leo_low_elevation,1,435.0,NONE,,2.3523439955711325,1.8086634482079944,0,4.079911333216787,1.7275673376456542,False,0,False,False,,0.0,0.0,29.27784145431323,0.0,False,False
leo_ntn,leo_low_elevation,1,436.0,NONE,,0.8780893907318585,0.08966796898349827,0,1.726820249003536,0.8487308582716775,False,0,False,False,,0.0,0.0,35.25314880409335,0.0,False,False
leo_ntn,leo_low_elevation,1,437.0,NONE,,0.9128017406807203,0.34500704627037493,0,-0.7015917086579506,-1.614393449338671,False,0,False,False,,0.0,0.0,60.23090524072772,0.0,False,False
leo_ntn,leo_low_elevation,1,438.0,NONE,,0.3212061026519706,0.11517788694744269,0,-1.6296185321737582,-1.9508246348257288,False,0,False,False,,0.0,0.0,64.2107392977754,0.0,False,False
leo_ntn,leo_low_elevation,1,439.0,NONE,,1.055335409874715,1.5543683093442198,0,1.131835830343018,0.07650042046830308,False,0,False,False,,0.0,0.0,37.63547455114855,0.0,False,False
leo_ntn,leo_low_elevation,1,440.0,NONE,,1.857419487833809,2.57796582664421,0,3.2192727046531715,1.3618532168193624,False,0,False,False,,0.0,0.0,27.504909867555387,0.0,False,False
leo_ntn,leo_low_elevation,1,441.0,NONE,,1.585999996123661,1.8793560676014707,0,0.1959436008175004,-1.3900563953061607,False,0,False,False,,0.0,0.0,46.5542828246626,0.0,False,False
leo_ntn,leo_low_elevation,1,442.0,NONE,,1.1353795825749415,1.3603903887366968,0,-1.6889495340474774,-2.824329116622419,False,0,False,False,,0.0,0.0,71.86264735829762,0.0,False,False
leo_ntn,leo_low_elevation,1,443.0,NONE,,0.7084556810352325,1.517073611465925,0,-0.8662938693972286,-1.5747495504324611,False,0,False,False,,0.0,0.0,49.19812027983368,0.0,False,False
leo_ntn,leo_low_elevation,1,444.0,NONE,,1.6370868288278189,3.1842235575186564,0,2.510226700061887,0.8731398712340681,False,0,False,False,,0.0,0.0,28.94586644464911,0.0,False,False
leo_ntn,leo_low_elevation,1,445.0,NONE,,0.5400894737658319,1.3769837347077,0,1.8293674593869724,1.2892779856211405,False,0,False,False,,0.0,0.0,35.6726379822729,0.0,False,False
leo_ntn,leo_low_elevation,1,446.0,NONE,,0.20567324620364502,1.9468097412710321,0,-2.0646102225636227,-2.2702834687672677,False,0,False,False,,0.0,0.0,61.23939918903475,0.0,False,False
leo_ntn,leo_low_elevation,1,447.0,NONE,,0.4361811287739954,2.0797599310752517,0,-1.6459671140901513,-2.0821482428641467,False,0,False,False,,0.0,0.0,63.233914212092316,0.0,False,False
leo_ntn,leo_low_elevation,1,448.0,NONE,,0.4454960413511486,2.3959682102188893,0,0.7706366348953662,0.32514059354421754,False,0,False,False,,0.0,0.0,37.18842611917388,0.0,False,False
leo_ntn,leo_low_elevation,1,449.0,NONE,,1.9185206364761598,3.7085946875397724,0,3.13938589771802,1.22086526124186,False,0,False,False,,0.0,0.0,27.81784286665388,0.0,False,False
leo_ntn,leo_low_elevation,1,450.0,NONE,,1.2193534218997257,1.7106513818327755,0,-0.30929087371504593,-1.5286442956147717,False,0,False,False,,0.0,0.0,47.12943787442566,0.0,False,False
leo_ntn,leo_low_elevation,1,451.0,NONE,,0.9734307664087254,2.3585434574853537,0,-1.9618076376027815,-2.935238404011507,False,0,False,False,,0.0,0.0,71.95746880895388,0.0,False,False
leo_ntn,leo_low_elevation,1,452.0,NONE,,1.112811866720989,2.4168002092629735,0,-0.8924032728146756,-2.0052151395356645,False,0,False,False,,0.0,0.0,48.59834242149576,0.0,False,False
leo_ntn,leo_low_elevation,1,453.0,NONE,,0.311623138518911,1.8930433776442328,0,2.2732573052918887,1.9616341667729777,False,0,False,False,,0.0,0.0,28.618260976164983,0.0,False,False
leo_ntn,leo_low_elevation,1,454.0,NONE,,-0.45957839443410364,1.4862614178057427,0,-0.07421360369820462,0.385364790735899,False,0,False,False,,0.0,0.0,36.31308546414453,0.0,False,False
leo_ntn,leo_low_elevation,1,455.0,NONE,,-0.4197168947214607,1.0430681464000955,0,-2.7400763015805474,-2.3203594068590867,False,0,False,False,,0.0,0.0,61.90861070710233,0.0,False,False
leo_ntn,leo_low_elevation,1,456.0,NONE,,0.13418637361353092,0.8831947583001138,0,-1.7502162982456113,-1.8844026718591422,False,0,False,False,,0.0,0.0,62.573901842623656,0.0,False,False
leo_ntn,leo_low_elevation,1,457.0,NONE,,-0.442298547490779,0.1518707430830304,0,0.8763193107794311,1.3186178582702102,False,0,False,False,,0.0,0.0,36.74765946151534,0.0,False,False
leo_ntn,leo_low_elevation,1,458.0,NONE,,-0.2754206453741119,0.3940318691107265,0,2.207504412374467,2.482925057748579,False,0,False,False,,0.0,0.0,28.1348712586664,0.0,False,False
leo_ntn,leo_low_elevation,1,459.0,NONE,,0.2158330017107204,1.0611222028126193,0,-0.36597364210952676,-0.5818066438202472,False,0,False,False,,0.0,0.0,47.711712998137244,0.0,False,False
leo_ntn,leo_low_elevation,1,460.0,NONE,,1.4722981227492369,1.9794515599020102,0,-2.699321602473951,-4.171619725223188,False,0,False,False,,0.0,0.0,71.9982963613764,0.0,False,False
leo_ntn,leo_low_elevation,1,461.0,NONE,,0.5303511003433528,1.3127899560172622,0,-0.504821552543337,-1.0351726528866898,False,0,False,False,,0.0,0.0,48.00550293583795,0.0,False,False
leo_ntn,leo_low_elevation,1,462.0,NONE,,1.1191598722575407,1.169357127586217,0,3.4156418567294455,2.296481984471905,False,0,False,False,,0.0,0.0,28.134871258666404,0.0,False,False
leo_ntn,leo_low_elevation,1,463.0,NONE,,0.3376098792298734,0.4017819083498111,0,2.4229105096677426,2.085300630437869,False,0,False,False,,0.0,0.0,36.74765946151534,0.0,False,False
leo_ntn,leo_low_elevation,1,464.0,NONE,,0.5655169931930288,0.72043514995989,0,-0.9223391446417466,-1.4878561378347754,False,0,False,False,,0.0,0.0,62.573901842623656,0.0,False,False
leo_ntn,leo_low_elevation,1,465.0,NONE,,0.8893553253584372,1.0040777094664932,0,-0.23578049381385213,-1.1251358191722893,False,0,False,False,,0.0,0.0,61.90861070710235,0.0,False,False
leo_ntn,leo_low_elevation,1,466.0,NONE,,1.4267562525536306,1.4455488007395516,0,2.0265830536686362,0.5998268011150056,False,0,False,False,,0.0,0.0,36.31308546414453,0.0,False,False
leo_ntn,leo_low_elevation,1,467.0,NONE,,2.5205206391005532,1.4814647326430475,0,4.543029677439895,2.022509038339342,True,1,False,False,,0.0,0.0,28.456071808668188,0.0,False,False
leo_ntn,leo_low_elevation,1,468.0,NONE,,1.5101062268505387,0.12495478233573465,0,1.227833924864088,-0.2822723019864508,False,0,False,False,,0.0,0.0,48.30104948234161,0.0,False,False
leo_ntn,leo_low_elevation,1,469.0,NONE,,0.6211783992241351,0.5251984090169657,0,-1.9489696469646667,-2.5701480461888018,False,0,False,False,,0.0,0.0,71.95746880895388,0.0,False,False
leo_ntn,leo_low_elevation,1,470.0,NONE,,1.2276002814658398,0.2954119925148575,0,0.7483162190950132,-0.47928406237082655,False,0,False,False,,0.0,0.0,47.12943787442566,0.0,False,False
leo_ntn,leo_low_elevation,1,471.0,NONE,,1.9071912155718138,1.2558880641092856,0,3.900459668098925,1.9932684525271114,False,0,False,False,,0.0,0.0,27.81784286665388,0.0,False,False
leo_ntn,leo_low_elevation,1,472.0,NONE,,1.0069172723875397,0.28300285994797747,0,2.064209677335887,1.0572924049483472,False,0,False,False,,0.0,0.0,37.18842611917388,0.0,False,False
leo_ntn,leo_low_elevation,1,473.0,NONE,,1.018732051763294,0.6364298505118242,0,-0.571691538887162,-1.590423590650456,False,0,False,False,,0.0,0.0,63.2339142120923,0.0,False,False
leo_ntn,leo_low_elevation,1,474.0,NONE,,1.1753078091354325,0.30082665041857837,0,-0.15454477444282944,-1.329852583578262,False,0,False,False,,0.0,0.0,61.23939918903475,0.0,False,False
leo_ntn,leo_low_elevation,1,475.0,NONE,,1.6497971156340157,0.32765203281116584,0,3.2433682334187885,1.593571117784773,False,0,False,False,,0.0,0.0,35.8846138536988,0.0,False,False
leo_ntn,leo_low_elevation,1,476.0,NONE,,1.9270101233251964,0.877579829322535,0,4.647360584769006,2.720350461443809,False,0,False,False,,0.0,0.0,28.781522539137278,0.0,False,False
leo_ntn,leo_low_elevation,1,477.0,NONE,,1.672964603020226,1.52662224062383,0,0.8295468088028422,-0.8434177942173839,False,0,False,False,,0.0,0.0,49.198120279833674,0.0,False,False
leo_ntn,leo_low_elevation,1,478.0,NONE,,0.7557003527337329,0.40141932650943346,0,-1.32822789134012,-2.083928244073853,False,0,False,False,,0.0,0.0,71.86264735829762,0.0,False,False
leo_ntn,leo_low_elevation,1,479.0,NONE,,0.6141067612474345,0.7240672440498415,0,0.15878890674048307,-0.4553178545069514,False,0,False,False,,0.0,0.0,46.55428282466261,0.0,False,False
leo_ntn,leo_low_elevation,1,480.0,NONE,,1.1856982955318003,2.1844848917346056,0,3.584262500553983,2.3985642050221827,False,0,False,False,,0.0,0.0,27.504909867555387,0.0,False,False
leo_ntn,leo_low_elevation,1,481.0,NONE,,0.1791457171881632,2.703400462322712,0,0.9821933637557123,0.8030476465675491,False,0,False,False,,0.0,0.0,37.63547455114855,0.0,False,False
leo_ntn,leo_low_elevation,1,482.0,NONE,,-0.17364634656858868,1.4905476995723674,0,-1.522404046073401,-1.3487576995048123,False,0,False,False,,0.0,0.0,63.887158559493415,0.0,False,False
leo_ntn,leo_low_elevation,1,483.0,NONE,,-0.3695131755881391,1.0417943497077218,0,-1.494327232097291,-1.1248140565091518,False,0,False,False,,0.0,0.0,60.567503922553826,0.0,False,False
leo_ntn,leo_low_elevation,1,484.0,NONE,,-0.4994326880173787,1.1620715450037338,0,0.7203522879131423,1.219784975930521,False,0,False,False,,0.0,0.0,35.46215346419298,0.0,False,False
leo_ntn,leo_low_elevation,1,485.0,NONE,,0.08495280544102002,1.0417522272082778,0,2.439281695305075,2.354328889864055,False,0,False,False,,0.0,0.0,29.27784145431323,0.0,False,False
leo_ntn,leo_low_elevation,1,486.0,NONE,,-0.09807859930532459,0.3096435316660404,0,-1.0875370199619425,-0.9894584206566179,False,0,False,False,,0.0,0.0,49.80472861082489,0.0,False,False
leo_ntn,leo_low_elevation,1,487.0,NONE,,0.4522749069395502,0.956455261707859,0,-1.9077572553866098,-2.36003216232616,False,0,False,False,,0.0,0.0,71.71487483119608,0.0,False,False
leo_ntn,leo_low_elevation,1,488.0,NONE,,0.23355867345367187,1.039243603803527,0,-0.032761469675691046,-0.2663201431293629,False,0,False,False,,0.0,0.0,45.98628985984879,0.0,False,False
leo_ntn,leo_low_elevation,1,489.0,NONE,,-0.2647334234994787,1.1350606181899536,0,2.524038471566465,2.7887718950659437,False,0,False,False,,0.0,0.0,27.195996763555428,0.0,False,False
leo_ntn,leo_low_elevation,1,490.0,NONE,,-1.6740189943902521,0.1488258969842562,0,-0.6744634807510721,0.99955551363918,False,0,False,False,,0.0,0.0,38.088892419738194,0.0,False,False
leo_ntn,leo_low_elevation,1,491.0,NONE,,-0.7534995061977128,0.5637035693443337,0,-2.3283591606243874,-1.5748596544266746,False,0,False,False,,0.0,0.0,64.5320056358793,0.0,False,False
leo_ntn,leo_low_elevation,1,492.0,NONE,,-0.5056371337058749,1.1590004680246935,0,-2.4167002778104276,-1.9110631441045527,False,0,False,False,,0.0,0.0,59.557058557972006,0.0,False,False
leo_ntn,leo_low_elevation,1,493.0,NONE,,0.9116999555254921,3.030628197621759,0,2.158723609041708,1.2470236535162158,False,0,False,False,,0.0,0.0,34.83953294961997,0.0,False,False
leo_ntn,leo_low_elevation,1,494.0,NONE,,-0.28143206609301075,1.1732029500444625,0,1.8242671368364682,2.105699202929479,False,0,False,False,,0.0,0.0,29.614267103158454,0.0,False,False
leo_ntn,leo_low_elevation,1,495.0,NONE,,0.8798408547531054,2.822570792502951,0,-0.3623017046483916,-1.242142559401497,False,0,False,False,,0.0,0.0,50.41803648281598,0.0,False,False
leo_ntn,leo_low_elevation,1,496.0,NONE,,0.6127660954271832,0.9957255324263699,0,-1.005364376489542,-1.618130471916725,False,0,False,False,,0.0,0.0,71.51573494050787,0.0,False,False
leo_ntn,leo_low_elevation,1,497.0,NONE,,0.07046433643466088,0.8038242187375246,0,0.08009380532703858,0.009629468892377702,False,0,False,False,,0.0,0.0,45.42548579096305,0.0,False,False
leo_ntn,leo_low_elevation,1,498.0,NONE,,0.13695715374363004,1.2724118963133932,0,3.074224090909368,2.937266937165738,False,0,False,False,,0.0,0.0,26.891029330641594,0.0,False,False
leo_ntn,leo_low_elevation,1,499.0,NONE,,0.6850198240563259,2.120884143848663,0,1.0831879883737479,0.39816816431742197,False,0,False,False,,0.0,0.0,38.548765615360175,0.0,False,False
leo_ntn,leo_low_elevation,1,500.0,NONE,,0.5405645945147199,1.985615306584812,0,-1.6242917537272064,-2.1648563482419263,False,0,False,False,,0.0,0.0,65.47959918722707,0.0,False,False
leo_ntn,leo_low_elevation,1,501.0,NONE,,-0.3636769583233104,0.11681672508878904,0,-1.1394777855640719,-0.7758008272407615,False,0,False,False,,0.0,0.0,58.88314464259093,0.0,False,False
leo_ntn,leo_low_elevation,1,502.0,NONE,,-0.9317528713699517,0.25899621035187437,0,1.1207407364540316,2.0524936078239833,False,0,False,False,,0.0,0.0,34.43169803664612,0.0,False,False
leo_ntn,leo_low_elevation,1,503.0,NONE,,0.7094475657979302,1.008326313216287,0,2.6256252390307466,1.9161776732328164,False,0,False,False,,0.0,0.0,29.95522568087681,0.0,False,False
leo_ntn,leo_low_elevation,1,504.0,NONE,,0.3043210714995723,0.15791248073010422,0,-0.5743182830783731,-0.8786393545779454,False,0,False,False,,0.0,0.0,51.03788776721875,0.0,False,False
leo_ntn,leo_low_elevation,1,505.0,NONE,,0.41094197752877903,1.165416382372726,0,-1.6515391825117973,-2.0624811600405764,False,0,False,False,,0.0,0.0,71.26728511079142,0.0,False,False
leo_ntn,leo_low_elevation,1,506.0,NONE,,0.7383443173740432,0.8202135822485985,0,0.48290705061319983,-0.25543726676084333,False,0,False,False,,0.0,0.0,44.8718836148702,0.0,False,False
leo_ntn,leo_low_elevation,1,507.0,NONE,,-0.22052923795428114,0.019967487717480026,0,3.13315712620539,3.353686364159671,False,0,False,False,,0.0,0.0,26.589934622143865,0.0,False,False
leo_ntn,leo_low_elevation,1,508.0,NONE,,0.09786002422821127,0.30171043672996944,0,0.07450016130200154,-0.02335986292620973,False,0,False,False,,0.0,0.0,39.250861716672134,0.0,False,False
leo_ntn,leo_low_elevation,1,509.0,NONE,,-0.4521132145521847,0.5097296679032652,0,-2.9473315488309275,-2.495218334278743,False,0,False,False,,0.0,0.0,66.0953290818893,0.0,False,False
leo_ntn,leo_low_elevation,1,510.0,NONE,,0.08034702516970071,1.419222049223528,0,-1.4007604694544469,-1.4811074946241476,False,0,False,False,,0.0,0.0,58.21004164980092,0.0,False,False
leo_ntn,leo_low_elevation,1,511.0,NONE,,-0.7212238226287155,1.5380711446549427,0,-0.23180866757919105,0.4894151550495245,False,0,False,False,,0.0,0.0,34.02955154819034,0.0,False,False
leo_ntn,leo_low_elevation,1,512.0,NONE,,1.4638994298810246,3.4643209233669765,0,1.7876826236378687,0.32378319375684406,False,0,False,False,,0.0,0.0,30.3008006394949,0.0,False,False
leo_ntn,leo_low_elevation,1,513.0,NONE,,1.449055892076899,1.932018605275239,0,-0.715618144325326,-2.164674036402225,False,0,False,False,,0.0,0.0,51.66409878803865,0.0,False,False
leo_ntn,leo_low_elevation,1,514.0,NONE,,0.5692401891941898,1.7882497774308845,0,-3.289114051037238,-3.858354240231428,False,0,False,False,,0.0,0.0,70.97197489930396,0.0,False,False
leo_ntn,leo_low_elevation,1,515.0,NONE,,0.04677709260815277,0.42701221127941125,0,0.5317058753152288,0.48492878270707607,False,0,False,False,,0.0,0.0,44.05498177303784,0.0,False,False
leo_ntn,leo_low_elevation,1,516.0,NONE,,0.5727939375441125,0.004813355951675646,0,4.07145844223535,3.498664504691238,False,0,False,False,,0.0,0.0,26.145397491964665,0.0,False,False
leo_ntn,leo_low_elevation,1,517.0,NONE,,0.702401745838543,0.27327458253552805,0,1.6522699655237396,0.9498682196851966,False,0,False,False,,0.0,0.0,39.7272341247556,0.0,False,False
leo_ntn,leo_low_elevation,1,518.0,NONE,,0.09209546736605034,0.25318089308347425,0,-1.9475210473274664,-2.039616514693517,False,0,False,False,,0.0,0.0,66.69573804412238,0.0,False,False
leo_ntn,leo_low_elevation,1,519.0,NONE,,0.23354801777279022,1.3784152250934554,0,-1.3975974552055312,-1.6311454729783215,False,0,False,False,,0.0,0.0,57.53854281646706,0.0,False,False
leo_ntn,leo_low_elevation,1,520.0,NONE,,-0.6638485734828521,0.472317789194328,0,1.3661930830081452,2.0300416564909973,False,0,False,False,,0.0,0.0,33.63300100559428,0.0,False,False
leo_ntn,leo_low_elevation,1,521.0,NONE,,0.12641419268935294,1.4756207500404344,0,2.0460013961805483,1.9195872034911954,False,0,False,False,,0.0,0.0,30.65107655847437,0.0,False,False
leo_ntn,leo_low_elevation,1,522.0,NONE,,-0.6158544621695796,0.2800505907892017,0,-1.4437251357926577,-0.8278706736230781,False,0,False,False,,0.0,0.0,52.296455769383655,0.0,False,False
leo_ntn,leo_low_elevation,1,523.0,NONE,,0.18238370611597077,0.9818070135711139,0,-2.5598302754542352,-2.742213981570206,False,0,False,False,,0.0,0.0,70.44722883736357,0.0,False,False
leo_ntn,leo_low_elevation,1,524.0,NONE,,0.4216518766931472,0.7159395679815646,0,0.5250663228853476,0.10341444619220042,False,0,False,False,,0.0,0.0,43.5193618045342,0.0,False,False
leo_ntn,leo_low_elevation,1,525.0,NONE,,0.10489417109708654,0.6852900878484149,0,3.32196005868499,3.2170658875879035,False,0,False,False,,0.0,0.0,25.85367383621669,0.0,False,False
leo_ntn,leo_low_elevation,1,526.0,NONE,,0.6833739990701417,2.15170848434375,0,-0.016116918066099828,-0.6994909171362416,False,0,False,False,,0.0,0.0,40.21034316831792,0.0,False,False
leo_ntn,leo_low_elevation,1,527.0,NONE,,0.5817587335403971,0.9615363043431344,0,-2.116089165565267,-2.697847899105664,False,0,False,False,,0.0,0.0,67.27847431199764,0.0,False,False
leo_ntn,leo_low_elevation,1,528.0,NONE,,1.0144493772935022,1.599170247037513,0,-1.0364491212177995,-2.0508984985113017,False,0,False,False,,0.0,0.0,56.86936332364891,0.0,False,False
leo_ntn,leo_low_elevation,1,529.0,NONE,,1.2617475630725465,1.2194490070471389,0,2.3488192281516866,1.08707166507914,False,0,False,False,,0.0,0.0,33.24195412498184,0.0,False,False
leo_ntn,leo_low_elevation,1,530.0,NONE,,3.176966842806493,4.240675279659605,1,2.204363987472524,-0.9726028553339692,True,1,False,False,,0.0,0.0,31.006139103750346,0.0,False,False
leo_ntn,leo_low_elevation,1,531.0,NONE,,2.2201126483527247,3.694553133764238,0,-0.8461957732037959,-3.0663084215565206,False,0,False,False,,0.0,0.0,53.255965647979,0.0,False,False
leo_ntn,leo_low_elevation,1,532.0,NONE,,2.55186274852052,2.9195573850527907,0,-1.3862074501893105,-3.9380701987098305,True,1,False,False,,0.0,0.0,70.04725500084922,0.0,False,False
leo_ntn,leo_low_elevation,1,533.0,NONE,,1.383893595755353,1.9975540158147211,0,0.36390325891688846,-1.0199903368384646,False,0,False,False,,0.0,0.0,42.990898015192315,0.0,False,False
leo_ntn,leo_low_elevation,1,534.0,NONE,,3.2349770575010837,5.474772353898992,1,3.9786891720913893,0.7437121145903056,True,1,False,False,,0.0,0.0,25.56557764099329,0.0,False,False
leo_ntn,leo_low_elevation,1,535.0,NONE,,1.684382420052188,3.2667987655947783,0,0.6142065646116066,-1.0701758554405814,False,0,False,False,,0.0,0.0,40.7002619398408,0.0,False,False
leo_ntn,leo_low_elevation,1,536.0,NONE,,1.8650301537100376,3.025759584550748,0,-2.006533379279901,-3.8715635329899385,False,0,False,False,,0.0,0.0,67.84101692847304,0.0,False,False
leo_ntn,leo_low_elevation,1,537.0,NONE,,1.397008664547016,2.2137916920870353,0,-1.404285167511187,-2.801293832058203,False,0,False,False,,0.0,0.0,56.20314665708676,0.0,False,False
leo_ntn,leo_low_elevation,1,538.0,NONE,,0.637324658049522,1.9348256565172832,0,1.3456110709857132,0.7082864129361912,False,0,False,False,,0.0,0.0,32.66550215741749,0.0,False,False
leo_ntn,leo_low_elevation,1,539.0,NONE,,-0.11401123567831917,0.4550605479495289,0,2.0062099301060226,2.1202211657843417,False,0,False,False,,0.0,0.0,31.54789778351115,0.0,False,False
leo_ntn,leo_low_elevation,1,540.0,NONE,,0.8135254756770678,0.9091325112316042,0,-0.30812081495845334,-1.1216462906355211,False,0,False,False,,0.0,0.0,53.90252905123154,0.0,False,False
leo_ntn,leo_low_elevation,1,541.0,NONE,,0.7058810521751298,0.6897393542902108,0,-1.3313643367835333,-2.037245388958663,False,0,False,False,,0.0,0.0,69.61080728630967,0.0,False,False
leo_ntn,leo_low_elevation,1,542.0,NONE,,0.8202967973419248,1.445123474669387,0,0.15749755170688928,-0.6627992456350356,False,0,False,False,,0.0,0.0,42.46955569451208,0.0,False,False
leo_ntn,leo_low_elevation,1,543.0,NONE,,1.1301359012368408,3.46445421142424,0,2.121572561095892,0.9914366598590512,False,0,False,False,,0.0,0.0,25.281041684554843,0.0,False,False
leo_ntn,leo_low_elevation,1,544.0,NONE,,1.650501925014936,3.6898656135592276,0,0.10633983896442345,-1.5441620860505125,False,0,False,False,,0.0,0.0,41.19705939417239,0.0,False,False
leo_ntn,leo_low_elevation,1,545.0,NONE,,-0.5324449962795512,1.8977729054851764,0,-3.688980299353375,-3.1565353030738237,False,0,False,False,,0.0,0.0,68.38068095807722,0.0,False,False
leo_ntn,leo_low_elevation,1,546.0,NONE,,-0.27857748621387657,0.4595073445237787,0,-1.5316984877949338,-1.2531210015810572,False,0,False,False,,0.0,0.0,55.21062394903291,0.0,False,False
leo_ntn,leo_low_elevation,1,547.0,NONE,,-0.7399399221789054,0.4683332632545145,0,1.4601978501117845,2.20013777229069,False,0,False,False,,0.0,0.0,32.28781320325454,0.0,False,False
leo_ntn,leo_low_elevation,1,548.0,NONE,,0.35064702744669773,2.0180811924907474,0,1.318102862484567,0.9674558350378692,False,0,False,False,,0.0,0.0,31.915308363875674,0.0,False,False
leo_ntn,leo_low_elevation,1,549.0,NONE,,-0.135831143617267,0.6000404321071287,0,-1.4128185784672773,-1.2769874348500103,False,0,False,False,,0.0,0.0,54.55421089311194,0.0,False,False
leo_ntn,leo_low_elevation,1,550.0,NONE,,-0.1342412411311784,1.4458290794759918,0,-3.6888901787310324,-3.554648937599854,False,0,False,False,,0.0,0.0,69.14103594384633,0.0,False,False
leo_ntn,leo_low_elevation,1,551.0,NONE,,1.0508550852773908,1.9149314744123345,0,0.08189757971160105,-0.9689575055657897,False,0,False,False,,0.0,0.0,41.955292226263765,0.0,False,False
leo_ntn,leo_low_elevation,1,552.0,NONE,,2.070919913350096,2.617803822906218,0,4.669471545695835,2.598551632345739,False,0,False,False,,0.0,0.0,25.0,0.0,False,False
leo_ntn,leo_low_elevation,1,553.0,NONE,,1.0394906826717545,1.6005069677925619,0,0.9286971379254947,-0.1107935447462598,False,0,False,False,,0.0,0.0,41.70079978522413,0.0,False,False
leo_ntn,leo_low_elevation,1,554.0,NONE,,0.9511869435000904,1.756703012320095,0,-1.6774976016270635,-2.628684545127154,False,0,False,False,,0.0,0.0,69.14103594384633,0.0,False,False
leo_ntn,leo_low_elevation,1,555.0,NONE,,0.43913027268284566,1.6117853120588208,0,-1.5177808260389725,-1.9569110987218181,False,0,False,False,,0.0,0.0,54.55421089311194,0.0,False,False
leo_ntn,leo_low_elevation,1,556.0,NONE,,0.9806000663578374,2.477149997189862,0,1.7377103891270789,0.7571103227692415,False,0,False,False,,0.0,0.0,31.91530836387568,0.0,False,False
leo_ntn,leo_low_elevation,1,557.0,NONE,,1.0494361970587391,1.5018847731271308,0,2.4233180155764344,1.3738818185176953,False,0,False,False,,0.0,0.0,32.28781320325454,0.0,False,False
leo_ntn,leo_low_elevation,1,558.0,NONE,,0.005655116552532036,0.8763528746272158,0,-1.4782357871074971,-1.4838909036600292,False,0,False,False,,0.0,0.0,55.21062394903289,0.0,False,False
leo_ntn,leo_low_elevation,1,559.0,NONE,,-0.13370343308848476,0.14694269440244057,0,-2.2526879439572625,-2.1189845108687777,False,0,False,False,,0.0,0.0,68.64105231679088,0.0,False,False
leo_ntn,leo_low_elevation,1,560.0,NONE,,-0.3020099446957687,0.26109738270318417,0,0.47541615798860093,0.7774261026843696,False,0,False,False,,0.0,0.0,41.44805790676682,0.0,False,False
leo_ntn,leo_low_elevation,1,561.0,NONE,,0.949813960794657,2.094730517459034,0,3.3487279560749474,2.3989139952802905,False,0,False,False,,0.0,0.0,25.140088132468225,0.0,False,False
leo_ntn,leo_low_elevation,1,562.0,NONE,,0.43483612763455426,0.7740770314166312,0,0.4361850419685158,0.0013489143339615595,False,0,False,False,,0.0,0.0,42.46955569451208,0.0,False,False
leo_ntn,leo_low_elevation,1,563.0,NONE,,0.27549997681846605,0.8959815490462759,0,-2.4637961527366627,-2.739296129555129,False,0,False,False,,0.0,0.0,69.61080728630967,0.0,False,False
leo_ntn,leo_low_elevation,1,564.0,NONE,,0.40120849001067427,2.4343393287222526,0,-1.6961573698409573,-2.0973658598516316,False,0,False,False,,0.0,0.0,53.90252905123156,0.0,False,False
leo_ntn,leo_low_elevation,1,565.0,NONE,,-1.1351831337981508,0.5407097487123806,0,1.52643046285141,2.661613596649561,False,0,False,False,,0.0,0.0,31.54789778351116,0.0,False,False
leo_ntn,leo_low_elevation,1,566.0,NONE,,0.8329612751710442,3.2594471587440026,0,1.2583961736251918,0.4254348984541476,False,0,False,False,,0.0,0.0,32.66550215741749,0.0,False,False
leo_ntn,leo_low_elevation,1,567.0,NONE,,0.67153917234711,2.8601035102171792,0,-1.9733853739434934,-2.6449245462906035,False,0,False,False,,0.0,0.0,55.87133232456452,0.0,False,False
leo_ntn,leo_low_elevation,1,568.0,NONE,,1.170277190060716,3.0892759731721995,0,-2.6421295775135754,-3.8124067675742914,False,0,False,False,,0.0,0.0,68.1138827142839,0.0,False,False
leo_ntn,leo_low_elevation,1,569.0,NONE,,1.3613667748706746,3.444486097557366,0,-0.44580141107883975,-1.8071681859495143,False,0,False,False,,0.0,0.0,40.7002619398408,0.0,False,False
leo_ntn,leo_low_elevation,1,570.0,NONE,,0.8492765054978832,3.772147095555347,0,2.0838741980813555,1.2345976925834723,False,0,False,False,,0.0,0.0,25.56557764099329,0.0,False,False
leo_ntn,leo_low_elevation,1,571.0,NONE,,0.9818222490183075,3.6228380021705036,0,-0.4270202346067862,-1.4088424836250937,False,0,False,False,,0.0,0.0,42.99089801519231,0.0,False,False
leo_ntn,leo_low_elevation,1,572.0,NONE,,1.0557223956315198,2.6784134531949846,0,-1.908670475546888,-2.9643928711784078,False,0,False,False,,0.0,0.0,70.04725500084922,0.0,False,False
leo_ntn,leo_low_elevation,1,573.0,NONE,,-0.21848095714263138,1.0738201880744,0,-1.085116609128125,-0.8666356519854936,False,0,False,False,,0.0,0.0,53.255965647979,0.0,False,False
leo_ntn,leo_low_elevation,1,574.0,NONE,,0.4814384924411286,2.725205692832141,0,1.252222124946881,0.7707836325057524,False,0,False,False,,0.0,0.0,31.18549241737186,0.0,False,False
leo_ntn,leo_low_elevation,1,575.0,NONE,,-0.4886484809565701,1.430156876330173,0,0.242538745711105,0.7311872266676751,False,0,False,False,,0.0,0.0,33.04846580748963,0.0,False,False
leo_ntn,leo_low_elevation,1,576.0,NONE,,0.17390778498770487,1.7899281720394669,0,-1.9267747290328785,-2.1006825140205834,False,0,False,False,,0.0,0.0,56.5358470559258,0.0,False,False
leo_ntn,leo_low_elevation,1,577.0,NONE,,0.31131833553979504,1.3876562191259012,0,-2.385294080364279,-2.696612415904074,False,0,False,False,,0.0,0.0,67.27847431199766,0.0,False,False
leo_ntn,leo_low_elevation,1,578.0,NONE,,-0.7009756975274684,0.6004600076950481,0,0.3443469566573434,1.0453226541848117,False,0,False,False,,0.0,0.0,40.210343168317934,0.0,False,False
leo_ntn,leo_low_elevation,1,579.0,NONE,,-0.9920951415336816,0.928676488816059,0,1.9880440482024095,2.980139189736091,False,0,False,False,,0.0,0.0,25.853673836216686,0.0,False,False
leo_ntn,leo_low_elevation,1,580.0,NONE,,0.1429616974859016,0.6824115089240976,0,0.4597574509500042,0.3167957534641026,False,0,False,False,,0.0,0.0,43.51936180453419,0.0,False,False
leo_ntn,leo_low_elevation,1,581.0,NONE,,-0.8627759973702922,0.7269013063953835,0,-3.5881309113661786,-2.7253549139958864,False,0,False,False,,0.0,0.0,70.44722883736357,0.0,False,False
leo_ntn,leo_low_elevation,1,582.0,NONE,,-0.6826537648995981,1.0815743148292185,0,-1.5119594943932917,-0.8293057294936936,False,0,False,False,,0.0,0.0,52.61486328226399,0.0,False,False
leo_ntn,leo_low_elevation,1,583.0,NONE,,-2.2919374926228215,0.4759515979637641,0,-0.6712861820411504,1.6206513105816711,False,0,False,False,,0.0,0.0,30.828004107517263,0.0,False,False
leo_ntn,leo_low_elevation,1,584.0,NONE,,-0.6915302638385867,2.915142685457049,0,-0.2704825153267585,0.42104774851182825,False,0,False,False,,0.0,0.0,33.436795363715746,0.0,False,False
leo_ntn,leo_low_elevation,1,585.0,NONE,,0.33758223577760305,2.4909259973855384,0,-2.769681670476686,-3.107263906254289,False,0,False,False,,0.0,0.0,57.53854281646706,0.0,False,False
leo_ntn,leo_low_elevation,1,586.0,NONE,,0.41860543954121,2.5396627783027625,0,-3.084637727196956,-3.503243166738166,False,0,False,False,,0.0,0.0,66.69573804412238,0.0,False,False
leo_ntn,leo_low_elevation,1,587.0,NONE,,0.29753459269234384,3.4400081128015714,0,-1.8647092590989658,-2.1622438517913096,False,0,False,False,,0.0,0.0,39.7272341247556,0.0,False,False
leo_ntn,leo_low_elevation,1,588.0,NONE,,-1.2200928623973653,1.9384188588307794,0,1.8081226041752654,3.0282154665726306,False,0,False,False,,0.0,0.0,26.145397491964665,0.0,False,False
leo_ntn,leo_low_elevation,1,589.0,NONE,,-0.22587244024256847,1.8813335881191122,0,-0.8861407137377064,-0.660268273495138,False,0,False,False,,0.0,0.0,44.05498177303783,0.0,False,False
leo_ntn,leo_low_elevation,1,590.0,NONE,,1.0244082497818283,2.7304599372539187,0,-2.510458058397276,-3.5348663081791045,False,0,False,False,,0.0,0.0,70.80759801816036,0.0,False,False
leo_ntn,leo_low_elevation,1,591.0,NONE,,0.05168753231968992,2.8739842051432234,0,-2.1021802735914505,-2.1538678059111405,False,0,False,False,,0.0,0.0,51.97952364464685,0.0,False,False
leo_ntn,leo_low_elevation,1,592.0,NONE,,0.6864186917457573,2.996541020081942,0,1.653350098415583,0.9669314066698256,False,0,False,False,,0.0,0.0,30.300800639494906,0.0,False,False
leo_ntn,leo_low_elevation,1,593.0,NONE,,-0.4997075158199493,0.8959714598225332,0,0.6087361597539704,1.1084436755739198,False,0,False,False,,0.0,0.0,34.02955154819033,0.0,False,False
leo_ntn,leo_low_elevation,1,594.0,NONE,,-0.051478166820416504,0.7957706970144756,0,-1.9610434622561392,-1.9095652954357227,False,0,False,False,,0.0,0.0,58.210041649800914,0.0,False,False
leo_ntn,leo_low_elevation,1,595.0,NONE,,1.1502199845057817,1.7523309820094823,0,-1.1298988424799816,-2.2801188269857633,False,0,False,False,,0.0,0.0,66.0953290818893,0.0,False,False
leo_ntn,leo_low_elevation,1,596.0,NONE,,-0.36845247577271323,1.4177814814562026,0,-0.1525162908494586,0.21593618492325461,False,0,False,False,,0.0,0.0,39.25086171667215,0.0,False,False
leo_ntn,leo_low_elevation,1,597.0,NONE,,0.07233793369675823,2.869941918649438,0,2.525398129097134,2.4530601954003757,False,0,False,False,,0.0,0.0,26.4408170932437,0.0,False,False
leo_ntn,leo_low_elevation,1,598.0,NONE,,0.3273020004304499,1.463032196961315,0,-0.13047490618528101,-0.4577769066157309,False,0,False,False,,0.0,0.0,44.597783837534145,0.0,False,False
leo_ntn,leo_low_elevation,1,599.0,NONE,,-0.01410316462767014,1.174347409181145,0,-3.0569874667157073,-3.042884302088037,False,0,False,False,,0.0,0.0,71.12532154959243,0.0,False,False
leo_ntn,leo_low_elevation,1,600.0,NONE,,-0.8252806432229534,0.2032457904790661,0,-0.9027965589743268,-0.0775159157513734,False,0,False,False,,0.0,0.0,51.03788776721876,0.0,False,False
