domain,scenario,seed,element_id,gt_fault,gt_self_clearing,lead_gain_min,t_first_correct_verdict,time_to_correct_diagnosis_min,degraded_minutes,down_minutes,n_ambiguous_decisions,n_wait_decisions,conv_escalated,layer_escalated,conv_unnecessary_dispatch,layer_unnecessary_dispatch,t_fault_onset,t_first_detectable,t_decision_layer_actionable,t_conventional_escalation,t_ticket,t_service_impact,t_outage,t_recovery,t_environment_cleared,false_calm_window_min,pre_escalation_window_min,exposure_window_min,decision_margin_min,conventional_margin_min,time_to_diagnosis_min,detect_tp,detect_fp,detect_fn,detect_tn,detect_precision,detect_recall,detect_f1,detect_fpr,detect_fnr,layer_esc_tp,layer_esc_fp,layer_esc_fn,layer_esc_tn,layer_esc_precision,layer_esc_recall,layer_esc_f1,layer_esc_fpr,layer_esc_fnr,conv_esc_tp,conv_esc_fp,conv_esc_fn,conv_esc_tn,conv_esc_precision,conv_esc_recall,conv_esc_f1,conv_esc_fpr,conv_esc_fnr,provenance,exposure_conventional,exposure_decision_layer,exposure_delta,exposure_delta_pct,decision_layer_dispatched_unnecessarily,conventional_dispatched_unnecessarily,severity_multiplier,swept_severity
microwave,mw_rain_cell,1,POP~R_D00_1,rain_fade,True,,,,0.0,0.0,0,0,False,False,False,False,150.0,,,,,,,,260.0,,,,,,,0,0,51,550,,0.0,,0.0,1.0,0,0,0,601,,,,0.0,,0,0,0,601,,,,0.0,,ILLUSTRATIVE - not derived from operator financial data,0.0,0.0,0.0,,False,False,0.4,12.0
microwave,mw_rain_cell,2,POP~R_D00_1,rain_fade,True,,,,0.0,0.0,0,0,False,False,False,False,150.0,,,,,,,,260.0,,,,,,,0,0,51,550,,0.0,,0.0,1.0,0,0,0,601,,,,0.0,,0,0,0,601,,,,0.0,,ILLUSTRATIVE - not derived from operator financial data,0.0,0.0,0.0,,False,False,0.4,12.0
microwave,mw_rain_cell,3,POP~R_D00_1,rain_fade,True,,,,0.0,0.0,0,0,False,False,False,False,150.0,,,,,,,,260.0,,,,,,,0,0,51,550,,0.0,,0.0,1.0,0,0,0,601,,,,0.0,,0,0,0,601,,,,0.0,,ILLUSTRATIVE - not derived from operator financial data,0.0,0.0,0.0,,False,False,0.4,12.0
microwave,mw_rain_cell,4,POP~R_D00_1,rain_fade,True,,,,0.0,0.0,0,0,False,False,False,False,150.0,,,,,,,,260.0,,,,,,,0,0,51,550,,0.0,,0.0,1.0,0,0,0,601,,,,0.0,,0,0,0,601,,,,0.0,,ILLUSTRATIVE - not derived from operator financial data,0.0,0.0,0.0,,False,False,0.4,12.0
microwave,mw_rain_cell,5,POP~R_D00_1,rain_fade,True,,,,0.0,0.0,0,0,False,False,False,False,150.0,,,,,,,,260.0,,,,,,,0,0,51,550,,0.0,,0.0,1.0,0,0,0,601,,,,0.0,,0,0,0,601,,,,0.0,,ILLUSTRATIVE - not derived from operator financial data,0.0,0.0,0.0,,False,False,0.4,12.0
microwave,mw_rain_cell,6,POP~R_D00_1,rain_fade,True,,,,0.0,0.0,0,0,False,False,False,False,150.0,,,,,,,,260.0,,,,,,,0,0,51,550,,0.0,,0.0,1.0,0,0,0,601,,,,0.0,,0,0,0,601,,,,0.0,,ILLUSTRATIVE - not derived from operator financial data,0.0,0.0,0.0,,False,False,0.4,12.0
microwave,mw_rain_cell,7,POP~R_D00_1,rain_fade,True,,,,0.0,0.0,0,0,False,False,False,False,150.0,,,,,,,,260.0,,,,,,,0,0,51,550,,0.0,,0.0,1.0,0,0,0,601,,,,0.0,,0,0,0,601,,,,0.0,,ILLUSTRATIVE - not derived from operator financial data,0.0,0.0,0.0,,False,False,0.4,12.0
microwave,mw_rain_cell,8,POP~R_D00_1,rain_fade,True,,,,0.0,0.0,0,0,False,False,False,False,150.0,,,,,,,,260.0,,,,,,,0,0,51,550,,0.0,,0.0,1.0,0,0,0,601,,,,0.0,,0,0,0,601,,,,0.0,,ILLUSTRATIVE - not derived from operator financial data,0.0,0.0,0.0,,False,False,0.4,12.0
microwave,mw_rain_cell,9,POP~R_D00_1,rain_fade,True,,,,0.0,0.0,0,0,False,False,False,False,150.0,,,,,,,,260.0,,,,,,,0,0,51,550,,0.0,,0.0,1.0,0,0,0,601,,,,0.0,,0,0,0,601,,,,0.0,,ILLUSTRATIVE - not derived from operator financial data,0.0,0.0,0.0,,False,False,0.4,12.0
microwave,mw_rain_cell,10,POP~R_D00_1,rain_fade,True,,,,0.0,0.0,0,0,False,False,False,False,150.0,,,,,,,,260.0,,,,,,,0,0,51,550,,0.0,,0.0,1.0,0,0,0,601,,,,0.0,,0,0,0,601,,,,0.0,,ILLUSTRATIVE - not derived from operator financial data,0.0,0.0,0.0,,False,False,0.4,12.0
microwave,mw_rain_cell,11,POP~R_D00_1,rain_fade,True,,,,0.0,0.0,0,0,False,False,False,False,150.0,,,,,,,,260.0,,,,,,,0,0,51,550,,0.0,,0.0,1.0,0,0,0,601,,,,0.0,,0,0,0,601,,,,0.0,,ILLUSTRATIVE - not derived from operator financial data,0.0,0.0,0.0,,False,False,0.4,12.0
microwave,mw_rain_cell,12,POP~R_D00_1,rain_fade,True,,,,0.0,0.0,0,0,False,False,False,False,150.0,,,,,,,,260.0,,,,,,,0,0,51,550,,0.0,,0.0,1.0,0,0,0,601,,,,0.0,,0,0,0,601,,,,0.0,,ILLUSTRATIVE - not derived from operator financial data,0.0,0.0,0.0,,False,False,0.4,12.0
microwave,mw_rain_cell,13,POP~R_D00_1,rain_fade,True,,,,0.0,0.0,0,0,False,False,False,False,150.0,,,,,,,,260.0,,,,,,,0,0,51,550,,0.0,,0.0,1.0,0,0,0,601,,,,0.0,,0,0,0,601,,,,0.0,,ILLUSTRATIVE - not derived from operator financial data,0.0,0.0,0.0,,False,False,0.4,12.0
microwave,mw_rain_cell,14,POP~R_D00_1,rain_fade,True,,,,0.0,0.0,0,0,False,False,False,False,150.0,,,,,,,,260.0,,,,,,,0,0,51,550,,0.0,,0.0,1.0,0,0,0,601,,,,0.0,,0,0,0,601,,,,0.0,,ILLUSTRATIVE - not derived from operator financial data,0.0,0.0,0.0,,False,False,0.4,12.0
microwave,mw_rain_cell,15,POP~R_D00_1,rain_fade,True,,,,0.0,0.0,0,0,False,False,False,False,150.0,,,,,,,,260.0,,,,,,,0,0,51,550,,0.0,,0.0,1.0,0,0,0,601,,,,0.0,,0,0,0,601,,,,0.0,,ILLUSTRATIVE - not derived from operator financial data,0.0,0.0,0.0,,False,False,0.4,12.0
microwave,mw_rain_cell,1,POP~R_D00_1,rain_fade,True,,,,0.0,0.0,0,0,False,False,False,False,150.0,,,,,,,,260.0,,,,,,,0,0,51,550,,0.0,,0.0,1.0,0,0,0,601,,,,0.0,,0,0,0,601,,,,0.0,,ILLUSTRATIVE - not derived from operator financial data,0.0,0.0,0.0,,False,False,0.6,18.0
microwave,mw_rain_cell,2,POP~R_D00_1,rain_fade,True,,,,0.0,0.0,0,0,False,False,False,False,150.0,,,,,,,,260.0,,,,,,,0,0,51,550,,0.0,,0.0,1.0,0,0,0,601,,,,0.0,,0,0,0,601,,,,0.0,,ILLUSTRATIVE - not derived from operator financial data,0.0,0.0,0.0,,False,False,0.6,18.0
microwave,mw_rain_cell,3,POP~R_D00_1,rain_fade,True,,,,0.0,0.0,0,0,False,False,False,False,150.0,,,,,,,,260.0,,,,,,,0,0,51,550,,0.0,,0.0,1.0,0,0,0,601,,,,0.0,,0,0,0,601,,,,0.0,,ILLUSTRATIVE - not derived from operator financial data,0.0,0.0,0.0,,False,False,0.6,18.0
microwave,mw_rain_cell,4,POP~R_D00_1,rain_fade,True,,,,0.0,0.0,0,0,False,False,False,False,150.0,,,,,,,,260.0,,,,,,,0,0,51,550,,0.0,,0.0,1.0,0,0,0,601,,,,0.0,,0,0,0,601,,,,0.0,,ILLUSTRATIVE - not derived from operator financial data,0.0,0.0,0.0,,False,False,0.6,18.0
microwave,mw_rain_cell,5,POP~R_D00_1,rain_fade,True,,,,0.0,0.0,0,0,False,False,False,False,150.0,,,,,,,,260.0,,,,,,,0,0,51,550,,0.0,,0.0,1.0,0,0,0,601,,,,0.0,,0,0,0,601,,,,0.0,,ILLUSTRATIVE - not derived from operator financial data,0.0,0.0,0.0,,False,False,0.6,18.0
microwave,mw_rain_cell,6,POP~R_D00_1,rain_fade,True,,,,0.0,0.0,0,0,False,False,False,False,150.0,,,,,,,,260.0,,,,,,,0,0,51,550,,0.0,,0.0,1.0,0,0,0,601,,,,0.0,,0,0,0,601,,,,0.0,,ILLUSTRATIVE - not derived from operator financial data,0.0,0.0,0.0,,False,False,0.6,18.0
microwave,mw_rain_cell,7,POP~R_D00_1,rain_fade,True,,,,0.0,0.0,0,0,False,False,False,False,150.0,,,,,,,,260.0,,,,,,,0,0,51,550,,0.0,,0.0,1.0,0,0,0,601,,,,0.0,,0,0,0,601,,,,0.0,,ILLUSTRATIVE - not derived from operator financial data,0.0,0.0,0.0,,False,False,0.6,18.0
microwave,mw_rain_cell,8,POP~R_D00_1,rain_fade,True,,,,0.0,0.0,0,0,False,False,False,False,150.0,,,,,,,,260.0,,,,,,,0,0,51,550,,0.0,,0.0,1.0,0,0,0,601,,,,0.0,,0,0,0,601,,,,0.0,,ILLUSTRATIVE - not derived from operator financial data,0.0,0.0,0.0,,False,False,0.6,18.0
microwave,mw_rain_cell,9,POP~R_D00_1,rain_fade,True,,,,0.0,0.0,0,0,False,False,False,False,150.0,,,,,,,,260.0,,,,,,,0,0,51,550,,0.0,,0.0,1.0,0,0,0,601,,,,0.0,,0,0,0,601,,,,0.0,,ILLUSTRATIVE - not derived from operator financial data,0.0,0.0,0.0,,False,False,0.6,18.0
microwave,mw_rain_cell,10,POP~R_D00_1,rain_fade,True,,,,0.0,0.0,0,0,False,False,False,False,150.0,,,,,,,,260.0,,,,,,,0,0,51,550,,0.0,,0.0,1.0,0,0,0,601,,,,0.0,,0,0,0,601,,,,0.0,,ILLUSTRATIVE - not derived from operator financial data,0.0,0.0,0.0,,False,False,0.6,18.0
microwave,mw_rain_cell,11,POP~R_D00_1,rain_fade,True,,,,0.0,0.0,0,0,False,False,False,False,150.0,,,,,,,,260.0,,,,,,,0,0,51,550,,0.0,,0.0,1.0,0,0,0,601,,,,0.0,,0,0,0,601,,,,0.0,,ILLUSTRATIVE - not derived from operator financial data,0.0,0.0,0.0,,False,False,0.6,18.0
microwave,mw_rain_cell,12,POP~R_D00_1,rain_fade,True,,,,0.0,0.0,0,0,False,False,False,False,150.0,,,,,,,,260.0,,,,,,,0,0,51,550,,0.0,,0.0,1.0,0,0,0,601,,,,0.0,,0,0,0,601,,,,0.0,,ILLUSTRATIVE - not derived from operator financial data,0.0,0.0,0.0,,False,False,0.6,18.0
microwave,mw_rain_cell,13,POP~R_D00_1,rain_fade,True,,,,0.0,0.0,0,0,False,False,False,False,150.0,,,,,,,,260.0,,,,,,,0,0,51,550,,0.0,,0.0,1.0,0,0,0,601,,,,0.0,,0,0,0,601,,,,0.0,,ILLUSTRATIVE - not derived from operator financial data,0.0,0.0,0.0,,False,False,0.6,18.0
microwave,mw_rain_cell,14,POP~R_D00_1,rain_fade,True,,,,0.0,0.0,0,0,False,False,False,False,150.0,,,,,,,,260.0,,,,,,,0,0,51,550,,0.0,,0.0,1.0,0,0,0,601,,,,0.0,,0,0,0,601,,,,0.0,,ILLUSTRATIVE - not derived from operator financial data,0.0,0.0,0.0,,False,False,0.6,18.0
microwave,mw_rain_cell,15,POP~R_D00_1,rain_fade,True,,,,0.0,0.0,0,0,False,False,False,False,150.0,,,,,,,,260.0,,,,,,,0,0,51,550,,0.0,,0.0,1.0,0,0,0,601,,,,0.0,,0,0,0,601,,,,0.0,,ILLUSTRATIVE - not derived from operator financial data,0.0,0.0,0.0,,False,False,0.6,18.0
microwave,mw_rain_cell,1,POP~R_D00_1,rain_fade,True,,183.0,0.0,0.0,0.0,0,13,False,False,False,False,150.0,183.0,183.0,,,,,,260.0,,,,,,0.0,13,0,38,550,1.0,0.2549019607843137,0.40625,0.0,0.7450980392156863,0,0,0,601,,,,0.0,,0,0,0,601,,,,0.0,,ILLUSTRATIVE - not derived from operator financial data,0.0,0.0,0.0,,False,False,0.8,24.0
microwave,mw_rain_cell,2,POP~R_D00_1,rain_fade,True,,184.0,0.0,0.0,0.0,0,12,False,False,False,False,150.0,184.0,184.0,,,,,,260.0,,,,,,0.0,12,0,39,550,1.0,0.23529411764705882,0.38095238095238093,0.0,0.7647058823529411,0,0,0,601,,,,0.0,,0,0,0,601,,,,0.0,,ILLUSTRATIVE - not derived from operator financial data,0.0,0.0,0.0,,False,False,0.8,24.0
microwave,mw_rain_cell,3,POP~R_D00_1,rain_fade,True,,182.0,0.0,0.0,0.0,0,16,False,False,False,False,150.0,182.0,182.0,,,,,,260.0,,,,,,0.0,16,0,35,550,1.0,0.3137254901960784,0.47761194029850745,0.0,0.6862745098039216,0,0,0,601,,,,0.0,,0,0,0,601,,,,0.0,,ILLUSTRATIVE - not derived from operator financial data,0.0,0.0,0.0,,False,False,0.8,24.0
microwave,mw_rain_cell,4,POP~R_D00_1,rain_fade,True,,183.0,0.0,0.0,0.0,0,9,False,False,False,False,150.0,183.0,183.0,,,,,,260.0,,,,,,0.0,9,0,42,550,1.0,0.17647058823529413,0.3,0.0,0.8235294117647058,0,0,0,601,,,,0.0,,0,0,0,601,,,,0.0,,ILLUSTRATIVE - not derived from operator financial data,0.0,0.0,0.0,,False,False,0.8,24.0
microwave,mw_rain_cell,5,POP~R_D00_1,rain_fade,True,,186.0,0.0,0.0,0.0,0,3,False,False,False,False,150.0,186.0,186.0,,,,,,260.0,,,,,,0.0,3,0,48,550,1.0,0.058823529411764705,0.1111111111111111,0.0,0.9411764705882353,0,0,0,601,,,,0.0,,0,0,0,601,,,,0.0,,ILLUSTRATIVE - not derived from operator financial data,0.0,0.0,0.0,,False,False,0.8,24.0
microwave,mw_rain_cell,6,POP~R_D00_1,rain_fade,True,,180.0,0.0,0.0,0.0,0,14,False,False,False,False,150.0,180.0,180.0,,,,,,260.0,,,,,,0.0,14,0,37,550,1.0,0.27450980392156865,0.43076923076923085,0.0,0.7254901960784313,0,0,0,601,,,,0.0,,0,0,0,601,,,,0.0,,ILLUSTRATIVE - not derived from operator financial data,0.0,0.0,0.0,,False,False,0.8,24.0
microwave,mw_rain_cell,7,POP~R_D00_1,rain_fade,True,,182.0,0.0,0.0,0.0,0,13,False,False,False,False,150.0,182.0,182.0,,,,,,260.0,,,,,,0.0,13,0,38,550,1.0,0.2549019607843137,0.40625,0.0,0.7450980392156863,0,0,0,601,,,,0.0,,0,0,0,601,,,,0.0,,ILLUSTRATIVE - not derived from operator financial data,0.0,0.0,0.0,,False,False,0.8,24.0
microwave,mw_rain_cell,8,POP~R_D00_1,rain_fade,True,,184.0,0.0,0.0,0.0,0,10,False,False,False,False,150.0,184.0,184.0,,,,,,260.0,,,,,,0.0,10,0,41,550,1.0,0.19607843137254902,0.3278688524590164,0.0,0.803921568627451,0,0,0,601,,,,0.0,,0,0,0,601,,,,0.0,,ILLUSTRATIVE - not derived from operator financial data,0.0,0.0,0.0,,False,False,0.8,24.0
microwave,mw_rain_cell,9,POP~R_D00_1,rain_fade,True,,184.0,0.0,0.0,0.0,0,11,False,False,False,False,150.0,184.0,184.0,,,,,,260.0,,,,,,0.0,11,0,40,550,1.0,0.21568627450980393,0.3548387096774193,0.0,0.7843137254901961,0,0,0,601,,,,0.0,,0,0,0,601,,,,0.0,,ILLUSTRATIVE - not derived from operator financial data,0.0,0.0,0.0,,False,False,0.8,24.0
microwave,mw_rain_cell,10,POP~R_D00_1,rain_fade,True,,184.0,0.0,0.0,0.0,0,6,False,False,False,False,150.0,184.0,184.0,,,,,,260.0,,,,,,0.0,6,0,45,550,1.0,0.11764705882352941,0.21052631578947367,0.0,0.8823529411764706,0,0,0,601,,,,0.0,,0,0,0,601,,,,0.0,,ILLUSTRATIVE - not derived from operator financial data,0.0,0.0,0.0,,False,False,0.8,24.0
microwave,mw_rain_cell,11,POP~R_D00_1,rain_fade,True,,182.0,0.0,0.0,0.0,0,12,False,False,False,False,150.0,182.0,182.0,,,,,,260.0,,,,,,0.0,12,0,39,550,1.0,0.23529411764705882,0.38095238095238093,0.0,0.7647058823529411,0,0,0,601,,,,0.0,,0,0,0,601,,,,0.0,,ILLUSTRATIVE - not derived from operator financial data,0.0,0.0,0.0,,False,False,0.8,24.0
microwave,mw_rain_cell,12,POP~R_D00_1,rain_fade,True,,182.0,0.0,0.0,0.0,0,14,False,True,False,True,150.0,182.0,182.0,,,,,,260.0,,,,,,0.0,16,0,35,550,1.0,0.3137254901960784,0.47761194029850745,0.0,0.6862745098039216,0,2,0,599,0.0,,,0.0033277870216306157,,0,0,0,601,,,,0.0,,ILLUSTRATIVE - not derived from operator financial data,0.0,900.0,-900.0,,True,False,0.8,24.0
microwave,mw_rain_cell,13,POP~R_D00_1,rain_fade,True,,185.0,0.0,0.0,0.0,0,11,False,False,False,False,150.0,185.0,185.0,,,,,,260.0,,,,,,0.0,11,0,40,550,1.0,0.21568627450980393,0.3548387096774193,0.0,0.7843137254901961,0,0,0,601,,,,0.0,,0,0,0,601,,,,0.0,,ILLUSTRATIVE - not derived from operator financial data,0.0,0.0,0.0,,False,False,0.8,24.0
microwave,mw_rain_cell,14,POP~R_D00_1,rain_fade,True,,180.0,0.0,0.0,0.0,0,15,False,False,False,False,150.0,180.0,180.0,,,,,,260.0,,,,,,0.0,15,0,36,550,1.0,0.29411764705882354,0.45454545454545453,0.0,0.7058823529411765,0,0,0,601,,,,0.0,,0,0,0,601,,,,0.0,,ILLUSTRATIVE - not derived from operator financial data,0.0,0.0,0.0,,False,False,0.8,24.0
microwave,mw_rain_cell,15,POP~R_D00_1,rain_fade,True,,185.0,0.0,0.0,0.0,0,9,False,False,False,False,150.0,185.0,185.0,,,,,,260.0,,,,,,0.0,9,0,42,550,1.0,0.17647058823529413,0.3,0.0,0.8235294117647058,0,0,0,601,,,,0.0,,0,0,0,601,,,,0.0,,ILLUSTRATIVE - not derived from operator financial data,0.0,0.0,0.0,,False,False,0.8,24.0
microwave,mw_rain_cell,1,POP~R_D00_1,rain_fade,True,18.0,175.0,0.0,0.0,0.0,0,26,True,False,True,False,150.0,175.0,175.0,193.0,199.0,,,,260.0,18.0,18.0,,,,0.0,26,0,25,550,1.0,0.5098039215686274,0.6753246753246753,0.0,0.49019607843137253,0,0,0,601,,,,0.0,,0,408,0,193,0.0,,,0.6788685524126455,,ILLUSTRATIVE - not derived from operator financial data,900.0,0.0,900.0,100.0,False,True,1.0,30.0
microwave,mw_rain_cell,2,POP~R_D00_1,rain_fade,True,16.0,178.0,0.0,0.0,0.0,0,23,True,False,True,False,150.0,178.0,178.0,194.0,200.0,,,,260.0,16.0,16.0,,,,0.0,23,0,28,550,1.0,0.45098039215686275,0.6216216216216216,0.0,0.5490196078431373,0,0,0,601,,,,0.0,,0,407,0,194,0.0,,,0.6772046589018302,,ILLUSTRATIVE - not derived from operator financial data,900.0,0.0,900.0,100.0,False,True,1.0,30.0
microwave,mw_rain_cell,3,POP~R_D00_1,rain_fade,True,17.0,176.0,0.0,0.0,0.0,0,25,True,False,True,False,150.0,176.0,176.0,193.0,199.0,,,,260.0,17.0,17.0,,,,0.0,25,0,26,550,1.0,0.49019607843137253,0.6578947368421052,0.0,0.5098039215686274,0,0,0,601,,,,0.0,,0,408,0,193,0.0,,,0.6788685524126455,,ILLUSTRATIVE - not derived from operator financial data,900.0,0.0,900.0,100.0,False,True,1.0,30.0
microwave,mw_rain_cell,4,POP~R_D00_1,rain_fade,True,17.0,176.0,0.0,0.0,0.0,0,25,True,False,True,False,150.0,176.0,176.0,193.0,199.0,,,,260.0,17.0,17.0,,,,0.0,25,0,26,550,1.0,0.49019607843137253,0.6578947368421052,0.0,0.5098039215686274,0,0,0,601,,,,0.0,,0,408,0,193,0.0,,,0.6788685524126455,,ILLUSTRATIVE - not derived from operator financial data,900.0,0.0,900.0,100.0,False,True,1.0,30.0
microwave,mw_rain_cell,5,POP~R_D00_1,rain_fade,True,16.0,179.0,0.0,0.0,0.0,0,21,True,False,True,False,150.0,179.0,179.0,195.0,201.0,,,,260.0,16.0,16.0,,,,0.0,21,0,30,550,1.0,0.4117647058823529,0.5833333333333334,0.0,0.5882352941176471,0,0,0,601,,,,0.0,,0,406,0,195,0.0,,,0.6755407653910149,,ILLUSTRATIVE - not derived from operator financial data,900.0,0.0,900.0,100.0,False,True,1.0,30.0
microwave,mw_rain_cell,6,POP~R_D00_1,rain_fade,True,14.0,176.0,0.0,0.0,0.0,0,23,True,False,True,False,150.0,176.0,176.0,190.0,196.0,,,,260.0,14.0,14.0,,,,0.0,23,0,28,550,1.0,0.45098039215686275,0.6216216216216216,0.0,0.5490196078431373,0,0,0,601,,,,0.0,,0,411,0,190,0.0,,,0.6838602329450915,,ILLUSTRATIVE - not derived from operator financial data,900.0,0.0,900.0,100.0,False,True,1.0,30.0
microwave,mw_rain_cell,7,POP~R_D00_1,rain_fade,True,16.0,176.0,0.0,0.0,0.0,0,24,True,False,True,False,150.0,176.0,176.0,192.0,198.0,,,,260.0,16.0,16.0,,,,0.0,24,0,27,550,1.0,0.47058823529411764,0.6399999999999999,0.0,0.5294117647058824,0,0,0,601,,,,0.0,,0,409,0,192,0.0,,,0.6805324459234608,,ILLUSTRATIVE - not derived from operator financial data,900.0,0.0,900.0,100.0,False,True,1.0,30.0
microwave,mw_rain_cell,8,POP~R_D00_1,rain_fade,True,16.0,178.0,0.0,0.0,0.0,0,21,True,False,True,False,150.0,178.0,178.0,194.0,200.0,,,,260.0,16.0,16.0,,,,0.0,21,0,30,550,1.0,0.4117647058823529,0.5833333333333334,0.0,0.5882352941176471,0,0,0,601,,,,0.0,,0,407,0,194,0.0,,,0.6772046589018302,,ILLUSTRATIVE - not derived from operator financial data,900.0,0.0,900.0,100.0,False,True,1.0,30.0
microwave,mw_rain_cell,9,POP~R_D00_1,rain_fade,True,17.0,176.0,0.0,0.0,0.0,0,24,True,False,True,False,150.0,176.0,176.0,193.0,199.0,,,,260.0,17.0,17.0,,,,0.0,24,0,27,550,1.0,0.47058823529411764,0.6399999999999999,0.0,0.5294117647058824,0,0,0,601,,,,0.0,,0,408,0,193,0.0,,,0.6788685524126455,,ILLUSTRATIVE - not derived from operator financial data,900.0,0.0,900.0,100.0,False,True,1.0,30.0
microwave,mw_rain_cell,10,POP~R_D00_1,rain_fade,True,16.0,177.0,0.0,0.0,0.0,0,24,True,False,True,False,150.0,177.0,177.0,193.0,199.0,,,,260.0,16.0,16.0,,,,0.0,24,0,27,550,1.0,0.47058823529411764,0.6399999999999999,0.0,0.5294117647058824,0,0,0,601,,,,0.0,,0,408,0,193,0.0,,,0.6788685524126455,,ILLUSTRATIVE - not derived from operator financial data,900.0,0.0,900.0,100.0,False,True,1.0,30.0
microwave,mw_rain_cell,11,POP~R_D00_1,rain_fade,True,15.0,177.0,0.0,0.0,0.0,0,25,True,False,True,False,150.0,177.0,177.0,192.0,198.0,,,,260.0,15.0,15.0,,,,0.0,25,0,26,550,1.0,0.49019607843137253,0.6578947368421052,0.0,0.5098039215686274,0,0,0,601,,,,0.0,,0,409,0,192,0.0,,,0.6805324459234608,,ILLUSTRATIVE - not derived from operator financial data,900.0,0.0,900.0,100.0,False,True,1.0,30.0
microwave,mw_rain_cell,12,POP~R_D00_1,rain_fade,True,16.0,177.0,0.0,0.0,0.0,0,21,True,True,True,True,150.0,177.0,177.0,193.0,199.0,,,,260.0,16.0,16.0,,,,0.0,23,0,28,550,1.0,0.45098039215686275,0.6216216216216216,0.0,0.5490196078431373,0,2,0,599,0.0,,,0.0033277870216306157,,0,408,0,193,0.0,,,0.6788685524126455,,ILLUSTRATIVE - not derived from operator financial data,900.0,900.0,0.0,0.0,True,True,1.0,30.0
microwave,mw_rain_cell,13,POP~R_D00_1,rain_fade,True,14.0,180.0,0.0,0.0,0.0,0,20,True,False,True,False,150.0,180.0,180.0,194.0,200.0,,,,260.0,14.0,14.0,,,,0.0,20,0,31,550,1.0,0.39215686274509803,0.5633802816901409,0.0,0.6078431372549019,0,0,0,601,,,,0.0,,0,407,0,194,0.0,,,0.6772046589018302,,ILLUSTRATIVE - not derived from operator financial data,900.0,0.0,900.0,100.0,False,True,1.0,30.0
microwave,mw_rain_cell,14,POP~R_D00_1,rain_fade,True,18.0,173.0,0.0,0.0,0.0,0,27,True,False,True,False,150.0,173.0,173.0,191.0,197.0,,,,260.0,18.0,18.0,,,,0.0,27,0,24,550,1.0,0.5294117647058824,0.6923076923076924,0.0,0.47058823529411764,0,0,0,601,,,,0.0,,0,410,0,191,0.0,,,0.6821963394342762,,ILLUSTRATIVE - not derived from operator financial data,900.0,0.0,900.0,100.0,False,True,1.0,30.0
microwave,mw_rain_cell,15,POP~R_D00_1,rain_fade,True,19.0,175.0,0.0,0.0,0.0,0,27,True,False,True,False,150.0,175.0,175.0,194.0,200.0,,,,260.0,19.0,19.0,,,,0.0,27,0,24,550,1.0,0.5294117647058824,0.6923076923076924,0.0,0.47058823529411764,0,0,0,601,,,,0.0,,0,407,0,194,0.0,,,0.6772046589018302,,ILLUSTRATIVE - not derived from operator financial data,900.0,0.0,900.0,100.0,False,True,1.0,30.0
microwave,mw_rain_cell,1,POP~R_D00_1,rain_fade,True,16.0,169.0,0.0,0.0,0.0,0,35,True,False,True,False,150.0,169.0,169.0,185.0,191.0,,,,260.0,16.0,16.0,,,,0.0,35,0,16,550,1.0,0.6862745098039216,0.813953488372093,0.0,0.3137254901960784,0,0,0,601,,,,0.0,,0,416,0,185,0.0,,,0.6921797004991681,,ILLUSTRATIVE - not derived from operator financial data,900.0,0.0,900.0,100.0,False,True,1.3,39.0
microwave,mw_rain_cell,2,POP~R_D00_1,rain_fade,True,17.0,169.0,0.0,0.0,0.0,0,35,True,False,True,False,150.0,169.0,169.0,186.0,192.0,,,,260.0,17.0,17.0,,,,0.0,35,0,16,550,1.0,0.6862745098039216,0.813953488372093,0.0,0.3137254901960784,0,0,0,601,,,,0.0,,0,415,0,186,0.0,,,0.6905158069883528,,ILLUSTRATIVE - not derived from operator financial data,900.0,0.0,900.0,100.0,False,True,1.3,39.0
microwave,mw_rain_cell,3,POP~R_D00_1,rain_fade,True,14.0,171.0,0.0,0.0,0.0,0,34,True,False,True,False,150.0,171.0,171.0,185.0,191.0,,,,260.0,14.0,14.0,,,,0.0,34,0,17,550,1.0,0.6666666666666666,0.8,0.0,0.3333333333333333,0,0,0,601,,,,0.0,,0,416,0,185,0.0,,,0.6921797004991681,,ILLUSTRATIVE - not derived from operator financial data,900.0,0.0,900.0,100.0,False,True,1.3,39.0
microwave,mw_rain_cell,4,POP~R_D00_1,rain_fade,True,14.0,172.0,0.0,0.0,0.0,0,32,True,False,True,False,150.0,172.0,172.0,186.0,192.0,,,,260.0,14.0,14.0,,,,0.0,32,0,19,550,1.0,0.6274509803921569,0.7710843373493976,0.0,0.37254901960784315,0,0,0,601,,,,0.0,,0,415,0,186,0.0,,,0.6905158069883528,,ILLUSTRATIVE - not derived from operator financial data,900.0,0.0,900.0,100.0,False,True,1.3,39.0
microwave,mw_rain_cell,5,POP~R_D00_1,rain_fade,True,16.0,172.0,0.0,0.0,0.0,0,32,True,False,True,False,150.0,172.0,172.0,188.0,194.0,,,,260.0,16.0,16.0,,,,0.0,32,0,19,550,1.0,0.6274509803921569,0.7710843373493976,0.0,0.37254901960784315,0,0,0,601,,,,0.0,,0,413,0,188,0.0,,,0.6871880199667221,,ILLUSTRATIVE - not derived from operator financial data,900.0,0.0,900.0,100.0,False,True,1.3,39.0
microwave,mw_rain_cell,6,POP~R_D00_1,rain_fade,True,15.0,170.0,0.0,0.0,0.0,0,33,True,False,True,False,150.0,170.0,170.0,185.0,191.0,,,,260.0,15.0,15.0,,,,0.0,33,0,18,550,1.0,0.6470588235294118,0.7857142857142858,0.0,0.35294117647058826,0,0,0,601,,,,0.0,,0,416,0,185,0.0,,,0.6921797004991681,,ILLUSTRATIVE - not derived from operator financial data,900.0,0.0,900.0,100.0,False,True,1.3,39.0
microwave,mw_rain_cell,7,POP~R_D00_1,rain_fade,True,14.0,171.0,0.0,0.0,0.0,0,33,True,False,True,False,150.0,171.0,171.0,185.0,191.0,,,,260.0,14.0,14.0,,,,0.0,33,0,18,550,1.0,0.6470588235294118,0.7857142857142858,0.0,0.35294117647058826,0,0,0,601,,,,0.0,,0,416,0,185,0.0,,,0.6921797004991681,,ILLUSTRATIVE - not derived from operator financial data,900.0,0.0,900.0,100.0,False,True,1.3,39.0
microwave,mw_rain_cell,8,POP~R_D00_1,rain_fade,True,15.0,172.0,0.0,0.0,0.0,0,32,True,False,True,False,150.0,172.0,172.0,187.0,193.0,,,,260.0,15.0,15.0,,,,0.0,32,0,19,550,1.0,0.6274509803921569,0.7710843373493976,0.0,0.37254901960784315,0,0,0,601,,,,0.0,,0,414,0,187,0.0,,,0.6888519134775375,,ILLUSTRATIVE - not derived from operator financial data,900.0,0.0,900.0,100.0,False,True,1.3,39.0
microwave,mw_rain_cell,9,POP~R_D00_1,rain_fade,True,16.0,170.0,0.0,0.0,0.0,0,34,True,False,True,False,150.0,170.0,170.0,186.0,192.0,,,,260.0,16.0,16.0,,,,0.0,34,0,17,550,1.0,0.6666666666666666,0.8,0.0,0.3333333333333333,0,0,0,601,,,,0.0,,0,415,0,186,0.0,,,0.6905158069883528,,ILLUSTRATIVE - not derived from operator financial data,900.0,0.0,900.0,100.0,False,True,1.3,39.0
microwave,mw_rain_cell,10,POP~R_D00_1,rain_fade,True,15.0,171.0,0.0,0.0,0.0,0,34,True,False,True,False,150.0,171.0,171.0,186.0,192.0,,,,260.0,15.0,15.0,,,,0.0,34,0,17,550,1.0,0.6666666666666666,0.8,0.0,0.3333333333333333,0,0,0,601,,,,0.0,,0,415,0,186,0.0,,,0.6905158069883528,,ILLUSTRATIVE - not derived from operator financial data,900.0,0.0,900.0,100.0,False,True,1.3,39.0
microwave,mw_rain_cell,11,POP~R_D00_1,rain_fade,True,15.0,171.0,0.0,0.0,0.0,0,32,True,False,True,False,150.0,171.0,171.0,186.0,192.0,,,,260.0,15.0,15.0,,,,0.0,32,0,19,550,1.0,0.6274509803921569,0.7710843373493976,0.0,0.37254901960784315,0,0,0,601,,,,0.0,,0,415,0,186,0.0,,,0.6905158069883528,,ILLUSTRATIVE - not derived from operator financial data,900.0,0.0,900.0,100.0,False,True,1.3,39.0
microwave,mw_rain_cell,12,POP~R_D00_1,rain_fade,True,15.0,171.0,0.0,0.0,0.0,0,30,True,True,True,True,150.0,171.0,171.0,186.0,192.0,,,,260.0,15.0,15.0,,,,0.0,32,0,19,550,1.0,0.6274509803921569,0.7710843373493976,0.0,0.37254901960784315,0,2,0,599,0.0,,,0.0033277870216306157,,0,415,0,186,0.0,,,0.6905158069883528,,ILLUSTRATIVE - not derived from operator financial data,900.0,900.0,0.0,0.0,True,True,1.3,39.0
microwave,mw_rain_cell,13,POP~R_D00_1,rain_fade,True,17.0,171.0,0.0,0.0,0.0,0,33,True,False,True,False,150.0,171.0,171.0,188.0,194.0,,,,260.0,17.0,17.0,,,,0.0,33,0,18,550,1.0,0.6470588235294118,0.7857142857142858,0.0,0.35294117647058826,0,0,0,601,,,,0.0,,0,413,0,188,0.0,,,0.6871880199667221,,ILLUSTRATIVE - not derived from operator financial data,900.0,0.0,900.0,100.0,False,True,1.3,39.0
microwave,mw_rain_cell,14,POP~R_D00_1,rain_fade,True,15.0,169.0,0.0,0.0,0.0,0,35,True,False,True,False,150.0,169.0,169.0,184.0,190.0,,,,260.0,15.0,15.0,,,,0.0,35,0,16,550,1.0,0.6862745098039216,0.813953488372093,0.0,0.3137254901960784,0,0,0,601,,,,0.0,,0,417,0,184,0.0,,,0.6938435940099834,,ILLUSTRATIVE - not derived from operator financial data,900.0,0.0,900.0,100.0,False,True,1.3,39.0
microwave,mw_rain_cell,15,POP~R_D00_1,rain_fade,True,14.0,171.0,0.0,0.0,0.0,0,33,True,False,True,False,150.0,171.0,171.0,185.0,191.0,,,,260.0,14.0,14.0,,,,0.0,33,0,18,550,1.0,0.6470588235294118,0.7857142857142858,0.0,0.35294117647058826,0,0,0,601,,,,0.0,,0,416,0,185,0.0,,,0.6921797004991681,,ILLUSTRATIVE - not derived from operator financial data,900.0,0.0,900.0,100.0,False,True,1.3,39.0
microwave,mw_rain_cell,1,POP~R_D00_1,rain_fade,True,12.0,167.0,0.0,15.0,0.0,0,40,True,False,True,False,150.0,167.0,167.0,179.0,185.0,181.0,,,260.0,12.0,12.0,14.0,14.0,2.0,0.0,40,0,11,550,1.0,0.7843137254901961,0.8791208791208792,0.0,0.21568627450980393,0,0,0,601,,,,0.0,,0,422,0,179,0.0,,,0.7021630615640599,,ILLUSTRATIVE - not derived from operator financial data,1001.0,79.18,921.82,92.1,False,True,1.7,51.0
microwave,mw_rain_cell,2,POP~R_D00_1,rain_fade,True,12.0,168.0,0.0,15.0,0.0,0,39,True,False,True,False,150.0,168.0,168.0,180.0,186.0,180.0,,,260.0,12.0,12.0,12.0,12.0,0.0,0.0,39,0,12,550,1.0,0.7647058823529411,0.8666666666666666,0.0,0.23529411764705882,0,0,0,601,,,,0.0,,0,421,0,180,0.0,,,0.7004991680532446,,ILLUSTRATIVE - not derived from operator financial data,1001.0,79.18,921.82,92.1,False,True,1.7,51.0
microwave,mw_rain_cell,3,POP~R_D00_1,rain_fade,True,13.0,168.0,0.0,15.0,0.0,0,39,True,False,True,False,150.0,168.0,168.0,181.0,187.0,180.0,,,260.0,13.0,13.0,12.0,12.0,-1.0,0.0,39,0,12,550,1.0,0.7647058823529411,0.8666666666666666,0.0,0.23529411764705882,0,0,0,601,,,,0.0,,0,420,0,181,0.0,,,0.6988352745424293,,ILLUSTRATIVE - not derived from operator financial data,1001.0,77.37,923.63,92.3,False,True,1.7,51.0
microwave,mw_rain_cell,4,POP~R_D00_1,rain_fade,True,12.0,169.0,0.0,11.0,0.0,0,37,True,False,True,False,150.0,169.0,169.0,181.0,187.0,181.0,,,260.0,12.0,12.0,12.0,12.0,0.0,0.0,37,0,14,550,1.0,0.7254901960784313,0.8409090909090908,0.0,0.27450980392156865,0,0,0,601,,,,0.0,,0,420,0,181,0.0,,,0.6988352745424293,,ILLUSTRATIVE - not derived from operator financial data,974.07,52.25,921.82,94.6,False,True,1.7,51.0
microwave,mw_rain_cell,5,POP~R_D00_1,rain_fade,True,13.0,168.0,0.0,10.0,0.0,0,38,True,False,True,False,150.0,168.0,168.0,181.0,187.0,182.0,,,260.0,13.0,13.0,14.0,14.0,1.0,0.0,38,0,13,550,1.0,0.7450980392156863,0.8539325842696629,0.0,0.2549019607843137,0,0,0,601,,,,0.0,,0,420,0,181,0.0,,,0.6988352745424293,,ILLUSTRATIVE - not derived from operator financial data,967.33,43.7,923.63,95.5,False,True,1.7,51.0
microwave,mw_rain_cell,6,POP~R_D00_1,rain_fade,True,13.0,167.0,0.0,15.0,0.0,0,39,True,False,True,False,150.0,167.0,167.0,180.0,186.0,178.0,,,260.0,13.0,13.0,11.0,11.0,-2.0,0.0,39,0,12,550,1.0,0.7647058823529411,0.8666666666666666,0.0,0.23529411764705882,0,0,0,601,,,,0.0,,0,421,0,180,0.0,,,0.7004991680532446,,ILLUSTRATIVE - not derived from operator financial data,1001.0,77.37,923.63,92.3,False,True,1.7,51.0
microwave,mw_rain_cell,7,POP~R_D00_1,rain_fade,True,12.0,168.0,0.0,15.0,0.0,0,38,True,False,True,False,150.0,168.0,168.0,180.0,186.0,180.0,,,260.0,12.0,12.0,12.0,12.0,0.0,0.0,38,0,13,550,1.0,0.7450980392156863,0.8539325842696629,0.0,0.2549019607843137,0,0,0,601,,,,0.0,,0,421,0,180,0.0,,,0.7004991680532446,,ILLUSTRATIVE - not derived from operator financial data,1001.0,79.18,921.82,92.1,False,True,1.7,51.0
microwave,mw_rain_cell,8,POP~R_D00_1,rain_fade,True,14.0,167.0,0.0,12.0,0.0,0,39,True,False,True,False,150.0,167.0,167.0,181.0,187.0,182.0,,,260.0,14.0,14.0,15.0,15.0,1.0,0.0,39,0,12,550,1.0,0.7647058823529411,0.8666666666666666,0.0,0.23529411764705882,0,0,0,601,,,,0.0,,0,420,0,181,0.0,,,0.6988352745424293,,ILLUSTRATIVE - not derived from operator financial data,980.8,55.35,925.45,94.4,False,True,1.7,51.0
microwave,mw_rain_cell,9,POP~R_D00_1,rain_fade,True,13.0,167.0,0.0,14.0,0.0,0,40,True,False,True,False,150.0,167.0,167.0,180.0,186.0,180.0,,,260.0,13.0,13.0,13.0,13.0,0.0,0.0,40,0,11,550,1.0,0.7843137254901961,0.8791208791208792,0.0,0.21568627450980393,0,0,0,601,,,,0.0,,0,421,0,180,0.0,,,0.7004991680532446,,ILLUSTRATIVE - not derived from operator financial data,994.27,70.63,923.64,92.9,False,True,1.7,51.0
microwave,mw_rain_cell,10,POP~R_D00_1,rain_fade,True,13.0,167.0,0.0,14.0,0.0,0,40,True,False,True,False,150.0,167.0,167.0,180.0,186.0,181.0,,,260.0,13.0,13.0,14.0,14.0,1.0,0.0,40,0,11,550,1.0,0.7843137254901961,0.8791208791208792,0.0,0.21568627450980393,0,0,0,601,,,,0.0,,0,421,0,180,0.0,,,0.7004991680532446,,ILLUSTRATIVE - not derived from operator financial data,994.27,70.63,923.64,92.9,False,True,1.7,51.0
microwave,mw_rain_cell,11,POP~R_D00_1,rain_fade,True,13.0,168.0,0.0,14.0,0.0,0,38,True,False,True,False,150.0,168.0,168.0,181.0,187.0,180.0,,,260.0,13.0,13.0,12.0,12.0,-1.0,0.0,38,0,13,550,1.0,0.7450980392156863,0.8539325842696629,0.0,0.2549019607843137,0,0,0,601,,,,0.0,,0,420,0,181,0.0,,,0.6988352745424293,,ILLUSTRATIVE - not derived from operator financial data,994.27,70.63,923.64,92.9,False,True,1.7,51.0
microwave,mw_rain_cell,12,POP~R_D00_1,rain_fade,True,13.0,168.0,0.0,17.0,0.0,0,36,True,True,True,True,150.0,168.0,168.0,181.0,187.0,180.0,,,260.0,13.0,13.0,12.0,12.0,-1.0,0.0,38,0,13,550,1.0,0.7450980392156863,0.8539325842696629,0.0,0.2549019607843137,0,2,0,599,0.0,,,0.0033277870216306157,,0,420,0,181,0.0,,,0.6988352745424293,,ILLUSTRATIVE - not derived from operator financial data,1014.47,990.83,23.64,2.3,True,True,1.7,51.0
microwave,mw_rain_cell,13,POP~R_D00_1,rain_fade,True,14.0,167.0,0.0,13.0,0.0,0,39,True,False,True,False,150.0,167.0,167.0,181.0,187.0,182.0,,,260.0,14.0,14.0,15.0,15.0,1.0,0.0,39,0,12,550,1.0,0.7647058823529411,0.8666666666666666,0.0,0.23529411764705882,0,0,0,601,,,,0.0,,0,420,0,181,0.0,,,0.6988352745424293,,ILLUSTRATIVE - not derived from operator financial data,987.53,62.08,925.45,93.7,False,True,1.7,51.0
microwave,mw_rain_cell,14,POP~R_D00_1,rain_fade,True,13.0,166.0,0.0,15.0,0.0,0,41,True,False,True,False,150.0,166.0,166.0,179.0,185.0,179.0,,,260.0,13.0,13.0,13.0,13.0,0.0,0.0,41,0,10,550,1.0,0.803921568627451,0.891304347826087,0.0,0.19607843137254902,0,0,0,601,,,,0.0,,0,422,0,179,0.0,,,0.7021630615640599,,ILLUSTRATIVE - not derived from operator financial data,1001.0,77.37,923.63,92.3,False,True,1.7,51.0
microwave,mw_rain_cell,15,POP~R_D00_1,rain_fade,True,12.0,168.0,0.0,11.0,0.0,0,38,True,False,True,False,150.0,168.0,168.0,180.0,186.0,183.0,,,260.0,12.0,12.0,15.0,15.0,3.0,0.0,38,0,13,550,1.0,0.7450980392156863,0.8539325842696629,0.0,0.2549019607843137,0,0,0,601,,,,0.0,,0,421,0,180,0.0,,,0.7004991680532446,,ILLUSTRATIVE - not derived from operator financial data,974.07,52.25,921.82,94.6,False,True,1.7,51.0
microwave,mw_rain_cell,1,POP~R_D00_1,rain_fade,True,12.0,165.0,0.0,27.0,0.0,0,43,True,False,True,False,150.0,165.0,165.0,177.0,183.0,173.0,,,260.0,12.0,12.0,8.0,8.0,-4.0,0.0,43,0,8,550,1.0,0.8431372549019608,0.9148936170212766,0.0,0.1568627450980392,0,0,0,601,,,,0.0,,0,424,0,177,0.0,,,0.7054908485856906,,ILLUSTRATIVE - not derived from operator financial data,1081.8,159.98,921.82,85.2,False,True,2.2,66.0
microwave,mw_rain_cell,2,POP~R_D00_1,rain_fade,True,12.0,165.0,0.0,27.0,0.0,0,43,True,False,True,False,150.0,165.0,165.0,177.0,183.0,172.0,,,260.0,12.0,12.0,7.0,7.0,-5.0,0.0,43,0,8,550,1.0,0.8431372549019608,0.9148936170212766,0.0,0.1568627450980392,0,0,0,601,,,,0.0,,0,424,0,177,0.0,,,0.7054908485856906,,ILLUSTRATIVE - not derived from operator financial data,1081.8,159.98,921.82,85.2,False,True,2.2,66.0
microwave,mw_rain_cell,3,POP~R_D00_1,rain_fade,True,12.0,166.0,0.0,27.0,0.0,0,42,True,False,True,False,150.0,166.0,166.0,178.0,184.0,174.0,,,260.0,12.0,12.0,8.0,8.0,-4.0,0.0,42,0,9,550,1.0,0.8235294117647058,0.9032258064516129,0.0,0.17647058823529413,0,0,0,601,,,,0.0,,0,423,0,178,0.0,,,0.7038269550748752,,ILLUSTRATIVE - not derived from operator financial data,1081.8,159.98,921.82,85.2,False,True,2.2,66.0
microwave,mw_rain_cell,4,POP~R_D00_1,rain_fade,True,12.0,166.0,0.0,26.0,0.0,0,43,True,False,True,False,150.0,166.0,166.0,178.0,184.0,174.0,,,260.0,12.0,12.0,8.0,8.0,-4.0,0.0,43,0,8,550,1.0,0.8431372549019608,0.9148936170212766,0.0,0.1568627450980392,0,0,0,601,,,,0.0,,0,423,0,178,0.0,,,0.7038269550748752,,ILLUSTRATIVE - not derived from operator financial data,1075.07,153.25,921.82,85.7,False,True,2.2,66.0
microwave,mw_rain_cell,5,POP~R_D00_1,rain_fade,True,12.0,166.0,0.0,25.0,0.0,0,42,True,False,True,False,150.0,166.0,166.0,178.0,184.0,175.0,,,260.0,12.0,12.0,9.0,9.0,-3.0,0.0,42,0,9,550,1.0,0.8235294117647058,0.9032258064516129,0.0,0.17647058823529413,0,0,0,601,,,,0.0,,0,423,0,178,0.0,,,0.7038269550748752,,ILLUSTRATIVE - not derived from operator financial data,1068.33,146.52,921.81,86.3,False,True,2.2,66.0
microwave,mw_rain_cell,6,POP~R_D00_1,rain_fade,True,12.0,165.0,0.0,25.0,0.0,0,43,True,False,True,False,150.0,165.0,165.0,177.0,183.0,174.0,,,260.0,12.0,12.0,9.0,9.0,-3.0,0.0,43,0,8,550,1.0,0.8431372549019608,0.9148936170212766,0.0,0.1568627450980392,0,0,0,601,,,,0.0,,0,424,0,177,0.0,,,0.7054908485856906,,ILLUSTRATIVE - not derived from operator financial data,1068.33,146.52,921.81,86.3,False,True,2.2,66.0
microwave,mw_rain_cell,7,POP~R_D00_1,rain_fade,True,12.0,166.0,0.0,26.0,0.0,0,42,True,False,True,False,150.0,166.0,166.0,178.0,184.0,174.0,,,260.0,12.0,12.0,8.0,8.0,-4.0,0.0,42,0,9,550,1.0,0.8235294117647058,0.9032258064516129,0.0,0.17647058823529413,0,0,0,601,,,,0.0,,0,423,0,178,0.0,,,0.7038269550748752,,ILLUSTRATIVE - not derived from operator financial data,1075.07,153.25,921.82,85.7,False,True,2.2,66.0
microwave,mw_rain_cell,8,POP~R_D00_1,rain_fade,True,11.0,166.0,0.0,26.0,0.0,0,42,True,False,True,False,150.0,166.0,166.0,177.0,183.0,174.0,,,260.0,11.0,11.0,8.0,8.0,-3.0,0.0,42,0,9,550,1.0,0.8235294117647058,0.9032258064516129,0.0,0.17647058823529413,0,0,0,601,,,,0.0,,0,424,0,177,0.0,,,0.7054908485856906,,ILLUSTRATIVE - not derived from operator financial data,1075.07,155.07,920.0,85.6,False,True,2.2,66.0
microwave,mw_rain_cell,9,POP~R_D00_1,rain_fade,True,12.0,165.0,0.0,26.0,0.0,0,43,True,False,True,False,150.0,165.0,165.0,177.0,183.0,174.0,,,260.0,12.0,12.0,9.0,9.0,-3.0,0.0,43,0,8,550,1.0,0.8431372549019608,0.9148936170212766,0.0,0.1568627450980392,0,0,0,601,,,,0.0,,0,424,0,177,0.0,,,0.7054908485856906,,ILLUSTRATIVE - not derived from operator financial data,1075.07,153.25,921.82,85.7,False,True,2.2,66.0
microwave,mw_rain_cell,10,POP~R_D00_1,rain_fade,True,11.0,166.0,0.0,27.0,0.0,0,42,True,False,True,False,150.0,166.0,166.0,177.0,183.0,174.0,,,260.0,11.0,11.0,8.0,8.0,-3.0,0.0,42,0,9,550,1.0,0.8235294117647058,0.9032258064516129,0.0,0.17647058823529413,0,0,0,601,,,,0.0,,0,424,0,177,0.0,,,0.7054908485856906,,ILLUSTRATIVE - not derived from operator financial data,1081.8,161.8,920.0,85.0,False,True,2.2,66.0
microwave,mw_rain_cell,11,POP~R_D00_1,rain_fade,True,12.0,166.0,0.0,27.0,0.0,0,42,True,False,True,False,150.0,166.0,166.0,178.0,184.0,174.0,,,260.0,12.0,12.0,8.0,8.0,-4.0,0.0,42,0,9,550,1.0,0.8235294117647058,0.9032258064516129,0.0,0.17647058823529413,0,0,0,601,,,,0.0,,0,423,0,178,0.0,,,0.7038269550748752,,ILLUSTRATIVE - not derived from operator financial data,1081.8,159.98,921.82,85.2,False,True,2.2,66.0
microwave,mw_rain_cell,12,POP~R_D00_1,rain_fade,True,12.0,166.0,0.0,26.0,0.0,0,40,True,True,True,True,150.0,166.0,166.0,178.0,184.0,174.0,,,260.0,12.0,12.0,8.0,8.0,-4.0,0.0,42,0,9,550,1.0,0.8235294117647058,0.9032258064516129,0.0,0.17647058823529413,0,2,0,599,0.0,,,0.0033277870216306157,,0,423,0,178,0.0,,,0.7038269550748752,,ILLUSTRATIVE - not derived from operator financial data,1075.07,1053.25,21.82,2.0,True,True,2.2,66.0
microwave,mw_rain_cell,13,POP~R_D00_1,rain_fade,True,11.0,166.0,0.0,25.0,0.0,0,42,True,False,True,False,150.0,166.0,166.0,177.0,183.0,175.0,,,260.0,11.0,11.0,9.0,9.0,-2.0,0.0,42,0,9,550,1.0,0.8235294117647058,0.9032258064516129,0.0,0.17647058823529413,0,0,0,601,,,,0.0,,0,424,0,177,0.0,,,0.7054908485856906,,ILLUSTRATIVE - not derived from operator financial data,1068.33,148.34,919.99,86.1,False,True,2.2,66.0
microwave,mw_rain_cell,14,POP~R_D00_1,rain_fade,True,12.0,164.0,0.0,27.0,0.0,0,44,True,False,True,False,150.0,164.0,164.0,176.0,182.0,173.0,,,260.0,12.0,12.0,9.0,9.0,-3.0,0.0,44,0,7,550,1.0,0.8627450980392157,0.9263157894736842,0.0,0.13725490196078433,0,0,0,601,,,,0.0,,0,425,0,176,0.0,,,0.7071547420965059,,ILLUSTRATIVE - not derived from operator financial data,1081.8,159.98,921.82,85.2,False,True,2.2,66.0
microwave,mw_rain_cell,15,POP~R_D00_1,rain_fade,True,11.0,166.0,0.0,28.0,0.0,0,42,True,False,True,False,150.0,166.0,166.0,177.0,183.0,173.0,,,260.0,11.0,11.0,7.0,7.0,-4.0,0.0,42,0,9,550,1.0,0.8235294117647058,0.9032258064516129,0.0,0.17647058823529413,0,0,0,601,,,,0.0,,0,424,0,177,0.0,,,0.7054908485856906,,ILLUSTRATIVE - not derived from operator financial data,1088.53,168.54,919.99,84.5,False,True,2.2,66.0
microwave,mw_directional_hardware,1,POP~R_D05_1,hardware_directional,False,,409.0,87.0,0.0,0.0,187,0,False,True,False,False,170.0,322.0,327.0,,,,,,,,,,,,5.0,234,0,196,171,1.0,0.5441860465116279,0.7048192771084337,0.0,0.4558139534883721,47,0,383,171,1.0,0.10930232558139535,0.1970649895178197,0.0,0.8906976744186047,0,0,430,171,,0.0,,0.0,1.0,ILLUSTRATIVE - not derived from operator financial data,0.0,900.0,-900.0,,False,False,0.4,17.6
microwave,mw_directional_hardware,2,POP~R_D05_1,hardware_directional,False,148.0,364.0,48.0,0.0,0.0,174,0,True,True,False,False,170.0,316.0,364.0,512.0,518.0,,,,,196.0,148.0,,,,48.0,219,0,211,171,1.0,0.5093023255813953,0.674884437596302,0.0,0.4906976744186046,45,0,385,171,1.0,0.10465116279069768,0.18947368421052632,0.0,0.8953488372093024,89,0,341,171,1.0,0.2069767441860465,0.3429672447013487,0.0,0.7930232558139535,ILLUSTRATIVE - not derived from operator financial data,900.0,900.0,0.0,0.0,False,False,0.4,17.6
microwave,mw_directional_hardware,3,POP~R_D05_1,hardware_directional,False,,369.0,52.0,0.0,0.0,218,0,False,True,False,False,170.0,317.0,369.0,,,,,,,,,,,,52.0,267,0,163,171,1.0,0.6209302325581395,0.7661406025824964,0.0,0.37906976744186044,49,0,381,171,1.0,0.11395348837209303,0.20459290187891443,0.0,0.8860465116279069,0,0,430,171,,0.0,,0.0,1.0,ILLUSTRATIVE - not derived from operator financial data,0.0,900.0,-900.0,,False,False,0.4,17.6
microwave,mw_directional_hardware,4,POP~R_D05_1,hardware_directional,False,,343.0,44.0,0.0,0.0,273,0,False,True,False,False,170.0,299.0,343.0,,,,,,,,,,,,44.0,281,0,149,171,1.0,0.6534883720930232,0.790436005625879,0.0,0.34651162790697676,8,0,422,171,1.0,0.018604651162790697,0.03652968036529681,0.0,0.9813953488372092,0,0,430,171,,0.0,,0.0,1.0,ILLUSTRATIVE - not derived from operator financial data,0.0,900.0,-900.0,,False,False,0.4,17.6
microwave,mw_directional_hardware,5,POP~R_D05_1,hardware_directional,False,253.0,502.0,187.0,0.0,0.0,164,0,True,True,False,False,170.0,315.0,335.0,588.0,594.0,,,,,273.0,253.0,,,,20.0,206,0,224,171,1.0,0.4790697674418605,0.6477987421383647,0.0,0.5209302325581395,42,0,388,171,1.0,0.09767441860465116,0.17796610169491525,0.0,0.9023255813953488,13,0,417,171,1.0,0.030232558139534883,0.05869074492099323,0.0,0.9697674418604652,ILLUSTRATIVE - not derived from operator financial data,900.0,900.0,0.0,0.0,False,False,0.4,17.6
microwave,mw_directional_hardware,6,POP~R_D05_1,hardware_directional,False,,337.0,28.0,0.0,0.0,209,0,False,True,False,False,170.0,309.0,337.0,,,,,,,,,,,,28.0,292,0,138,171,1.0,0.6790697674418604,0.8088642659279778,0.0,0.3209302325581395,83,0,347,171,1.0,0.1930232558139535,0.3235867446393762,0.0,0.8069767441860465,0,0,430,171,,0.0,,0.0,1.0,ILLUSTRATIVE - not derived from operator financial data,0.0,900.0,-900.0,,False,False,0.4,17.6
microwave,mw_directional_hardware,7,POP~R_D05_1,hardware_directional,False,,396.0,54.0,0.0,0.0,169,0,False,True,False,False,170.0,342.0,374.0,,,,,,,,,,,,32.0,221,0,209,171,1.0,0.513953488372093,0.6789554531490015,0.0,0.48604651162790696,52,0,378,171,1.0,0.12093023255813953,0.21576763485477177,0.0,0.8790697674418605,0,0,430,171,,0.0,,0.0,1.0,ILLUSTRATIVE - not derived from operator financial data,0.0,900.0,-900.0,,False,False,0.4,17.6
microwave,mw_directional_hardware,8,POP~R_D05_1,hardware_directional,False,,351.0,49.0,0.0,0.0,231,0,False,True,False,False,170.0,302.0,323.0,,,,,,,,,,,,21.0,240,0,190,171,1.0,0.5581395348837209,0.7164179104477612,0.0,0.4418604651162791,9,0,421,171,1.0,0.020930232558139535,0.04100227790432802,0.0,0.9790697674418605,0,0,430,171,,0.0,,0.0,1.0,ILLUSTRATIVE - not derived from operator financial data,0.0,900.0,-900.0,,False,False,0.4,17.6
microwave,mw_directional_hardware,9,POP~R_D05_1,hardware_directional,False,,319.0,14.0,0.0,0.0,217,0,False,True,False,False,170.0,305.0,311.0,,,,,,,,,,,,6.0,262,0,168,171,1.0,0.6093023255813953,0.7572254335260116,0.0,0.39069767441860465,45,0,385,171,1.0,0.10465116279069768,0.18947368421052632,0.0,0.8953488372093024,0,0,430,171,,0.0,,0.0,1.0,ILLUSTRATIVE - not derived from operator financial data,0.0,900.0,-900.0,,False,False,0.4,17.6
microwave,mw_directional_hardware,10,POP~R_D05_1,hardware_directional,False,220.0,363.0,57.0,0.0,0.0,190,0,True,True,False,False,170.0,306.0,349.0,569.0,575.0,,,,,263.0,220.0,,,,43.0,259,0,171,171,1.0,0.6023255813953489,0.7518142235123368,0.0,0.39767441860465114,69,0,361,171,1.0,0.16046511627906976,0.27655310621242485,0.0,0.8395348837209302,32,0,398,171,1.0,0.07441860465116279,0.13852813852813853,0.0,0.9255813953488372,ILLUSTRATIVE - not derived from operator financial data,900.0,900.0,0.0,0.0,False,False,0.4,17.6
microwave,mw_directional_hardware,11,POP~R_D05_1,hardware_directional,False,,363.0,74.0,0.0,0.0,209,0,False,True,False,False,170.0,289.0,328.0,,,,,,,,,,,,39.0,272,0,158,171,1.0,0.6325581395348837,0.774928774928775,0.0,0.3674418604651163,63,0,367,171,1.0,0.14651162790697675,0.25557809330628806,0.0,0.8534883720930233,0,0,430,171,,0.0,,0.0,1.0,ILLUSTRATIVE - not derived from operator financial data,0.0,900.0,-900.0,,False,False,0.4,17.6
microwave,mw_directional_hardware,12,POP~R_D05_1,hardware_directional,False,,323.0,29.0,0.0,0.0,182,0,False,True,False,False,170.0,294.0,323.0,,,,,,,,,,,,29.0,237,0,193,171,1.0,0.5511627906976744,0.7106446776611693,0.0,0.44883720930232557,55,0,375,171,1.0,0.12790697674418605,0.2268041237113402,0.0,0.872093023255814,0,0,430,171,,0.0,,0.0,1.0,ILLUSTRATIVE - not derived from operator financial data,0.0,900.0,-900.0,,False,False,0.4,17.6
microwave,mw_directional_hardware,13,POP~R_D05_1,hardware_directional,False,,329.0,20.0,0.0,0.0,193,0,False,True,False,False,170.0,309.0,329.0,,,,,,,,,,,,20.0,208,0,222,171,1.0,0.48372093023255813,0.652037617554859,0.0,0.5162790697674419,15,0,415,171,1.0,0.03488372093023256,0.06741573033707865,0.0,0.9651162790697675,0,0,430,171,,0.0,,0.0,1.0,ILLUSTRATIVE - not derived from operator financial data,0.0,900.0,-900.0,,False,False,0.4,17.6
microwave,mw_directional_hardware,14,POP~R_D05_1,hardware_directional,False,,380.0,84.0,0.0,0.0,218,0,False,True,False,False,170.0,296.0,336.0,,,,,,,,,,,,40.0,269,0,161,171,1.0,0.6255813953488372,0.7696709585121602,0.0,0.3744186046511628,51,0,379,171,1.0,0.1186046511627907,0.21205821205821207,0.0,0.8813953488372093,0,0,430,171,,0.0,,0.0,1.0,ILLUSTRATIVE - not derived from operator financial data,0.0,900.0,-900.0,,False,False,0.4,17.6
microwave,mw_directional_hardware,15,POP~R_D05_1,hardware_directional,False,,321.0,16.0,0.0,0.0,189,0,False,True,False,False,170.0,305.0,321.0,,,,,,,,,,,,16.0,247,0,183,171,1.0,0.5744186046511628,0.7296898079763663,0.0,0.4255813953488372,58,0,372,171,1.0,0.13488372093023257,0.23770491803278693,0.0,0.8651162790697674,0,0,430,171,,0.0,,0.0,1.0,ILLUSTRATIVE - not derived from operator financial data,0.0,900.0,-900.0,,False,False,0.4,17.6
microwave,mw_directional_hardware,1,POP~R_D05_1,hardware_directional,False,35.0,278.0,22.0,0.0,0.0,32,0,True,True,False,False,170.0,256.0,278.0,313.0,319.0,,,,,57.0,35.0,,,,22.0,342,0,88,171,1.0,0.7953488372093023,0.8860103626943004,0.0,0.20465116279069767,310,0,120,171,1.0,0.7209302325581395,0.8378378378378378,0.0,0.27906976744186046,288,0,142,171,1.0,0.6697674418604651,0.8022284122562674,0.0,0.3302325581395349,ILLUSTRATIVE - not derived from operator financial data,900.0,900.0,0.0,0.0,False,False,0.6,26.4
microwave,mw_directional_hardware,2,POP~R_D05_1,hardware_directional,False,27.0,268.0,17.0,0.0,0.0,14,0,True,True,False,False,170.0,251.0,268.0,295.0,301.0,,,,,44.0,27.0,,,,17.0,347,0,83,171,1.0,0.8069767441860465,0.8931788931788932,0.0,0.1930232558139535,333,0,97,171,1.0,0.7744186046511627,0.872870249017038,0.0,0.2255813953488372,306,0,124,171,1.0,0.7116279069767442,0.8315217391304348,0.0,0.28837209302325584,ILLUSTRATIVE - not derived from operator financial data,900.0,900.0,0.0,0.0,False,False,0.6,26.4
microwave,mw_directional_hardware,3,POP~R_D05_1,hardware_directional,False,15.0,275.0,10.0,0.0,0.0,10,0,True,True,False,False,170.0,265.0,275.0,290.0,296.0,,,,,25.0,15.0,,,,10.0,336,0,94,171,1.0,0.7813953488372093,0.8772845953002611,0.0,0.2186046511627907,326,0,104,171,1.0,0.7581395348837209,0.8624338624338624,0.0,0.24186046511627907,311,0,119,171,1.0,0.7232558139534884,0.8394062078272605,0.0,0.27674418604651163,ILLUSTRATIVE - not derived from operator financial data,900.0,900.0,0.0,0.0,False,False,0.6,26.4
microwave,mw_directional_hardware,4,POP~R_D05_1,hardware_directional,False,29.0,269.0,13.0,0.0,0.0,27,0,True,True,False,False,170.0,256.0,269.0,298.0,304.0,,,,,42.0,29.0,,,,13.0,345,0,85,171,1.0,0.8023255813953488,0.8903225806451612,0.0,0.19767441860465115,318,0,112,171,1.0,0.7395348837209302,0.8502673796791445,0.0,0.26046511627906976,303,0,127,171,1.0,0.7046511627906977,0.8267394270122783,0.0,0.29534883720930233,ILLUSTRATIVE - not derived from operator financial data,900.0,900.0,0.0,0.0,False,False,0.6,26.4
microwave,mw_directional_hardware,5,POP~R_D05_1,hardware_directional,False,22.0,274.0,8.0,0.0,0.0,8,0,True,True,False,False,170.0,266.0,274.0,296.0,302.0,,,,,30.0,22.0,,,,8.0,335,0,95,171,1.0,0.7790697674418605,0.8758169934640523,0.0,0.22093023255813954,327,0,103,171,1.0,0.7604651162790698,0.8639365918097753,0.0,0.23953488372093024,305,0,125,171,1.0,0.7093023255813954,0.8299319727891157,0.0,0.29069767441860467,ILLUSTRATIVE - not derived from operator financial data,900.0,900.0,0.0,0.0,False,False,0.6,26.4
microwave,mw_directional_hardware,6,POP~R_D05_1,hardware_directional,False,15.0,288.0,27.0,0.0,0.0,27,0,True,True,False,False,170.0,261.0,288.0,303.0,309.0,,,,,42.0,15.0,,,,27.0,340,0,90,171,1.0,0.7906976744186046,0.8831168831168831,0.0,0.20930232558139536,313,0,117,171,1.0,0.727906976744186,0.8425302826379543,0.0,0.27209302325581397,298,0,132,171,1.0,0.6930232558139535,0.8186813186813187,0.0,0.30697674418604654,ILLUSTRATIVE - not derived from operator financial data,900.0,900.0,0.0,0.0,False,False,0.6,26.4
microwave,mw_directional_hardware,7,POP~R_D05_1,hardware_directional,False,18.0,281.0,18.0,0.0,0.0,18,0,True,True,False,False,170.0,263.0,281.0,299.0,305.0,,,,,36.0,18.0,,,,18.0,338,0,92,171,1.0,0.786046511627907,0.8802083333333334,0.0,0.21395348837209302,320,0,110,171,1.0,0.7441860465116279,0.8533333333333333,0.0,0.2558139534883721,302,0,128,171,1.0,0.7023255813953488,0.825136612021858,0.0,0.29767441860465116,ILLUSTRATIVE - not derived from operator financial data,900.0,900.0,0.0,0.0,False,False,0.6,26.4
microwave,mw_directional_hardware,8,POP~R_D05_1,hardware_directional,False,37.0,264.0,7.0,0.0,0.0,7,0,True,True,False,False,170.0,257.0,264.0,301.0,307.0,,,,,44.0,37.0,,,,7.0,344,0,86,171,1.0,0.8,0.888888888888889,0.0,0.2,337,0,93,171,1.0,0.7837209302325582,0.8787483702737939,0.0,0.21627906976744185,300,0,130,171,1.0,0.6976744186046512,0.8219178082191781,0.0,0.3023255813953488,ILLUSTRATIVE - not derived from operator financial data,900.0,900.0,0.0,0.0,False,False,0.6,26.4
microwave,mw_directional_hardware,9,POP~R_D05_1,hardware_directional,False,13.0,280.0,16.0,0.0,0.0,16,0,True,True,False,False,170.0,264.0,280.0,293.0,299.0,,,,,29.0,13.0,,,,16.0,337,0,93,171,1.0,0.7837209302325582,0.8787483702737939,0.0,0.21627906976744185,321,0,109,171,1.0,0.7465116279069768,0.8548601864181092,0.0,0.2534883720930233,308,0,122,171,1.0,0.7162790697674418,0.8346883468834688,0.0,0.2837209302325581,ILLUSTRATIVE - not derived from operator financial data,900.0,900.0,0.0,0.0,False,False,0.6,26.4
microwave,mw_directional_hardware,10,POP~R_D05_1,hardware_directional,False,12.0,275.0,7.0,0.0,0.0,7,0,True,True,False,False,170.0,268.0,275.0,287.0,293.0,,,,,19.0,12.0,,,,7.0,333,0,97,171,1.0,0.7744186046511627,0.872870249017038,0.0,0.2255813953488372,326,0,104,171,1.0,0.7581395348837209,0.8624338624338624,0.0,0.24186046511627907,314,0,116,171,1.0,0.7302325581395349,0.8440860215053763,0.0,0.26976744186046514,ILLUSTRATIVE - not derived from operator financial data,900.0,900.0,0.0,0.0,False,False,0.6,26.4
microwave,mw_directional_hardware,11,POP~R_D05_1,hardware_directional,False,18.0,275.0,13.0,0.0,0.0,13,0,True,True,False,False,170.0,262.0,275.0,293.0,299.0,,,,,31.0,18.0,,,,13.0,339,0,91,171,1.0,0.7883720930232558,0.881664499349805,0.0,0.2116279069767442,326,0,104,171,1.0,0.7581395348837209,0.8624338624338624,0.0,0.24186046511627907,308,0,122,171,1.0,0.7162790697674418,0.8346883468834688,0.0,0.2837209302325581,ILLUSTRATIVE - not derived from operator financial data,900.0,900.0,0.0,0.0,False,False,0.6,26.4
microwave,mw_directional_hardware,12,POP~R_D05_1,hardware_directional,False,24.0,269.0,13.0,0.0,0.0,13,0,True,True,False,False,170.0,256.0,269.0,293.0,299.0,,,,,37.0,24.0,,,,13.0,345,0,85,171,1.0,0.8023255813953488,0.8903225806451612,0.0,0.19767441860465115,332,0,98,171,1.0,0.772093023255814,0.8713910761154855,0.0,0.22790697674418606,308,0,122,171,1.0,0.7162790697674418,0.8346883468834688,0.0,0.2837209302325581,ILLUSTRATIVE - not derived from operator financial data,900.0,900.0,0.0,0.0,False,False,0.6,26.4
microwave,mw_directional_hardware,13,POP~R_D05_1,hardware_directional,False,10.0,285.0,10.0,0.0,0.0,10,0,True,True,False,False,170.0,275.0,285.0,295.0,301.0,,,,,20.0,10.0,,,,10.0,326,0,104,171,1.0,0.7581395348837209,0.8624338624338624,0.0,0.24186046511627907,316,0,114,171,1.0,0.7348837209302326,0.8471849865951743,0.0,0.2651162790697674,306,0,124,171,1.0,0.7116279069767442,0.8315217391304348,0.0,0.28837209302325584,ILLUSTRATIVE - not derived from operator financial data,900.0,900.0,0.0,0.0,False,False,0.6,26.4
microwave,mw_directional_hardware,14,POP~R_D05_1,hardware_directional,False,20.0,274.0,9.0,0.0,0.0,9,0,True,True,False,False,170.0,265.0,274.0,294.0,300.0,,,,,29.0,20.0,,,,9.0,336,0,94,171,1.0,0.7813953488372093,0.8772845953002611,0.0,0.2186046511627907,327,0,103,171,1.0,0.7604651162790698,0.8639365918097753,0.0,0.23953488372093024,307,0,123,171,1.0,0.713953488372093,0.8331071913161465,0.0,0.28604651162790695,ILLUSTRATIVE - not derived from operator financial data,900.0,900.0,0.0,0.0,False,False,0.6,26.4
microwave,mw_directional_hardware,15,POP~R_D05_1,hardware_directional,False,12.0,278.0,9.0,0.0,0.0,9,0,True,True,False,False,170.0,269.0,278.0,290.0,296.0,,,,,21.0,12.0,,,,9.0,332,0,98,171,1.0,0.772093023255814,0.8713910761154855,0.0,0.22790697674418606,323,0,107,171,1.0,0.7511627906976744,0.8579017264276229,0.0,0.24883720930232558,311,0,119,171,1.0,0.7232558139534884,0.8394062078272605,0.0,0.27674418604651163,ILLUSTRATIVE - not derived from operator financial data,900.0,900.0,0.0,0.0,False,False,0.6,26.4
microwave,mw_directional_hardware,1,POP~R_D05_1,hardware_directional,False,15.0,248.0,14.0,289.0,0.0,14,0,True,True,False,False,170.0,234.0,248.0,263.0,269.0,311.0,,,,29.0,15.0,77.0,63.0,48.0,14.0,367,0,63,171,1.0,0.8534883720930233,0.9209535759096612,0.0,0.14651162790697675,353,0,77,171,1.0,0.8209302325581396,0.9016602809706258,0.0,0.17906976744186046,338,0,92,171,1.0,0.786046511627907,0.8802083333333334,0.0,0.21395348837209302,ILLUSTRATIVE - not derived from operator financial data,2345.6,2343.98,1.62,0.1,False,False,0.8,35.2
microwave,mw_directional_hardware,2,POP~R_D05_1,hardware_directional,False,11.0,249.0,5.0,288.0,0.0,5,0,True,True,False,False,170.0,244.0,249.0,260.0,266.0,313.0,,,,16.0,11.0,69.0,64.0,53.0,5.0,357,0,73,171,1.0,0.8302325581395349,0.9072426937738246,0.0,0.1697674418604651,352,0,78,171,1.0,0.8186046511627907,0.9002557544757033,0.0,0.1813953488372093,341,0,89,171,1.0,0.7930232558139535,0.8845654993514916,0.0,0.2069767441860465,ILLUSTRATIVE - not derived from operator financial data,2345.2,2344.01,1.19,0.1,False,False,0.8,35.2
microwave,mw_directional_hardware,3,POP~R_D05_1,hardware_directional,False,18.0,252.0,8.0,292.0,0.0,13,0,True,True,False,False,170.0,244.0,252.0,270.0,276.0,306.0,,,,26.0,18.0,62.0,54.0,36.0,8.0,357,0,73,171,1.0,0.8302325581395349,0.9072426937738246,0.0,0.1697674418604651,344,0,86,171,1.0,0.8,0.888888888888889,0.0,0.2,331,0,99,171,1.0,0.7697674418604651,0.8699080157687255,0.0,0.2302325581395349,ILLUSTRATIVE - not derived from operator financial data,2346.8,2344.86,1.94,0.1,False,False,0.8,35.2
microwave,mw_directional_hardware,4,POP~R_D05_1,hardware_directional,False,14.0,248.0,7.0,299.0,0.0,7,0,True,True,False,False,170.0,241.0,248.0,262.0,268.0,300.0,,,,21.0,14.0,59.0,52.0,38.0,7.0,360,0,70,171,1.0,0.8372093023255814,0.9113924050632911,0.0,0.16279069767441862,353,0,77,171,1.0,0.8209302325581396,0.9016602809706258,0.0,0.17906976744186046,339,0,91,171,1.0,0.7883720930232558,0.881664499349805,0.0,0.2116279069767442,ILLUSTRATIVE - not derived from operator financial data,2349.6,2348.09,1.51,0.1,False,False,0.8,35.2
microwave,mw_directional_hardware,5,POP~R_D05_1,hardware_directional,False,22.0,249.0,11.0,290.0,0.0,11,0,True,True,False,False,170.0,238.0,249.0,271.0,277.0,310.0,,,,33.0,22.0,72.0,61.0,39.0,11.0,363,0,67,171,1.0,0.8441860465116279,0.9155107187894073,0.0,0.1558139534883721,352,0,78,171,1.0,0.8186046511627907,0.9002557544757033,0.0,0.1813953488372093,330,0,100,171,1.0,0.7674418604651163,0.868421052631579,0.0,0.23255813953488372,ILLUSTRATIVE - not derived from operator financial data,2346.0,2343.62,2.38,0.1,False,False,0.8,35.2
microwave,mw_directional_hardware,6,POP~R_D05_1,hardware_directional,False,13.0,251.0,19.0,294.0,0.0,19,0,True,True,False,False,170.0,232.0,251.0,264.0,270.0,307.0,,,,32.0,13.0,75.0,56.0,43.0,19.0,369,0,61,171,1.0,0.858139534883721,0.9236545682102629,0.0,0.14186046511627906,350,0,80,171,1.0,0.813953488372093,0.8974358974358974,0.0,0.18604651162790697,337,0,93,171,1.0,0.7837209302325582,0.8787483702737939,0.0,0.21627906976744185,ILLUSTRATIVE - not derived from operator financial data,2347.6,2346.2,1.4,0.1,False,False,0.8,35.2
microwave,mw_directional_hardware,7,POP~R_D05_1,hardware_directional,False,9.0,260.0,17.0,285.0,0.0,17,0,True,True,False,False,170.0,243.0,260.0,269.0,275.0,314.0,,,,26.0,9.0,71.0,54.0,45.0,17.0,358,0,72,171,1.0,0.8325581395348837,0.9086294416243654,0.0,0.16744186046511628,341,0,89,171,1.0,0.7930232558139535,0.8845654993514916,0.0,0.2069767441860465,332,0,98,171,1.0,0.772093023255814,0.8713910761154855,0.0,0.22790697674418606,ILLUSTRATIVE - not derived from operator financial data,2344.0,2343.03,0.97,0.0,False,False,0.8,35.2
microwave,mw_directional_hardware,8,POP~R_D05_1,hardware_directional,False,18.0,248.0,12.0,298.0,0.0,12,0,True,True,False,False,170.0,236.0,248.0,266.0,272.0,301.0,,,,30.0,18.0,65.0,53.0,35.0,12.0,365,0,65,171,1.0,0.8488372093023255,0.9182389937106918,0.0,0.1511627906976744,353,0,77,171,1.0,0.8209302325581396,0.9016602809706258,0.0,0.17906976744186046,335,0,95,171,1.0,0.7790697674418605,0.8758169934640523,0.0,0.22093023255813954,ILLUSTRATIVE - not derived from operator financial data,2349.2,2347.26,1.94,0.1,False,False,0.8,35.2
microwave,mw_directional_hardware,9,POP~R_D05_1,hardware_directional,False,16.0,254.0,10.0,296.0,0.0,10,0,True,True,False,False,170.0,244.0,254.0,270.0,276.0,303.0,,,,26.0,16.0,59.0,49.0,33.0,10.0,357,0,73,171,1.0,0.8302325581395349,0.9072426937738246,0.0,0.1697674418604651,347,0,83,171,1.0,0.8069767441860465,0.8931788931788932,0.0,0.1930232558139535,331,0,99,171,1.0,0.7697674418604651,0.8699080157687255,0.0,0.2302325581395349,ILLUSTRATIVE - not derived from operator financial data,2348.4,2346.67,1.73,0.1,False,False,0.8,35.2
microwave,mw_directional_hardware,10,POP~R_D05_1,hardware_directional,False,14.0,252.0,10.0,294.0,0.0,10,0,True,True,False,False,170.0,242.0,252.0,266.0,272.0,306.0,,,,24.0,14.0,64.0,54.0,40.0,10.0,359,0,71,171,1.0,0.8348837209302326,0.9100126742712294,0.0,0.16511627906976745,349,0,81,171,1.0,0.8116279069767441,0.8960205391527599,0.0,0.1883720930232558,335,0,95,171,1.0,0.7790697674418605,0.8758169934640523,0.0,0.22093023255813954,ILLUSTRATIVE - not derived from operator financial data,2347.6,2346.09,1.51,0.1,False,False,0.8,35.2
microwave,mw_directional_hardware,11,POP~R_D05_1,hardware_directional,False,12.0,252.0,8.0,297.0,0.0,8,0,True,True,False,False,170.0,244.0,252.0,264.0,270.0,295.0,,,,20.0,12.0,51.0,43.0,31.0,8.0,357,0,73,171,1.0,0.8302325581395349,0.9072426937738246,0.0,0.1697674418604651,349,0,81,171,1.0,0.8116279069767441,0.8960205391527599,0.0,0.1883720930232558,337,0,93,171,1.0,0.7837209302325582,0.8787483702737939,0.0,0.21627906976744185,ILLUSTRATIVE - not derived from operator financial data,2348.8,2347.5,1.3,0.1,False,False,0.8,35.2
microwave,mw_directional_hardware,12,POP~R_D05_1,hardware_directional,False,16.0,248.0,7.0,293.0,0.0,7,0,True,True,False,False,170.0,241.0,248.0,264.0,270.0,303.0,,,,23.0,16.0,62.0,55.0,39.0,7.0,360,0,70,171,1.0,0.8372093023255814,0.9113924050632911,0.0,0.16279069767441862,353,0,77,171,1.0,0.8209302325581396,0.9016602809706258,0.0,0.17906976744186046,337,0,93,171,1.0,0.7837209302325582,0.8787483702737939,0.0,0.21627906976744185,ILLUSTRATIVE - not derived from operator financial data,2347.2,2345.47,1.73,0.1,False,False,0.8,35.2
microwave,mw_directional_hardware,13,POP~R_D05_1,hardware_directional,False,29.0,246.0,5.0,295.0,0.0,10,0,True,True,False,False,170.0,241.0,246.0,275.0,281.0,305.0,,,,34.0,29.0,64.0,59.0,30.0,5.0,360,0,70,171,1.0,0.8372093023255814,0.9113924050632911,0.0,0.16279069767441862,350,0,80,171,1.0,0.813953488372093,0.8974358974358974,0.0,0.18604651162790697,326,0,104,171,1.0,0.7581395348837209,0.8624338624338624,0.0,0.24186046511627907,ILLUSTRATIVE - not derived from operator financial data,2348.0,2344.87,3.13,0.1,False,False,0.8,35.2
microwave,mw_directional_hardware,14,POP~R_D05_1,hardware_directional,False,13.0,251.0,16.0,299.0,0.0,16,0,True,True,False,False,170.0,235.0,251.0,264.0,270.0,295.0,,,,29.0,13.0,60.0,44.0,31.0,16.0,366,0,64,171,1.0,0.8511627906976744,0.9195979899497487,0.0,0.14883720930232558,350,0,80,171,1.0,0.813953488372093,0.8974358974358974,0.0,0.18604651162790697,337,0,93,171,1.0,0.7837209302325582,0.8787483702737939,0.0,0.21627906976744185,ILLUSTRATIVE - not derived from operator financial data,2349.6,2348.2,1.4,0.1,False,False,0.8,35.2
microwave,mw_directional_hardware,15,POP~R_D05_1,hardware_directional,False,14.0,245.0,8.0,297.0,0.0,8,0,True,True,False,False,170.0,237.0,245.0,259.0,265.0,303.0,,,,22.0,14.0,66.0,58.0,44.0,8.0,364,0,66,171,1.0,0.8465116279069768,0.9168765743073048,0.0,0.15348837209302327,356,0,74,171,1.0,0.827906976744186,0.905852417302799,0.0,0.17209302325581396,342,0,88,171,1.0,0.7953488372093023,0.8860103626943004,0.0,0.20465116279069767,ILLUSTRATIVE - not derived from operator financial data,2348.8,2347.29,1.51,0.1,False,False,0.8,35.2
microwave,mw_directional_hardware,1,POP~R_D05_1,hardware_directional,False,13.0,232.0,8.0,316.0,0.0,8,0,True,True,False,False,170.0,224.0,232.0,245.0,251.0,280.0,,,,21.0,13.0,56.0,48.0,35.0,8.0,377,0,53,171,1.0,0.8767441860465116,0.9343246592317225,0.0,0.12325581395348838,369,0,61,171,1.0,0.858139534883721,0.9236545682102629,0.0,0.14186046511627906,356,0,74,171,1.0,0.827906976744186,0.905852417302799,0.0,0.17209302325581396,ILLUSTRATIVE - not derived from operator financial data,2356.4,2355.0,1.4,0.1,False,False,1.0,44.0
microwave,mw_directional_hardware,2,POP~R_D05_1,hardware_directional,False,11.0,241.0,10.0,323.0,0.0,10,0,True,True,False,False,170.0,231.0,241.0,252.0,258.0,277.0,,,,21.0,11.0,46.0,36.0,25.0,10.0,370,0,60,171,1.0,0.8604651162790697,0.9249999999999999,0.0,0.13953488372093023,360,0,70,171,1.0,0.8372093023255814,0.9113924050632911,0.0,0.16279069767441862,349,0,81,171,1.0,0.8116279069767441,0.8960205391527599,0.0,0.1883720930232558,ILLUSTRATIVE - not derived from operator financial data,2359.2,2358.01,1.19,0.1,False,False,1.0,44.0
microwave,mw_directional_hardware,3,POP~R_D05_1,hardware_directional,False,18.0,235.0,5.0,323.0,0.0,10,0,True,True,False,False,170.0,230.0,235.0,253.0,259.0,276.0,,,,23.0,18.0,46.0,41.0,23.0,5.0,371,0,59,171,1.0,0.8627906976744186,0.9263420724094882,0.0,0.1372093023255814,361,0,69,171,1.0,0.8395348837209302,0.9127686472819216,0.0,0.16046511627906976,348,0,82,171,1.0,0.8093023255813954,0.8946015424164524,0.0,0.19069767441860466,ILLUSTRATIVE - not derived from operator financial data,2359.2,2357.26,1.94,0.1,False,False,1.0,44.0
microwave,mw_directional_hardware,4,POP~R_D05_1,hardware_directional,False,13.0,236.0,7.0,320.0,0.0,7,0,True,True,False,False,170.0,229.0,236.0,249.0,255.0,276.0,,,,20.0,13.0,47.0,40.0,27.0,7.0,372,0,58,171,1.0,0.8651162790697674,0.9276807980049876,0.0,0.13488372093023257,365,0,65,171,1.0,0.8488372093023255,0.9182389937106918,0.0,0.1511627906976744,352,0,78,171,1.0,0.8186046511627907,0.9002557544757033,0.0,0.1813953488372093,ILLUSTRATIVE - not derived from operator financial data,2358.0,2356.6,1.4,0.1,False,False,1.0,44.0
microwave,mw_directional_hardware,5,POP~R_D05_1,hardware_directional,False,12.0,235.0,9.0,321.0,0.0,9,0,True,True,False,False,170.0,226.0,235.0,247.0,253.0,280.0,,,,21.0,12.0,54.0,45.0,33.0,9.0,375,0,55,171,1.0,0.872093023255814,0.9316770186335404,0.0,0.12790697674418605,366,0,64,171,1.0,0.8511627906976744,0.9195979899497487,0.0,0.14883720930232558,354,0,76,171,1.0,0.8232558139534883,0.903061224489796,0.0,0.17674418604651163,ILLUSTRATIVE - not derived from operator financial data,2358.4,2357.1,1.3,0.1,False,False,1.0,44.0
microwave,mw_directional_hardware,6,POP~R_D05_1,hardware_directional,False,13.0,230.0,9.0,317.0,0.0,9,0,True,True,False,False,170.0,221.0,230.0,243.0,249.0,280.0,,,,22.0,13.0,59.0,50.0,37.0,9.0,380,0,50,171,1.0,0.8837209302325582,0.9382716049382717,0.0,0.11627906976744186,371,0,59,171,1.0,0.8627906976744186,0.9263420724094882,0.0,0.1372093023255814,358,0,72,171,1.0,0.8325581395348837,0.9086294416243654,0.0,0.16744186046511628,ILLUSTRATIVE - not derived from operator financial data,2356.8,2355.4,1.4,0.1,False,False,1.0,44.0
microwave,mw_directional_hardware,7,POP~R_D05_1,hardware_directional,False,12.0,239.0,13.0,322.0,0.0,13,0,True,True,False,False,170.0,226.0,239.0,251.0,257.0,279.0,,,,25.0,12.0,53.0,40.0,28.0,13.0,375,0,55,171,1.0,0.872093023255814,0.9316770186335404,0.0,0.12790697674418605,362,0,68,171,1.0,0.8418604651162791,0.9141414141414141,0.0,0.15813953488372093,350,0,80,171,1.0,0.813953488372093,0.8974358974358974,0.0,0.18604651162790697,ILLUSTRATIVE - not derived from operator financial data,2358.8,2357.5,1.3,0.1,False,False,1.0,44.0
microwave,mw_directional_hardware,8,POP~R_D05_1,hardware_directional,False,14.0,233.0,12.0,325.0,0.0,12,0,True,True,False,False,170.0,221.0,233.0,247.0,253.0,274.0,,,,26.0,14.0,53.0,41.0,27.0,12.0,380,0,50,171,1.0,0.8837209302325582,0.9382716049382717,0.0,0.11627906976744186,368,0,62,171,1.0,0.8558139534883721,0.9223057644110275,0.0,0.14418604651162792,354,0,76,171,1.0,0.8232558139534883,0.903061224489796,0.0,0.17674418604651163,ILLUSTRATIVE - not derived from operator financial data,2360.0,2358.49,1.51,0.1,False,False,1.0,44.0
microwave,mw_directional_hardware,9,POP~R_D05_1,hardware_directional,False,18.0,235.0,10.0,322.0,0.0,10,0,True,True,False,False,170.0,225.0,235.0,253.0,259.0,279.0,,,,28.0,18.0,54.0,44.0,26.0,10.0,376,0,54,171,1.0,0.8744186046511628,0.9330024813895782,0.0,0.12558139534883722,366,0,64,171,1.0,0.8511627906976744,0.9195979899497487,0.0,0.14883720930232558,348,0,82,171,1.0,0.8093023255813954,0.8946015424164524,0.0,0.19069767441860466,ILLUSTRATIVE - not derived from operator financial data,2358.8,2356.86,1.94,0.1,False,False,1.0,44.0
microwave,mw_directional_hardware,10,POP~R_D05_1,hardware_directional,False,21.0,232.0,7.0,326.0,0.0,7,0,True,True,False,False,170.0,225.0,232.0,253.0,259.0,275.0,,,,28.0,21.0,50.0,43.0,22.0,7.0,376,0,54,171,1.0,0.8744186046511628,0.9330024813895782,0.0,0.12558139534883722,369,0,61,171,1.0,0.858139534883721,0.9236545682102629,0.0,0.14186046511627906,348,0,82,171,1.0,0.8093023255813954,0.8946015424164524,0.0,0.19069767441860466,ILLUSTRATIVE - not derived from operator financial data,2360.4,2358.13,2.27,0.1,False,False,1.0,44.0
microwave,mw_directional_hardware,11,POP~R_D05_1,hardware_directional,False,10.0,243.0,12.0,324.0,0.0,12,0,True,True,False,False,170.0,231.0,243.0,253.0,259.0,276.0,,,,22.0,10.0,45.0,33.0,23.0,12.0,370,0,60,171,1.0,0.8604651162790697,0.9249999999999999,0.0,0.13953488372093023,358,0,72,171,1.0,0.8325581395348837,0.9086294416243654,0.0,0.16744186046511628,348,0,82,171,1.0,0.8093023255813954,0.8946015424164524,0.0,0.19069767441860466,ILLUSTRATIVE - not derived from operator financial data,2359.6,2358.52,1.08,0.0,False,False,1.0,44.0
microwave,mw_directional_hardware,12,POP~R_D05_1,hardware_directional,False,15.0,236.0,11.0,326.0,0.0,11,0,True,True,False,False,170.0,225.0,236.0,251.0,257.0,268.0,,,,26.0,15.0,43.0,32.0,17.0,11.0,376,0,54,171,1.0,0.8744186046511628,0.9330024813895782,0.0,0.12558139534883722,365,0,65,171,1.0,0.8488372093023255,0.9182389937106918,0.0,0.1511627906976744,350,0,80,171,1.0,0.813953488372093,0.8974358974358974,0.0,0.18604651162790697,ILLUSTRATIVE - not derived from operator financial data,2360.4,2358.78,1.62,0.1,False,False,1.0,44.0
microwave,mw_directional_hardware,13,POP~R_D05_1,hardware_directional,False,16.0,236.0,11.0,320.0,0.0,11,0,True,True,False,False,170.0,225.0,236.0,252.0,258.0,279.0,,,,27.0,16.0,54.0,43.0,27.0,11.0,376,0,54,171,1.0,0.8744186046511628,0.9330024813895782,0.0,0.12558139534883722,365,0,65,171,1.0,0.8488372093023255,0.9182389937106918,0.0,0.1511627906976744,349,0,81,171,1.0,0.8116279069767441,0.8960205391527599,0.0,0.1883720930232558,ILLUSTRATIVE - not derived from operator financial data,2358.0,2356.27,1.73,0.1,False,False,1.0,44.0
microwave,mw_directional_hardware,14,POP~R_D05_1,hardware_directional,False,9.0,236.0,12.0,325.0,0.0,9,0,True,True,False,False,170.0,224.0,236.0,245.0,251.0,273.0,,,,21.0,9.0,49.0,37.0,28.0,12.0,374,0,56,171,1.0,0.8697674418604651,0.9303482587064676,0.0,0.13023255813953488,365,0,65,171,1.0,0.8488372093023255,0.9182389937106918,0.0,0.1511627906976744,356,0,74,171,1.0,0.827906976744186,0.905852417302799,0.0,0.17209302325581396,ILLUSTRATIVE - not derived from operator financial data,2360.0,2359.03,0.97,0.0,False,False,1.0,44.0
microwave,mw_directional_hardware,15,POP~R_D05_1,hardware_directional,False,12.0,235.0,7.0,325.0,0.0,7,0,True,True,False,False,170.0,228.0,235.0,247.0,253.0,276.0,,,,19.0,12.0,48.0,41.0,29.0,7.0,373,0,57,171,1.0,0.8674418604651163,0.9290161892901618,0.0,0.1325581395348837,366,0,64,171,1.0,0.8511627906976744,0.9195979899497487,0.0,0.14883720930232558,354,0,76,171,1.0,0.8232558139534883,0.903061224489796,0.0,0.17674418604651163,ILLUSTRATIVE - not derived from operator financial data,2360.0,2358.7,1.3,0.1,False,False,1.0,44.0
microwave,mw_directional_hardware,1,POP~R_D05_1,hardware_directional,False,12.0,221.0,6.0,55.0,295.0,6,0,True,True,False,False,170.0,215.0,221.0,233.0,239.0,251.0,304.0,,,18.0,12.0,36.0,30.0,18.0,6.0,386,0,44,171,1.0,0.8976744186046511,0.946078431372549,0.0,0.10232558139534884,380,0,50,171,1.0,0.8837209302325582,0.9382716049382717,0.0,0.11627906976744186,368,0,62,171,1.0,0.8558139534883721,0.9223057644110275,0.0,0.14418604651162792,ILLUSTRATIVE - not derived from operator financial data,3176.33,3164.89,11.44,0.4,False,False,1.3,57.2
microwave,mw_directional_hardware,2,POP~R_D05_1,hardware_directional,False,10.0,230.0,11.0,53.0,299.0,11,0,True,True,False,False,170.0,219.0,230.0,240.0,246.0,249.0,301.0,,,21.0,10.0,30.0,19.0,9.0,11.0,382,0,48,171,1.0,0.8883720930232558,0.9408866995073892,0.0,0.11162790697674418,371,0,59,171,1.0,0.8627906976744186,0.9263420724094882,0.0,0.1372093023255814,361,0,69,171,1.0,0.8395348837209302,0.9127686472819216,0.0,0.16046511627906976,ILLUSTRATIVE - not derived from operator financial data,3188.07,3178.53,9.54,0.3,False,False,1.3,57.2
microwave,mw_directional_hardware,3,POP~R_D05_1,hardware_directional,False,13.0,225.0,9.0,45.0,300.0,9,0,True,True,False,False,170.0,216.0,225.0,238.0,244.0,256.0,300.0,,,22.0,13.0,40.0,31.0,18.0,9.0,385,0,45,171,1.0,0.8953488372093024,0.9447852760736196,0.0,0.10465116279069768,376,0,54,171,1.0,0.8744186046511628,0.9330024813895782,0.0,0.12558139534883722,363,0,67,171,1.0,0.8441860465116279,0.9155107187894073,0.0,0.1558139534883721,ILLUSTRATIVE - not derived from operator financial data,3188.0,3175.6,12.4,0.4,False,False,1.3,57.2
microwave,mw_directional_hardware,4,POP~R_D05_1,hardware_directional,False,12.0,223.0,9.0,47.0,304.0,9,0,True,True,False,False,170.0,214.0,223.0,235.0,241.0,250.0,297.0,,,21.0,12.0,36.0,27.0,15.0,9.0,387,0,43,171,1.0,0.9,0.9473684210526316,0.0,0.1,378,0,52,171,1.0,0.8790697674418605,0.9356435643564356,0.0,0.12093023255813953,366,0,64,171,1.0,0.8511627906976744,0.9195979899497487,0.0,0.14883720930232558,ILLUSTRATIVE - not derived from operator financial data,3201.33,3189.89,11.44,0.4,False,False,1.3,57.2
microwave,mw_directional_hardware,5,POP~R_D05_1,hardware_directional,False,12.0,222.0,8.0,49.0,297.0,8,0,True,True,False,False,170.0,214.0,222.0,234.0,240.0,254.0,303.0,,,20.0,12.0,40.0,32.0,20.0,8.0,387,0,43,171,1.0,0.9,0.9473684210526316,0.0,0.1,379,0,51,171,1.0,0.8813953488372093,0.9369592088998764,0.0,0.1186046511627907,367,0,63,171,1.0,0.8534883720930233,0.9209535759096612,0.0,0.14651162790697675,ILLUSTRATIVE - not derived from operator financial data,3180.2,3168.75,11.45,0.4,False,False,1.3,57.2
microwave,mw_directional_hardware,6,POP~R_D05_1,hardware_directional,False,12.0,217.0,7.0,50.0,298.0,7,0,True,True,False,False,170.0,210.0,217.0,229.0,235.0,253.0,303.0,,,19.0,12.0,43.0,36.0,24.0,7.0,391,0,39,171,1.0,0.9093023255813953,0.9524969549330085,0.0,0.09069767441860466,384,0,46,171,1.0,0.8930232558139535,0.9434889434889435,0.0,0.10697674418604651,372,0,58,171,1.0,0.8651162790697674,0.9276807980049876,0.0,0.13488372093023257,ILLUSTRATIVE - not derived from operator financial data,3183.73,3172.29,11.44,0.4,False,False,1.3,57.2
microwave,mw_directional_hardware,7,POP~R_D05_1,hardware_directional,False,10.0,225.0,7.0,48.0,295.0,7,0,True,True,False,False,170.0,218.0,225.0,235.0,241.0,258.0,306.0,,,17.0,10.0,40.0,33.0,23.0,7.0,383,0,47,171,1.0,0.8906976744186047,0.942189421894219,0.0,0.10930232558139535,376,0,54,171,1.0,0.8744186046511628,0.9330024813895782,0.0,0.12558139534883722,366,0,64,171,1.0,0.8511627906976744,0.9195979899497487,0.0,0.14883720930232558,ILLUSTRATIVE - not derived from operator financial data,3173.53,3163.99,9.54,0.3,False,False,1.3,57.2
microwave,mw_directional_hardware,8,POP~R_D05_1,hardware_directional,False,12.0,219.0,5.0,45.0,302.0,5,0,True,True,False,False,170.0,214.0,219.0,231.0,237.0,253.0,299.0,,,17.0,12.0,39.0,34.0,22.0,5.0,387,0,43,171,1.0,0.9,0.9473684210526316,0.0,0.1,382,0,48,171,1.0,0.8883720930232558,0.9408866995073892,0.0,0.11162790697674418,370,0,60,171,1.0,0.8604651162790697,0.9249999999999999,0.0,0.13953488372093023,ILLUSTRATIVE - not derived from operator financial data,3194.27,3182.82,11.45,0.4,False,False,1.3,57.2
microwave,mw_directional_hardware,9,POP~R_D05_1,hardware_directional,False,19.0,220.0,7.0,44.0,301.0,6,0,True,True,False,False,170.0,213.0,213.0,232.0,238.0,255.0,300.0,,,19.0,19.0,42.0,42.0,23.0,0.0,388,0,42,171,1.0,0.9023255813953488,0.9486552567237163,0.0,0.09767441860465116,382,0,48,171,1.0,0.8883720930232558,0.9408866995073892,0.0,0.11162790697674418,369,0,61,171,1.0,0.858139534883721,0.9236545682102629,0.0,0.14186046511627906,ILLUSTRATIVE - not derived from operator financial data,3190.73,3172.61,18.12,0.6,False,False,1.3,57.2
microwave,mw_directional_hardware,10,POP~R_D05_1,hardware_directional,False,13.0,220.0,8.0,50.0,298.0,8,0,True,True,False,False,170.0,212.0,220.0,233.0,239.0,252.0,303.0,,,21.0,13.0,40.0,32.0,19.0,8.0,389,0,41,171,1.0,0.9046511627906977,0.9499389499389499,0.0,0.09534883720930233,381,0,49,171,1.0,0.8860465116279069,0.939580764488286,0.0,0.11395348837209303,368,0,62,171,1.0,0.8558139534883721,0.9223057644110275,0.0,0.14418604651162792,ILLUSTRATIVE - not derived from operator financial data,3183.73,3171.33,12.4,0.4,False,False,1.3,57.2
microwave,mw_directional_hardware,11,POP~R_D05_1,hardware_directional,False,13.0,225.0,12.0,46.0,303.0,12,0,True,True,False,False,170.0,213.0,225.0,238.0,244.0,252.0,295.0,,,25.0,13.0,39.0,27.0,14.0,12.0,388,0,42,171,1.0,0.9023255813953488,0.9486552567237163,0.0,0.09767441860465116,376,0,54,171,1.0,0.8744186046511628,0.9330024813895782,0.0,0.12558139534883722,363,0,67,171,1.0,0.8441860465116279,0.9155107187894073,0.0,0.1558139534883721,ILLUSTRATIVE - not derived from operator financial data,3197.8,3185.4,12.4,0.4,False,False,1.3,57.2
microwave,mw_directional_hardware,12,POP~R_D05_1,hardware_directional,False,10.0,224.0,11.0,42.0,305.0,11,0,True,True,False,False,170.0,213.0,224.0,234.0,240.0,254.0,296.0,,,21.0,10.0,41.0,30.0,20.0,11.0,388,0,42,171,1.0,0.9023255813953488,0.9486552567237163,0.0,0.09767441860465116,377,0,53,171,1.0,0.8767441860465116,0.9343246592317225,0.0,0.12325581395348838,367,0,63,171,1.0,0.8534883720930233,0.9209535759096612,0.0,0.14651162790697675,ILLUSTRATIVE - not derived from operator financial data,3202.47,3192.93,9.54,0.3,False,False,1.3,57.2
microwave,mw_directional_hardware,13,POP~R_D05_1,hardware_directional,False,13.0,220.0,6.0,46.0,298.0,6,0,True,True,False,False,170.0,214.0,220.0,233.0,239.0,254.0,302.0,,,19.0,13.0,40.0,34.0,21.0,6.0,387,0,43,171,1.0,0.9,0.9473684210526316,0.0,0.1,381,0,49,171,1.0,0.8860465116279069,0.939580764488286,0.0,0.11395348837209303,368,0,62,171,1.0,0.8558139534883721,0.9223057644110275,0.0,0.14418604651162792,ILLUSTRATIVE - not derived from operator financial data,3182.13,3169.73,12.4,0.4,False,False,1.3,57.2
microwave,mw_directional_hardware,14,POP~R_D05_1,hardware_directional,False,11.0,222.0,7.0,43.0,306.0,7,0,True,True,False,False,170.0,215.0,222.0,233.0,239.0,252.0,294.0,,,18.0,11.0,37.0,30.0,19.0,7.0,386,0,44,171,1.0,0.8976744186046511,0.946078431372549,0.0,0.10232558139534884,379,0,51,171,1.0,0.8813953488372093,0.9369592088998764,0.0,0.1186046511627907,368,0,62,171,1.0,0.8558139534883721,0.9223057644110275,0.0,0.14418604651162792,ILLUSTRATIVE - not derived from operator financial data,3206.0,3195.51,10.49,0.3,False,False,1.3,57.2
microwave,mw_directional_hardware,15,POP~R_D05_1,hardware_directional,False,10.0,227.0,14.0,52.0,301.0,11,0,True,True,False,False,170.0,213.0,227.0,237.0,243.0,248.0,299.0,,,24.0,10.0,35.0,21.0,11.0,14.0,385,0,45,171,1.0,0.8953488372093024,0.9447852760736196,0.0,0.10465116279069768,374,0,56,171,1.0,0.8697674418604651,0.9303482587064676,0.0,0.13023255813953488,364,0,66,171,1.0,0.8465116279069768,0.9168765743073048,0.0,0.15348837209302327,ILLUSTRATIVE - not derived from operator financial data,3193.93,3184.39,9.54,0.3,False,False,1.3,57.2
microwave,mw_directional_hardware,1,POP~R_D05_1,hardware_directional,False,12.0,211.0,8.0,39.0,330.0,8,0,True,True,False,False,170.0,203.0,211.0,223.0,229.0,232.0,271.0,,,20.0,12.0,29.0,21.0,9.0,8.0,398,0,32,171,1.0,0.9255813953488372,0.961352657004831,0.0,0.07441860465116279,390,0,40,171,1.0,0.9069767441860465,0.951219512195122,0.0,0.09302325581395349,378,0,52,171,1.0,0.8790697674418605,0.9356435643564356,0.0,0.12093023255813953,ILLUSTRATIVE - not derived from operator financial data,3279.6,3268.15,11.45,0.3,False,False,1.7,74.8
microwave,mw_directional_hardware,2,POP~R_D05_1,hardware_directional,False,11.0,212.0,7.0,30.0,334.0,7,0,True,True,False,False,170.0,205.0,212.0,223.0,229.0,237.0,266.0,,,18.0,11.0,32.0,25.0,14.0,7.0,396,0,34,171,1.0,0.9209302325581395,0.9588377723970943,0.0,0.07906976744186046,389,0,41,171,1.0,0.9046511627906977,0.9499389499389499,0.0,0.09534883720930233,378,0,52,171,1.0,0.8790697674418605,0.9356435643564356,0.0,0.12093023255813953,ILLUSTRATIVE - not derived from operator financial data,3288.53,3278.04,10.49,0.3,False,False,1.7,74.8
microwave,mw_directional_hardware,3,POP~R_D05_1,hardware_directional,False,14.0,208.0,4.0,35.0,330.0,4,0,True,True,False,False,170.0,204.0,208.0,222.0,228.0,235.0,271.0,,,18.0,14.0,31.0,27.0,13.0,4.0,397,0,33,171,1.0,0.9232558139534883,0.9600967351874244,0.0,0.07674418604651163,393,0,37,171,1.0,0.913953488372093,0.9550425273390036,0.0,0.08604651162790698,379,0,51,171,1.0,0.8813953488372093,0.9369592088998764,0.0,0.1186046511627907,ILLUSTRATIVE - not derived from operator financial data,3278.0,3264.64,13.36,0.4,False,False,1.7,74.8
microwave,mw_directional_hardware,4,POP~R_D05_1,hardware_directional,False,13.0,208.0,6.0,33.0,333.0,6,0,True,True,False,False,170.0,202.0,208.0,221.0,227.0,235.0,268.0,,,19.0,13.0,33.0,27.0,14.0,6.0,399,0,31,171,1.0,0.9279069767441861,0.962605548854041,0.0,0.07209302325581396,393,0,37,171,1.0,0.913953488372093,0.9550425273390036,0.0,0.08604651162790698,380,0,50,171,1.0,0.8837209302325582,0.9382716049382717,0.0,0.11627906976744186,ILLUSTRATIVE - not derived from operator financial data,3286.6,3274.2,12.4,0.4,False,False,1.7,74.8
microwave,mw_directional_hardware,5,POP~R_D05_1,hardware_directional,False,11.0,212.0,6.0,38.0,331.0,6,0,True,True,False,False,170.0,206.0,212.0,223.0,229.0,232.0,270.0,,,17.0,11.0,26.0,20.0,9.0,6.0,395,0,35,171,1.0,0.9186046511627907,0.9575757575757576,0.0,0.08139534883720931,389,0,41,171,1.0,0.9046511627906977,0.9499389499389499,0.0,0.09534883720930233,378,0,52,171,1.0,0.8790697674418605,0.9356435643564356,0.0,0.12093023255813953,ILLUSTRATIVE - not derived from operator financial data,3282.33,3271.84,10.49,0.3,False,False,1.7,74.8
microwave,mw_directional_hardware,6,POP~R_D05_1,hardware_directional,False,9.0,211.0,7.0,40.0,331.0,7,0,True,True,False,False,170.0,204.0,211.0,220.0,226.0,230.0,269.0,,,16.0,9.0,26.0,19.0,10.0,7.0,397,0,33,171,1.0,0.9232558139534883,0.9600967351874244,0.0,0.07674418604651163,390,0,40,171,1.0,0.9069767441860465,0.951219512195122,0.0,0.09302325581395349,381,0,49,171,1.0,0.8860465116279069,0.939580764488286,0.0,0.11395348837209303,ILLUSTRATIVE - not derived from operator financial data,3283.13,3274.55,8.58,0.3,False,False,1.7,74.8
microwave,mw_directional_hardware,7,POP~R_D05_1,hardware_directional,False,10.0,215.0,9.0,34.0,331.0,9,0,True,True,False,False,170.0,206.0,215.0,225.0,231.0,236.0,270.0,,,19.0,10.0,30.0,21.0,11.0,9.0,395,0,35,171,1.0,0.9186046511627907,0.9575757575757576,0.0,0.08139534883720931,386,0,44,171,1.0,0.8976744186046511,0.946078431372549,0.0,0.10232558139534884,376,0,54,171,1.0,0.8744186046511628,0.9330024813895782,0.0,0.12558139534883722,ILLUSTRATIVE - not derived from operator financial data,3280.73,3271.19,9.54,0.3,False,False,1.7,74.8
microwave,mw_directional_hardware,8,POP~R_D05_1,hardware_directional,False,13.0,209.0,2.0,34.0,335.0,2,0,True,True,False,False,170.0,207.0,209.0,222.0,228.0,231.0,266.0,,,15.0,13.0,24.0,22.0,9.0,2.0,394,0,36,171,1.0,0.9162790697674419,0.9563106796116505,0.0,0.08372093023255814,392,0,38,171,1.0,0.9116279069767442,0.953771289537713,0.0,0.08837209302325581,379,0,51,171,1.0,0.8813953488372093,0.9369592088998764,0.0,0.1186046511627907,ILLUSTRATIVE - not derived from operator financial data,3293.27,3280.86,12.41,0.4,False,False,1.7,74.8
microwave,mw_directional_hardware,9,POP~R_D05_1,hardware_directional,False,13.0,209.0,6.0,38.0,328.0,6,0,True,True,False,False,170.0,203.0,209.0,222.0,228.0,231.0,271.0,,,19.0,13.0,28.0,22.0,9.0,6.0,398,0,32,171,1.0,0.9255813953488372,0.961352657004831,0.0,0.07441860465116279,392,0,38,171,1.0,0.9116279069767442,0.953771289537713,0.0,0.08837209302325581,379,0,51,171,1.0,0.8813953488372093,0.9369592088998764,0.0,0.1186046511627907,ILLUSTRATIVE - not derived from operator financial data,3272.93,3260.53,12.4,0.4,False,False,1.7,74.8
microwave,mw_directional_hardware,10,POP~R_D05_1,hardware_directional,False,12.0,209.0,7.0,34.0,331.0,7,0,True,True,False,False,170.0,202.0,209.0,221.0,227.0,236.0,270.0,,,19.0,12.0,34.0,27.0,15.0,7.0,399,0,31,171,1.0,0.9279069767441861,0.962605548854041,0.0,0.07209302325581396,392,0,38,171,1.0,0.9116279069767442,0.953771289537713,0.0,0.08837209302325581,380,0,50,171,1.0,0.8837209302325582,0.9382716049382717,0.0,0.11627906976744186,ILLUSTRATIVE - not derived from operator financial data,3280.73,3269.29,11.44,0.3,False,False,1.7,74.8
microwave,mw_directional_hardware,11,POP~R_D05_1,hardware_directional,False,11.0,210.0,6.0,35.0,330.0,6,0,True,True,False,False,170.0,204.0,210.0,221.0,227.0,236.0,271.0,,,17.0,11.0,32.0,26.0,15.0,6.0,397,0,33,171,1.0,0.9232558139534883,0.9600967351874244,0.0,0.07674418604651163,391,0,39,171,1.0,0.9093023255813953,0.9524969549330085,0.0,0.09069767441860466,380,0,50,171,1.0,0.8837209302325582,0.9382716049382717,0.0,0.11627906976744186,ILLUSTRATIVE - not derived from operator financial data,3278.0,3267.51,10.49,0.3,False,False,1.7,74.8
microwave,mw_directional_hardware,12,POP~R_D05_1,hardware_directional,False,9.0,213.0,9.0,32.0,335.0,9,0,True,True,False,False,170.0,204.0,213.0,222.0,228.0,233.0,265.0,,,18.0,9.0,29.0,20.0,11.0,9.0,397,0,33,171,1.0,0.9232558139534883,0.9600967351874244,0.0,0.07674418604651163,388,0,42,171,1.0,0.9023255813953488,0.9486552567237163,0.0,0.09767441860465116,379,0,51,171,1.0,0.8813953488372093,0.9369592088998764,0.0,0.1186046511627907,ILLUSTRATIVE - not derived from operator financial data,3292.47,3283.88,8.59,0.3,False,False,1.7,74.8
microwave,mw_directional_hardware,13,POP~R_D05_1,hardware_directional,False,11.0,212.0,3.0,39.0,327.0,3,0,True,True,False,False,170.0,209.0,212.0,223.0,229.0,235.0,274.0,,,14.0,11.0,26.0,23.0,12.0,3.0,392,0,38,171,1.0,0.9116279069767442,0.953771289537713,0.0,0.08837209302325581,389,0,41,171,1.0,0.9046511627906977,0.9499389499389499,0.0,0.09534883720930233,378,0,52,171,1.0,0.8790697674418605,0.9356435643564356,0.0,0.12093023255813953,ILLUSTRATIVE - not derived from operator financial data,3270.2,3259.71,10.49,0.3,False,False,1.7,74.8
microwave,mw_directional_hardware,14,POP~R_D05_1,hardware_directional,False,14.0,210.0,6.0,36.0,332.0,6,0,True,True,False,False,170.0,204.0,210.0,224.0,230.0,233.0,269.0,,,20.0,14.0,29.0,23.0,9.0,6.0,397,0,33,171,1.0,0.9232558139534883,0.9600967351874244,0.0,0.07674418604651163,391,0,39,171,1.0,0.9093023255813953,0.9524969549330085,0.0,0.09069767441860466,377,0,53,171,1.0,0.8767441860465116,0.9343246592317225,0.0,0.12325581395348838,ILLUSTRATIVE - not derived from operator financial data,3284.67,3271.31,13.36,0.4,False,False,1.7,74.8
microwave,mw_directional_hardware,15,POP~R_D05_1,hardware_directional,False,12.0,209.0,4.0,36.0,331.0,4,0,True,True,False,False,170.0,205.0,209.0,221.0,227.0,234.0,270.0,,,16.0,12.0,29.0,25.0,13.0,4.0,396,0,34,171,1.0,0.9209302325581395,0.9588377723970943,0.0,0.07906976744186046,392,0,38,171,1.0,0.9116279069767442,0.953771289537713,0.0,0.08837209302325581,380,0,50,171,1.0,0.8837209302325582,0.9382716049382717,0.0,0.11627906976744186,ILLUSTRATIVE - not derived from operator financial data,3281.53,3270.09,11.44,0.3,False,False,1.7,74.8
microwave,mw_directional_hardware,1,POP~R_D05_1,hardware_directional,False,8.0,204.0,5.0,29.0,354.0,5,0,True,True,False,False,170.0,199.0,204.0,212.0,218.0,218.0,247.0,,,13.0,8.0,19.0,14.0,6.0,5.0,402,0,28,171,1.0,0.9348837209302325,0.9663461538461539,0.0,0.06511627906976744,397,0,33,171,1.0,0.9232558139534883,0.9600967351874244,0.0,0.07674418604651163,389,0,41,171,1.0,0.9046511627906977,0.9499389499389499,0.0,0.09534883720930233,ILLUSTRATIVE - not derived from operator financial data,3350.8,3343.17,7.63,0.2,False,False,2.2,96.80000000000001
microwave,mw_directional_hardware,2,POP~R_D05_1,hardware_directional,False,10.0,203.0,4.0,25.0,354.0,4,0,True,True,False,False,170.0,199.0,203.0,213.0,219.0,222.0,247.0,,,14.0,10.0,23.0,19.0,9.0,4.0,402,0,28,171,1.0,0.9348837209302325,0.9663461538461539,0.0,0.06511627906976744,398,0,32,171,1.0,0.9255813953488372,0.961352657004831,0.0,0.07441860465116279,388,0,42,171,1.0,0.9023255813953488,0.9486552567237163,0.0,0.09767441860465116,ILLUSTRATIVE - not derived from operator financial data,3349.2,3339.66,9.54,0.3,False,False,2.2,96.80000000000001
microwave,mw_directional_hardware,3,POP~R_D05_1,hardware_directional,False,10.0,203.0,5.0,26.0,353.0,5,0,True,True,False,False,170.0,198.0,203.0,213.0,219.0,222.0,248.0,,,15.0,10.0,24.0,19.0,9.0,5.0,403,0,27,171,1.0,0.9372093023255814,0.9675870348139256,0.0,0.06279069767441861,398,0,32,171,1.0,0.9255813953488372,0.961352657004831,0.0,0.07441860465116279,388,0,42,171,1.0,0.9023255813953488,0.9486552567237163,0.0,0.09767441860465116,ILLUSTRATIVE - not derived from operator financial data,3346.47,3336.93,9.54,0.3,False,False,2.2,96.80000000000001
microwave,mw_directional_hardware,4,POP~R_D05_1,hardware_directional,False,11.0,201.0,4.0,25.0,355.0,4,0,True,True,False,False,170.0,197.0,201.0,212.0,218.0,221.0,246.0,,,15.0,11.0,24.0,20.0,9.0,4.0,404,0,26,171,1.0,0.9395348837209302,0.9688249400479616,0.0,0.06046511627906977,400,0,30,171,1.0,0.9302325581395349,0.963855421686747,0.0,0.06976744186046512,389,0,41,171,1.0,0.9046511627906977,0.9499389499389499,0.0,0.09534883720930233,ILLUSTRATIVE - not derived from operator financial data,3352.33,3341.84,10.49,0.3,False,False,2.2,96.80000000000001
microwave,mw_directional_hardware,5,POP~R_D05_1,hardware_directional,False,10.0,205.0,6.0,26.0,355.0,6,0,True,True,False,False,170.0,199.0,205.0,215.0,221.0,220.0,246.0,,,16.0,10.0,21.0,15.0,5.0,6.0,402,0,28,171,1.0,0.9348837209302325,0.9663461538461539,0.0,0.06511627906976744,396,0,34,171,1.0,0.9209302325581395,0.9588377723970943,0.0,0.07906976744186046,386,0,44,171,1.0,0.8976744186046511,0.946078431372549,0.0,0.10232558139534884,ILLUSTRATIVE - not derived from operator financial data,3352.73,3343.19,9.54,0.3,False,False,2.2,96.80000000000001
microwave,mw_directional_hardware,6,POP~R_D05_1,hardware_directional,False,13.0,200.0,5.0,30.0,354.0,5,0,True,True,False,False,170.0,195.0,200.0,213.0,219.0,217.0,247.0,,,18.0,13.0,22.0,17.0,4.0,5.0,406,0,24,171,1.0,0.9441860465116279,0.9712918660287081,0.0,0.05581395348837209,401,0,29,171,1.0,0.9325581395348838,0.9651022864019253,0.0,0.06744186046511629,388,0,42,171,1.0,0.9023255813953488,0.9486552567237163,0.0,0.09767441860465116,ILLUSTRATIVE - not derived from operator financial data,3351.2,3338.8,12.4,0.4,False,False,2.2,96.80000000000001
microwave,mw_directional_hardware,7,POP~R_D05_1,hardware_directional,False,10.0,205.0,7.0,29.0,352.0,7,0,True,True,False,False,170.0,198.0,205.0,215.0,221.0,220.0,248.0,,,17.0,10.0,22.0,15.0,5.0,7.0,403,0,27,171,1.0,0.9372093023255814,0.9675870348139256,0.0,0.06279069767441861,396,0,34,171,1.0,0.9209302325581395,0.9588377723970943,0.0,0.07906976744186046,386,0,44,171,1.0,0.8976744186046511,0.946078431372549,0.0,0.10232558139534884,ILLUSTRATIVE - not derived from operator financial data,3344.53,3334.99,9.54,0.3,False,False,2.2,96.80000000000001
microwave,mw_directional_hardware,8,POP~R_D05_1,hardware_directional,False,10.0,206.0,6.0,27.0,356.0,6,0,True,True,False,False,170.0,200.0,206.0,216.0,222.0,218.0,245.0,,,16.0,10.0,18.0,12.0,2.0,6.0,401,0,29,171,1.0,0.9325581395348838,0.9651022864019253,0.0,0.06744186046511629,395,0,35,171,1.0,0.9186046511627907,0.9575757575757576,0.0,0.08139534883720931,385,0,45,171,1.0,0.8953488372093024,0.9447852760736196,0.0,0.10465116279069768,ILLUSTRATIVE - not derived from operator financial data,3356.27,3346.73,9.54,0.3,False,False,2.2,96.80000000000001
microwave,mw_directional_hardware,9,POP~R_D05_1,hardware_directional,False,12.0,200.0,3.0,31.0,352.0,3,0,True,True,False,False,170.0,197.0,200.0,212.0,218.0,218.0,247.0,,,15.0,12.0,21.0,18.0,6.0,3.0,404,0,26,171,1.0,0.9395348837209302,0.9688249400479616,0.0,0.06046511627906977,401,0,29,171,1.0,0.9325581395348838,0.9651022864019253,0.0,0.06744186046511629,389,0,41,171,1.0,0.9046511627906977,0.9499389499389499,0.0,0.09534883720930233,ILLUSTRATIVE - not derived from operator financial data,3345.33,3333.89,11.44,0.3,False,False,2.2,96.80000000000001
microwave,mw_directional_hardware,10,POP~R_D05_1,hardware_directional,False,11.0,201.0,5.0,29.0,353.0,5,0,True,True,False,False,170.0,196.0,201.0,212.0,218.0,219.0,248.0,,,16.0,11.0,23.0,18.0,7.0,5.0,405,0,25,171,1.0,0.9418604651162791,0.970059880239521,0.0,0.05813953488372093,400,0,30,171,1.0,0.9302325581395349,0.963855421686747,0.0,0.06976744186046512,389,0,41,171,1.0,0.9046511627906977,0.9499389499389499,0.0,0.09534883720930233,ILLUSTRATIVE - not derived from operator financial data,3347.67,3337.17,10.5,0.3,False,False,2.2,96.80000000000001
microwave,mw_directional_hardware,11,POP~R_D05_1,hardware_directional,False,11.0,200.0,4.0,28.0,353.0,4,0,True,True,False,False,170.0,196.0,200.0,211.0,217.0,220.0,248.0,,,15.0,11.0,24.0,20.0,9.0,4.0,405,0,25,171,1.0,0.9418604651162791,0.970059880239521,0.0,0.05813953488372093,401,0,29,171,1.0,0.9325581395348838,0.9651022864019253,0.0,0.06744186046511629,390,0,40,171,1.0,0.9069767441860465,0.951219512195122,0.0,0.09302325581395349,ILLUSTRATIVE - not derived from operator financial data,3347.27,3336.77,10.5,0.3,False,False,2.2,96.80000000000001
microwave,mw_directional_hardware,12,POP~R_D05_1,hardware_directional,False,12.0,201.0,4.0,28.0,353.0,4,0,True,True,False,False,170.0,197.0,201.0,213.0,219.0,220.0,248.0,,,16.0,12.0,23.0,19.0,7.0,4.0,404,0,26,171,1.0,0.9395348837209302,0.9688249400479616,0.0,0.06046511627906977,400,0,30,171,1.0,0.9302325581395349,0.963855421686747,0.0,0.06976744186046512,388,0,42,171,1.0,0.9023255813953488,0.9486552567237163,0.0,0.09767441860465116,ILLUSTRATIVE - not derived from operator financial data,3347.27,3335.82,11.45,0.3,False,False,2.2,96.80000000000001
microwave,mw_directional_hardware,13,POP~R_D05_1,hardware_directional,False,15.0,202.0,5.0,26.0,355.0,5,0,True,True,False,False,170.0,197.0,202.0,217.0,223.0,220.0,245.0,,,20.0,15.0,23.0,18.0,3.0,5.0,404,0,26,171,1.0,0.9395348837209302,0.9688249400479616,0.0,0.06046511627906977,399,0,31,171,1.0,0.9279069767441861,0.962605548854041,0.0,0.07209302325581396,384,0,46,171,1.0,0.8930232558139535,0.9434889434889435,0.0,0.10697674418604651,ILLUSTRATIVE - not derived from operator financial data,3352.73,3338.42,14.31,0.4,False,False,2.2,96.80000000000001
microwave,mw_directional_hardware,14,POP~R_D05_1,hardware_directional,False,11.0,203.0,5.0,26.0,355.0,5,0,True,True,False,False,170.0,198.0,203.0,214.0,220.0,220.0,245.0,,,16.0,11.0,22.0,17.0,6.0,5.0,403,0,27,171,1.0,0.9372093023255814,0.9675870348139256,0.0,0.06279069767441861,398,0,32,171,1.0,0.9255813953488372,0.961352657004831,0.0,0.07441860465116279,387,0,43,171,1.0,0.9,0.9473684210526316,0.0,0.1,ILLUSTRATIVE - not derived from operator financial data,3352.73,3342.24,10.49,0.3,False,False,2.2,96.80000000000001
microwave,mw_directional_hardware,15,POP~R_D05_1,hardware_directional,False,10.0,203.0,7.0,21.0,356.0,7,0,True,True,False,False,170.0,196.0,203.0,213.0,219.0,224.0,245.0,,,17.0,10.0,28.0,21.0,11.0,7.0,405,0,25,171,1.0,0.9418604651162791,0.970059880239521,0.0,0.05813953488372093,398,0,32,171,1.0,0.9255813953488372,0.961352657004831,0.0,0.07441860465116279,388,0,42,171,1.0,0.9023255813953488,0.9486552567237163,0.0,0.09767441860465116,ILLUSTRATIVE - not derived from operator financial data,3353.87,3344.33,9.54,0.3,False,False,2.2,96.80000000000001
microwave,mw_hidden_in_storm,1,POP~R_D05_1,hardware_directional,False,12.0,204.0,23.0,0.0,0.0,192,23,True,True,False,False,175.0,181.0,181.0,193.0,199.0,,,,,12.0,12.0,,,,0.0,270,0,164,167,1.0,0.6221198156682027,0.7670454545454545,0.0,0.3778801843317972,55,0,370,176,1.0,0.12941176470588237,0.22916666666666669,0.0,0.8705882352941177,408,0,17,176,1.0,0.96,0.9795918367346939,0.0,0.04,ILLUSTRATIVE - not derived from operator financial data,900.0,900.0,0.0,0.0,False,False,0.4,17.6
microwave,mw_hidden_in_storm,2,POP~R_D05_1,hardware_directional,False,13.0,209.0,30.0,0.0,0.0,175,32,True,True,False,False,175.0,179.0,179.0,192.0,198.0,,,,,13.0,13.0,,,,0.0,253,0,181,167,1.0,0.5829493087557603,0.7365356622998545,0.0,0.41705069124423966,46,0,379,176,1.0,0.10823529411764705,0.19532908704883228,0.0,0.8917647058823529,409,0,16,176,1.0,0.9623529411764706,0.9808153477218226,0.0,0.03764705882352941,ILLUSTRATIVE - not derived from operator financial data,900.0,900.0,0.0,0.0,False,False,0.4,17.6
microwave,mw_hidden_in_storm,3,POP~R_D05_1,hardware_directional,False,13.0,207.0,26.0,0.0,0.0,223,26,True,True,False,False,175.0,181.0,181.0,194.0,200.0,,,,,13.0,13.0,,,,0.0,303,0,131,167,1.0,0.6981566820276498,0.8222523744911804,0.0,0.30184331797235026,54,0,371,176,1.0,0.12705882352941175,0.2254697286012526,0.0,0.8729411764705882,407,0,18,176,1.0,0.9576470588235294,0.9783653846153847,0.0,0.042352941176470586,ILLUSTRATIVE - not derived from operator financial data,900.0,900.0,0.0,0.0,False,False,0.4,17.6
microwave,mw_hidden_in_storm,4,POP~R_D05_1,hardware_directional,False,13.0,193.0,14.0,0.0,0.0,275,24,True,True,False,False,175.0,179.0,179.0,192.0,198.0,,,,,13.0,13.0,,,,0.0,316,0,118,167,1.0,0.728110599078341,0.8426666666666667,0.0,0.271889400921659,17,0,408,176,1.0,0.04,0.07692307692307693,0.0,0.96,409,0,16,176,1.0,0.9623529411764706,0.9808153477218226,0.0,0.03764705882352941,ILLUSTRATIVE - not derived from operator financial data,900.0,900.0,0.0,0.0,False,False,0.4,17.6
microwave,mw_hidden_in_storm,5,POP~R_D05_1,hardware_directional,False,14.0,502.0,321.0,0.0,0.0,168,31,True,True,False,False,175.0,181.0,181.0,195.0,201.0,,,,,14.0,14.0,,,,0.0,241,0,193,167,1.0,0.5552995391705069,0.7140740740740741,0.0,0.4447004608294931,42,0,383,176,1.0,0.0988235294117647,0.1798715203426124,0.0,0.9011764705882352,406,0,19,176,1.0,0.9552941176470588,0.9771359807460891,0.0,0.04470588235294118,ILLUSTRATIVE - not derived from operator financial data,900.0,900.0,0.0,0.0,False,False,0.4,17.6
microwave,mw_hidden_in_storm,6,POP~R_D05_1,hardware_directional,False,12.0,192.0,11.0,0.0,0.0,211,16,True,True,False,False,175.0,181.0,181.0,193.0,199.0,,,,,12.0,12.0,,,,0.0,325,0,109,167,1.0,0.7488479262672811,0.8563899868247694,0.0,0.2511520737327189,98,0,327,176,1.0,0.23058823529411765,0.3747609942638624,0.0,0.7694117647058824,408,0,17,176,1.0,0.96,0.9795918367346939,0.0,0.04,ILLUSTRATIVE - not derived from operator financial data,900.0,900.0,0.0,0.0,False,False,0.4,17.6
microwave,mw_hidden_in_storm,7,POP~R_D05_1,hardware_directional,False,13.0,396.0,217.0,0.0,0.0,170,33,True,True,False,False,175.0,179.0,179.0,192.0,198.0,,,,,13.0,13.0,,,,0.0,255,0,179,167,1.0,0.5875576036866359,0.7402031930333817,0.0,0.41244239631336405,52,0,373,176,1.0,0.1223529411764706,0.21802935010482183,0.0,0.8776470588235294,409,0,16,176,1.0,0.9623529411764706,0.9808153477218226,0.0,0.03764705882352941,ILLUSTRATIVE - not derived from operator financial data,900.0,900.0,0.0,0.0,False,False,0.4,17.6
microwave,mw_hidden_in_storm,8,POP~R_D05_1,hardware_directional,False,14.0,351.0,170.0,0.0,0.0,235,31,True,True,False,False,175.0,181.0,181.0,195.0,201.0,,,,,14.0,14.0,,,,0.0,275,0,159,167,1.0,0.6336405529953917,0.7757404795486601,0.0,0.3663594470046083,9,0,416,176,1.0,0.021176470588235293,0.04147465437788018,0.0,0.9788235294117648,406,0,19,176,1.0,0.9552941176470588,0.9771359807460891,0.0,0.04470588235294118,ILLUSTRATIVE - not derived from operator financial data,900.0,900.0,0.0,0.0,False,False,0.4,17.6
microwave,mw_hidden_in_storm,9,POP~R_D05_1,hardware_directional,False,14.0,204.0,23.0,0.0,0.0,218,23,True,True,False,False,175.0,181.0,181.0,195.0,201.0,,,,,14.0,14.0,,,,0.0,296,0,138,167,1.0,0.6820276497695853,0.810958904109589,0.0,0.31797235023041476,55,0,370,176,1.0,0.12941176470588237,0.22916666666666669,0.0,0.8705882352941177,406,0,19,176,1.0,0.9552941176470588,0.9771359807460891,0.0,0.04470588235294118,ILLUSTRATIVE - not derived from operator financial data,900.0,900.0,0.0,0.0,False,False,0.4,17.6
microwave,mw_hidden_in_storm,10,POP~R_D05_1,hardware_directional,False,15.0,190.0,11.0,0.0,0.0,197,16,True,True,False,False,175.0,179.0,179.0,194.0,200.0,,,,,15.0,15.0,,,,0.0,299,0,135,167,1.0,0.6889400921658986,0.815825375170532,0.0,0.31105990783410137,86,0,339,176,1.0,0.2023529411764706,0.33659491193737767,0.0,0.7976470588235294,407,0,18,176,1.0,0.9576470588235294,0.9783653846153847,0.0,0.042352941176470586,ILLUSTRATIVE - not derived from operator financial data,900.0,900.0,0.0,0.0,False,False,0.4,17.6
microwave,mw_hidden_in_storm,11,POP~R_D05_1,hardware_directional,False,14.0,194.0,15.0,0.0,0.0,217,24,True,True,False,False,175.0,179.0,179.0,193.0,199.0,,,,,14.0,14.0,,,,0.0,313,0,121,167,1.0,0.7211981566820277,0.8380187416331996,0.0,0.27880184331797236,72,0,353,176,1.0,0.16941176470588235,0.28973843058350096,0.0,0.8305882352941176,408,0,17,176,1.0,0.96,0.9795918367346939,0.0,0.04,ILLUSTRATIVE - not derived from operator financial data,900.0,900.0,0.0,0.0,False,False,0.4,17.6
microwave,mw_hidden_in_storm,12,POP~R_D05_1,hardware_directional,False,15.0,323.0,143.0,0.0,0.0,183,32,True,True,False,False,175.0,180.0,180.0,195.0,201.0,,,,,15.0,15.0,,,,0.0,270,0,164,167,1.0,0.6221198156682027,0.7670454545454545,0.0,0.3778801843317972,55,0,370,176,1.0,0.12941176470588237,0.22916666666666669,0.0,0.8705882352941177,406,0,19,176,1.0,0.9552941176470588,0.9771359807460891,0.0,0.04470588235294118,ILLUSTRATIVE - not derived from operator financial data,900.0,900.0,0.0,0.0,False,False,0.4,17.6
microwave,mw_hidden_in_storm,13,POP~R_D05_1,hardware_directional,False,16.0,211.0,32.0,0.0,0.0,196,32,True,True,False,False,175.0,179.0,179.0,195.0,201.0,,,,,16.0,16.0,,,,0.0,244,0,190,167,1.0,0.5622119815668203,0.7197640117994101,0.0,0.4377880184331797,16,0,409,176,1.0,0.03764705882352941,0.07256235827664399,0.0,0.9623529411764706,406,0,19,176,1.0,0.9552941176470588,0.9771359807460891,0.0,0.04470588235294118,ILLUSTRATIVE - not derived from operator financial data,900.0,900.0,0.0,0.0,False,False,0.4,17.6
microwave,mw_hidden_in_storm,14,POP~R_D05_1,hardware_directional,False,13.0,188.0,7.0,0.0,0.0,222,23,True,True,False,False,175.0,181.0,181.0,194.0,200.0,,,,,13.0,13.0,,,,0.0,304,0,130,167,1.0,0.7004608294930875,0.8238482384823848,0.0,0.2995391705069124,59,0,366,176,1.0,0.1388235294117647,0.24380165289256198,0.0,0.8611764705882353,407,0,18,176,1.0,0.9576470588235294,0.9783653846153847,0.0,0.042352941176470586,ILLUSTRATIVE - not derived from operator financial data,900.0,900.0,0.0,0.0,False,False,0.4,17.6
microwave,mw_hidden_in_storm,15,POP~R_D05_1,hardware_directional,False,13.0,196.0,15.0,0.0,0.0,192,15,True,True,False,False,175.0,181.0,181.0,194.0,200.0,,,,,13.0,13.0,,,,0.0,283,0,151,167,1.0,0.652073732718894,0.7894002789400278,0.0,0.347926267281106,76,0,349,176,1.0,0.17882352941176471,0.3033932135728543,0.0,0.8211764705882353,407,0,18,176,1.0,0.9576470588235294,0.9783653846153847,0.0,0.042352941176470586,ILLUSTRATIVE - not derived from operator financial data,900.0,900.0,0.0,0.0,False,False,0.4,17.6
microwave,mw_hidden_in_storm,1,POP~R_D05_1,hardware_directional,False,12.0,195.0,14.0,0.0,0.0,28,14,True,True,False,False,175.0,181.0,181.0,193.0,199.0,,,,,12.0,12.0,,,,0.0,376,0,58,167,1.0,0.8663594470046083,0.928395061728395,0.0,0.1336405529953917,334,0,91,176,1.0,0.7858823529411765,0.8801054018445322,0.0,0.21411764705882352,408,0,17,176,1.0,0.96,0.9795918367346939,0.0,0.04,ILLUSTRATIVE - not derived from operator financial data,900.0,900.0,0.0,0.0,False,False,0.6,26.4
microwave,mw_hidden_in_storm,2,POP~R_D05_1,hardware_directional,False,13.0,182.0,3.0,0.0,0.0,14,21,True,True,False,False,175.0,179.0,179.0,192.0,198.0,,,,,13.0,13.0,,,,0.0,380,0,54,167,1.0,0.8755760368663594,0.9336609336609336,0.0,0.12442396313364056,345,0,80,176,1.0,0.8117647058823529,0.8961038961038961,0.0,0.18823529411764706,409,0,16,176,1.0,0.9623529411764706,0.9808153477218226,0.0,0.03764705882352941,ILLUSTRATIVE - not derived from operator financial data,900.0,900.0,0.0,0.0,False,False,0.6,26.4
microwave,mw_hidden_in_storm,3,POP~R_D05_1,hardware_directional,False,13.0,204.0,23.0,0.0,0.0,8,23,True,True,False,False,175.0,181.0,181.0,194.0,200.0,,,,,13.0,13.0,,,,0.0,367,0,67,167,1.0,0.8456221198156681,0.916354556803995,0.0,0.1543778801843318,336,0,89,176,1.0,0.7905882352941176,0.8830486202365309,0.0,0.20941176470588235,407,0,18,176,1.0,0.9576470588235294,0.9783653846153847,0.0,0.042352941176470586,ILLUSTRATIVE - not derived from operator financial data,900.0,900.0,0.0,0.0,False,False,0.6,26.4
microwave,mw_hidden_in_storm,4,POP~R_D05_1,hardware_directional,False,13.0,191.0,12.0,0.0,0.0,13,12,True,True,False,False,175.0,179.0,179.0,192.0,198.0,,,,,13.0,13.0,,,,0.0,378,0,56,167,1.0,0.8709677419354839,0.9310344827586207,0.0,0.12903225806451613,353,0,72,176,1.0,0.8305882352941176,0.9074550128534704,0.0,0.16941176470588235,409,0,16,176,1.0,0.9623529411764706,0.9808153477218226,0.0,0.03764705882352941,ILLUSTRATIVE - not derived from operator financial data,900.0,900.0,0.0,0.0,False,False,0.6,26.4
microwave,mw_hidden_in_storm,5,POP~R_D05_1,hardware_directional,False,14.0,206.0,25.0,0.0,0.0,8,25,True,True,False,False,175.0,181.0,181.0,195.0,201.0,,,,,14.0,14.0,,,,0.0,366,0,68,167,1.0,0.8433179723502304,0.915,0.0,0.15668202764976957,333,0,92,176,1.0,0.7835294117647059,0.8786279683377308,0.0,0.2164705882352941,406,0,19,176,1.0,0.9552941176470588,0.9771359807460891,0.0,0.04470588235294118,ILLUSTRATIVE - not derived from operator financial data,900.0,900.0,0.0,0.0,False,False,0.6,26.4
microwave,mw_hidden_in_storm,6,POP~R_D05_1,hardware_directional,False,12.0,192.0,11.0,0.0,0.0,22,12,True,True,False,False,175.0,181.0,181.0,193.0,199.0,,,,,12.0,12.0,,,,0.0,372,0,62,167,1.0,0.8571428571428571,0.923076923076923,0.0,0.14285714285714285,338,0,87,176,1.0,0.7952941176470588,0.8859764089121887,0.0,0.20470588235294118,408,0,17,176,1.0,0.96,0.9795918367346939,0.0,0.04,ILLUSTRATIVE - not derived from operator financial data,900.0,900.0,0.0,0.0,False,False,0.6,26.4
microwave,mw_hidden_in_storm,7,POP~R_D05_1,hardware_directional,False,13.0,205.0,26.0,0.0,0.0,17,26,True,True,False,False,175.0,179.0,179.0,192.0,198.0,,,,,13.0,13.0,,,,0.0,371,0,63,167,1.0,0.8548387096774194,0.9217391304347826,0.0,0.14516129032258066,328,0,97,176,1.0,0.7717647058823529,0.8711819389110226,0.0,0.22823529411764706,409,0,16,176,1.0,0.9623529411764706,0.9808153477218226,0.0,0.03764705882352941,ILLUSTRATIVE - not derived from operator financial data,900.0,900.0,0.0,0.0,False,False,0.6,26.4
microwave,mw_hidden_in_storm,8,POP~R_D05_1,hardware_directional,False,14.0,209.0,28.0,0.0,0.0,7,28,True,True,False,False,175.0,181.0,181.0,195.0,201.0,,,,,14.0,14.0,,,,0.0,375,0,59,167,1.0,0.8640552995391705,0.927070457354759,0.0,0.1359447004608295,340,0,85,176,1.0,0.8,0.888888888888889,0.0,0.2,406,0,19,176,1.0,0.9552941176470588,0.9771359807460891,0.0,0.04470588235294118,ILLUSTRATIVE - not derived from operator financial data,900.0,900.0,0.0,0.0,False,False,0.6,26.4
microwave,mw_hidden_in_storm,9,POP~R_D05_1,hardware_directional,False,13.0,199.0,18.0,0.0,0.0,14,18,True,True,False,False,175.0,181.0,181.0,194.0,200.0,,,,,13.0,13.0,,,,0.0,368,0,66,167,1.0,0.847926267281106,0.9177057356608479,0.0,0.15207373271889402,336,0,89,176,1.0,0.7905882352941176,0.8830486202365309,0.0,0.20941176470588235,407,0,18,176,1.0,0.9576470588235294,0.9783653846153847,0.0,0.042352941176470586,ILLUSTRATIVE - not derived from operator financial data,900.0,900.0,0.0,0.0,False,False,0.6,26.4
microwave,mw_hidden_in_storm,10,POP~R_D05_1,hardware_directional,False,14.0,189.0,10.0,0.0,0.0,8,10,True,True,False,False,175.0,179.0,179.0,193.0,199.0,,,,,14.0,14.0,,,,0.0,368,0,66,167,1.0,0.847926267281106,0.9177057356608479,0.0,0.15207373271889402,350,0,75,176,1.0,0.8235294117647058,0.9032258064516129,0.0,0.17647058823529413,408,0,17,176,1.0,0.96,0.9795918367346939,0.0,0.04,ILLUSTRATIVE - not derived from operator financial data,900.0,900.0,0.0,0.0,False,False,0.6,26.4
microwave,mw_hidden_in_storm,11,POP~R_D05_1,hardware_directional,False,13.0,194.0,15.0,0.0,0.0,17,15,True,True,False,False,175.0,179.0,179.0,192.0,198.0,,,,,13.0,13.0,,,,0.0,377,0,57,167,1.0,0.868663594470046,0.9297163995067818,0.0,0.1313364055299539,345,0,80,176,1.0,0.8117647058823529,0.8961038961038961,0.0,0.18823529411764706,409,0,16,176,1.0,0.9623529411764706,0.9808153477218226,0.0,0.03764705882352941,ILLUSTRATIVE - not derived from operator financial data,900.0,900.0,0.0,0.0,False,False,0.6,26.4
microwave,mw_hidden_in_storm,12,POP~R_D05_1,hardware_directional,False,15.0,198.0,18.0,0.0,0.0,13,18,True,True,False,False,175.0,180.0,180.0,195.0,201.0,,,,,15.0,15.0,,,,0.0,377,0,57,167,1.0,0.868663594470046,0.9297163995067818,0.0,0.1313364055299539,346,0,79,176,1.0,0.8141176470588235,0.8975356679636836,0.0,0.18588235294117647,406,0,19,176,1.0,0.9552941176470588,0.9771359807460891,0.0,0.04470588235294118,ILLUSTRATIVE - not derived from operator financial data,900.0,900.0,0.0,0.0,False,False,0.6,26.4
microwave,mw_hidden_in_storm,13,POP~R_D05_1,hardware_directional,False,16.0,198.0,19.0,0.0,0.0,10,28,True,True,False,False,175.0,179.0,179.0,195.0,201.0,,,,,16.0,16.0,,,,0.0,359,0,75,167,1.0,0.8271889400921659,0.905422446406053,0.0,0.1728110599078341,321,0,104,176,1.0,0.7552941176470588,0.8605898123324396,0.0,0.2447058823529412,406,0,19,176,1.0,0.9552941176470588,0.9771359807460891,0.0,0.04470588235294118,ILLUSTRATIVE - not derived from operator financial data,900.0,900.0,0.0,0.0,False,False,0.6,26.4
microwave,mw_hidden_in_storm,14,POP~R_D05_1,hardware_directional,False,13.0,188.0,7.0,0.0,0.0,10,7,True,True,False,False,175.0,181.0,181.0,194.0,200.0,,,,,13.0,13.0,,,,0.0,368,0,66,167,1.0,0.847926267281106,0.9177057356608479,0.0,0.15207373271889402,351,0,74,176,1.0,0.8258823529411765,0.904639175257732,0.0,0.17411764705882352,407,0,18,176,1.0,0.9576470588235294,0.9783653846153847,0.0,0.042352941176470586,ILLUSTRATIVE - not derived from operator financial data,900.0,900.0,0.0,0.0,False,False,0.6,26.4
microwave,mw_hidden_in_storm,15,POP~R_D05_1,hardware_directional,False,13.0,188.0,7.0,0.0,0.0,11,12,True,True,False,False,175.0,181.0,181.0,194.0,200.0,,,,,13.0,13.0,,,,0.0,367,0,67,167,1.0,0.8456221198156681,0.916354556803995,0.0,0.1543778801843318,344,0,81,176,1.0,0.8094117647058824,0.8946684005201561,0.0,0.19058823529411764,407,0,18,176,1.0,0.9576470588235294,0.9783653846153847,0.0,0.042352941176470586,ILLUSTRATIVE - not derived from operator financial data,900.0,900.0,0.0,0.0,False,False,0.6,26.4
microwave,mw_hidden_in_storm,1,POP~R_D05_1,hardware_directional,False,12.0,193.0,12.0,292.0,0.0,14,13,True,True,False,False,175.0,181.0,181.0,193.0,199.0,309.0,,,,12.0,12.0,128.0,128.0,116.0,0.0,399,0,35,167,1.0,0.9193548387096774,0.9579831932773109,0.0,0.08064516129032258,372,0,53,176,1.0,0.8752941176470588,0.9335006273525721,0.0,0.12470588235294118,408,0,17,176,1.0,0.96,0.9795918367346939,0.0,0.04,ILLUSTRATIVE - not derived from operator financial data,2346.8,2345.5,1.3,0.1,False,False,0.8,35.2
microwave,mw_hidden_in_storm,2,POP~R_D05_1,hardware_directional,False,13.0,182.0,3.0,293.0,0.0,5,9,True,True,False,False,175.0,179.0,179.0,192.0,198.0,304.0,,,,13.0,13.0,125.0,125.0,112.0,0.0,390,0,44,167,1.0,0.8986175115207373,0.9466019417475728,0.0,0.10138248847926268,376,0,49,176,1.0,0.8847058823529412,0.9388264669163546,0.0,0.11529411764705882,409,0,16,176,1.0,0.9623529411764706,0.9808153477218226,0.0,0.03764705882352941,ILLUSTRATIVE - not derived from operator financial data,2347.2,2345.8,1.4,0.1,False,False,0.8,35.2
microwave,mw_hidden_in_storm,3,POP~R_D05_1,hardware_directional,False,12.0,200.0,19.0,298.0,0.0,8,19,True,True,False,False,175.0,181.0,181.0,193.0,199.0,302.0,,,,12.0,12.0,121.0,121.0,109.0,0.0,388,0,46,167,1.0,0.8940092165898618,0.9440389294403894,0.0,0.10599078341013825,361,0,64,176,1.0,0.8494117647058823,0.9185750636132315,0.0,0.15058823529411763,408,0,17,176,1.0,0.96,0.9795918367346939,0.0,0.04,ILLUSTRATIVE - not derived from operator financial data,2349.2,2347.9,1.3,0.1,False,False,0.8,35.2
microwave,mw_hidden_in_storm,4,POP~R_D05_1,hardware_directional,False,13.0,189.0,10.0,305.0,0.0,6,11,True,True,False,False,175.0,179.0,179.0,192.0,198.0,203.0,,,,13.0,13.0,24.0,24.0,11.0,0.0,393,0,41,167,1.0,0.9055299539170507,0.9504232164449818,0.0,0.0944700460829493,376,0,49,176,1.0,0.8847058823529412,0.9388264669163546,0.0,0.11529411764705882,409,0,16,176,1.0,0.9623529411764706,0.9808153477218226,0.0,0.03764705882352941,ILLUSTRATIVE - not derived from operator financial data,2352.0,2350.6,1.4,0.1,False,False,0.8,35.2
microwave,mw_hidden_in_storm,5,POP~R_D05_1,hardware_directional,False,14.0,205.0,24.0,295.0,0.0,11,25,True,True,False,False,175.0,181.0,181.0,195.0,201.0,304.0,,,,14.0,14.0,123.0,123.0,109.0,0.0,395,0,39,167,1.0,0.9101382488479263,0.9529553679131484,0.0,0.08986175115207373,359,0,66,176,1.0,0.8447058823529412,0.9158163265306123,0.0,0.15529411764705883,406,0,19,176,1.0,0.9552941176470588,0.9771359807460891,0.0,0.04470588235294118,ILLUSTRATIVE - not derived from operator financial data,2348.0,2346.49,1.51,0.1,False,False,0.8,35.2
microwave,mw_hidden_in_storm,6,POP~R_D05_1,hardware_directional,False,12.0,188.0,7.0,297.0,0.0,19,7,True,True,False,False,175.0,181.0,181.0,193.0,199.0,304.0,,,,12.0,12.0,123.0,123.0,111.0,0.0,401,0,33,167,1.0,0.923963133640553,0.9604790419161677,0.0,0.07603686635944701,375,0,50,176,1.0,0.8823529411764706,0.9375,0.0,0.11764705882352941,408,0,17,176,1.0,0.96,0.9795918367346939,0.0,0.04,ILLUSTRATIVE - not derived from operator financial data,2348.8,2347.5,1.3,0.1,False,False,0.8,35.2
microwave,mw_hidden_in_storm,7,POP~R_D05_1,hardware_directional,False,13.0,195.0,16.0,291.0,0.0,16,16,True,True,False,False,175.0,179.0,179.0,192.0,198.0,308.0,,,,13.0,13.0,129.0,129.0,116.0,0.0,391,0,43,167,1.0,0.9009216589861752,0.9478787878787879,0.0,0.09907834101382489,359,0,66,176,1.0,0.8447058823529412,0.9158163265306123,0.0,0.15529411764705883,409,0,16,176,1.0,0.9623529411764706,0.9808153477218226,0.0,0.03764705882352941,ILLUSTRATIVE - not derived from operator financial data,2346.4,2345.0,1.4,0.1,False,False,0.8,35.2
microwave,mw_hidden_in_storm,8,POP~R_D05_1,hardware_directional,False,13.0,197.0,16.0,302.0,0.0,10,23,True,True,False,False,175.0,181.0,181.0,194.0,200.0,299.0,,,,13.0,13.0,118.0,118.0,105.0,0.0,395,0,39,167,1.0,0.9101382488479263,0.9529553679131484,0.0,0.08986175115207373,362,0,63,176,1.0,0.851764705882353,0.9199491740787802,0.0,0.14823529411764705,407,0,18,176,1.0,0.9576470588235294,0.9783653846153847,0.0,0.042352941176470586,ILLUSTRATIVE - not derived from operator financial data,2350.8,2349.4,1.4,0.1,False,False,0.8,35.2
microwave,mw_hidden_in_storm,9,POP~R_D05_1,hardware_directional,False,14.0,198.0,18.0,299.0,0.0,10,19,True,True,False,False,175.0,180.0,180.0,194.0,200.0,300.0,,,,14.0,14.0,120.0,120.0,106.0,0.0,390,0,44,167,1.0,0.8986175115207373,0.9466019417475728,0.0,0.10138248847926268,361,0,64,176,1.0,0.8494117647058823,0.9185750636132315,0.0,0.15058823529411763,407,0,18,176,1.0,0.9576470588235294,0.9783653846153847,0.0,0.042352941176470586,ILLUSTRATIVE - not derived from operator financial data,2349.6,2348.09,1.51,0.1,False,False,0.8,35.2
microwave,mw_hidden_in_storm,10,POP~R_D05_1,hardware_directional,False,14.0,189.0,10.0,297.0,0.0,10,11,True,True,False,False,175.0,179.0,179.0,193.0,199.0,304.0,,,,14.0,14.0,125.0,125.0,111.0,0.0,393,0,41,167,1.0,0.9055299539170507,0.9504232164449818,0.0,0.0944700460829493,372,0,53,176,1.0,0.8752941176470588,0.9335006273525721,0.0,0.12470588235294118,408,0,17,176,1.0,0.96,0.9795918367346939,0.0,0.04,ILLUSTRATIVE - not derived from operator financial data,2348.8,2347.29,1.51,0.1,False,False,0.8,35.2
microwave,mw_hidden_in_storm,11,POP~R_D05_1,hardware_directional,False,13.0,191.0,12.0,306.0,0.0,8,12,True,True,False,False,175.0,179.0,179.0,192.0,198.0,288.0,,,,13.0,13.0,109.0,109.0,96.0,0.0,391,0,43,167,1.0,0.9009216589861752,0.9478787878787879,0.0,0.09907834101382489,371,0,54,176,1.0,0.8729411764705882,0.9321608040201005,0.0,0.12705882352941175,409,0,16,176,1.0,0.9623529411764706,0.9808153477218226,0.0,0.03764705882352941,ILLUSTRATIVE - not derived from operator financial data,2352.4,2351.0,1.4,0.1,False,False,0.8,35.2
microwave,mw_hidden_in_storm,12,POP~R_D05_1,hardware_directional,False,14.0,197.0,17.0,301.0,0.0,6,18,True,True,False,False,175.0,180.0,180.0,194.0,200.0,295.0,,,,14.0,14.0,115.0,115.0,101.0,0.0,392,0,42,167,1.0,0.9032258064516129,0.9491525423728813,0.0,0.0967741935483871,368,0,57,176,1.0,0.8658823529411764,0.9281210592686003,0.0,0.13411764705882354,407,0,18,176,1.0,0.9576470588235294,0.9783653846153847,0.0,0.042352941176470586,ILLUSTRATIVE - not derived from operator financial data,2350.4,2348.89,1.51,0.1,False,False,0.8,35.2
microwave,mw_hidden_in_storm,13,POP~R_D05_1,hardware_directional,False,15.0,191.0,12.0,297.0,0.0,5,12,True,True,False,False,175.0,179.0,179.0,194.0,200.0,304.0,,,,15.0,15.0,125.0,125.0,110.0,0.0,394,0,40,167,1.0,0.9078341013824884,0.9516908212560387,0.0,0.09216589861751152,377,0,48,176,1.0,0.8870588235294118,0.940149625935162,0.0,0.11294117647058824,407,0,18,176,1.0,0.9576470588235294,0.9783653846153847,0.0,0.042352941176470586,ILLUSTRATIVE - not derived from operator financial data,2348.8,2347.18,1.62,0.1,False,False,0.8,35.2
microwave,mw_hidden_in_storm,14,POP~R_D05_1,hardware_directional,False,14.0,187.0,7.0,304.0,0.0,16,7,True,True,False,False,175.0,180.0,180.0,194.0,200.0,295.0,,,,14.0,14.0,115.0,115.0,101.0,0.0,398,0,36,167,1.0,0.9170506912442397,0.9567307692307692,0.0,0.08294930875576037,375,0,50,176,1.0,0.8823529411764706,0.9375,0.0,0.11764705882352941,407,0,18,176,1.0,0.9576470588235294,0.9783653846153847,0.0,0.042352941176470586,ILLUSTRATIVE - not derived from operator financial data,2351.6,2350.09,1.51,0.1,False,False,0.8,35.2
microwave,mw_hidden_in_storm,15,POP~R_D05_1,hardware_directional,False,12.0,188.0,7.0,299.0,0.0,8,8,True,True,False,False,175.0,181.0,181.0,193.0,199.0,297.0,,,,12.0,12.0,116.0,116.0,104.0,0.0,396,0,38,167,1.0,0.9124423963133641,0.9542168674698795,0.0,0.08755760368663594,380,0,45,176,1.0,0.8941176470588236,0.9440993788819877,0.0,0.10588235294117647,408,0,17,176,1.0,0.96,0.9795918367346939,0.0,0.04,ILLUSTRATIVE - not derived from operator financial data,2349.6,2348.3,1.3,0.1,False,False,0.8,35.2
microwave,mw_hidden_in_storm,1,POP~R_D05_1,hardware_directional,False,13.0,192.0,12.0,323.0,0.0,8,12,True,True,False,False,175.0,180.0,180.0,193.0,199.0,203.0,,,,13.0,13.0,23.0,23.0,10.0,0.0,410,0,24,167,1.0,0.9447004608294931,0.9715639810426541,0.0,0.055299539170506916,390,0,35,176,1.0,0.9176470588235294,0.9570552147239264,0.0,0.08235294117647059,408,0,17,176,1.0,0.96,0.9795918367346939,0.0,0.04,ILLUSTRATIVE - not derived from operator financial data,2359.2,2357.8,1.4,0.1,False,False,1.0,44.0
microwave,mw_hidden_in_storm,2,POP~R_D05_1,hardware_directional,False,12.0,181.0,2.0,324.0,0.0,8,2,True,True,False,False,175.0,179.0,179.0,191.0,197.0,277.0,,,,12.0,12.0,98.0,98.0,86.0,0.0,402,0,32,167,1.0,0.9262672811059908,0.9617224880382775,0.0,0.07373271889400922,392,0,33,176,1.0,0.9223529411764706,0.9596083231334149,0.0,0.07764705882352942,410,0,15,176,1.0,0.9647058823529412,0.9820359281437125,0.0,0.03529411764705882,ILLUSTRATIVE - not derived from operator financial data,2359.6,2358.3,1.3,0.1,False,False,1.0,44.0
microwave,mw_hidden_in_storm,3,POP~R_D05_1,hardware_directional,False,12.0,190.0,9.0,332.0,0.0,10,17,True,True,False,False,175.0,181.0,181.0,193.0,199.0,202.0,,,,12.0,12.0,21.0,21.0,9.0,0.0,402,0,32,167,1.0,0.9262672811059908,0.9617224880382775,0.0,0.07373271889400922,375,0,50,176,1.0,0.8823529411764706,0.9375,0.0,0.11764705882352941,408,0,17,176,1.0,0.96,0.9795918367346939,0.0,0.04,ILLUSTRATIVE - not derived from operator financial data,2362.8,2361.5,1.3,0.1,False,False,1.0,44.0
microwave,mw_hidden_in_storm,4,POP~R_D05_1,hardware_directional,False,13.0,189.0,10.0,338.0,0.0,9,10,True,True,False,False,175.0,179.0,179.0,192.0,198.0,200.0,,,,13.0,13.0,21.0,21.0,8.0,0.0,406,0,28,167,1.0,0.9354838709677419,0.9666666666666666,0.0,0.06451612903225806,387,0,38,176,1.0,0.9105882352941177,0.9532019704433498,0.0,0.08941176470588236,409,0,16,176,1.0,0.9623529411764706,0.9808153477218226,0.0,0.03764705882352941,ILLUSTRATIVE - not derived from operator financial data,2365.2,2363.8,1.4,0.1,False,False,1.0,44.0
microwave,mw_hidden_in_storm,5,POP~R_D05_1,hardware_directional,False,14.0,196.0,15.0,326.0,0.0,7,15,True,True,False,False,175.0,181.0,181.0,195.0,201.0,274.0,,,,14.0,14.0,93.0,93.0,79.0,0.0,405,0,29,167,1.0,0.9331797235023042,0.9654350417163289,0.0,0.06682027649769585,383,0,42,176,1.0,0.9011764705882352,0.948019801980198,0.0,0.0988235294117647,406,0,19,176,1.0,0.9552941176470588,0.9771359807460891,0.0,0.04470588235294118,ILLUSTRATIVE - not derived from operator financial data,2360.4,2358.89,1.51,0.1,False,False,1.0,44.0
microwave,mw_hidden_in_storm,6,POP~R_D05_1,hardware_directional,False,11.0,184.0,3.0,327.0,0.0,10,3,True,True,False,False,175.0,181.0,181.0,192.0,198.0,203.0,,,,11.0,11.0,22.0,22.0,11.0,0.0,412,0,22,167,1.0,0.9493087557603687,0.9739952718676123,0.0,0.05069124423963134,399,0,26,176,1.0,0.9388235294117647,0.9684466019417475,0.0,0.0611764705882353,409,0,16,176,1.0,0.9623529411764706,0.9808153477218226,0.0,0.03764705882352941,ILLUSTRATIVE - not derived from operator financial data,2360.8,2359.61,1.19,0.1,False,False,1.0,44.0
microwave,mw_hidden_in_storm,7,POP~R_D05_1,hardware_directional,False,13.0,195.0,16.0,324.0,0.0,13,17,True,True,False,False,175.0,179.0,179.0,192.0,198.0,277.0,,,,13.0,13.0,98.0,98.0,85.0,0.0,409,0,25,167,1.0,0.9423963133640553,0.9703440094899171,0.0,0.0576036866359447,379,0,46,176,1.0,0.8917647058823529,0.9427860696517413,0.0,0.10823529411764705,409,0,16,176,1.0,0.9623529411764706,0.9808153477218226,0.0,0.03764705882352941,ILLUSTRATIVE - not derived from operator financial data,2359.6,2358.2,1.4,0.1,False,False,1.0,44.0
microwave,mw_hidden_in_storm,8,POP~R_D05_1,hardware_directional,False,13.0,195.0,14.0,329.0,0.0,7,14,True,True,False,False,175.0,181.0,181.0,194.0,200.0,208.0,,,,13.0,13.0,27.0,27.0,14.0,0.0,407,0,27,167,1.0,0.9377880184331797,0.9678953626634959,0.0,0.06221198156682028,386,0,39,176,1.0,0.908235294117647,0.9519112207151664,0.0,0.09176470588235294,407,0,18,176,1.0,0.9576470588235294,0.9783653846153847,0.0,0.042352941176470586,ILLUSTRATIVE - not derived from operator financial data,2361.6,2360.2,1.4,0.1,False,False,1.0,44.0
microwave,mw_hidden_in_storm,9,POP~R_D05_1,hardware_directional,False,14.0,190.0,10.0,325.0,0.0,14,10,True,True,False,False,175.0,180.0,180.0,194.0,200.0,201.0,,,,14.0,14.0,21.0,21.0,7.0,0.0,408,0,26,167,1.0,0.9400921658986175,0.9691211401425179,0.0,0.059907834101382486,384,0,41,176,1.0,0.9035294117647059,0.9493201483312732,0.0,0.09647058823529411,407,0,18,176,1.0,0.9576470588235294,0.9783653846153847,0.0,0.042352941176470586,ILLUSTRATIVE - not derived from operator financial data,2360.0,2358.49,1.51,0.1,False,False,1.0,44.0
microwave,mw_hidden_in_storm,10,POP~R_D05_1,hardware_directional,False,13.0,182.0,3.0,333.0,0.0,11,8,True,True,False,False,175.0,179.0,179.0,192.0,198.0,200.0,,,,13.0,13.0,21.0,21.0,8.0,0.0,408,0,26,167,1.0,0.9400921658986175,0.9691211401425179,0.0,0.059907834101382486,389,0,36,176,1.0,0.9152941176470588,0.9557739557739557,0.0,0.08470588235294117,409,0,16,176,1.0,0.9623529411764706,0.9808153477218226,0.0,0.03764705882352941,ILLUSTRATIVE - not derived from operator financial data,2363.2,2361.8,1.4,0.1,False,False,1.0,44.0
microwave,mw_hidden_in_storm,11,POP~R_D05_1,hardware_directional,False,13.0,187.0,8.0,334.0,0.0,11,8,True,True,False,False,175.0,179.0,179.0,192.0,198.0,196.0,,,,13.0,13.0,17.0,17.0,4.0,0.0,403,0,31,167,1.0,0.9285714285714286,0.962962962962963,0.0,0.07142857142857142,384,0,41,176,1.0,0.9035294117647059,0.9493201483312732,0.0,0.09647058823529411,409,0,16,176,1.0,0.9623529411764706,0.9808153477218226,0.0,0.03764705882352941,ILLUSTRATIVE - not derived from operator financial data,2363.6,2362.2,1.4,0.1,False,False,1.0,44.0
microwave,mw_hidden_in_storm,12,POP~R_D05_1,hardware_directional,False,14.0,195.0,15.0,332.0,0.0,11,15,True,True,False,False,175.0,180.0,180.0,194.0,200.0,267.0,,,,14.0,14.0,87.0,87.0,73.0,0.0,409,0,25,167,1.0,0.9423963133640553,0.9703440094899171,0.0,0.0576036866359447,383,0,42,176,1.0,0.9011764705882352,0.948019801980198,0.0,0.0988235294117647,407,0,18,176,1.0,0.9576470588235294,0.9783653846153847,0.0,0.042352941176470586,ILLUSTRATIVE - not derived from operator financial data,2362.8,2361.29,1.51,0.1,False,False,1.0,44.0
microwave,mw_hidden_in_storm,13,POP~R_D05_1,hardware_directional,False,15.0,191.0,12.0,323.0,0.0,8,12,True,True,False,False,175.0,179.0,179.0,194.0,200.0,278.0,,,,15.0,15.0,99.0,99.0,84.0,0.0,407,0,27,167,1.0,0.9377880184331797,0.9678953626634959,0.0,0.06221198156682028,387,0,38,176,1.0,0.9105882352941177,0.9532019704433498,0.0,0.08941176470588236,407,0,18,176,1.0,0.9576470588235294,0.9783653846153847,0.0,0.042352941176470586,ILLUSTRATIVE - not derived from operator financial data,2359.2,2357.58,1.62,0.1,False,False,1.0,44.0
microwave,mw_hidden_in_storm,14,POP~R_D05_1,hardware_directional,False,13.0,187.0,7.0,331.0,0.0,8,8,True,True,False,False,175.0,180.0,180.0,193.0,199.0,208.0,,,,13.0,13.0,28.0,28.0,15.0,0.0,406,0,28,167,1.0,0.9354838709677419,0.9666666666666666,0.0,0.06451612903225806,390,0,35,176,1.0,0.9176470588235294,0.9570552147239264,0.0,0.08235294117647059,408,0,17,176,1.0,0.96,0.9795918367346939,0.0,0.04,ILLUSTRATIVE - not derived from operator financial data,2362.4,2361.0,1.4,0.1,False,False,1.0,44.0
microwave,mw_hidden_in_storm,15,POP~R_D05_1,hardware_directional,False,12.0,185.0,4.0,329.0,0.0,4,4,True,True,False,False,175.0,181.0,181.0,193.0,199.0,203.0,,,,12.0,12.0,22.0,22.0,10.0,0.0,401,0,33,167,1.0,0.923963133640553,0.9604790419161677,0.0,0.07603686635944701,393,0,32,176,1.0,0.9247058823529412,0.9608801955990219,0.0,0.07529411764705882,408,0,17,176,1.0,0.96,0.9795918367346939,0.0,0.04,ILLUSTRATIVE - not derived from operator financial data,2361.6,2360.3,1.3,0.1,False,False,1.0,44.0
microwave,mw_hidden_in_storm,1,POP~R_D05_1,hardware_directional,False,13.0,192.0,12.0,64.0,299.0,5,12,True,True,False,False,175.0,180.0,180.0,193.0,199.0,197.0,302.0,,,13.0,13.0,17.0,17.0,4.0,0.0,418,0,16,167,1.0,0.9631336405529954,0.9812206572769953,0.0,0.03686635944700461,401,0,24,176,1.0,0.9435294117647058,0.9709443099273608,0.0,0.05647058823529412,408,0,17,176,1.0,0.96,0.9795918367346939,0.0,0.04,ILLUSTRATIVE - not derived from operator financial data,3192.47,3180.06,12.41,0.4,False,False,1.3,57.2
microwave,mw_hidden_in_storm,2,POP~R_D05_1,hardware_directional,False,13.0,181.0,3.0,62.0,302.0,8,3,True,True,False,False,175.0,178.0,178.0,191.0,197.0,199.0,298.0,,,13.0,13.0,21.0,21.0,8.0,0.0,414,0,20,167,1.0,0.9539170506912442,0.9764150943396226,0.0,0.04608294930875576,403,0,22,176,1.0,0.9482352941176471,0.9734299516908212,0.0,0.05176470588235294,410,0,15,176,1.0,0.9647058823529412,0.9820359281437125,0.0,0.03529411764705882,ILLUSTRATIVE - not derived from operator financial data,3201.07,3188.66,12.41,0.4,False,False,1.3,57.2
microwave,mw_hidden_in_storm,3,POP~R_D05_1,hardware_directional,False,13.0,190.0,10.0,54.0,304.0,12,10,True,True,False,False,175.0,180.0,180.0,193.0,199.0,198.0,297.0,,,13.0,13.0,18.0,18.0,5.0,0.0,416,0,18,167,1.0,0.9585253456221198,0.9788235294117648,0.0,0.041474654377880185,394,0,31,176,1.0,0.9270588235294117,0.9621489621489622,0.0,0.07294117647058823,408,0,17,176,1.0,0.96,0.9795918367346939,0.0,0.04,ILLUSTRATIVE - not derived from operator financial data,3204.13,3191.73,12.4,0.4,False,False,1.3,57.2
microwave,mw_hidden_in_storm,4,POP~R_D05_1,hardware_directional,False,12.0,184.0,5.0,62.0,305.0,9,5,True,True,False,False,175.0,179.0,179.0,191.0,197.0,195.0,295.0,,,12.0,12.0,16.0,16.0,4.0,0.0,419,0,15,167,1.0,0.9654377880184332,0.9824150058616646,0.0,0.03456221198156682,405,0,20,176,1.0,0.9529411764705882,0.9759036144578312,0.0,0.047058823529411764,410,0,15,176,1.0,0.9647058823529412,0.9820359281437125,0.0,0.03529411764705882,ILLUSTRATIVE - not derived from operator financial data,3210.47,3199.02,11.45,0.4,False,False,1.3,57.2
microwave,mw_hidden_in_storm,5,POP~R_D05_1,hardware_directional,False,13.0,195.0,14.0,53.0,302.0,7,14,True,True,False,False,175.0,181.0,181.0,194.0,200.0,201.0,299.0,,,13.0,13.0,20.0,20.0,7.0,0.0,415,0,19,167,1.0,0.956221198156682,0.977620730270907,0.0,0.04377880184331797,394,0,31,176,1.0,0.9270588235294117,0.9621489621489622,0.0,0.07294117647058823,407,0,18,176,1.0,0.9576470588235294,0.9783653846153847,0.0,0.042352941176470586,ILLUSTRATIVE - not derived from operator financial data,3197.47,3185.06,12.41,0.4,False,False,1.3,57.2
microwave,mw_hidden_in_storm,6,POP~R_D05_1,hardware_directional,False,12.0,184.0,4.0,62.0,303.0,0,4,True,True,False,False,175.0,180.0,180.0,192.0,198.0,194.0,298.0,,,12.0,12.0,14.0,14.0,2.0,0.0,421,0,13,167,1.0,0.9700460829493087,0.9847953216374269,0.0,0.029953917050691243,417,0,8,176,1.0,0.9811764705882353,0.9904988123515439,0.0,0.018823529411764704,409,0,16,176,1.0,0.9623529411764706,0.9808153477218226,0.0,0.03764705882352941,ILLUSTRATIVE - not derived from operator financial data,3204.2,3192.75,11.45,0.4,False,False,1.3,57.2
microwave,mw_hidden_in_storm,7,POP~R_D05_1,hardware_directional,False,13.0,190.0,11.0,56.0,299.0,6,11,True,True,False,False,175.0,179.0,179.0,192.0,198.0,200.0,302.0,,,13.0,13.0,21.0,21.0,8.0,0.0,416,0,18,167,1.0,0.9585253456221198,0.9788235294117648,0.0,0.041474654377880185,399,0,26,176,1.0,0.9388235294117647,0.9684466019417475,0.0,0.0611764705882353,409,0,16,176,1.0,0.9623529411764706,0.9808153477218226,0.0,0.03764705882352941,ILLUSTRATIVE - not derived from operator financial data,3189.27,3176.86,12.41,0.4,False,False,1.3,57.2
microwave,mw_hidden_in_storm,8,POP~R_D05_1,hardware_directional,False,12.0,190.0,9.0,53.0,302.0,6,9,True,True,False,False,175.0,181.0,181.0,193.0,199.0,203.0,299.0,,,12.0,12.0,22.0,22.0,10.0,0.0,417,0,17,167,1.0,0.9608294930875576,0.9800235017626322,0.0,0.03917050691244239,402,0,23,176,1.0,0.9458823529411765,0.9721886336154777,0.0,0.05411764705882353,408,0,17,176,1.0,0.96,0.9795918367346939,0.0,0.04,ILLUSTRATIVE - not derived from operator financial data,3197.47,3186.02,11.45,0.4,False,False,1.3,57.2
microwave,mw_hidden_in_storm,9,POP~R_D05_1,hardware_directional,False,13.0,188.0,8.0,56.0,306.0,8,8,True,True,False,False,175.0,180.0,180.0,193.0,199.0,195.0,295.0,,,13.0,13.0,15.0,15.0,2.0,0.0,421,0,13,167,1.0,0.9700460829493087,0.9847953216374269,0.0,0.029953917050691243,405,0,20,176,1.0,0.9529411764705882,0.9759036144578312,0.0,0.047058823529411764,408,0,17,176,1.0,0.96,0.9795918367346939,0.0,0.04,ILLUSTRATIVE - not derived from operator financial data,3211.2,3198.8,12.4,0.4,False,False,1.3,57.2
microwave,mw_hidden_in_storm,10,POP~R_D05_1,hardware_directional,False,13.0,182.0,3.0,60.0,304.0,7,3,True,True,False,False,175.0,179.0,179.0,192.0,198.0,195.0,295.0,,,13.0,13.0,16.0,16.0,3.0,0.0,419,0,15,167,1.0,0.9654377880184332,0.9824150058616646,0.0,0.03456221198156682,409,0,16,176,1.0,0.9623529411764706,0.9808153477218226,0.0,0.03764705882352941,409,0,16,176,1.0,0.9623529411764706,0.9808153477218226,0.0,0.03764705882352941,ILLUSTRATIVE - not derived from operator financial data,3206.53,3194.13,12.4,0.4,False,False,1.3,57.2
microwave,mw_hidden_in_storm,11,POP~R_D05_1,hardware_directional,False,13.0,187.0,8.0,59.0,307.0,11,8,True,True,False,False,175.0,179.0,179.0,192.0,198.0,195.0,294.0,,,13.0,13.0,16.0,16.0,3.0,0.0,419,0,15,167,1.0,0.9654377880184332,0.9824150058616646,0.0,0.03456221198156682,400,0,25,176,1.0,0.9411764705882353,0.9696969696969697,0.0,0.058823529411764705,409,0,16,176,1.0,0.9623529411764706,0.9808153477218226,0.0,0.03764705882352941,ILLUSTRATIVE - not derived from operator financial data,3215.53,3203.13,12.4,0.4,False,False,1.3,57.2
microwave,mw_hidden_in_storm,12,POP~R_D05_1,hardware_directional,False,14.0,193.0,13.0,50.0,309.0,8,13,True,True,False,False,175.0,180.0,180.0,194.0,200.0,198.0,292.0,,,14.0,14.0,18.0,18.0,4.0,0.0,418,0,16,167,1.0,0.9631336405529954,0.9812206572769953,0.0,0.03686635944700461,397,0,28,176,1.0,0.9341176470588235,0.9659367396593673,0.0,0.06588235294117648,407,0,18,176,1.0,0.9576470588235294,0.9783653846153847,0.0,0.042352941176470586,ILLUSTRATIVE - not derived from operator financial data,3218.2,3204.84,13.36,0.4,False,False,1.3,57.2
microwave,mw_hidden_in_storm,13,POP~R_D05_1,hardware_directional,False,14.0,189.0,10.0,52.0,302.0,5,10,True,True,False,False,175.0,179.0,179.0,193.0,199.0,196.0,299.0,,,14.0,14.0,17.0,17.0,3.0,0.0,418,0,16,167,1.0,0.9631336405529954,0.9812206572769953,0.0,0.03686635944700461,403,0,22,176,1.0,0.9482352941176471,0.9734299516908212,0.0,0.05176470588235294,408,0,17,176,1.0,0.96,0.9795918367346939,0.0,0.04,ILLUSTRATIVE - not derived from operator financial data,3197.07,3183.71,13.36,0.4,False,False,1.3,57.2
microwave,mw_hidden_in_storm,14,POP~R_D05_1,hardware_directional,False,14.0,185.0,6.0,54.0,307.0,5,6,True,True,False,False,175.0,179.0,179.0,193.0,199.0,197.0,294.0,,,14.0,14.0,18.0,18.0,4.0,0.0,415,0,19,167,1.0,0.956221198156682,0.977620730270907,0.0,0.04377880184331797,404,0,21,176,1.0,0.9505882352941176,0.9746682750301567,0.0,0.04941176470588235,408,0,17,176,1.0,0.96,0.9795918367346939,0.0,0.04,ILLUSTRATIVE - not derived from operator financial data,3213.53,3200.18,13.35,0.4,False,False,1.3,57.2
microwave,mw_hidden_in_storm,15,POP~R_D05_1,hardware_directional,False,13.0,185.0,5.0,64.0,305.0,8,5,True,True,False,False,175.0,180.0,180.0,193.0,199.0,195.0,295.0,,,13.0,13.0,15.0,15.0,2.0,0.0,415,0,19,167,1.0,0.956221198156682,0.977620730270907,0.0,0.04377880184331797,402,0,23,176,1.0,0.9458823529411765,0.9721886336154777,0.0,0.05411764705882353,408,0,17,176,1.0,0.96,0.9795918367346939,0.0,0.04,ILLUSTRATIVE - not derived from operator financial data,3211.27,3198.86,12.41,0.4,False,False,1.3,57.2
microwave,mw_hidden_in_storm,1,POP~R_D05_1,hardware_directional,False,14.0,188.0,9.0,57.0,331.0,0,9,True,True,False,False,175.0,179.0,179.0,193.0,199.0,192.0,270.0,,,14.0,14.0,13.0,13.0,-1.0,0.0,422,0,12,167,1.0,0.9723502304147466,0.985981308411215,0.0,0.027649769585253458,413,0,12,176,1.0,0.971764705882353,0.9856801909307876,0.0,0.02823529411764706,408,0,17,176,1.0,0.96,0.9795918367346939,0.0,0.04,ILLUSTRATIVE - not derived from operator financial data,3289.93,3276.58,13.35,0.4,False,False,1.7,74.8
microwave,mw_hidden_in_storm,2,POP~R_D05_1,hardware_directional,False,13.0,181.0,3.0,51.0,335.0,0,3,True,True,False,False,175.0,178.0,178.0,191.0,197.0,189.0,266.0,,,13.0,13.0,11.0,11.0,-2.0,0.0,423,0,11,167,1.0,0.9746543778801844,0.987164527421237,0.0,0.02534562211981567,420,0,5,176,1.0,0.9882352941176471,0.9940828402366864,0.0,0.011764705882352941,410,0,15,176,1.0,0.9647058823529412,0.9820359281437125,0.0,0.03529411764705882,ILLUSTRATIVE - not derived from operator financial data,3300.07,3287.66,12.41,0.4,False,False,1.7,74.8
microwave,mw_hidden_in_storm,3,POP~R_D05_1,hardware_directional,False,12.0,190.0,10.0,50.0,333.0,0,10,True,True,False,False,175.0,180.0,180.0,192.0,198.0,189.0,267.0,,,12.0,12.0,9.0,9.0,-3.0,0.0,421,0,13,167,1.0,0.9700460829493087,0.9847953216374269,0.0,0.029953917050691243,411,0,14,176,1.0,0.9670588235294117,0.9832535885167464,0.0,0.03294117647058824,409,0,16,176,1.0,0.9623529411764706,0.9808153477218226,0.0,0.03764705882352941,ILLUSTRATIVE - not derived from operator financial data,3293.4,3281.95,11.45,0.3,False,False,1.7,74.8
microwave,mw_hidden_in_storm,4,POP~R_D05_1,hardware_directional,False,12.0,183.0,4.0,49.0,336.0,0,4,True,True,False,False,175.0,179.0,179.0,191.0,197.0,191.0,265.0,,,12.0,12.0,12.0,12.0,0.0,0.0,422,0,12,167,1.0,0.9723502304147466,0.985981308411215,0.0,0.027649769585253458,418,0,7,176,1.0,0.9835294117647059,0.9916963226571768,0.0,0.01647058823529412,410,0,15,176,1.0,0.9647058823529412,0.9820359281437125,0.0,0.03529411764705882,ILLUSTRATIVE - not derived from operator financial data,3302.4,3290.95,11.45,0.3,False,False,1.7,74.8
microwave,mw_hidden_in_storm,5,POP~R_D05_1,hardware_directional,False,13.0,188.0,7.0,51.0,333.0,0,7,True,True,False,False,175.0,181.0,181.0,194.0,200.0,196.0,268.0,,,13.0,13.0,15.0,15.0,2.0,0.0,420,0,14,167,1.0,0.967741935483871,0.9836065573770492,0.0,0.03225806451612903,413,0,12,176,1.0,0.971764705882353,0.9856801909307876,0.0,0.02823529411764706,407,0,18,176,1.0,0.9576470588235294,0.9783653846153847,0.0,0.042352941176470586,ILLUSTRATIVE - not derived from operator financial data,3293.8,3281.4,12.4,0.4,False,False,1.7,74.8
microwave,mw_hidden_in_storm,6,POP~R_D05_1,hardware_directional,False,12.0,183.0,3.0,58.0,333.0,0,3,True,True,False,False,175.0,180.0,180.0,192.0,198.0,192.0,268.0,,,12.0,12.0,12.0,12.0,0.0,0.0,421,0,13,167,1.0,0.9700460829493087,0.9847953216374269,0.0,0.029953917050691243,418,0,7,176,1.0,0.9835294117647059,0.9916963226571768,0.0,0.01647058823529412,409,0,16,176,1.0,0.9623529411764706,0.9808153477218226,0.0,0.03764705882352941,ILLUSTRATIVE - not derived from operator financial data,3296.6,3285.15,11.45,0.3,False,False,1.7,74.8
microwave,mw_hidden_in_storm,7,POP~R_D05_1,hardware_directional,False,12.0,189.0,10.0,52.0,332.0,0,10,True,True,False,False,175.0,179.0,179.0,191.0,197.0,192.0,269.0,,,12.0,12.0,13.0,13.0,1.0,0.0,422,0,12,167,1.0,0.9723502304147466,0.985981308411215,0.0,0.027649769585253458,412,0,13,176,1.0,0.9694117647058823,0.984468339307049,0.0,0.03058823529411765,410,0,15,176,1.0,0.9647058823529412,0.9820359281437125,0.0,0.03529411764705882,ILLUSTRATIVE - not derived from operator financial data,3291.07,3279.62,11.45,0.3,False,False,1.7,74.8
microwave,mw_hidden_in_storm,8,POP~R_D05_1,hardware_directional,False,14.0,187.0,8.0,48.0,336.0,0,8,True,True,False,False,175.0,179.0,179.0,193.0,199.0,195.0,265.0,,,14.0,14.0,16.0,16.0,2.0,0.0,422,0,12,167,1.0,0.9723502304147466,0.985981308411215,0.0,0.027649769585253458,414,0,11,176,1.0,0.9741176470588235,0.9868891537544696,0.0,0.02588235294117647,408,0,17,176,1.0,0.96,0.9795918367346939,0.0,0.04,ILLUSTRATIVE - not derived from operator financial data,3302.0,3288.64,13.36,0.4,False,False,1.7,74.8
microwave,mw_hidden_in_storm,9,POP~R_D05_1,hardware_directional,False,13.0,187.0,7.0,50.0,331.0,0,7,True,True,False,False,175.0,180.0,180.0,193.0,199.0,194.0,270.0,,,13.0,13.0,14.0,14.0,1.0,0.0,421,0,13,167,1.0,0.9700460829493087,0.9847953216374269,0.0,0.029953917050691243,414,0,11,176,1.0,0.9741176470588235,0.9868891537544696,0.0,0.02588235294117647,408,0,17,176,1.0,0.96,0.9795918367346939,0.0,0.04,ILLUSTRATIVE - not derived from operator financial data,3287.13,3274.73,12.4,0.4,False,False,1.7,74.8
microwave,mw_hidden_in_storm,10,POP~R_D05_1,hardware_directional,False,13.0,182.0,3.0,52.0,332.0,0,3,True,True,False,False,175.0,179.0,179.0,192.0,198.0,193.0,269.0,,,13.0,13.0,14.0,14.0,1.0,0.0,422,0,12,167,1.0,0.9723502304147466,0.985981308411215,0.0,0.027649769585253458,419,0,6,176,1.0,0.9858823529411764,0.9928909952606635,0.0,0.01411764705882353,409,0,16,176,1.0,0.9623529411764706,0.9808153477218226,0.0,0.03764705882352941,ILLUSTRATIVE - not derived from operator financial data,3291.07,3278.66,12.41,0.4,False,False,1.7,74.8
microwave,mw_hidden_in_storm,11,POP~R_D05_1,hardware_directional,False,12.0,186.0,7.0,53.0,334.0,0,7,True,True,False,False,175.0,179.0,179.0,191.0,197.0,188.0,267.0,,,12.0,12.0,9.0,9.0,-3.0,0.0,422,0,12,167,1.0,0.9723502304147466,0.985981308411215,0.0,0.027649769585253458,415,0,10,176,1.0,0.9764705882352941,0.988095238095238,0.0,0.023529411764705882,410,0,15,176,1.0,0.9647058823529412,0.9820359281437125,0.0,0.03529411764705882,ILLUSTRATIVE - not derived from operator financial data,3297.73,3286.29,11.44,0.3,False,False,1.7,74.8
microwave,mw_hidden_in_storm,12,POP~R_D05_1,hardware_directional,False,14.0,189.0,9.0,48.0,336.0,0,9,True,True,False,False,175.0,180.0,180.0,194.0,200.0,194.0,265.0,,,14.0,14.0,14.0,14.0,0.0,0.0,421,0,13,167,1.0,0.9700460829493087,0.9847953216374269,0.0,0.029953917050691243,412,0,13,176,1.0,0.9694117647058823,0.984468339307049,0.0,0.03058823529411765,407,0,18,176,1.0,0.9576470588235294,0.9783653846153847,0.0,0.042352941176470586,ILLUSTRATIVE - not derived from operator financial data,3302.0,3288.64,13.36,0.4,False,False,1.7,74.8
microwave,mw_hidden_in_storm,13,POP~R_D05_1,hardware_directional,False,14.0,186.0,7.0,56.0,328.0,0,7,True,True,False,False,175.0,179.0,179.0,193.0,199.0,194.0,273.0,,,14.0,14.0,15.0,15.0,1.0,0.0,422,0,12,167,1.0,0.9723502304147466,0.985981308411215,0.0,0.027649769585253458,415,0,10,176,1.0,0.9764705882352941,0.988095238095238,0.0,0.023529411764705882,408,0,17,176,1.0,0.96,0.9795918367346939,0.0,0.04,ILLUSTRATIVE - not derived from operator financial data,3280.13,3266.78,13.35,0.4,False,False,1.7,74.8
microwave,mw_hidden_in_storm,14,POP~R_D05_1,hardware_directional,False,13.0,185.0,6.0,54.0,334.0,0,6,True,True,False,False,175.0,179.0,179.0,192.0,198.0,192.0,267.0,,,13.0,13.0,13.0,13.0,0.0,0.0,422,0,12,167,1.0,0.9723502304147466,0.985981308411215,0.0,0.027649769585253458,416,0,9,176,1.0,0.9788235294117648,0.9892984542211652,0.0,0.021176470588235293,409,0,16,176,1.0,0.9623529411764706,0.9808153477218226,0.0,0.03764705882352941,ILLUSTRATIVE - not derived from operator financial data,3298.13,3285.73,12.4,0.4,False,False,1.7,74.8
microwave,mw_hidden_in_storm,15,POP~R_D05_1,hardware_directional,False,13.0,184.0,5.0,54.0,333.0,0,5,True,True,False,False,175.0,179.0,179.0,192.0,198.0,192.0,268.0,,,13.0,13.0,13.0,13.0,0.0,0.0,422,0,12,167,1.0,0.9723502304147466,0.985981308411215,0.0,0.027649769585253458,417,0,8,176,1.0,0.9811764705882353,0.9904988123515439,0.0,0.018823529411764704,409,0,16,176,1.0,0.9623529411764706,0.9808153477218226,0.0,0.03764705882352941,ILLUSTRATIVE - not derived from operator financial data,3295.0,3282.6,12.4,0.4,False,False,1.7,74.8
microwave,mw_hidden_in_storm,1,POP~R_D05_1,hardware_directional,False,13.0,186.0,7.0,49.0,354.0,0,7,True,True,False,False,175.0,179.0,179.0,192.0,198.0,189.0,247.0,,,13.0,13.0,10.0,10.0,-3.0,0.0,422,0,12,167,1.0,0.9723502304147466,0.985981308411215,0.0,0.027649769585253458,415,0,10,176,1.0,0.9764705882352941,0.988095238095238,0.0,0.023529411764705882,409,0,16,176,1.0,0.9623529411764706,0.9808153477218226,0.0,0.03764705882352941,ILLUSTRATIVE - not derived from operator financial data,3358.8,3346.4,12.4,0.4,False,False,2.2,96.80000000000001
microwave,mw_hidden_in_storm,2,POP~R_D05_1,hardware_directional,False,13.0,181.0,3.0,49.0,354.0,0,3,True,True,False,False,175.0,178.0,178.0,191.0,197.0,186.0,247.0,,,13.0,13.0,8.0,8.0,-5.0,0.0,423,0,11,167,1.0,0.9746543778801844,0.987164527421237,0.0,0.02534562211981567,420,0,5,176,1.0,0.9882352941176471,0.9940828402366864,0.0,0.011764705882352941,410,0,15,176,1.0,0.9647058823529412,0.9820359281437125,0.0,0.03529411764705882,ILLUSTRATIVE - not derived from operator financial data,3358.8,3346.4,12.4,0.4,False,False,2.2,96.80000000000001
microwave,mw_hidden_in_storm,3,POP~R_D05_1,hardware_directional,False,13.0,186.0,7.0,48.0,353.0,0,7,True,True,False,False,175.0,179.0,179.0,192.0,198.0,188.0,248.0,,,13.0,13.0,9.0,9.0,-4.0,0.0,422,0,12,167,1.0,0.9723502304147466,0.985981308411215,0.0,0.027649769585253458,415,0,10,176,1.0,0.9764705882352941,0.988095238095238,0.0,0.023529411764705882,409,0,16,176,1.0,0.9623529411764706,0.9808153477218226,0.0,0.03764705882352941,ILLUSTRATIVE - not derived from operator financial data,3355.27,3342.86,12.41,0.4,False,False,2.2,96.80000000000001
microwave,mw_hidden_in_storm,4,POP~R_D05_1,hardware_directional,False,13.0,183.0,5.0,50.0,355.0,0,5,True,True,False,False,175.0,178.0,178.0,191.0,197.0,188.0,246.0,,,13.0,13.0,10.0,10.0,-3.0,0.0,423,0,11,167,1.0,0.9746543778801844,0.987164527421237,0.0,0.02534562211981567,418,0,7,176,1.0,0.9835294117647059,0.9916963226571768,0.0,0.01647058823529412,410,0,15,176,1.0,0.9647058823529412,0.9820359281437125,0.0,0.03529411764705882,ILLUSTRATIVE - not derived from operator financial data,3362.33,3349.93,12.4,0.4,False,False,2.2,96.80000000000001
microwave,mw_hidden_in_storm,5,POP~R_D05_1,hardware_directional,False,12.0,186.0,5.0,47.0,355.0,0,5,True,True,False,False,175.0,181.0,181.0,193.0,199.0,191.0,246.0,,,12.0,12.0,10.0,10.0,-2.0,0.0,420,0,14,167,1.0,0.967741935483871,0.9836065573770492,0.0,0.03225806451612903,415,0,10,176,1.0,0.9764705882352941,0.988095238095238,0.0,0.023529411764705882,408,0,17,176,1.0,0.96,0.9795918367346939,0.0,0.04,ILLUSTRATIVE - not derived from operator financial data,3361.13,3349.69,11.44,0.3,False,False,2.2,96.80000000000001
microwave,mw_hidden_in_storm,6,POP~R_D05_1,hardware_directional,False,13.0,183.0,4.0,53.0,354.0,0,4,True,True,False,False,175.0,179.0,179.0,192.0,198.0,188.0,247.0,,,13.0,13.0,9.0,9.0,-4.0,0.0,422,0,12,167,1.0,0.9723502304147466,0.985981308411215,0.0,0.027649769585253458,418,0,7,176,1.0,0.9835294117647059,0.9916963226571768,0.0,0.01647058823529412,409,0,16,176,1.0,0.9623529411764706,0.9808153477218226,0.0,0.03764705882352941,ILLUSTRATIVE - not derived from operator financial data,3360.4,3348.0,12.4,0.4,False,False,2.2,96.80000000000001
microwave,mw_hidden_in_storm,7,POP~R_D05_1,hardware_directional,False,12.0,188.0,9.0,50.0,353.0,0,9,True,True,False,False,175.0,179.0,179.0,191.0,197.0,188.0,248.0,,,12.0,12.0,9.0,9.0,-3.0,0.0,422,0,12,167,1.0,0.9723502304147466,0.985981308411215,0.0,0.027649769585253458,413,0,12,176,1.0,0.971764705882353,0.9856801909307876,0.0,0.02823529411764706,410,0,15,176,1.0,0.9647058823529412,0.9820359281437125,0.0,0.03529411764705882,ILLUSTRATIVE - not derived from operator financial data,3356.07,3344.62,11.45,0.3,False,False,2.2,96.80000000000001
microwave,mw_hidden_in_storm,8,POP~R_D05_1,hardware_directional,False,13.0,186.0,7.0,46.0,356.0,0,7,True,True,False,False,175.0,179.0,179.0,192.0,198.0,192.0,245.0,,,13.0,13.0,13.0,13.0,0.0,0.0,422,0,12,167,1.0,0.9723502304147466,0.985981308411215,0.0,0.027649769585253458,415,0,10,176,1.0,0.9764705882352941,0.988095238095238,0.0,0.023529411764705882,409,0,16,176,1.0,0.9623529411764706,0.9808153477218226,0.0,0.03764705882352941,ILLUSTRATIVE - not derived from operator financial data,3363.87,3351.46,12.41,0.4,False,False,2.2,96.80000000000001
microwave,mw_hidden_in_storm,9,POP~R_D05_1,hardware_directional,False,12.0,185.0,5.0,51.0,352.0,0,5,True,True,False,False,175.0,180.0,180.0,192.0,198.0,191.0,247.0,,,12.0,12.0,11.0,11.0,-1.0,0.0,421,0,13,167,1.0,0.9700460829493087,0.9847953216374269,0.0,0.029953917050691243,416,0,9,176,1.0,0.9788235294117648,0.9892984542211652,0.0,0.021176470588235293,409,0,16,176,1.0,0.9623529411764706,0.9808153477218226,0.0,0.03764705882352941,ILLUSTRATIVE - not derived from operator financial data,3353.33,3341.89,11.44,0.3,False,False,2.2,96.80000000000001
microwave,mw_hidden_in_storm,10,POP~R_D05_1,hardware_directional,False,12.0,182.0,3.0,52.0,353.0,0,3,True,True,False,False,175.0,179.0,179.0,191.0,197.0,188.0,248.0,,,12.0,12.0,9.0,9.0,-3.0,0.0,422,0,12,167,1.0,0.9723502304147466,0.985981308411215,0.0,0.027649769585253458,419,0,6,176,1.0,0.9858823529411764,0.9928909952606635,0.0,0.01411764705882353,410,0,15,176,1.0,0.9647058823529412,0.9820359281437125,0.0,0.03529411764705882,ILLUSTRATIVE - not derived from operator financial data,3356.87,3345.42,11.45,0.3,False,False,2.2,96.80000000000001
microwave,mw_hidden_in_storm,11,POP~R_D05_1,hardware_directional,False,12.0,183.0,4.0,50.0,353.0,0,4,True,True,False,False,175.0,179.0,179.0,191.0,197.0,188.0,248.0,,,12.0,12.0,9.0,9.0,-3.0,0.0,422,0,12,167,1.0,0.9723502304147466,0.985981308411215,0.0,0.027649769585253458,418,0,7,176,1.0,0.9835294117647059,0.9916963226571768,0.0,0.01647058823529412,410,0,15,176,1.0,0.9647058823529412,0.9820359281437125,0.0,0.03529411764705882,ILLUSTRATIVE - not derived from operator financial data,3356.07,3344.62,11.45,0.3,False,False,2.2,96.80000000000001
microwave,mw_hidden_in_storm,12,POP~R_D05_1,hardware_directional,False,13.0,187.0,7.0,48.0,354.0,0,7,True,True,False,False,175.0,180.0,180.0,193.0,199.0,189.0,246.0,,,13.0,13.0,9.0,9.0,-4.0,0.0,421,0,13,167,1.0,0.9700460829493087,0.9847953216374269,0.0,0.029953917050691243,414,0,11,176,1.0,0.9741176470588235,0.9868891537544696,0.0,0.02588235294117647,408,0,17,176,1.0,0.96,0.9795918367346939,0.0,0.04,ILLUSTRATIVE - not derived from operator financial data,3358.4,3346.0,12.4,0.4,False,False,2.2,96.80000000000001
microwave,mw_hidden_in_storm,13,POP~R_D05_1,hardware_directional,False,13.0,185.0,6.0,48.0,355.0,0,6,True,True,False,False,175.0,179.0,179.0,192.0,198.0,190.0,245.0,,,13.0,13.0,11.0,11.0,-2.0,0.0,422,0,12,167,1.0,0.9723502304147466,0.985981308411215,0.0,0.027649769585253458,416,0,9,176,1.0,0.9788235294117648,0.9892984542211652,0.0,0.021176470588235293,409,0,16,176,1.0,0.9623529411764706,0.9808153477218226,0.0,0.03764705882352941,ILLUSTRATIVE - not derived from operator financial data,3361.53,3349.13,12.4,0.4,False,False,2.2,96.80000000000001
microwave,mw_hidden_in_storm,14,POP~R_D05_1,hardware_directional,False,13.0,183.0,4.0,49.0,355.0,0,4,True,True,False,False,175.0,179.0,179.0,192.0,198.0,189.0,245.0,,,13.0,13.0,10.0,10.0,-3.0,0.0,422,0,12,167,1.0,0.9723502304147466,0.985981308411215,0.0,0.027649769585253458,418,0,7,176,1.0,0.9835294117647059,0.9916963226571768,0.0,0.01647058823529412,409,0,16,176,1.0,0.9623529411764706,0.9808153477218226,0.0,0.03764705882352941,ILLUSTRATIVE - not derived from operator financial data,3361.93,3349.53,12.4,0.4,False,False,2.2,96.80000000000001
microwave,mw_hidden_in_storm,15,POP~R_D05_1,hardware_directional,False,13.0,183.0,4.0,46.0,356.0,0,4,True,True,False,False,175.0,179.0,179.0,192.0,198.0,188.0,245.0,,,13.0,13.0,9.0,9.0,-4.0,0.0,422,0,12,167,1.0,0.9723502304147466,0.985981308411215,0.0,0.027649769585253458,418,0,7,176,1.0,0.9835294117647059,0.9916963226571768,0.0,0.01647058823529412,409,0,16,176,1.0,0.9623529411764706,0.9808153477218226,0.0,0.03764705882352941,ILLUSTRATIVE - not derived from operator financial data,3363.87,3351.46,12.41,0.4,False,False,2.2,96.80000000000001
microwave,mw_interference,1,POP~R_D05_1,interference,False,,190.0,0.0,0.0,0.0,1,0,False,True,False,False,180.0,190.0,190.0,,,,,,,,,,,,0.0,411,0,9,181,1.0,0.9785714285714285,0.9891696750902527,0.0,0.02142857142857143,410,0,10,181,1.0,0.9761904761904762,0.9879518072289156,0.0,0.023809523809523808,0,0,420,181,,0.0,,0.0,1.0,ILLUSTRATIVE - not derived from operator financial data,0.0,900.0,-900.0,,False,False,0.4,5.2
microwave,mw_interference,2,POP~R_D05_1,interference,False,,188.0,0.0,0.0,0.0,0,0,False,True,False,False,180.0,188.0,188.0,,,,,,,,,,,,0.0,413,0,7,181,1.0,0.9833333333333333,0.9915966386554621,0.0,0.016666666666666666,413,0,7,181,1.0,0.9833333333333333,0.9915966386554621,0.0,0.016666666666666666,0,0,420,181,,0.0,,0.0,1.0,ILLUSTRATIVE - not derived from operator financial data,0.0,900.0,-900.0,,False,False,0.4,5.2
microwave,mw_interference,3,POP~R_D05_1,interference,False,,187.0,0.0,0.0,0.0,1,0,False,True,False,False,180.0,187.0,187.0,,,,,,,,,,,,0.0,414,0,6,181,1.0,0.9857142857142858,0.9928057553956835,0.0,0.014285714285714285,413,0,7,181,1.0,0.9833333333333333,0.9915966386554621,0.0,0.016666666666666666,0,0,420,181,,0.0,,0.0,1.0,ILLUSTRATIVE - not derived from operator financial data,0.0,900.0,-900.0,,False,False,0.4,5.2
microwave,mw_interference,4,POP~R_D05_1,interference,False,,186.0,0.0,0.0,0.0,2,0,False,True,False,False,180.0,186.0,186.0,,,,,,,,,,,,0.0,415,0,5,181,1.0,0.9880952380952381,0.9940119760479043,0.0,0.011904761904761904,413,0,7,181,1.0,0.9833333333333333,0.9915966386554621,0.0,0.016666666666666666,0,0,420,181,,0.0,,0.0,1.0,ILLUSTRATIVE - not derived from operator financial data,0.0,900.0,-900.0,,False,False,0.4,5.2
microwave,mw_interference,5,POP~R_D05_1,interference,False,,188.0,0.0,0.0,0.0,0,0,False,True,False,False,180.0,188.0,188.0,,,,,,,,,,,,0.0,413,0,7,181,1.0,0.9833333333333333,0.9915966386554621,0.0,0.016666666666666666,413,0,7,181,1.0,0.9833333333333333,0.9915966386554621,0.0,0.016666666666666666,0,0,420,181,,0.0,,0.0,1.0,ILLUSTRATIVE - not derived from operator financial data,0.0,900.0,-900.0,,False,False,0.4,5.2
microwave,mw_interference,6,POP~R_D05_1,interference,False,,188.0,1.0,0.0,0.0,5,0,False,True,False,False,180.0,187.0,188.0,,,,,,,,,,,,1.0,414,0,6,181,1.0,0.9857142857142858,0.9928057553956835,0.0,0.014285714285714285,409,0,11,181,1.0,0.9738095238095238,0.9867310012062726,0.0,0.02619047619047619,0,0,420,181,,0.0,,0.0,1.0,ILLUSTRATIVE - not derived from operator financial data,0.0,900.0,-900.0,,False,False,0.4,5.2
microwave,mw_interference,7,POP~R_D05_1,interference,False,,187.0,0.0,0.0,0.0,1,0,False,True,False,False,180.0,187.0,187.0,,,,,,,,,,,,0.0,414,0,6,181,1.0,0.9857142857142858,0.9928057553956835,0.0,0.014285714285714285,413,0,7,181,1.0,0.9833333333333333,0.9915966386554621,0.0,0.016666666666666666,0,0,420,181,,0.0,,0.0,1.0,ILLUSTRATIVE - not derived from operator financial data,0.0,900.0,-900.0,,False,False,0.4,5.2
microwave,mw_interference,8,POP~R_D05_1,interference,False,,187.0,0.0,0.0,0.0,4,0,False,True,False,False,180.0,187.0,187.0,,,,,,,,,,,,0.0,414,0,6,181,1.0,0.9857142857142858,0.9928057553956835,0.0,0.014285714285714285,410,0,10,181,1.0,0.9761904761904762,0.9879518072289156,0.0,0.023809523809523808,0,0,420,181,,0.0,,0.0,1.0,ILLUSTRATIVE - not derived from operator financial data,0.0,900.0,-900.0,,False,False,0.4,5.2
microwave,mw_interference,9,POP~R_D05_1,interference,False,,187.0,0.0,0.0,0.0,1,0,False,True,False,False,180.0,187.0,187.0,,,,,,,,,,,,0.0,414,0,6,181,1.0,0.9857142857142858,0.9928057553956835,0.0,0.014285714285714285,413,0,7,181,1.0,0.9833333333333333,0.9915966386554621,0.0,0.016666666666666666,0,0,420,181,,0.0,,0.0,1.0,ILLUSTRATIVE - not derived from operator financial data,0.0,900.0,-900.0,,False,False,0.4,5.2
microwave,mw_interference,10,POP~R_D05_1,interference,False,,186.0,0.0,0.0,0.0,1,0,False,True,False,False,180.0,186.0,186.0,,,,,,,,,,,,0.0,415,0,5,181,1.0,0.9880952380952381,0.9940119760479043,0.0,0.011904761904761904,414,0,6,181,1.0,0.9857142857142858,0.9928057553956835,0.0,0.014285714285714285,0,0,420,181,,0.0,,0.0,1.0,ILLUSTRATIVE - not derived from operator financial data,0.0,900.0,-900.0,,False,False,0.4,5.2
microwave,mw_interference,11,POP~R_D05_1,interference,False,,188.0,0.0,0.0,0.0,0,0,False,True,False,False,180.0,188.0,188.0,,,,,,,,,,,,0.0,413,0,7,181,1.0,0.9833333333333333,0.9915966386554621,0.0,0.016666666666666666,413,0,7,181,1.0,0.9833333333333333,0.9915966386554621,0.0,0.016666666666666666,0,0,420,181,,0.0,,0.0,1.0,ILLUSTRATIVE - not derived from operator financial data,0.0,900.0,-900.0,,False,False,0.4,5.2
microwave,mw_interference,12,POP~R_D05_1,interference,False,,190.0,4.0,0.0,0.0,6,0,False,True,False,False,180.0,186.0,190.0,,,,,,,,,,,,4.0,412,0,8,181,1.0,0.9809523809523809,0.9903846153846153,0.0,0.01904761904761905,406,0,14,181,1.0,0.9666666666666667,0.983050847457627,0.0,0.03333333333333333,0,0,420,181,,0.0,,0.0,1.0,ILLUSTRATIVE - not derived from operator financial data,0.0,900.0,-900.0,,False,False,0.4,5.2
microwave,mw_interference,13,POP~R_D05_1,interference,False,,187.0,0.0,0.0,0.0,2,0,False,True,False,False,180.0,187.0,187.0,,,,,,,,,,,,0.0,414,0,6,181,1.0,0.9857142857142858,0.9928057553956835,0.0,0.014285714285714285,412,0,8,181,1.0,0.9809523809523809,0.9903846153846153,0.0,0.01904761904761905,0,0,420,181,,0.0,,0.0,1.0,ILLUSTRATIVE - not derived from operator financial data,0.0,900.0,-900.0,,False,False,0.4,5.2
microwave,mw_interference,14,POP~R_D05_1,interference,False,,188.0,0.0,0.0,0.0,2,0,False,True,False,False,180.0,188.0,188.0,,,,,,,,,,,,0.0,413,0,7,181,1.0,0.9833333333333333,0.9915966386554621,0.0,0.016666666666666666,411,0,9,181,1.0,0.9785714285714285,0.9891696750902527,0.0,0.02142857142857143,0,0,420,181,,0.0,,0.0,1.0,ILLUSTRATIVE - not derived from operator financial data,0.0,900.0,-900.0,,False,False,0.4,5.2
microwave,mw_interference,15,POP~R_D05_1,interference,False,,188.0,0.0,0.0,0.0,0,0,False,True,False,False,180.0,188.0,188.0,,,,,,,,,,,,0.0,413,0,7,181,1.0,0.9833333333333333,0.9915966386554621,0.0,0.016666666666666666,413,0,7,181,1.0,0.9833333333333333,0.9915966386554621,0.0,0.016666666666666666,0,0,420,181,,0.0,,0.0,1.0,ILLUSTRATIVE - not derived from operator financial data,0.0,900.0,-900.0,,False,False,0.4,5.2
microwave,mw_interference,1,POP~R_D05_1,interference,False,174.0,186.0,0.0,0.0,0.0,1,0,True,True,False,False,180.0,186.0,186.0,360.0,366.0,,,,,174.0,174.0,,,,0.0,415,0,5,181,1.0,0.9880952380952381,0.9940119760479043,0.0,0.011904761904761904,414,0,6,181,1.0,0.9857142857142858,0.9928057553956835,0.0,0.014285714285714285,241,0,179,181,1.0,0.5738095238095238,0.7291981845688351,0.0,0.4261904761904762,ILLUSTRATIVE - not derived from operator financial data,900.0,900.0,0.0,0.0,False,False,0.6,7.8
microwave,mw_interference,2,POP~R_D05_1,interference,False,373.0,185.0,0.0,0.0,0.0,0,0,True,True,False,False,180.0,185.0,185.0,558.0,564.0,,,,,373.0,373.0,,,,0.0,416,0,4,181,1.0,0.9904761904761905,0.9952153110047847,0.0,0.009523809523809525,416,0,4,181,1.0,0.9904761904761905,0.9952153110047847,0.0,0.009523809523809525,43,0,377,181,1.0,0.10238095238095238,0.18574514038876888,0.0,0.8976190476190476,ILLUSTRATIVE - not derived from operator financial data,900.0,900.0,0.0,0.0,False,False,0.6,7.8
microwave,mw_interference,3,POP~R_D05_1,interference,False,318.0,186.0,1.0,0.0,0.0,2,0,True,True,False,False,180.0,185.0,186.0,504.0,510.0,,,,,319.0,318.0,,,,1.0,416,0,4,181,1.0,0.9904761904761905,0.9952153110047847,0.0,0.009523809523809525,414,0,6,181,1.0,0.9857142857142858,0.9928057553956835,0.0,0.014285714285714285,97,0,323,181,1.0,0.23095238095238096,0.37524177949709864,0.0,0.7690476190476191,ILLUSTRATIVE - not derived from operator financial data,900.0,900.0,0.0,0.0,False,False,0.6,7.8
microwave,mw_interference,4,POP~R_D05_1,interference,False,,185.0,0.0,0.0,0.0,1,0,False,True,False,False,180.0,185.0,185.0,,,,,,,,,,,,0.0,416,0,4,181,1.0,0.9904761904761905,0.9952153110047847,0.0,0.009523809523809525,415,0,5,181,1.0,0.9880952380952381,0.9940119760479043,0.0,0.011904761904761904,0,0,420,181,,0.0,,0.0,1.0,ILLUSTRATIVE - not derived from operator financial data,0.0,900.0,-900.0,,False,False,0.6,7.8
microwave,mw_interference,5,POP~R_D05_1,interference,False,,187.0,0.0,0.0,0.0,0,0,False,True,False,False,180.0,187.0,187.0,,,,,,,,,,,,0.0,414,0,6,181,1.0,0.9857142857142858,0.9928057553956835,0.0,0.014285714285714285,414,0,6,181,1.0,0.9857142857142858,0.9928057553956835,0.0,0.014285714285714285,0,0,420,181,,0.0,,0.0,1.0,ILLUSTRATIVE - not derived from operator financial data,0.0,900.0,-900.0,,False,False,0.6,7.8
microwave,mw_interference,6,POP~R_D05_1,interference,False,144.0,185.0,0.0,0.0,0.0,4,0,True,True,False,False,180.0,185.0,185.0,329.0,335.0,,,,,144.0,144.0,,,,0.0,416,0,4,181,1.0,0.9904761904761905,0.9952153110047847,0.0,0.009523809523809525,412,0,8,181,1.0,0.9809523809523809,0.9903846153846153,0.0,0.01904761904761905,272,0,148,181,1.0,0.6476190476190476,0.7861271676300579,0.0,0.3523809523809524,ILLUSTRATIVE - not derived from operator financial data,900.0,900.0,0.0,0.0,False,False,0.6,7.8
microwave,mw_interference,7,POP~R_D05_1,interference,False,,187.0,0.0,0.0,0.0,1,0,False,True,False,False,180.0,187.0,187.0,,,,,,,,,,,,0.0,414,0,6,181,1.0,0.9857142857142858,0.9928057553956835,0.0,0.014285714285714285,413,0,7,181,1.0,0.9833333333333333,0.9915966386554621,0.0,0.016666666666666666,0,0,420,181,,0.0,,0.0,1.0,ILLUSTRATIVE - not derived from operator financial data,0.0,900.0,-900.0,,False,False,0.6,7.8
microwave,mw_interference,8,POP~R_D05_1,interference,False,46.0,185.0,0.0,0.0,0.0,3,0,True,True,False,False,180.0,185.0,185.0,231.0,237.0,,,,,46.0,46.0,,,,0.0,416,0,4,181,1.0,0.9904761904761905,0.9952153110047847,0.0,0.009523809523809525,413,0,7,181,1.0,0.9833333333333333,0.9915966386554621,0.0,0.016666666666666666,370,0,50,181,1.0,0.8809523809523809,0.9367088607594937,0.0,0.11904761904761904,ILLUSTRATIVE - not derived from operator financial data,900.0,900.0,0.0,0.0,False,False,0.6,7.8
microwave,mw_interference,9,POP~R_D05_1,interference,False,42.0,185.0,0.0,0.0,0.0,0,0,True,True,False,False,180.0,185.0,185.0,227.0,233.0,,,,,42.0,42.0,,,,0.0,416,0,4,181,1.0,0.9904761904761905,0.9952153110047847,0.0,0.009523809523809525,416,0,4,181,1.0,0.9904761904761905,0.9952153110047847,0.0,0.009523809523809525,374,0,46,181,1.0,0.8904761904761904,0.9420654911838791,0.0,0.10952380952380952,ILLUSTRATIVE - not derived from operator financial data,900.0,900.0,0.0,0.0,False,False,0.6,7.8
microwave,mw_interference,10,POP~R_D05_1,interference,False,,185.0,0.0,0.0,0.0,0,0,False,True,False,False,180.0,185.0,185.0,,,,,,,,,,,,0.0,416,0,4,181,1.0,0.9904761904761905,0.9952153110047847,0.0,0.009523809523809525,416,0,4,181,1.0,0.9904761904761905,0.9952153110047847,0.0,0.009523809523809525,0,0,420,181,,0.0,,0.0,1.0,ILLUSTRATIVE - not derived from operator financial data,0.0,900.0,-900.0,,False,False,0.6,7.8
microwave,mw_interference,11,POP~R_D05_1,interference,False,197.0,186.0,0.0,0.0,0.0,0,0,True,True,False,False,180.0,186.0,186.0,383.0,389.0,,,,,197.0,197.0,,,,0.0,415,0,5,181,1.0,0.9880952380952381,0.9940119760479043,0.0,0.011904761904761904,415,0,5,181,1.0,0.9880952380952381,0.9940119760479043,0.0,0.011904761904761904,218,0,202,181,1.0,0.5190476190476191,0.6833855799373042,0.0,0.48095238095238096,ILLUSTRATIVE - not derived from operator financial data,900.0,900.0,0.0,0.0,False,False,0.6,7.8
microwave,mw_interference,12,POP~R_D05_1,interference,False,,185.0,0.0,0.0,0.0,5,0,False,True,False,False,180.0,185.0,185.0,,,,,,,,,,,,0.0,416,0,4,181,1.0,0.9904761904761905,0.9952153110047847,0.0,0.009523809523809525,411,0,9,181,1.0,0.9785714285714285,0.9891696750902527,0.0,0.02142857142857143,0,0,420,181,,0.0,,0.0,1.0,ILLUSTRATIVE - not derived from operator financial data,0.0,900.0,-900.0,,False,False,0.6,7.8
microwave,mw_interference,13,POP~R_D05_1,interference,False,,187.0,0.0,0.0,0.0,2,0,False,True,False,False,180.0,187.0,187.0,,,,,,,,,,,,0.0,414,0,6,181,1.0,0.9857142857142858,0.9928057553956835,0.0,0.014285714285714285,412,0,8,181,1.0,0.9809523809523809,0.9903846153846153,0.0,0.01904761904761905,0,0,420,181,,0.0,,0.0,1.0,ILLUSTRATIVE - not derived from operator financial data,0.0,900.0,-900.0,,False,False,0.6,7.8
microwave,mw_interference,14,POP~R_D05_1,interference,False,68.0,186.0,0.0,0.0,0.0,2,0,True,True,False,False,180.0,186.0,186.0,254.0,260.0,,,,,68.0,68.0,,,,0.0,415,0,5,181,1.0,0.9880952380952381,0.9940119760479043,0.0,0.011904761904761904,413,0,7,181,1.0,0.9833333333333333,0.9915966386554621,0.0,0.016666666666666666,347,0,73,181,1.0,0.8261904761904761,0.9048239895697523,0.0,0.1738095238095238,ILLUSTRATIVE - not derived from operator financial data,900.0,900.0,0.0,0.0,False,False,0.6,7.8
microwave,mw_interference,15,POP~R_D05_1,interference,False,164.0,186.0,0.0,0.0,0.0,0,0,True,True,False,False,180.0,186.0,186.0,350.0,356.0,,,,,164.0,164.0,,,,0.0,415,0,5,181,1.0,0.9880952380952381,0.9940119760479043,0.0,0.011904761904761904,415,0,5,181,1.0,0.9880952380952381,0.9940119760479043,0.0,0.011904761904761904,251,0,169,181,1.0,0.5976190476190476,0.7481371087928465,0.0,0.4023809523809524,ILLUSTRATIVE - not derived from operator financial data,900.0,900.0,0.0,0.0,False,False,0.6,7.8
microwave,mw_interference,1,POP~R_D05_1,interference,False,24.0,184.0,0.0,0.0,0.0,1,0,True,True,False,False,180.0,184.0,184.0,208.0,214.0,,,,,24.0,24.0,,,,0.0,417,0,3,181,1.0,0.9928571428571429,0.996415770609319,0.0,0.007142857142857143,416,0,4,181,1.0,0.9904761904761905,0.9952153110047847,0.0,0.009523809523809525,393,0,27,181,1.0,0.9357142857142857,0.966789667896679,0.0,0.06428571428571428,ILLUSTRATIVE - not derived from operator financial data,900.0,900.0,0.0,0.0,False,False,0.8,10.4
microwave,mw_interference,2,POP~R_D05_1,interference,False,23.0,185.0,0.0,0.0,0.0,0,0,True,True,False,False,180.0,185.0,185.0,208.0,214.0,,,,,23.0,23.0,,,,0.0,416,0,4,181,1.0,0.9904761904761905,0.9952153110047847,0.0,0.009523809523809525,416,0,4,181,1.0,0.9904761904761905,0.9952153110047847,0.0,0.009523809523809525,393,0,27,181,1.0,0.9357142857142857,0.966789667896679,0.0,0.06428571428571428,ILLUSTRATIVE - not derived from operator financial data,900.0,900.0,0.0,0.0,False,False,0.8,10.4
microwave,mw_interference,3,POP~R_D05_1,interference,False,23.0,185.0,0.0,0.0,0.0,1,0,True,True,False,False,180.0,185.0,185.0,208.0,214.0,,,,,23.0,23.0,,,,0.0,416,0,4,181,1.0,0.9904761904761905,0.9952153110047847,0.0,0.009523809523809525,415,0,5,181,1.0,0.9880952380952381,0.9940119760479043,0.0,0.011904761904761904,393,0,27,181,1.0,0.9357142857142857,0.966789667896679,0.0,0.06428571428571428,ILLUSTRATIVE - not derived from operator financial data,900.0,900.0,0.0,0.0,False,False,0.8,10.4
microwave,mw_interference,4,POP~R_D05_1,interference,False,24.0,184.0,0.0,0.0,0.0,1,0,True,True,False,False,180.0,184.0,184.0,208.0,214.0,,,,,24.0,24.0,,,,0.0,417,0,3,181,1.0,0.9928571428571429,0.996415770609319,0.0,0.007142857142857143,416,0,4,181,1.0,0.9904761904761905,0.9952153110047847,0.0,0.009523809523809525,393,0,27,181,1.0,0.9357142857142857,0.966789667896679,0.0,0.06428571428571428,ILLUSTRATIVE - not derived from operator financial data,900.0,900.0,0.0,0.0,False,False,0.8,10.4
microwave,mw_interference,5,POP~R_D05_1,interference,False,23.0,185.0,0.0,0.0,0.0,0,0,True,True,False,False,180.0,185.0,185.0,208.0,214.0,,,,,23.0,23.0,,,,0.0,416,0,4,181,1.0,0.9904761904761905,0.9952153110047847,0.0,0.009523809523809525,416,0,4,181,1.0,0.9904761904761905,0.9952153110047847,0.0,0.009523809523809525,393,0,27,181,1.0,0.9357142857142857,0.966789667896679,0.0,0.06428571428571428,ILLUSTRATIVE - not derived from operator financial data,900.0,900.0,0.0,0.0,False,False,0.8,10.4
microwave,mw_interference,6,POP~R_D05_1,interference,False,23.0,185.0,0.0,0.0,0.0,4,0,True,True,False,False,180.0,185.0,185.0,208.0,214.0,,,,,23.0,23.0,,,,0.0,416,0,4,181,1.0,0.9904761904761905,0.9952153110047847,0.0,0.009523809523809525,412,0,8,181,1.0,0.9809523809523809,0.9903846153846153,0.0,0.01904761904761905,393,0,27,181,1.0,0.9357142857142857,0.966789667896679,0.0,0.06428571428571428,ILLUSTRATIVE - not derived from operator financial data,900.0,900.0,0.0,0.0,False,False,0.8,10.4
microwave,mw_interference,7,POP~R_D05_1,interference,False,23.0,185.0,0.0,0.0,0.0,1,0,True,True,False,False,180.0,185.0,185.0,208.0,214.0,,,,,23.0,23.0,,,,0.0,416,0,4,181,1.0,0.9904761904761905,0.9952153110047847,0.0,0.009523809523809525,415,0,5,181,1.0,0.9880952380952381,0.9940119760479043,0.0,0.011904761904761904,393,0,27,181,1.0,0.9357142857142857,0.966789667896679,0.0,0.06428571428571428,ILLUSTRATIVE - not derived from operator financial data,900.0,900.0,0.0,0.0,False,False,0.8,10.4
microwave,mw_interference,8,POP~R_D05_1,interference,False,23.0,185.0,0.0,0.0,0.0,3,0,True,True,False,False,180.0,185.0,185.0,208.0,214.0,,,,,23.0,23.0,,,,0.0,416,0,4,181,1.0,0.9904761904761905,0.9952153110047847,0.0,0.009523809523809525,413,0,7,181,1.0,0.9833333333333333,0.9915966386554621,0.0,0.016666666666666666,393,0,27,181,1.0,0.9357142857142857,0.966789667896679,0.0,0.06428571428571428,ILLUSTRATIVE - not derived from operator financial data,900.0,900.0,0.0,0.0,False,False,0.8,10.4
microwave,mw_interference,9,POP~R_D05_1,interference,False,23.0,185.0,0.0,0.0,0.0,0,0,True,True,False,False,180.0,185.0,185.0,208.0,214.0,,,,,23.0,23.0,,,,0.0,416,0,4,181,1.0,0.9904761904761905,0.9952153110047847,0.0,0.009523809523809525,416,0,4,181,1.0,0.9904761904761905,0.9952153110047847,0.0,0.009523809523809525,393,0,27,181,1.0,0.9357142857142857,0.966789667896679,0.0,0.06428571428571428,ILLUSTRATIVE - not derived from operator financial data,900.0,900.0,0.0,0.0,False,False,0.8,10.4
microwave,mw_interference,10,POP~R_D05_1,interference,False,23.0,185.0,0.0,0.0,0.0,0,0,True,True,False,False,180.0,185.0,185.0,208.0,214.0,,,,,23.0,23.0,,,,0.0,416,0,4,181,1.0,0.9904761904761905,0.9952153110047847,0.0,0.009523809523809525,416,0,4,181,1.0,0.9904761904761905,0.9952153110047847,0.0,0.009523809523809525,393,0,27,181,1.0,0.9357142857142857,0.966789667896679,0.0,0.06428571428571428,ILLUSTRATIVE - not derived from operator financial data,900.0,900.0,0.0,0.0,False,False,0.8,10.4
microwave,mw_interference,11,POP~R_D05_1,interference,False,22.0,186.0,0.0,0.0,0.0,0,0,True,True,False,False,180.0,186.0,186.0,208.0,214.0,,,,,22.0,22.0,,,,0.0,415,0,5,181,1.0,0.9880952380952381,0.9940119760479043,0.0,0.011904761904761904,415,0,5,181,1.0,0.9880952380952381,0.9940119760479043,0.0,0.011904761904761904,393,0,27,181,1.0,0.9357142857142857,0.966789667896679,0.0,0.06428571428571428,ILLUSTRATIVE - not derived from operator financial data,900.0,900.0,0.0,0.0,False,False,0.8,10.4
microwave,mw_interference,12,POP~R_D05_1,interference,False,23.0,185.0,0.0,0.0,0.0,5,0,True,True,False,False,180.0,185.0,185.0,208.0,214.0,,,,,23.0,23.0,,,,0.0,416,0,4,181,1.0,0.9904761904761905,0.9952153110047847,0.0,0.009523809523809525,411,0,9,181,1.0,0.9785714285714285,0.9891696750902527,0.0,0.02142857142857143,393,0,27,181,1.0,0.9357142857142857,0.966789667896679,0.0,0.06428571428571428,ILLUSTRATIVE - not derived from operator financial data,900.0,900.0,0.0,0.0,False,False,0.8,10.4
microwave,mw_interference,13,POP~R_D05_1,interference,False,22.0,186.0,0.0,0.0,0.0,2,0,True,True,False,False,180.0,186.0,186.0,208.0,214.0,,,,,22.0,22.0,,,,0.0,415,0,5,181,1.0,0.9880952380952381,0.9940119760479043,0.0,0.011904761904761904,413,0,7,181,1.0,0.9833333333333333,0.9915966386554621,0.0,0.016666666666666666,393,0,27,181,1.0,0.9357142857142857,0.966789667896679,0.0,0.06428571428571428,ILLUSTRATIVE - not derived from operator financial data,900.0,900.0,0.0,0.0,False,False,0.8,10.4
microwave,mw_interference,14,POP~R_D05_1,interference,False,21.0,186.0,0.0,0.0,0.0,2,0,True,True,False,False,180.0,186.0,186.0,207.0,213.0,,,,,21.0,21.0,,,,0.0,415,0,5,181,1.0,0.9880952380952381,0.9940119760479043,0.0,0.011904761904761904,413,0,7,181,1.0,0.9833333333333333,0.9915966386554621,0.0,0.016666666666666666,394,0,26,181,1.0,0.9380952380952381,0.9680589680589681,0.0,0.06190476190476191,ILLUSTRATIVE - not derived from operator financial data,900.0,900.0,0.0,0.0,False,False,0.8,10.4
microwave,mw_interference,15,POP~R_D05_1,interference,False,22.0,186.0,0.0,0.0,0.0,0,0,True,True,False,False,180.0,186.0,186.0,208.0,214.0,,,,,22.0,22.0,,,,0.0,415,0,5,181,1.0,0.9880952380952381,0.9940119760479043,0.0,0.011904761904761904,415,0,5,181,1.0,0.9880952380952381,0.9940119760479043,0.0,0.011904761904761904,393,0,27,181,1.0,0.9357142857142857,0.966789667896679,0.0,0.06428571428571428,ILLUSTRATIVE - not derived from operator financial data,900.0,900.0,0.0,0.0,False,False,0.8,10.4
microwave,mw_interference,1,POP~R_D05_1,interference,False,21.0,184.0,0.0,0.0,0.0,1,0,True,True,False,False,180.0,184.0,184.0,205.0,211.0,,,,,21.0,21.0,,,,0.0,417,0,3,181,1.0,0.9928571428571429,0.996415770609319,0.0,0.007142857142857143,416,0,4,181,1.0,0.9904761904761905,0.9952153110047847,0.0,0.009523809523809525,396,0,24,181,1.0,0.9428571428571428,0.9705882352941176,0.0,0.05714285714285714,ILLUSTRATIVE - not derived from operator financial data,900.0,900.0,0.0,0.0,False,False,1.0,13.0
microwave,mw_interference,2,POP~R_D05_1,interference,False,20.0,185.0,0.0,0.0,0.0,0,0,True,True,False,False,180.0,185.0,185.0,205.0,211.0,,,,,20.0,20.0,,,,0.0,416,0,4,181,1.0,0.9904761904761905,0.9952153110047847,0.0,0.009523809523809525,416,0,4,181,1.0,0.9904761904761905,0.9952153110047847,0.0,0.009523809523809525,396,0,24,181,1.0,0.9428571428571428,0.9705882352941176,0.0,0.05714285714285714,ILLUSTRATIVE - not derived from operator financial data,900.0,900.0,0.0,0.0,False,False,1.0,13.0
microwave,mw_interference,3,POP~R_D05_1,interference,False,20.0,185.0,0.0,0.0,0.0,1,0,True,True,False,False,180.0,185.0,185.0,205.0,211.0,,,,,20.0,20.0,,,,0.0,416,0,4,181,1.0,0.9904761904761905,0.9952153110047847,0.0,0.009523809523809525,415,0,5,181,1.0,0.9880952380952381,0.9940119760479043,0.0,0.011904761904761904,396,0,24,181,1.0,0.9428571428571428,0.9705882352941176,0.0,0.05714285714285714,ILLUSTRATIVE - not derived from operator financial data,900.0,900.0,0.0,0.0,False,False,1.0,13.0
microwave,mw_interference,4,POP~R_D05_1,interference,False,21.0,184.0,0.0,0.0,0.0,1,0,True,True,False,False,180.0,184.0,184.0,205.0,211.0,,,,,21.0,21.0,,,,0.0,417,0,3,181,1.0,0.9928571428571429,0.996415770609319,0.0,0.007142857142857143,416,0,4,181,1.0,0.9904761904761905,0.9952153110047847,0.0,0.009523809523809525,396,0,24,181,1.0,0.9428571428571428,0.9705882352941176,0.0,0.05714285714285714,ILLUSTRATIVE - not derived from operator financial data,900.0,900.0,0.0,0.0,False,False,1.0,13.0
microwave,mw_interference,5,POP~R_D05_1,interference,False,21.0,184.0,0.0,0.0,0.0,0,0,True,True,False,False,180.0,184.0,184.0,205.0,211.0,,,,,21.0,21.0,,,,0.0,417,0,3,181,1.0,0.9928571428571429,0.996415770609319,0.0,0.007142857142857143,417,0,3,181,1.0,0.9928571428571429,0.996415770609319,0.0,0.007142857142857143,396,0,24,181,1.0,0.9428571428571428,0.9705882352941176,0.0,0.05714285714285714,ILLUSTRATIVE - not derived from operator financial data,900.0,900.0,0.0,0.0,False,False,1.0,13.0
microwave,mw_interference,6,POP~R_D05_1,interference,False,20.0,185.0,0.0,0.0,0.0,4,0,True,True,False,False,180.0,185.0,185.0,205.0,211.0,,,,,20.0,20.0,,,,0.0,416,0,4,181,1.0,0.9904761904761905,0.9952153110047847,0.0,0.009523809523809525,412,0,8,181,1.0,0.9809523809523809,0.9903846153846153,0.0,0.01904761904761905,396,0,24,181,1.0,0.9428571428571428,0.9705882352941176,0.0,0.05714285714285714,ILLUSTRATIVE - not derived from operator financial data,900.0,900.0,0.0,0.0,False,False,1.0,13.0
microwave,mw_interference,7,POP~R_D05_1,interference,False,20.0,185.0,0.0,0.0,0.0,1,0,True,True,False,False,180.0,185.0,185.0,205.0,211.0,,,,,20.0,20.0,,,,0.0,416,0,4,181,1.0,0.9904761904761905,0.9952153110047847,0.0,0.009523809523809525,415,0,5,181,1.0,0.9880952380952381,0.9940119760479043,0.0,0.011904761904761904,396,0,24,181,1.0,0.9428571428571428,0.9705882352941176,0.0,0.05714285714285714,ILLUSTRATIVE - not derived from operator financial data,900.0,900.0,0.0,0.0,False,False,1.0,13.0
microwave,mw_interference,8,POP~R_D05_1,interference,False,21.0,184.0,0.0,0.0,0.0,3,0,True,True,False,False,180.0,184.0,184.0,205.0,211.0,,,,,21.0,21.0,,,,0.0,417,0,3,181,1.0,0.9928571428571429,0.996415770609319,0.0,0.007142857142857143,414,0,6,181,1.0,0.9857142857142858,0.9928057553956835,0.0,0.014285714285714285,396,0,24,181,1.0,0.9428571428571428,0.9705882352941176,0.0,0.05714285714285714,ILLUSTRATIVE - not derived from operator financial data,900.0,900.0,0.0,0.0,False,False,1.0,13.0
microwave,mw_interference,9,POP~R_D05_1,interference,False,21.0,184.0,0.0,0.0,0.0,0,0,True,True,False,False,180.0,184.0,184.0,205.0,211.0,,,,,21.0,21.0,,,,0.0,417,0,3,181,1.0,0.9928571428571429,0.996415770609319,0.0,0.007142857142857143,417,0,3,181,1.0,0.9928571428571429,0.996415770609319,0.0,0.007142857142857143,396,0,24,181,1.0,0.9428571428571428,0.9705882352941176,0.0,0.05714285714285714,ILLUSTRATIVE - not derived from operator financial data,900.0,900.0,0.0,0.0,False,False,1.0,13.0
microwave,mw_interference,10,POP~R_D05_1,interference,False,20.0,185.0,0.0,0.0,0.0,0,0,True,True,False,False,180.0,185.0,185.0,205.0,211.0,,,,,20.0,20.0,,,,0.0,416,0,4,181,1.0,0.9904761904761905,0.9952153110047847,0.0,0.009523809523809525,416,0,4,181,1.0,0.9904761904761905,0.9952153110047847,0.0,0.009523809523809525,396,0,24,181,1.0,0.9428571428571428,0.9705882352941176,0.0,0.05714285714285714,ILLUSTRATIVE - not derived from operator financial data,900.0,900.0,0.0,0.0,False,False,1.0,13.0
microwave,mw_interference,11,POP~R_D05_1,interference,False,21.0,184.0,0.0,0.0,0.0,0,0,True,True,False,False,180.0,184.0,184.0,205.0,211.0,,,,,21.0,21.0,,,,0.0,417,0,3,181,1.0,0.9928571428571429,0.996415770609319,0.0,0.007142857142857143,417,0,3,181,1.0,0.9928571428571429,0.996415770609319,0.0,0.007142857142857143,396,0,24,181,1.0,0.9428571428571428,0.9705882352941176,0.0,0.05714285714285714,ILLUSTRATIVE - not derived from operator financial data,900.0,900.0,0.0,0.0,False,False,1.0,13.0
microwave,mw_interference,12,POP~R_D05_1,interference,False,20.0,185.0,0.0,0.0,0.0,5,0,True,True,False,False,180.0,185.0,185.0,205.0,211.0,,,,,20.0,20.0,,,,0.0,416,0,4,181,1.0,0.9904761904761905,0.9952153110047847,0.0,0.009523809523809525,411,0,9,181,1.0,0.9785714285714285,0.9891696750902527,0.0,0.02142857142857143,396,0,24,181,1.0,0.9428571428571428,0.9705882352941176,0.0,0.05714285714285714,ILLUSTRATIVE - not derived from operator financial data,900.0,900.0,0.0,0.0,False,False,1.0,13.0
microwave,mw_interference,13,POP~R_D05_1,interference,False,20.0,185.0,0.0,0.0,0.0,2,0,True,True,False,False,180.0,185.0,185.0,205.0,211.0,,,,,20.0,20.0,,,,0.0,416,0,4,181,1.0,0.9904761904761905,0.9952153110047847,0.0,0.009523809523809525,414,0,6,181,1.0,0.9857142857142858,0.9928057553956835,0.0,0.014285714285714285,396,0,24,181,1.0,0.9428571428571428,0.9705882352941176,0.0,0.05714285714285714,ILLUSTRATIVE - not derived from operator financial data,900.0,900.0,0.0,0.0,False,False,1.0,13.0
microwave,mw_interference,14,POP~R_D05_1,interference,False,21.0,184.0,0.0,0.0,0.0,2,0,True,True,False,False,180.0,184.0,184.0,205.0,211.0,,,,,21.0,21.0,,,,0.0,417,0,3,181,1.0,0.9928571428571429,0.996415770609319,0.0,0.007142857142857143,415,0,5,181,1.0,0.9880952380952381,0.9940119760479043,0.0,0.011904761904761904,396,0,24,181,1.0,0.9428571428571428,0.9705882352941176,0.0,0.05714285714285714,ILLUSTRATIVE - not derived from operator financial data,900.0,900.0,0.0,0.0,False,False,1.0,13.0
microwave,mw_interference,15,POP~R_D05_1,interference,False,20.0,185.0,0.0,0.0,0.0,0,0,True,True,False,False,180.0,185.0,185.0,205.0,211.0,,,,,20.0,20.0,,,,0.0,416,0,4,181,1.0,0.9904761904761905,0.9952153110047847,0.0,0.009523809523809525,416,0,4,181,1.0,0.9904761904761905,0.9952153110047847,0.0,0.009523809523809525,396,0,24,181,1.0,0.9428571428571428,0.9705882352941176,0.0,0.05714285714285714,ILLUSTRATIVE - not derived from operator financial data,900.0,900.0,0.0,0.0,False,False,1.0,13.0
microwave,mw_interference,1,POP~R_D05_1,interference,False,18.0,184.0,0.0,164.0,0.0,1,0,True,True,False,False,180.0,184.0,184.0,202.0,208.0,200.0,,,,18.0,18.0,16.0,16.0,-2.0,0.0,417,0,3,181,1.0,0.9928571428571429,0.996415770609319,0.0,0.007142857142857143,416,0,4,181,1.0,0.9904761904761905,0.9952153110047847,0.0,0.009523809523809525,399,0,21,181,1.0,0.95,0.9743589743589743,0.0,0.05,ILLUSTRATIVE - not derived from operator financial data,2004.27,1971.54,32.73,1.6,False,False,1.3,16.900000000000002
microwave,mw_interference,2,POP~R_D05_1,interference,False,18.0,184.0,0.0,170.0,0.0,0,0,True,True,False,False,180.0,184.0,184.0,202.0,208.0,201.0,,,,18.0,18.0,17.0,17.0,-1.0,0.0,417,0,3,181,1.0,0.9928571428571429,0.996415770609319,0.0,0.007142857142857143,417,0,3,181,1.0,0.9928571428571429,0.996415770609319,0.0,0.007142857142857143,399,0,21,181,1.0,0.95,0.9743589743589743,0.0,0.05,ILLUSTRATIVE - not derived from operator financial data,2044.67,2011.94,32.73,1.6,False,False,1.3,16.900000000000002
microwave,mw_interference,3,POP~R_D05_1,interference,False,17.0,185.0,0.0,161.0,0.0,1,0,True,True,False,False,180.0,185.0,185.0,202.0,208.0,201.0,,,,17.0,17.0,16.0,16.0,-1.0,0.0,416,0,4,181,1.0,0.9904761904761905,0.9952153110047847,0.0,0.009523809523809525,415,0,5,181,1.0,0.9880952380952381,0.9940119760479043,0.0,0.011904761904761904,399,0,21,181,1.0,0.95,0.9743589743589743,0.0,0.05,ILLUSTRATIVE - not derived from operator financial data,1984.07,1953.16,30.91,1.6,False,False,1.3,16.900000000000002
microwave,mw_interference,4,POP~R_D05_1,interference,False,19.0,183.0,0.0,166.0,0.0,1,0,True,True,False,False,180.0,183.0,183.0,202.0,208.0,200.0,,,,19.0,19.0,17.0,17.0,-2.0,0.0,418,0,2,181,1.0,0.9952380952380953,0.9976133651551313,0.0,0.004761904761904762,417,0,3,181,1.0,0.9928571428571429,0.996415770609319,0.0,0.007142857142857143,399,0,21,181,1.0,0.95,0.9743589743589743,0.0,0.05,ILLUSTRATIVE - not derived from operator financial data,2017.73,1983.19,34.54,1.7,False,False,1.3,16.900000000000002
microwave,mw_interference,5,POP~R_D05_1,interference,False,19.0,183.0,0.0,161.0,0.0,0,0,True,True,False,False,180.0,183.0,183.0,202.0,208.0,201.0,,,,19.0,19.0,18.0,18.0,-1.0,0.0,418,0,2,181,1.0,0.9952380952380953,0.9976133651551313,0.0,0.004761904761904762,418,0,2,181,1.0,0.9952380952380953,0.9976133651551313,0.0,0.004761904761904762,399,0,21,181,1.0,0.95,0.9743589743589743,0.0,0.05,ILLUSTRATIVE - not derived from operator financial data,1984.07,1949.52,34.55,1.7,False,False,1.3,16.900000000000002
microwave,mw_interference,6,POP~R_D05_1,interference,False,17.0,185.0,0.0,172.0,0.0,4,0,True,True,False,False,180.0,185.0,185.0,202.0,208.0,201.0,,,,17.0,17.0,16.0,16.0,-1.0,0.0,416,0,4,181,1.0,0.9904761904761905,0.9952153110047847,0.0,0.009523809523809525,412,0,8,181,1.0,0.9809523809523809,0.9903846153846153,0.0,0.01904761904761905,399,0,21,181,1.0,0.95,0.9743589743589743,0.0,0.05,ILLUSTRATIVE - not derived from operator financial data,2058.13,2027.23,30.9,1.5,False,False,1.3,16.900000000000002
microwave,mw_interference,7,POP~R_D05_1,interference,False,18.0,184.0,0.0,161.0,0.0,1,0,True,True,False,False,180.0,184.0,184.0,202.0,208.0,200.0,,,,18.0,18.0,16.0,16.0,-2.0,0.0,417,0,3,181,1.0,0.9928571428571429,0.996415770609319,0.0,0.007142857142857143,416,0,4,181,1.0,0.9904761904761905,0.9952153110047847,0.0,0.009523809523809525,399,0,21,181,1.0,0.95,0.9743589743589743,0.0,0.05,ILLUSTRATIVE - not derived from operator financial data,1984.07,1951.34,32.73,1.6,False,False,1.3,16.900000000000002
microwave,mw_interference,8,POP~R_D05_1,interference,False,18.0,184.0,0.0,167.0,0.0,3,0,True,True,False,False,180.0,184.0,184.0,202.0,208.0,201.0,,,,18.0,18.0,17.0,17.0,-1.0,0.0,417,0,3,181,1.0,0.9928571428571429,0.996415770609319,0.0,0.007142857142857143,414,0,6,181,1.0,0.9857142857142858,0.9928057553956835,0.0,0.014285714285714285,399,0,21,181,1.0,0.95,0.9743589743589743,0.0,0.05,ILLUSTRATIVE - not derived from operator financial data,2024.47,1991.74,32.73,1.6,False,False,1.3,16.900000000000002
microwave,mw_interference,9,POP~R_D05_1,interference,False,18.0,184.0,0.0,152.0,0.0,0,0,True,True,False,False,180.0,184.0,184.0,202.0,208.0,201.0,,,,18.0,18.0,17.0,17.0,-1.0,0.0,417,0,3,181,1.0,0.9928571428571429,0.996415770609319,0.0,0.007142857142857143,417,0,3,181,1.0,0.9928571428571429,0.996415770609319,0.0,0.007142857142857143,399,0,21,181,1.0,0.95,0.9743589743589743,0.0,0.05,ILLUSTRATIVE - not derived from operator financial data,1923.47,1890.74,32.73,1.7,False,False,1.3,16.900000000000002
microwave,mw_interference,10,POP~R_D05_1,interference,False,18.0,184.0,0.0,164.0,0.0,0,0,True,True,False,False,180.0,184.0,184.0,202.0,208.0,200.0,,,,18.0,18.0,16.0,16.0,-2.0,0.0,417,0,3,181,1.0,0.9928571428571429,0.996415770609319,0.0,0.007142857142857143,417,0,3,181,1.0,0.9928571428571429,0.996415770609319,0.0,0.007142857142857143,399,0,21,181,1.0,0.95,0.9743589743589743,0.0,0.05,ILLUSTRATIVE - not derived from operator financial data,2004.27,1971.54,32.73,1.6,False,False,1.3,16.900000000000002
microwave,mw_interference,11,POP~R_D05_1,interference,False,18.0,184.0,0.0,179.0,0.0,0,0,True,True,False,False,180.0,184.0,184.0,202.0,208.0,202.0,,,,18.0,18.0,18.0,18.0,0.0,0.0,417,0,3,181,1.0,0.9928571428571429,0.996415770609319,0.0,0.007142857142857143,417,0,3,181,1.0,0.9928571428571429,0.996415770609319,0.0,0.007142857142857143,399,0,21,181,1.0,0.95,0.9743589743589743,0.0,0.05,ILLUSTRATIVE - not derived from operator financial data,2105.27,2072.54,32.73,1.6,False,False,1.3,16.900000000000002
microwave,mw_interference,12,POP~R_D05_1,interference,False,19.0,183.0,0.0,144.0,0.0,5,0,True,True,False,False,180.0,183.0,183.0,202.0,208.0,206.0,,,,19.0,19.0,23.0,23.0,4.0,0.0,418,0,2,181,1.0,0.9952380952380953,0.9976133651551313,0.0,0.004761904761904762,413,0,7,181,1.0,0.9833333333333333,0.9915966386554621,0.0,0.016666666666666666,399,0,21,181,1.0,0.95,0.9743589743589743,0.0,0.05,ILLUSTRATIVE - not derived from operator financial data,1869.6,1835.06,34.54,1.8,False,False,1.3,16.900000000000002
microwave,mw_interference,13,POP~R_D05_1,interference,False,17.0,185.0,0.0,147.0,0.0,2,0,True,True,False,False,180.0,185.0,185.0,202.0,208.0,200.0,,,,17.0,17.0,15.0,15.0,-2.0,0.0,416,0,4,181,1.0,0.9904761904761905,0.9952153110047847,0.0,0.009523809523809525,414,0,6,181,1.0,0.9857142857142858,0.9928057553956835,0.0,0.014285714285714285,399,0,21,181,1.0,0.95,0.9743589743589743,0.0,0.05,ILLUSTRATIVE - not derived from operator financial data,1889.8,1858.89,30.91,1.6,False,False,1.3,16.900000000000002
microwave,mw_interference,14,POP~R_D05_1,interference,False,18.0,184.0,0.0,151.0,0.0,2,0,True,True,False,False,180.0,184.0,184.0,202.0,208.0,201.0,,,,18.0,18.0,17.0,17.0,-1.0,0.0,417,0,3,181,1.0,0.9928571428571429,0.996415770609319,0.0,0.007142857142857143,415,0,5,181,1.0,0.9880952380952381,0.9940119760479043,0.0,0.011904761904761904,399,0,21,181,1.0,0.95,0.9743589743589743,0.0,0.05,ILLUSTRATIVE - not derived from operator financial data,1916.73,1884.01,32.72,1.7,False,False,1.3,16.900000000000002
microwave,mw_interference,15,POP~R_D05_1,interference,False,18.0,184.0,0.0,157.0,0.0,0,0,True,True,False,False,180.0,184.0,184.0,202.0,208.0,200.0,,,,18.0,18.0,16.0,16.0,-2.0,0.0,417,0,3,181,1.0,0.9928571428571429,0.996415770609319,0.0,0.007142857142857143,417,0,3,181,1.0,0.9928571428571429,0.996415770609319,0.0,0.007142857142857143,399,0,21,181,1.0,0.95,0.9743589743589743,0.0,0.05,ILLUSTRATIVE - not derived from operator financial data,1957.13,1924.41,32.72,1.7,False,False,1.3,16.900000000000002
microwave,mw_interference,1,POP~R_D05_1,interference,False,16.0,184.0,0.0,405.0,0.0,1,0,True,True,False,False,180.0,184.0,184.0,200.0,206.0,196.0,,,,16.0,16.0,12.0,12.0,-4.0,0.0,417,0,3,181,1.0,0.9928571428571429,0.996415770609319,0.0,0.007142857142857143,416,0,4,181,1.0,0.9904761904761905,0.9952153110047847,0.0,0.009523809523809525,401,0,19,181,1.0,0.9547619047619048,0.976857490864799,0.0,0.04523809523809524,ILLUSTRATIVE - not derived from operator financial data,2392.0,2390.27,1.73,0.1,False,False,1.7,22.099999999999998
microwave,mw_interference,2,POP~R_D05_1,interference,False,16.0,183.0,0.0,405.0,0.0,0,0,True,True,False,False,180.0,183.0,183.0,199.0,205.0,196.0,,,,16.0,16.0,13.0,13.0,-3.0,0.0,418,0,2,181,1.0,0.9952380952380953,0.9976133651551313,0.0,0.004761904761904762,418,0,2,181,1.0,0.9952380952380953,0.9976133651551313,0.0,0.004761904761904762,402,0,18,181,1.0,0.9571428571428572,0.9781021897810218,0.0,0.04285714285714286,ILLUSTRATIVE - not derived from operator financial data,2392.0,2390.27,1.73,0.1,False,False,1.7,22.099999999999998
microwave,mw_interference,3,POP~R_D05_1,interference,False,16.0,183.0,0.0,406.0,0.0,1,0,True,True,False,False,180.0,183.0,183.0,199.0,205.0,195.0,,,,16.0,16.0,12.0,12.0,-4.0,0.0,418,0,2,181,1.0,0.9952380952380953,0.9976133651551313,0.0,0.004761904761904762,417,0,3,181,1.0,0.9928571428571429,0.996415770609319,0.0,0.007142857142857143,402,0,18,181,1.0,0.9571428571428572,0.9781021897810218,0.0,0.04285714285714286,ILLUSTRATIVE - not derived from operator financial data,2392.4,2390.67,1.73,0.1,False,False,1.7,22.099999999999998
microwave,mw_interference,4,POP~R_D05_1,interference,False,17.0,183.0,0.0,405.0,0.0,1,0,True,True,False,False,180.0,183.0,183.0,200.0,206.0,196.0,,,,17.0,17.0,13.0,13.0,-4.0,0.0,418,0,2,181,1.0,0.9952380952380953,0.9976133651551313,0.0,0.004761904761904762,417,0,3,181,1.0,0.9928571428571429,0.996415770609319,0.0,0.007142857142857143,401,0,19,181,1.0,0.9547619047619048,0.976857490864799,0.0,0.04523809523809524,ILLUSTRATIVE - not derived from operator financial data,2392.0,2390.16,1.84,0.1,False,False,1.7,22.099999999999998
microwave,mw_interference,5,POP~R_D05_1,interference,False,17.0,183.0,0.0,405.0,0.0,0,0,True,True,False,False,180.0,183.0,183.0,200.0,206.0,196.0,,,,17.0,17.0,13.0,13.0,-4.0,0.0,418,0,2,181,1.0,0.9952380952380953,0.9976133651551313,0.0,0.004761904761904762,418,0,2,181,1.0,0.9952380952380953,0.9976133651551313,0.0,0.004761904761904762,401,0,19,181,1.0,0.9547619047619048,0.976857490864799,0.0,0.04523809523809524,ILLUSTRATIVE - not derived from operator financial data,2392.0,2390.16,1.84,0.1,False,False,1.7,22.099999999999998
microwave,mw_interference,6,POP~R_D05_1,interference,False,16.0,184.0,0.0,405.0,0.0,4,0,True,True,False,False,180.0,184.0,184.0,200.0,206.0,196.0,,,,16.0,16.0,12.0,12.0,-4.0,0.0,417,0,3,181,1.0,0.9928571428571429,0.996415770609319,0.0,0.007142857142857143,413,0,7,181,1.0,0.9833333333333333,0.9915966386554621,0.0,0.016666666666666666,401,0,19,181,1.0,0.9547619047619048,0.976857490864799,0.0,0.04523809523809524,ILLUSTRATIVE - not derived from operator financial data,2392.0,2390.27,1.73,0.1,False,False,1.7,22.099999999999998
microwave,mw_interference,7,POP~R_D05_1,interference,False,16.0,184.0,0.0,405.0,0.0,1,0,True,True,False,False,180.0,184.0,184.0,200.0,206.0,196.0,,,,16.0,16.0,12.0,12.0,-4.0,0.0,417,0,3,181,1.0,0.9928571428571429,0.996415770609319,0.0,0.007142857142857143,416,0,4,181,1.0,0.9904761904761905,0.9952153110047847,0.0,0.009523809523809525,401,0,19,181,1.0,0.9547619047619048,0.976857490864799,0.0,0.04523809523809524,ILLUSTRATIVE - not derived from operator financial data,2392.0,2390.27,1.73,0.1,False,False,1.7,22.099999999999998
microwave,mw_interference,8,POP~R_D05_1,interference,False,16.0,184.0,0.0,405.0,0.0,3,0,True,True,False,False,180.0,184.0,184.0,200.0,206.0,196.0,,,,16.0,16.0,12.0,12.0,-4.0,0.0,417,0,3,181,1.0,0.9928571428571429,0.996415770609319,0.0,0.007142857142857143,414,0,6,181,1.0,0.9857142857142858,0.9928057553956835,0.0,0.014285714285714285,401,0,19,181,1.0,0.9547619047619048,0.976857490864799,0.0,0.04523809523809524,ILLUSTRATIVE - not derived from operator financial data,2392.0,2390.27,1.73,0.1,False,False,1.7,22.099999999999998
microwave,mw_interference,9,POP~R_D05_1,interference,False,16.0,184.0,0.0,405.0,0.0,0,0,True,True,False,False,180.0,184.0,184.0,200.0,206.0,196.0,,,,16.0,16.0,12.0,12.0,-4.0,0.0,417,0,3,181,1.0,0.9928571428571429,0.996415770609319,0.0,0.007142857142857143,417,0,3,181,1.0,0.9928571428571429,0.996415770609319,0.0,0.007142857142857143,401,0,19,181,1.0,0.9547619047619048,0.976857490864799,0.0,0.04523809523809524,ILLUSTRATIVE - not derived from operator financial data,2392.0,2390.27,1.73,0.1,False,False,1.7,22.099999999999998
microwave,mw_interference,10,POP~R_D05_1,interference,False,16.0,184.0,0.0,405.0,0.0,0,0,True,True,False,False,180.0,184.0,184.0,200.0,206.0,196.0,,,,16.0,16.0,12.0,12.0,-4.0,0.0,417,0,3,181,1.0,0.9928571428571429,0.996415770609319,0.0,0.007142857142857143,417,0,3,181,1.0,0.9928571428571429,0.996415770609319,0.0,0.007142857142857143,401,0,19,181,1.0,0.9547619047619048,0.976857490864799,0.0,0.04523809523809524,ILLUSTRATIVE - not derived from operator financial data,2392.0,2390.27,1.73,0.1,False,False,1.7,22.099999999999998
microwave,mw_interference,11,POP~R_D05_1,interference,False,17.0,183.0,0.0,405.0,0.0,0,0,True,True,False,False,180.0,183.0,183.0,200.0,206.0,196.0,,,,17.0,17.0,13.0,13.0,-4.0,0.0,418,0,2,181,1.0,0.9952380952380953,0.9976133651551313,0.0,0.004761904761904762,418,0,2,181,1.0,0.9952380952380953,0.9976133651551313,0.0,0.004761904761904762,401,0,19,181,1.0,0.9547619047619048,0.976857490864799,0.0,0.04523809523809524,ILLUSTRATIVE - not derived from operator financial data,2392.0,2390.16,1.84,0.1,False,False,1.7,22.099999999999998
microwave,mw_interference,12,POP~R_D05_1,interference,False,17.0,183.0,0.0,405.0,0.0,5,0,True,True,False,False,180.0,183.0,183.0,200.0,206.0,196.0,,,,17.0,17.0,13.0,13.0,-4.0,0.0,418,0,2,181,1.0,0.9952380952380953,0.9976133651551313,0.0,0.004761904761904762,413,0,7,181,1.0,0.9833333333333333,0.9915966386554621,0.0,0.016666666666666666,401,0,19,181,1.0,0.9547619047619048,0.976857490864799,0.0,0.04523809523809524,ILLUSTRATIVE - not derived from operator financial data,2392.0,2390.16,1.84,0.1,False,False,1.7,22.099999999999998
microwave,mw_interference,13,POP~R_D05_1,interference,False,17.0,183.0,0.0,405.0,0.0,2,0,True,True,False,False,180.0,183.0,183.0,200.0,206.0,196.0,,,,17.0,17.0,13.0,13.0,-4.0,0.0,418,0,2,181,1.0,0.9952380952380953,0.9976133651551313,0.0,0.004761904761904762,416,0,4,181,1.0,0.9904761904761905,0.9952153110047847,0.0,0.009523809523809525,401,0,19,181,1.0,0.9547619047619048,0.976857490864799,0.0,0.04523809523809524,ILLUSTRATIVE - not derived from operator financial data,2392.0,2390.16,1.84,0.1,False,False,1.7,22.099999999999998
microwave,mw_interference,14,POP~R_D05_1,interference,False,17.0,183.0,0.0,405.0,0.0,2,0,True,True,False,False,180.0,183.0,183.0,200.0,206.0,196.0,,,,17.0,17.0,13.0,13.0,-4.0,0.0,418,0,2,181,1.0,0.9952380952380953,0.9976133651551313,0.0,0.004761904761904762,416,0,4,181,1.0,0.9904761904761905,0.9952153110047847,0.0,0.009523809523809525,401,0,19,181,1.0,0.9547619047619048,0.976857490864799,0.0,0.04523809523809524,ILLUSTRATIVE - not derived from operator financial data,2392.0,2390.16,1.84,0.1,False,False,1.7,22.099999999999998
microwave,mw_interference,15,POP~R_D05_1,interference,False,17.0,183.0,0.0,405.0,0.0,0,0,True,True,False,False,180.0,183.0,183.0,200.0,206.0,196.0,,,,17.0,17.0,13.0,13.0,-4.0,0.0,418,0,2,181,1.0,0.9952380952380953,0.9976133651551313,0.0,0.004761904761904762,418,0,2,181,1.0,0.9952380952380953,0.9976133651551313,0.0,0.004761904761904762,401,0,19,181,1.0,0.9547619047619048,0.976857490864799,0.0,0.04523809523809524,ILLUSTRATIVE - not derived from operator financial data,2392.0,2390.16,1.84,0.1,False,False,1.7,22.099999999999998
microwave,mw_interference,1,POP~R_D05_1,interference,False,14.0,184.0,0.0,409.0,0.0,1,0,True,True,False,False,180.0,184.0,184.0,198.0,204.0,192.0,,,,14.0,14.0,8.0,8.0,-6.0,0.0,417,0,3,181,1.0,0.9928571428571429,0.996415770609319,0.0,0.007142857142857143,416,0,4,181,1.0,0.9904761904761905,0.9952153110047847,0.0,0.009523809523809525,403,0,17,181,1.0,0.9595238095238096,0.9793438639125152,0.0,0.04047619047619048,ILLUSTRATIVE - not derived from operator financial data,2393.6,2392.09,1.51,0.1,False,False,2.2,28.6
microwave,mw_interference,2,POP~R_D05_1,interference,False,15.0,183.0,0.0,408.0,0.0,0,0,True,True,False,False,180.0,183.0,183.0,198.0,204.0,193.0,,,,15.0,15.0,10.0,10.0,-5.0,0.0,418,0,2,181,1.0,0.9952380952380953,0.9976133651551313,0.0,0.004761904761904762,418,0,2,181,1.0,0.9952380952380953,0.9976133651551313,0.0,0.004761904761904762,403,0,17,181,1.0,0.9595238095238096,0.9793438639125152,0.0,0.04047619047619048,ILLUSTRATIVE - not derived from operator financial data,2393.2,2391.58,1.62,0.1,False,False,2.2,28.6
microwave,mw_interference,3,POP~R_D05_1,interference,False,15.0,183.0,0.0,409.0,0.0,1,0,True,True,False,False,180.0,183.0,183.0,198.0,204.0,192.0,,,,15.0,15.0,9.0,9.0,-6.0,0.0,418,0,2,181,1.0,0.9952380952380953,0.9976133651551313,0.0,0.004761904761904762,417,0,3,181,1.0,0.9928571428571429,0.996415770609319,0.0,0.007142857142857143,403,0,17,181,1.0,0.9595238095238096,0.9793438639125152,0.0,0.04047619047619048,ILLUSTRATIVE - not derived from operator financial data,2393.6,2391.98,1.62,0.1,False,False,2.2,28.6
microwave,mw_interference,4,POP~R_D05_1,interference,False,15.0,183.0,0.0,408.0,0.0,1,0,True,True,False,False,180.0,183.0,183.0,198.0,204.0,193.0,,,,15.0,15.0,10.0,10.0,-5.0,0.0,418,0,2,181,1.0,0.9952380952380953,0.9976133651551313,0.0,0.004761904761904762,417,0,3,181,1.0,0.9928571428571429,0.996415770609319,0.0,0.007142857142857143,403,0,17,181,1.0,0.9595238095238096,0.9793438639125152,0.0,0.04047619047619048,ILLUSTRATIVE - not derived from operator financial data,2393.2,2391.58,1.62,0.1,False,False,2.2,28.6
microwave,mw_interference,5,POP~R_D05_1,interference,False,15.0,183.0,0.0,408.0,0.0,0,0,True,True,False,False,180.0,183.0,183.0,198.0,204.0,193.0,,,,15.0,15.0,10.0,10.0,-5.0,0.0,418,0,2,181,1.0,0.9952380952380953,0.9976133651551313,0.0,0.004761904761904762,418,0,2,181,1.0,0.9952380952380953,0.9976133651551313,0.0,0.004761904761904762,403,0,17,181,1.0,0.9595238095238096,0.9793438639125152,0.0,0.04047619047619048,ILLUSTRATIVE - not derived from operator financial data,2393.2,2391.58,1.62,0.1,False,False,2.2,28.6
microwave,mw_interference,6,POP~R_D05_1,interference,False,14.0,184.0,0.0,408.0,0.0,4,0,True,True,False,False,180.0,184.0,184.0,198.0,204.0,193.0,,,,14.0,14.0,9.0,9.0,-5.0,0.0,417,0,3,181,1.0,0.9928571428571429,0.996415770609319,0.0,0.007142857142857143,413,0,7,181,1.0,0.9833333333333333,0.9915966386554621,0.0,0.016666666666666666,403,0,17,181,1.0,0.9595238095238096,0.9793438639125152,0.0,0.04047619047619048,ILLUSTRATIVE - not derived from operator financial data,2393.2,2391.69,1.51,0.1,False,False,2.2,28.6
microwave,mw_interference,7,POP~R_D05_1,interference,False,15.0,183.0,0.0,409.0,0.0,1,0,True,True,False,False,180.0,183.0,183.0,198.0,204.0,192.0,,,,15.0,15.0,9.0,9.0,-6.0,0.0,418,0,2,181,1.0,0.9952380952380953,0.9976133651551313,0.0,0.004761904761904762,417,0,3,181,1.0,0.9928571428571429,0.996415770609319,0.0,0.007142857142857143,403,0,17,181,1.0,0.9595238095238096,0.9793438639125152,0.0,0.04047619047619048,ILLUSTRATIVE - not derived from operator financial data,2393.6,2391.98,1.62,0.1,False,False,2.2,28.6
microwave,mw_interference,8,POP~R_D05_1,interference,False,15.0,183.0,0.0,409.0,0.0,3,0,True,True,False,False,180.0,183.0,183.0,198.0,204.0,192.0,,,,15.0,15.0,9.0,9.0,-6.0,0.0,418,0,2,181,1.0,0.9952380952380953,0.9976133651551313,0.0,0.004761904761904762,415,0,5,181,1.0,0.9880952380952381,0.9940119760479043,0.0,0.011904761904761904,403,0,17,181,1.0,0.9595238095238096,0.9793438639125152,0.0,0.04047619047619048,ILLUSTRATIVE - not derived from operator financial data,2393.6,2391.98,1.62,0.1,False,False,2.2,28.6
microwave,mw_interference,9,POP~R_D05_1,interference,False,14.0,184.0,0.0,409.0,0.0,0,0,True,True,False,False,180.0,184.0,184.0,198.0,204.0,192.0,,,,14.0,14.0,8.0,8.0,-6.0,0.0,417,0,3,181,1.0,0.9928571428571429,0.996415770609319,0.0,0.007142857142857143,417,0,3,181,1.0,0.9928571428571429,0.996415770609319,0.0,0.007142857142857143,403,0,17,181,1.0,0.9595238095238096,0.9793438639125152,0.0,0.04047619047619048,ILLUSTRATIVE - not derived from operator financial data,2393.6,2392.09,1.51,0.1,False,False,2.2,28.6
microwave,mw_interference,10,POP~R_D05_1,interference,False,14.0,184.0,0.0,408.0,0.0,0,0,True,True,False,False,180.0,184.0,184.0,198.0,204.0,193.0,,,,14.0,14.0,9.0,9.0,-5.0,0.0,417,0,3,181,1.0,0.9928571428571429,0.996415770609319,0.0,0.007142857142857143,417,0,3,181,1.0,0.9928571428571429,0.996415770609319,0.0,0.007142857142857143,403,0,17,181,1.0,0.9595238095238096,0.9793438639125152,0.0,0.04047619047619048,ILLUSTRATIVE - not derived from operator financial data,2393.2,2391.69,1.51,0.1,False,False,2.2,28.6
microwave,mw_interference,11,POP~R_D05_1,interference,False,15.0,183.0,0.0,409.0,0.0,0,0,True,True,False,False,180.0,183.0,183.0,198.0,204.0,192.0,,,,15.0,15.0,9.0,9.0,-6.0,0.0,418,0,2,181,1.0,0.9952380952380953,0.9976133651551313,0.0,0.004761904761904762,418,0,2,181,1.0,0.9952380952380953,0.9976133651551313,0.0,0.004761904761904762,403,0,17,181,1.0,0.9595238095238096,0.9793438639125152,0.0,0.04047619047619048,ILLUSTRATIVE - not derived from operator financial data,2393.6,2391.98,1.62,0.1,False,False,2.2,28.6
microwave,mw_interference,12,POP~R_D05_1,interference,False,15.0,183.0,0.0,409.0,0.0,5,0,True,True,False,False,180.0,183.0,183.0,198.0,204.0,192.0,,,,15.0,15.0,9.0,9.0,-6.0,0.0,418,0,2,181,1.0,0.9952380952380953,0.9976133651551313,0.0,0.004761904761904762,413,0,7,181,1.0,0.9833333333333333,0.9915966386554621,0.0,0.016666666666666666,403,0,17,181,1.0,0.9595238095238096,0.9793438639125152,0.0,0.04047619047619048,ILLUSTRATIVE - not derived from operator financial data,2393.6,2391.98,1.62,0.1,False,False,2.2,28.6
microwave,mw_interference,13,POP~R_D05_1,interference,False,15.0,183.0,0.0,409.0,0.0,2,0,True,True,False,False,180.0,183.0,183.0,198.0,204.0,192.0,,,,15.0,15.0,9.0,9.0,-6.0,0.0,418,0,2,181,1.0,0.9952380952380953,0.9976133651551313,0.0,0.004761904761904762,416,0,4,181,1.0,0.9904761904761905,0.9952153110047847,0.0,0.009523809523809525,403,0,17,181,1.0,0.9595238095238096,0.9793438639125152,0.0,0.04047619047619048,ILLUSTRATIVE - not derived from operator financial data,2393.6,2391.98,1.62,0.1,False,False,2.2,28.6
microwave,mw_interference,14,POP~R_D05_1,interference,False,15.0,183.0,0.0,409.0,0.0,2,0,True,True,False,False,180.0,183.0,183.0,198.0,204.0,192.0,,,,15.0,15.0,9.0,9.0,-6.0,0.0,418,0,2,181,1.0,0.9952380952380953,0.9976133651551313,0.0,0.004761904761904762,416,0,4,181,1.0,0.9904761904761905,0.9952153110047847,0.0,0.009523809523809525,403,0,17,181,1.0,0.9595238095238096,0.9793438639125152,0.0,0.04047619047619048,ILLUSTRATIVE - not derived from operator financial data,2393.6,2391.98,1.62,0.1,False,False,2.2,28.6
microwave,mw_interference,15,POP~R_D05_1,interference,False,15.0,183.0,0.0,409.0,0.0,0,0,True,True,False,False,180.0,183.0,183.0,198.0,204.0,192.0,,,,15.0,15.0,9.0,9.0,-6.0,0.0,418,0,2,181,1.0,0.9952380952380953,0.9976133651551313,0.0,0.004761904761904762,418,0,2,181,1.0,0.9952380952380953,0.9976133651551313,0.0,0.004761904761904762,403,0,17,181,1.0,0.9595238095238096,0.9793438639125152,0.0,0.04047619047619048,ILLUSTRATIVE - not derived from operator financial data,2393.6,2391.98,1.62,0.1,False,False,2.2,28.6
microwave,mw_config_change,1,POP~R_D05_1,config_change,False,,,,0.0,0.0,0,0,False,False,False,False,190.0,,,,,,,,,,,,,,,0,0,410,191,,0.0,,0.0,1.0,0,0,410,191,,0.0,,0.0,1.0,0,0,410,191,,0.0,,0.0,1.0,ILLUSTRATIVE - not derived from operator financial data,0.0,0.0,0.0,,False,False,0.4,8.8
microwave,mw_config_change,2,POP~R_D05_1,config_change,False,,,,0.0,0.0,0,0,False,False,False,False,190.0,,,,,,,,,,,,,,,0,0,410,191,,0.0,,0.0,1.0,0,0,410,191,,0.0,,0.0,1.0,0,0,410,191,,0.0,,0.0,1.0,ILLUSTRATIVE - not derived from operator financial data,0.0,0.0,0.0,,False,False,0.4,8.8
microwave,mw_config_change,3,POP~R_D05_1,config_change,False,,,,0.0,0.0,0,0,False,False,False,False,190.0,,,,,,,,,,,,,,,0,0,410,191,,0.0,,0.0,1.0,0,0,410,191,,0.0,,0.0,1.0,0,0,410,191,,0.0,,0.0,1.0,ILLUSTRATIVE - not derived from operator financial data,0.0,0.0,0.0,,False,False,0.4,8.8
microwave,mw_config_change,4,POP~R_D05_1,config_change,False,,,,0.0,0.0,0,0,False,False,False,False,190.0,,,,,,,,,,,,,,,0,0,410,191,,0.0,,0.0,1.0,0,0,410,191,,0.0,,0.0,1.0,0,0,410,191,,0.0,,0.0,1.0,ILLUSTRATIVE - not derived from operator financial data,0.0,0.0,0.0,,False,False,0.4,8.8
microwave,mw_config_change,5,POP~R_D05_1,config_change,False,,,,0.0,0.0,0,0,False,False,False,False,190.0,,,,,,,,,,,,,,,0,0,410,191,,0.0,,0.0,1.0,0,0,410,191,,0.0,,0.0,1.0,0,0,410,191,,0.0,,0.0,1.0,ILLUSTRATIVE - not derived from operator financial data,0.0,0.0,0.0,,False,False,0.4,8.8
microwave,mw_config_change,6,POP~R_D05_1,config_change,False,,,,0.0,0.0,0,0,False,False,False,False,190.0,,,,,,,,,,,,,,,0,0,410,191,,0.0,,0.0,1.0,0,0,410,191,,0.0,,0.0,1.0,0,0,410,191,,0.0,,0.0,1.0,ILLUSTRATIVE - not derived from operator financial data,0.0,0.0,0.0,,False,False,0.4,8.8
microwave,mw_config_change,7,POP~R_D05_1,config_change,False,,,,0.0,0.0,0,0,False,False,False,False,190.0,,,,,,,,,,,,,,,0,0,410,191,,0.0,,0.0,1.0,0,0,410,191,,0.0,,0.0,1.0,0,0,410,191,,0.0,,0.0,1.0,ILLUSTRATIVE - not derived from operator financial data,0.0,0.0,0.0,,False,False,0.4,8.8
microwave,mw_config_change,8,POP~R_D05_1,config_change,False,,,,0.0,0.0,0,0,False,False,False,False,190.0,,,,,,,,,,,,,,,0,0,410,191,,0.0,,0.0,1.0,0,0,410,191,,0.0,,0.0,1.0,0,0,410,191,,0.0,,0.0,1.0,ILLUSTRATIVE - not derived from operator financial data,0.0,0.0,0.0,,False,False,0.4,8.8
microwave,mw_config_change,9,POP~R_D05_1,config_change,False,,,,0.0,0.0,0,0,False,False,False,False,190.0,,,,,,,,,,,,,,,0,0,410,191,,0.0,,0.0,1.0,0,0,410,191,,0.0,,0.0,1.0,0,0,410,191,,0.0,,0.0,1.0,ILLUSTRATIVE - not derived from operator financial data,0.0,0.0,0.0,,False,False,0.4,8.8
microwave,mw_config_change,10,POP~R_D05_1,config_change,False,,,,0.0,0.0,0,0,False,False,False,False,190.0,,,,,,,,,,,,,,,0,0,410,191,,0.0,,0.0,1.0,0,0,410,191,,0.0,,0.0,1.0,0,0,410,191,,0.0,,0.0,1.0,ILLUSTRATIVE - not derived from operator financial data,0.0,0.0,0.0,,False,False,0.4,8.8
microwave,mw_config_change,11,POP~R_D05_1,config_change,False,,,,0.0,0.0,0,0,False,False,False,False,190.0,,,,,,,,,,,,,,,0,0,410,191,,0.0,,0.0,1.0,0,0,410,191,,0.0,,0.0,1.0,0,0,410,191,,0.0,,0.0,1.0,ILLUSTRATIVE - not derived from operator financial data,0.0,0.0,0.0,,False,False,0.4,8.8
microwave,mw_config_change,12,POP~R_D05_1,config_change,False,,,,0.0,0.0,0,0,False,False,False,False,190.0,,,,,,,,,,,,,,,0,0,410,191,,0.0,,0.0,1.0,0,0,410,191,,0.0,,0.0,1.0,0,0,410,191,,0.0,,0.0,1.0,ILLUSTRATIVE - not derived from operator financial data,0.0,0.0,0.0,,False,False,0.4,8.8
microwave,mw_config_change,13,POP~R_D05_1,config_change,False,,,,0.0,0.0,0,0,False,False,False,False,190.0,,,,,,,,,,,,,,,0,0,410,191,,0.0,,0.0,1.0,0,0,410,191,,0.0,,0.0,1.0,0,0,410,191,,0.0,,0.0,1.0,ILLUSTRATIVE - not derived from operator financial data,0.0,0.0,0.0,,False,False,0.4,8.8
microwave,mw_config_change,14,POP~R_D05_1,config_change,False,,,,0.0,0.0,0,0,False,False,False,False,190.0,,,,,,,,,,,,,,,0,0,410,191,,0.0,,0.0,1.0,0,0,410,191,,0.0,,0.0,1.0,0,0,410,191,,0.0,,0.0,1.0,ILLUSTRATIVE - not derived from operator financial data,0.0,0.0,0.0,,False,False,0.4,8.8
microwave,mw_config_change,15,POP~R_D05_1,config_change,False,,,,0.0,0.0,0,0,False,False,False,False,190.0,,,,,,,,,,,,,,,0,0,410,191,,0.0,,0.0,1.0,0,0,410,191,,0.0,,0.0,1.0,0,0,410,191,,0.0,,0.0,1.0,ILLUSTRATIVE - not derived from operator financial data,0.0,0.0,0.0,,False,False,0.4,8.8
microwave,mw_config_change,1,POP~R_D05_1,config_change,False,,,,0.0,0.0,0,0,False,False,False,False,190.0,,,,,,,,,,,,,,,0,0,410,191,,0.0,,0.0,1.0,0,0,410,191,,0.0,,0.0,1.0,0,0,410,191,,0.0,,0.0,1.0,ILLUSTRATIVE - not derived from operator financial data,0.0,0.0,0.0,,False,False,0.6,13.2
microwave,mw_config_change,2,POP~R_D05_1,config_change,False,,,,0.0,0.0,0,0,False,False,False,False,190.0,,,,,,,,,,,,,,,0,0,410,191,,0.0,,0.0,1.0,0,0,410,191,,0.0,,0.0,1.0,0,0,410,191,,0.0,,0.0,1.0,ILLUSTRATIVE - not derived from operator financial data,0.0,0.0,0.0,,False,False,0.6,13.2
microwave,mw_config_change,3,POP~R_D05_1,config_change,False,,,,0.0,0.0,0,0,False,False,False,False,190.0,,,,,,,,,,,,,,,0,0,410,191,,0.0,,0.0,1.0,0,0,410,191,,0.0,,0.0,1.0,0,0,410,191,,0.0,,0.0,1.0,ILLUSTRATIVE - not derived from operator financial data,0.0,0.0,0.0,,False,False,0.6,13.2
microwave,mw_config_change,4,POP~R_D05_1,config_change,False,,,,0.0,0.0,0,0,False,False,False,False,190.0,,,,,,,,,,,,,,,0,0,410,191,,0.0,,0.0,1.0,0,0,410,191,,0.0,,0.0,1.0,0,0,410,191,,0.0,,0.0,1.0,ILLUSTRATIVE - not derived from operator financial data,0.0,0.0,0.0,,False,False,0.6,13.2
microwave,mw_config_change,5,POP~R_D05_1,config_change,False,,,,0.0,0.0,0,0,False,False,False,False,190.0,,,,,,,,,,,,,,,0,0,410,191,,0.0,,0.0,1.0,0,0,410,191,,0.0,,0.0,1.0,0,0,410,191,,0.0,,0.0,1.0,ILLUSTRATIVE - not derived from operator financial data,0.0,0.0,0.0,,False,False,0.6,13.2
microwave,mw_config_change,6,POP~R_D05_1,config_change,False,,,,0.0,0.0,0,0,False,False,False,False,190.0,,,,,,,,,,,,,,,0,0,410,191,,0.0,,0.0,1.0,0,0,410,191,,0.0,,0.0,1.0,0,0,410,191,,0.0,,0.0,1.0,ILLUSTRATIVE - not derived from operator financial data,0.0,0.0,0.0,,False,False,0.6,13.2
microwave,mw_config_change,7,POP~R_D05_1,config_change,False,,,,0.0,0.0,0,0,False,False,False,False,190.0,,,,,,,,,,,,,,,0,0,410,191,,0.0,,0.0,1.0,0,0,410,191,,0.0,,0.0,1.0,0,0,410,191,,0.0,,0.0,1.0,ILLUSTRATIVE - not derived from operator financial data,0.0,0.0,0.0,,False,False,0.6,13.2
microwave,mw_config_change,8,POP~R_D05_1,config_change,False,,,,0.0,0.0,0,0,False,False,False,False,190.0,,,,,,,,,,,,,,,0,0,410,191,,0.0,,0.0,1.0,0,0,410,191,,0.0,,0.0,1.0,0,0,410,191,,0.0,,0.0,1.0,ILLUSTRATIVE - not derived from operator financial data,0.0,0.0,0.0,,False,False,0.6,13.2
microwave,mw_config_change,9,POP~R_D05_1,config_change,False,,,,0.0,0.0,0,0,False,False,False,False,190.0,,,,,,,,,,,,,,,0,0,410,191,,0.0,,0.0,1.0,0,0,410,191,,0.0,,0.0,1.0,0,0,410,191,,0.0,,0.0,1.0,ILLUSTRATIVE - not derived from operator financial data,0.0,0.0,0.0,,False,False,0.6,13.2
microwave,mw_config_change,10,POP~R_D05_1,config_change,False,,561.0,0.0,0.0,0.0,0,0,False,True,False,False,190.0,561.0,561.0,,,,,,,,,,,,0.0,3,0,407,191,1.0,0.007317073170731708,0.014527845036319613,0.0,0.9926829268292683,3,0,407,191,1.0,0.007317073170731708,0.014527845036319613,0.0,0.9926829268292683,0,0,410,191,,0.0,,0.0,1.0,ILLUSTRATIVE - not derived from operator financial data,0.0,900.0,-900.0,,False,False,0.6,13.2
microwave,mw_config_change,11,POP~R_D05_1,config_change,False,,,,0.0,0.0,0,0,False,False,False,False,190.0,,,,,,,,,,,,,,,0,0,410,191,,0.0,,0.0,1.0,0,0,410,191,,0.0,,0.0,1.0,0,0,410,191,,0.0,,0.0,1.0,ILLUSTRATIVE - not derived from operator financial data,0.0,0.0,0.0,,False,False,0.6,13.2
microwave,mw_config_change,12,POP~R_D05_1,config_change,False,,268.0,0.0,0.0,0.0,0,0,False,True,False,False,190.0,268.0,268.0,,,,,,,,,,,,0.0,4,0,406,191,1.0,0.00975609756097561,0.01932367149758454,0.0,0.9902439024390244,4,0,406,191,1.0,0.00975609756097561,0.01932367149758454,0.0,0.9902439024390244,0,0,410,191,,0.0,,0.0,1.0,ILLUSTRATIVE - not derived from operator financial data,0.0,900.0,-900.0,,False,False,0.6,13.2
microwave,mw_config_change,13,POP~R_D05_1,config_change,False,,,,0.0,0.0,0,0,False,False,False,False,190.0,,,,,,,,,,,,,,,0,0,410,191,,0.0,,0.0,1.0,0,0,410,191,,0.0,,0.0,1.0,0,0,410,191,,0.0,,0.0,1.0,ILLUSTRATIVE - not derived from operator financial data,0.0,0.0,0.0,,False,False,0.6,13.2
microwave,mw_config_change,14,POP~R_D05_1,config_change,False,,,,0.0,0.0,0,0,False,False,False,False,190.0,,,,,,,,,,,,,,,0,0,410,191,,0.0,,0.0,1.0,0,0,410,191,,0.0,,0.0,1.0,0,0,410,191,,0.0,,0.0,1.0,ILLUSTRATIVE - not derived from operator financial data,0.0,0.0,0.0,,False,False,0.6,13.2
microwave,mw_config_change,15,POP~R_D05_1,config_change,False,,,,0.0,0.0,0,0,False,False,False,False,190.0,,,,,,,,,,,,,,,0,0,410,191,,0.0,,0.0,1.0,0,0,410,191,,0.0,,0.0,1.0,0,0,410,191,,0.0,,0.0,1.0,ILLUSTRATIVE - not derived from operator financial data,0.0,0.0,0.0,,False,False,0.6,13.2
microwave,mw_config_change,1,POP~R_D05_1,config_change,False,,193.0,0.0,0.0,0.0,1,0,False,True,False,False,190.0,193.0,193.0,,,,,,,,,,,,0.0,381,0,29,191,1.0,0.9292682926829269,0.963337547408344,0.0,0.07073170731707316,380,0,30,191,1.0,0.926829268292683,0.9620253164556963,0.0,0.07317073170731707,0,0,410,191,,0.0,,0.0,1.0,ILLUSTRATIVE - not derived from operator financial data,0.0,900.0,-900.0,,False,False,0.8,17.6
microwave,mw_config_change,2,POP~R_D05_1,config_change,False,319.0,193.0,0.0,0.0,0.0,1,0,True,True,False,False,190.0,193.0,193.0,512.0,518.0,,,,,319.0,319.0,,,,0.0,389,0,21,191,1.0,0.948780487804878,0.9737171464330413,0.0,0.05121951219512195,388,0,22,191,1.0,0.9463414634146341,0.9724310776942355,0.0,0.05365853658536585,89,0,321,191,1.0,0.21707317073170732,0.35671342685370744,0.0,0.7829268292682927,ILLUSTRATIVE - not derived from operator financial data,900.0,900.0,0.0,0.0,False,False,0.8,17.6
microwave,mw_config_change,3,POP~R_D05_1,config_change,False,,193.0,0.0,0.0,0.0,0,0,False,True,False,False,190.0,193.0,193.0,,,,,,,,,,,,0.0,408,0,2,191,1.0,0.9951219512195122,0.9975550122249389,0.0,0.004878048780487805,408,0,2,191,1.0,0.9951219512195122,0.9975550122249389,0.0,0.004878048780487805,0,0,410,191,,0.0,,0.0,1.0,ILLUSTRATIVE - not derived from operator financial data,0.0,900.0,-900.0,,False,False,0.8,17.6
microwave,mw_config_change,4,POP~R_D05_1,config_change,False,,193.0,0.0,0.0,0.0,0,0,False,True,False,False,190.0,193.0,193.0,,,,,,,,,,,,0.0,408,0,2,191,1.0,0.9951219512195122,0.9975550122249389,0.0,0.004878048780487805,408,0,2,191,1.0,0.9951219512195122,0.9975550122249389,0.0,0.004878048780487805,0,0,410,191,,0.0,,0.0,1.0,ILLUSTRATIVE - not derived from operator financial data,0.0,900.0,-900.0,,False,False,0.8,17.6
microwave,mw_config_change,5,POP~R_D05_1,config_change,False,395.0,193.0,0.0,0.0,0.0,0,0,True,True,False,False,190.0,193.0,193.0,588.0,594.0,,,,,395.0,395.0,,,,0.0,388,0,22,191,1.0,0.9463414634146341,0.9724310776942355,0.0,0.05365853658536585,388,0,22,191,1.0,0.9463414634146341,0.9724310776942355,0.0,0.05365853658536585,13,0,397,191,1.0,0.03170731707317073,0.061465721040189124,0.0,0.9682926829268292,ILLUSTRATIVE - not derived from operator financial data,900.0,900.0,0.0,0.0,False,False,0.8,17.6
microwave,mw_config_change,6,POP~R_D05_1,config_change,False,,193.0,0.0,0.0,0.0,1,0,False,True,False,False,190.0,193.0,193.0,,,,,,,,,,,,0.0,408,0,2,191,1.0,0.9951219512195122,0.9975550122249389,0.0,0.004878048780487805,407,0,3,191,1.0,0.9926829268292683,0.996328029375765,0.0,0.007317073170731708,0,0,410,191,,0.0,,0.0,1.0,ILLUSTRATIVE - not derived from operator financial data,0.0,900.0,-900.0,,False,False,0.8,17.6
microwave,mw_config_change,7,POP~R_D05_1,config_change,False,,193.0,0.0,0.0,0.0,3,0,False,True,False,False,190.0,193.0,193.0,,,,,,,,,,,,0.0,395,0,15,191,1.0,0.9634146341463414,0.9813664596273292,0.0,0.036585365853658534,392,0,18,191,1.0,0.9560975609756097,0.9775561097256857,0.0,0.04390243902439024,0,0,410,191,,0.0,,0.0,1.0,ILLUSTRATIVE - not derived from operator financial data,0.0,900.0,-900.0,,False,False,0.8,17.6
microwave,mw_config_change,8,POP~R_D05_1,config_change,False,,193.0,0.0,0.0,0.0,1,0,False,True,False,False,190.0,193.0,193.0,,,,,,,,,,,,0.0,398,0,12,191,1.0,0.9707317073170731,0.9851485148514851,0.0,0.02926829268292683,397,0,13,191,1.0,0.9682926829268292,0.9838909541511772,0.0,0.03170731707317073,0,0,410,191,,0.0,,0.0,1.0,ILLUSTRATIVE - not derived from operator financial data,0.0,900.0,-900.0,,False,False,0.8,17.6
microwave,mw_config_change,9,POP~R_D05_1,config_change,False,,193.0,0.0,0.0,0.0,0,0,False,True,False,False,190.0,193.0,193.0,,,,,,,,,,,,0.0,408,0,2,191,1.0,0.9951219512195122,0.9975550122249389,0.0,0.004878048780487805,408,0,2,191,1.0,0.9951219512195122,0.9975550122249389,0.0,0.004878048780487805,0,0,410,191,,0.0,,0.0,1.0,ILLUSTRATIVE - not derived from operator financial data,0.0,900.0,-900.0,,False,False,0.8,17.6
microwave,mw_config_change,10,POP~R_D05_1,config_change,False,376.0,193.0,0.0,0.0,0.0,1,0,True,True,False,False,190.0,193.0,193.0,569.0,575.0,,,,,376.0,376.0,,,,0.0,408,0,2,191,1.0,0.9951219512195122,0.9975550122249389,0.0,0.004878048780487805,407,0,3,191,1.0,0.9926829268292683,0.996328029375765,0.0,0.007317073170731708,32,0,378,191,1.0,0.07804878048780488,0.14479638009049772,0.0,0.9219512195121952,ILLUSTRATIVE - not derived from operator financial data,900.0,900.0,0.0,0.0,False,False,0.8,17.6
microwave,mw_config_change,11,POP~R_D05_1,config_change,False,,193.0,0.0,0.0,0.0,0,0,False,True,False,False,190.0,193.0,193.0,,,,,,,,,,,,0.0,405,0,5,191,1.0,0.9878048780487805,0.9938650306748467,0.0,0.012195121951219513,405,0,5,191,1.0,0.9878048780487805,0.9938650306748467,0.0,0.012195121951219513,0,0,410,191,,0.0,,0.0,1.0,ILLUSTRATIVE - not derived from operator financial data,0.0,900.0,-900.0,,False,False,0.8,17.6
microwave,mw_config_change,12,POP~R_D05_1,config_change,False,,193.0,0.0,0.0,0.0,0,0,False,True,False,False,190.0,193.0,193.0,,,,,,,,,,,,0.0,408,0,2,191,1.0,0.9951219512195122,0.9975550122249389,0.0,0.004878048780487805,408,0,2,191,1.0,0.9951219512195122,0.9975550122249389,0.0,0.004878048780487805,0,0,410,191,,0.0,,0.0,1.0,ILLUSTRATIVE - not derived from operator financial data,0.0,900.0,-900.0,,False,False,0.8,17.6
microwave,mw_config_change,13,POP~R_D05_1,config_change,False,,193.0,0.0,0.0,0.0,0,0,False,True,False,False,190.0,193.0,193.0,,,,,,,,,,,,0.0,389,0,21,191,1.0,0.948780487804878,0.9737171464330413,0.0,0.05121951219512195,389,0,21,191,1.0,0.948780487804878,0.9737171464330413,0.0,0.05121951219512195,0,0,410,191,,0.0,,0.0,1.0,ILLUSTRATIVE - not derived from operator financial data,0.0,900.0,-900.0,,False,False,0.8,17.6
microwave,mw_config_change,14,POP~R_D05_1,config_change,False,,193.0,0.0,0.0,0.0,0,0,False,True,False,False,190.0,193.0,193.0,,,,,,,,,,,,0.0,400,0,10,191,1.0,0.975609756097561,0.9876543209876543,0.0,0.024390243902439025,400,0,10,191,1.0,0.975609756097561,0.9876543209876543,0.0,0.024390243902439025,0,0,410,191,,0.0,,0.0,1.0,ILLUSTRATIVE - not derived from operator financial data,0.0,900.0,-900.0,,False,False,0.8,17.6
microwave,mw_config_change,15,POP~R_D05_1,config_change,False,,193.0,0.0,0.0,0.0,0,0,False,True,False,False,190.0,193.0,193.0,,,,,,,,,,,,0.0,405,0,5,191,1.0,0.9878048780487805,0.9938650306748467,0.0,0.012195121951219513,405,0,5,191,1.0,0.9878048780487805,0.9938650306748467,0.0,0.012195121951219513,0,0,410,191,,0.0,,0.0,1.0,ILLUSTRATIVE - not derived from operator financial data,0.0,900.0,-900.0,,False,False,0.8,17.6
microwave,mw_config_change,1,POP~R_D05_1,config_change,False,11.0,193.0,0.0,0.0,0.0,0,0,True,True,False,False,190.0,193.0,193.0,204.0,210.0,,,,,11.0,11.0,,,,0.0,408,0,2,191,1.0,0.9951219512195122,0.9975550122249389,0.0,0.004878048780487805,408,0,2,191,1.0,0.9951219512195122,0.9975550122249389,0.0,0.004878048780487805,397,0,13,191,1.0,0.9682926829268292,0.9838909541511772,0.0,0.03170731707317073,ILLUSTRATIVE - not derived from operator financial data,900.0,900.0,0.0,0.0,False,False,1.0,22.0
microwave,mw_config_change,2,POP~R_D05_1,config_change,False,10.0,193.0,0.0,0.0,0.0,0,0,True,True,False,False,190.0,193.0,193.0,203.0,209.0,,,,,10.0,10.0,,,,0.0,408,0,2,191,1.0,0.9951219512195122,0.9975550122249389,0.0,0.004878048780487805,408,0,2,191,1.0,0.9951219512195122,0.9975550122249389,0.0,0.004878048780487805,398,0,12,191,1.0,0.9707317073170731,0.9851485148514851,0.0,0.02926829268292683,ILLUSTRATIVE - not derived from operator financial data,900.0,900.0,0.0,0.0,False,False,1.0,22.0
microwave,mw_config_change,3,POP~R_D05_1,config_change,False,10.0,193.0,0.0,0.0,0.0,0,0,True,True,False,False,190.0,193.0,193.0,203.0,209.0,,,,,10.0,10.0,,,,0.0,408,0,2,191,1.0,0.9951219512195122,0.9975550122249389,0.0,0.004878048780487805,408,0,2,191,1.0,0.9951219512195122,0.9975550122249389,0.0,0.004878048780487805,398,0,12,191,1.0,0.9707317073170731,0.9851485148514851,0.0,0.02926829268292683,ILLUSTRATIVE - not derived from operator financial data,900.0,900.0,0.0,0.0,False,False,1.0,22.0
microwave,mw_config_change,4,POP~R_D05_1,config_change,False,11.0,193.0,0.0,0.0,0.0,0,0,True,True,False,False,190.0,193.0,193.0,204.0,210.0,,,,,11.0,11.0,,,,0.0,408,0,2,191,1.0,0.9951219512195122,0.9975550122249389,0.0,0.004878048780487805,408,0,2,191,1.0,0.9951219512195122,0.9975550122249389,0.0,0.004878048780487805,397,0,13,191,1.0,0.9682926829268292,0.9838909541511772,0.0,0.03170731707317073,ILLUSTRATIVE - not derived from operator financial data,900.0,900.0,0.0,0.0,False,False,1.0,22.0
microwave,mw_config_change,5,POP~R_D05_1,config_change,False,11.0,193.0,0.0,0.0,0.0,0,0,True,True,False,False,190.0,193.0,193.0,204.0,210.0,,,,,11.0,11.0,,,,0.0,408,0,2,191,1.0,0.9951219512195122,0.9975550122249389,0.0,0.004878048780487805,408,0,2,191,1.0,0.9951219512195122,0.9975550122249389,0.0,0.004878048780487805,397,0,13,191,1.0,0.9682926829268292,0.9838909541511772,0.0,0.03170731707317073,ILLUSTRATIVE - not derived from operator financial data,900.0,900.0,0.0,0.0,False,False,1.0,22.0
microwave,mw_config_change,6,POP~R_D05_1,config_change,False,10.0,193.0,0.0,0.0,0.0,0,0,True,True,False,False,190.0,193.0,193.0,203.0,209.0,,,,,10.0,10.0,,,,0.0,408,0,2,191,1.0,0.9951219512195122,0.9975550122249389,0.0,0.004878048780487805,408,0,2,191,1.0,0.9951219512195122,0.9975550122249389,0.0,0.004878048780487805,398,0,12,191,1.0,0.9707317073170731,0.9851485148514851,0.0,0.02926829268292683,ILLUSTRATIVE - not derived from operator financial data,900.0,900.0,0.0,0.0,False,False,1.0,22.0
microwave,mw_config_change,7,POP~R_D05_1,config_change,False,11.0,193.0,0.0,0.0,0.0,0,0,True,True,False,False,190.0,193.0,193.0,204.0,210.0,,,,,11.0,11.0,,,,0.0,408,0,2,191,1.0,0.9951219512195122,0.9975550122249389,0.0,0.004878048780487805,408,0,2,191,1.0,0.9951219512195122,0.9975550122249389,0.0,0.004878048780487805,397,0,13,191,1.0,0.9682926829268292,0.9838909541511772,0.0,0.03170731707317073,ILLUSTRATIVE - not derived from operator financial data,900.0,900.0,0.0,0.0,False,False,1.0,22.0
microwave,mw_config_change,8,POP~R_D05_1,config_change,False,11.0,193.0,0.0,0.0,0.0,0,0,True,True,False,False,190.0,193.0,193.0,204.0,210.0,,,,,11.0,11.0,,,,0.0,408,0,2,191,1.0,0.9951219512195122,0.9975550122249389,0.0,0.004878048780487805,408,0,2,191,1.0,0.9951219512195122,0.9975550122249389,0.0,0.004878048780487805,397,0,13,191,1.0,0.9682926829268292,0.9838909541511772,0.0,0.03170731707317073,ILLUSTRATIVE - not derived from operator financial data,900.0,900.0,0.0,0.0,False,False,1.0,22.0
microwave,mw_config_change,9,POP~R_D05_1,config_change,False,10.0,193.0,0.0,0.0,0.0,0,0,True,True,False,False,190.0,193.0,193.0,203.0,209.0,,,,,10.0,10.0,,,,0.0,408,0,2,191,1.0,0.9951219512195122,0.9975550122249389,0.0,0.004878048780487805,408,0,2,191,1.0,0.9951219512195122,0.9975550122249389,0.0,0.004878048780487805,398,0,12,191,1.0,0.9707317073170731,0.9851485148514851,0.0,0.02926829268292683,ILLUSTRATIVE - not derived from operator financial data,900.0,900.0,0.0,0.0,False,False,1.0,22.0
microwave,mw_config_change,10,POP~R_D05_1,config_change,False,11.0,193.0,0.0,0.0,0.0,0,0,True,True,False,False,190.0,193.0,193.0,204.0,210.0,,,,,11.0,11.0,,,,0.0,408,0,2,191,1.0,0.9951219512195122,0.9975550122249389,0.0,0.004878048780487805,408,0,2,191,1.0,0.9951219512195122,0.9975550122249389,0.0,0.004878048780487805,397,0,13,191,1.0,0.9682926829268292,0.9838909541511772,0.0,0.03170731707317073,ILLUSTRATIVE - not derived from operator financial data,900.0,900.0,0.0,0.0,False,False,1.0,22.0
microwave,mw_config_change,11,POP~R_D05_1,config_change,False,10.0,193.0,0.0,0.0,0.0,0,0,True,True,False,False,190.0,193.0,193.0,203.0,209.0,,,,,10.0,10.0,,,,0.0,408,0,2,191,1.0,0.9951219512195122,0.9975550122249389,0.0,0.004878048780487805,408,0,2,191,1.0,0.9951219512195122,0.9975550122249389,0.0,0.004878048780487805,398,0,12,191,1.0,0.9707317073170731,0.9851485148514851,0.0,0.02926829268292683,ILLUSTRATIVE - not derived from operator financial data,900.0,900.0,0.0,0.0,False,False,1.0,22.0
microwave,mw_config_change,12,POP~R_D05_1,config_change,False,11.0,193.0,0.0,0.0,0.0,0,0,True,True,False,False,190.0,193.0,193.0,204.0,210.0,,,,,11.0,11.0,,,,0.0,408,0,2,191,1.0,0.9951219512195122,0.9975550122249389,0.0,0.004878048780487805,408,0,2,191,1.0,0.9951219512195122,0.9975550122249389,0.0,0.004878048780487805,397,0,13,191,1.0,0.9682926829268292,0.9838909541511772,0.0,0.03170731707317073,ILLUSTRATIVE - not derived from operator financial data,900.0,900.0,0.0,0.0,False,False,1.0,22.0
microwave,mw_config_change,13,POP~R_D05_1,config_change,False,11.0,193.0,0.0,0.0,0.0,0,0,True,True,False,False,190.0,193.0,193.0,204.0,210.0,,,,,11.0,11.0,,,,0.0,408,0,2,191,1.0,0.9951219512195122,0.9975550122249389,0.0,0.004878048780487805,408,0,2,191,1.0,0.9951219512195122,0.9975550122249389,0.0,0.004878048780487805,397,0,13,191,1.0,0.9682926829268292,0.9838909541511772,0.0,0.03170731707317073,ILLUSTRATIVE - not derived from operator financial data,900.0,900.0,0.0,0.0,False,False,1.0,22.0
microwave,mw_config_change,14,POP~R_D05_1,config_change,False,11.0,193.0,0.0,0.0,0.0,0,0,True,True,False,False,190.0,193.0,193.0,204.0,210.0,,,,,11.0,11.0,,,,0.0,408,0,2,191,1.0,0.9951219512195122,0.9975550122249389,0.0,0.004878048780487805,408,0,2,191,1.0,0.9951219512195122,0.9975550122249389,0.0,0.004878048780487805,397,0,13,191,1.0,0.9682926829268292,0.9838909541511772,0.0,0.03170731707317073,ILLUSTRATIVE - not derived from operator financial data,900.0,900.0,0.0,0.0,False,False,1.0,22.0
microwave,mw_config_change,15,POP~R_D05_1,config_change,False,11.0,193.0,0.0,0.0,0.0,0,0,True,True,False,False,190.0,193.0,193.0,204.0,210.0,,,,,11.0,11.0,,,,0.0,408,0,2,191,1.0,0.9951219512195122,0.9975550122249389,0.0,0.004878048780487805,408,0,2,191,1.0,0.9951219512195122,0.9975550122249389,0.0,0.004878048780487805,397,0,13,191,1.0,0.9682926829268292,0.9838909541511772,0.0,0.03170731707317073,ILLUSTRATIVE - not derived from operator financial data,900.0,900.0,0.0,0.0,False,False,1.0,22.0
microwave,mw_config_change,1,POP~R_D05_1,config_change,False,9.0,193.0,0.0,0.0,0.0,0,0,True,True,False,False,190.0,193.0,193.0,202.0,208.0,,,,,9.0,9.0,,,,0.0,408,0,2,191,1.0,0.9951219512195122,0.9975550122249389,0.0,0.004878048780487805,408,0,2,191,1.0,0.9951219512195122,0.9975550122249389,0.0,0.004878048780487805,399,0,11,191,1.0,0.973170731707317,0.9864029666254636,0.0,0.026829268292682926,ILLUSTRATIVE - not derived from operator financial data,900.0,900.0,0.0,0.0,False,False,1.3,28.6
microwave,mw_config_change,2,POP~R_D05_1,config_change,False,9.0,193.0,0.0,0.0,0.0,0,0,True,True,False,False,190.0,193.0,193.0,202.0,208.0,,,,,9.0,9.0,,,,0.0,408,0,2,191,1.0,0.9951219512195122,0.9975550122249389,0.0,0.004878048780487805,408,0,2,191,1.0,0.9951219512195122,0.9975550122249389,0.0,0.004878048780487805,399,0,11,191,1.0,0.973170731707317,0.9864029666254636,0.0,0.026829268292682926,ILLUSTRATIVE - not derived from operator financial data,900.0,900.0,0.0,0.0,False,False,1.3,28.6
microwave,mw_config_change,3,POP~R_D05_1,config_change,False,9.0,193.0,0.0,0.0,0.0,0,0,True,True,False,False,190.0,193.0,193.0,202.0,208.0,,,,,9.0,9.0,,,,0.0,408,0,2,191,1.0,0.9951219512195122,0.9975550122249389,0.0,0.004878048780487805,408,0,2,191,1.0,0.9951219512195122,0.9975550122249389,0.0,0.004878048780487805,399,0,11,191,1.0,0.973170731707317,0.9864029666254636,0.0,0.026829268292682926,ILLUSTRATIVE - not derived from operator financial data,900.0,900.0,0.0,0.0,False,False,1.3,28.6
microwave,mw_config_change,4,POP~R_D05_1,config_change,False,9.0,193.0,0.0,0.0,0.0,0,0,True,True,False,False,190.0,193.0,193.0,202.0,208.0,,,,,9.0,9.0,,,,0.0,408,0,2,191,1.0,0.9951219512195122,0.9975550122249389,0.0,0.004878048780487805,408,0,2,191,1.0,0.9951219512195122,0.9975550122249389,0.0,0.004878048780487805,399,0,11,191,1.0,0.973170731707317,0.9864029666254636,0.0,0.026829268292682926,ILLUSTRATIVE - not derived from operator financial data,900.0,900.0,0.0,0.0,False,False,1.3,28.6
microwave,mw_config_change,5,POP~R_D05_1,config_change,False,9.0,193.0,0.0,1.0,0.0,0,0,True,True,False,False,190.0,193.0,193.0,202.0,208.0,580.0,,,,9.0,9.0,387.0,387.0,378.0,0.0,408,0,2,191,1.0,0.9951219512195122,0.9975550122249389,0.0,0.004878048780487805,408,0,2,191,1.0,0.9951219512195122,0.9975550122249389,0.0,0.004878048780487805,399,0,11,191,1.0,0.973170731707317,0.9864029666254636,0.0,0.026829268292682926,ILLUSTRATIVE - not derived from operator financial data,906.73,903.7,3.03,0.3,False,False,1.3,28.6
microwave,mw_config_change,6,POP~R_D05_1,config_change,False,9.0,193.0,0.0,0.0,0.0,0,0,True,True,False,False,190.0,193.0,193.0,202.0,208.0,,,,,9.0,9.0,,,,0.0,408,0,2,191,1.0,0.9951219512195122,0.9975550122249389,0.0,0.004878048780487805,408,0,2,191,1.0,0.9951219512195122,0.9975550122249389,0.0,0.004878048780487805,399,0,11,191,1.0,0.973170731707317,0.9864029666254636,0.0,0.026829268292682926,ILLUSTRATIVE - not derived from operator financial data,900.0,900.0,0.0,0.0,False,False,1.3,28.6
microwave,mw_config_change,7,POP~R_D05_1,config_change,False,9.0,193.0,0.0,1.0,0.0,0,0,True,True,False,False,190.0,193.0,193.0,202.0,208.0,371.0,,,,9.0,9.0,178.0,178.0,169.0,0.0,408,0,2,191,1.0,0.9951219512195122,0.9975550122249389,0.0,0.004878048780487805,408,0,2,191,1.0,0.9951219512195122,0.9975550122249389,0.0,0.004878048780487805,399,0,11,191,1.0,0.973170731707317,0.9864029666254636,0.0,0.026829268292682926,ILLUSTRATIVE - not derived from operator financial data,906.73,903.7,3.03,0.3,False,False,1.3,28.6
microwave,mw_config_change,8,POP~R_D05_1,config_change,False,9.0,193.0,0.0,0.0,0.0,0,0,True,True,False,False,190.0,193.0,193.0,202.0,208.0,,,,,9.0,9.0,,,,0.0,408,0,2,191,1.0,0.9951219512195122,0.9975550122249389,0.0,0.004878048780487805,408,0,2,191,1.0,0.9951219512195122,0.9975550122249389,0.0,0.004878048780487805,399,0,11,191,1.0,0.973170731707317,0.9864029666254636,0.0,0.026829268292682926,ILLUSTRATIVE - not derived from operator financial data,900.0,900.0,0.0,0.0,False,False,1.3,28.6
microwave,mw_config_change,9,POP~R_D05_1,config_change,False,9.0,193.0,0.0,1.0,0.0,0,0,True,True,False,False,190.0,193.0,193.0,202.0,208.0,399.0,,,,9.0,9.0,206.0,206.0,197.0,0.0,408,0,2,191,1.0,0.9951219512195122,0.9975550122249389,0.0,0.004878048780487805,408,0,2,191,1.0,0.9951219512195122,0.9975550122249389,0.0,0.004878048780487805,399,0,11,191,1.0,0.973170731707317,0.9864029666254636,0.0,0.026829268292682926,ILLUSTRATIVE - not derived from operator financial data,906.73,903.7,3.03,0.3,False,False,1.3,28.6
microwave,mw_config_change,10,POP~R_D05_1,config_change,False,9.0,193.0,0.0,5.0,0.0,0,0,True,True,False,False,190.0,193.0,193.0,202.0,208.0,557.0,,,,9.0,9.0,364.0,364.0,355.0,0.0,408,0,2,191,1.0,0.9951219512195122,0.9975550122249389,0.0,0.004878048780487805,408,0,2,191,1.0,0.9951219512195122,0.9975550122249389,0.0,0.004878048780487805,399,0,11,191,1.0,0.973170731707317,0.9864029666254636,0.0,0.026829268292682926,ILLUSTRATIVE - not derived from operator financial data,933.67,918.52,15.15,1.6,False,False,1.3,28.6
microwave,mw_config_change,11,POP~R_D05_1,config_change,False,9.0,193.0,0.0,1.0,0.0,0,0,True,True,False,False,190.0,193.0,193.0,202.0,208.0,288.0,,,,9.0,9.0,95.0,95.0,86.0,0.0,408,0,2,191,1.0,0.9951219512195122,0.9975550122249389,0.0,0.004878048780487805,408,0,2,191,1.0,0.9951219512195122,0.9975550122249389,0.0,0.004878048780487805,399,0,11,191,1.0,0.973170731707317,0.9864029666254636,0.0,0.026829268292682926,ILLUSTRATIVE - not derived from operator financial data,906.73,903.7,3.03,0.3,False,False,1.3,28.6
microwave,mw_config_change,12,POP~R_D05_1,config_change,False,9.0,193.0,0.0,4.0,0.0,0,0,True,True,False,False,190.0,193.0,193.0,202.0,208.0,267.0,,,,9.0,9.0,74.0,74.0,65.0,0.0,408,0,2,191,1.0,0.9951219512195122,0.9975550122249389,0.0,0.004878048780487805,408,0,2,191,1.0,0.9951219512195122,0.9975550122249389,0.0,0.004878048780487805,399,0,11,191,1.0,0.973170731707317,0.9864029666254636,0.0,0.026829268292682926,ILLUSTRATIVE - not derived from operator financial data,926.93,914.81,12.12,1.3,False,False,1.3,28.6
microwave,mw_config_change,13,POP~R_D05_1,config_change,False,9.0,193.0,0.0,0.0,0.0,0,0,True,True,False,False,190.0,193.0,193.0,202.0,208.0,,,,,9.0,9.0,,,,0.0,408,0,2,191,1.0,0.9951219512195122,0.9975550122249389,0.0,0.004878048780487805,408,0,2,191,1.0,0.9951219512195122,0.9975550122249389,0.0,0.004878048780487805,399,0,11,191,1.0,0.973170731707317,0.9864029666254636,0.0,0.026829268292682926,ILLUSTRATIVE - not derived from operator financial data,900.0,900.0,0.0,0.0,False,False,1.3,28.6
microwave,mw_config_change,14,POP~R_D05_1,config_change,False,9.0,193.0,0.0,1.0,0.0,0,0,True,True,False,False,190.0,193.0,193.0,202.0,208.0,523.0,,,,9.0,9.0,330.0,330.0,321.0,0.0,408,0,2,191,1.0,0.9951219512195122,0.9975550122249389,0.0,0.004878048780487805,408,0,2,191,1.0,0.9951219512195122,0.9975550122249389,0.0,0.004878048780487805,399,0,11,191,1.0,0.973170731707317,0.9864029666254636,0.0,0.026829268292682926,ILLUSTRATIVE - not derived from operator financial data,906.73,903.7,3.03,0.3,False,False,1.3,28.6
microwave,mw_config_change,15,POP~R_D05_1,config_change,False,9.0,193.0,0.0,4.0,0.0,0,0,True,True,False,False,190.0,193.0,193.0,202.0,208.0,407.0,,,,9.0,9.0,214.0,214.0,205.0,0.0,408,0,2,191,1.0,0.9951219512195122,0.9975550122249389,0.0,0.004878048780487805,408,0,2,191,1.0,0.9951219512195122,0.9975550122249389,0.0,0.004878048780487805,399,0,11,191,1.0,0.973170731707317,0.9864029666254636,0.0,0.026829268292682926,ILLUSTRATIVE - not derived from operator financial data,926.93,914.81,12.12,1.3,False,False,1.3,28.6
microwave,mw_config_change,1,POP~R_D05_1,config_change,False,9.0,193.0,0.0,410.0,0.0,0,0,True,True,False,False,190.0,193.0,193.0,202.0,208.0,191.0,,,,9.0,9.0,-2.0,-2.0,-11.0,0.0,408,0,2,191,1.0,0.9951219512195122,0.9975550122249389,0.0,0.004878048780487805,408,0,2,191,1.0,0.9951219512195122,0.9975550122249389,0.0,0.004878048780487805,399,0,11,191,1.0,0.973170731707317,0.9864029666254636,0.0,0.026829268292682926,ILLUSTRATIVE - not derived from operator financial data,2394.0,2393.03,0.97,0.0,False,False,1.7,37.4
microwave,mw_config_change,2,POP~R_D05_1,config_change,False,8.0,193.0,0.0,410.0,0.0,0,0,True,True,False,False,190.0,193.0,193.0,201.0,207.0,191.0,,,,8.0,8.0,-2.0,-2.0,-10.0,0.0,408,0,2,191,1.0,0.9951219512195122,0.9975550122249389,0.0,0.004878048780487805,408,0,2,191,1.0,0.9951219512195122,0.9975550122249389,0.0,0.004878048780487805,400,0,10,191,1.0,0.975609756097561,0.9876543209876543,0.0,0.024390243902439025,ILLUSTRATIVE - not derived from operator financial data,2394.0,2393.14,0.86,0.0,False,False,1.7,37.4
microwave,mw_config_change,3,POP~R_D05_1,config_change,False,8.0,193.0,0.0,410.0,0.0,0,0,True,True,False,False,190.0,193.0,193.0,201.0,207.0,191.0,,,,8.0,8.0,-2.0,-2.0,-10.0,0.0,408,0,2,191,1.0,0.9951219512195122,0.9975550122249389,0.0,0.004878048780487805,408,0,2,191,1.0,0.9951219512195122,0.9975550122249389,0.0,0.004878048780487805,400,0,10,191,1.0,0.975609756097561,0.9876543209876543,0.0,0.024390243902439025,ILLUSTRATIVE - not derived from operator financial data,2394.0,2393.14,0.86,0.0,False,False,1.7,37.4
microwave,mw_config_change,4,POP~R_D05_1,config_change,False,9.0,193.0,0.0,410.0,0.0,0,0,True,True,False,False,190.0,193.0,193.0,202.0,208.0,191.0,,,,9.0,9.0,-2.0,-2.0,-11.0,0.0,408,0,2,191,1.0,0.9951219512195122,0.9975550122249389,0.0,0.004878048780487805,408,0,2,191,1.0,0.9951219512195122,0.9975550122249389,0.0,0.004878048780487805,399,0,11,191,1.0,0.973170731707317,0.9864029666254636,0.0,0.026829268292682926,ILLUSTRATIVE - not derived from operator financial data,2394.0,2393.03,0.97,0.0,False,False,1.7,37.4
microwave,mw_config_change,5,POP~R_D05_1,config_change,False,9.0,193.0,0.0,410.0,0.0,0,0,True,True,False,False,190.0,193.0,193.0,202.0,208.0,191.0,,,,9.0,9.0,-2.0,-2.0,-11.0,0.0,408,0,2,191,1.0,0.9951219512195122,0.9975550122249389,0.0,0.004878048780487805,408,0,2,191,1.0,0.9951219512195122,0.9975550122249389,0.0,0.004878048780487805,399,0,11,191,1.0,0.973170731707317,0.9864029666254636,0.0,0.026829268292682926,ILLUSTRATIVE - not derived from operator financial data,2394.0,2393.03,0.97,0.0,False,False,1.7,37.4
microwave,mw_config_change,6,POP~R_D05_1,config_change,False,9.0,193.0,0.0,410.0,0.0,0,0,True,True,False,False,190.0,193.0,193.0,202.0,208.0,191.0,,,,9.0,9.0,-2.0,-2.0,-11.0,0.0,408,0,2,191,1.0,0.9951219512195122,0.9975550122249389,0.0,0.004878048780487805,408,0,2,191,1.0,0.9951219512195122,0.9975550122249389,0.0,0.004878048780487805,399,0,11,191,1.0,0.973170731707317,0.9864029666254636,0.0,0.026829268292682926,ILLUSTRATIVE - not derived from operator financial data,2394.0,2393.03,0.97,0.0,False,False,1.7,37.4
microwave,mw_config_change,7,POP~R_D05_1,config_change,False,9.0,193.0,0.0,410.0,0.0,0,0,True,True,False,False,190.0,193.0,193.0,202.0,208.0,191.0,,,,9.0,9.0,-2.0,-2.0,-11.0,0.0,408,0,2,191,1.0,0.9951219512195122,0.9975550122249389,0.0,0.004878048780487805,408,0,2,191,1.0,0.9951219512195122,0.9975550122249389,0.0,0.004878048780487805,399,0,11,191,1.0,0.973170731707317,0.9864029666254636,0.0,0.026829268292682926,ILLUSTRATIVE - not derived from operator financial data,2394.0,2393.03,0.97,0.0,False,False,1.7,37.4
microwave,mw_config_change,8,POP~R_D05_1,config_change,False,9.0,193.0,0.0,410.0,0.0,0,0,True,True,False,False,190.0,193.0,193.0,202.0,208.0,191.0,,,,9.0,9.0,-2.0,-2.0,-11.0,0.0,408,0,2,191,1.0,0.9951219512195122,0.9975550122249389,0.0,0.004878048780487805,408,0,2,191,1.0,0.9951219512195122,0.9975550122249389,0.0,0.004878048780487805,399,0,11,191,1.0,0.973170731707317,0.9864029666254636,0.0,0.026829268292682926,ILLUSTRATIVE - not derived from operator financial data,2394.0,2393.03,0.97,0.0,False,False,1.7,37.4
microwave,mw_config_change,9,POP~R_D05_1,config_change,False,9.0,193.0,0.0,410.0,0.0,0,0,True,True,False,False,190.0,193.0,193.0,202.0,208.0,191.0,,,,9.0,9.0,-2.0,-2.0,-11.0,0.0,408,0,2,191,1.0,0.9951219512195122,0.9975550122249389,0.0,0.004878048780487805,408,0,2,191,1.0,0.9951219512195122,0.9975550122249389,0.0,0.004878048780487805,399,0,11,191,1.0,0.973170731707317,0.9864029666254636,0.0,0.026829268292682926,ILLUSTRATIVE - not derived from operator financial data,2394.0,2393.03,0.97,0.0,False,False,1.7,37.4
microwave,mw_config_change,10,POP~R_D05_1,config_change,False,9.0,193.0,0.0,410.0,0.0,0,0,True,True,False,False,190.0,193.0,193.0,202.0,208.0,191.0,,,,9.0,9.0,-2.0,-2.0,-11.0,0.0,408,0,2,191,1.0,0.9951219512195122,0.9975550122249389,0.0,0.004878048780487805,408,0,2,191,1.0,0.9951219512195122,0.9975550122249389,0.0,0.004878048780487805,399,0,11,191,1.0,0.973170731707317,0.9864029666254636,0.0,0.026829268292682926,ILLUSTRATIVE - not derived from operator financial data,2394.0,2393.03,0.97,0.0,False,False,1.7,37.4
microwave,mw_config_change,11,POP~R_D05_1,config_change,False,8.0,193.0,0.0,410.0,0.0,0,0,True,True,False,False,190.0,193.0,193.0,201.0,207.0,191.0,,,,8.0,8.0,-2.0,-2.0,-10.0,0.0,408,0,2,191,1.0,0.9951219512195122,0.9975550122249389,0.0,0.004878048780487805,408,0,2,191,1.0,0.9951219512195122,0.9975550122249389,0.0,0.004878048780487805,400,0,10,191,1.0,0.975609756097561,0.9876543209876543,0.0,0.024390243902439025,ILLUSTRATIVE - not derived from operator financial data,2394.0,2393.14,0.86,0.0,False,False,1.7,37.4
microwave,mw_config_change,12,POP~R_D05_1,config_change,False,9.0,193.0,0.0,410.0,0.0,0,0,True,True,False,False,190.0,193.0,193.0,202.0,208.0,191.0,,,,9.0,9.0,-2.0,-2.0,-11.0,0.0,408,0,2,191,1.0,0.9951219512195122,0.9975550122249389,0.0,0.004878048780487805,408,0,2,191,1.0,0.9951219512195122,0.9975550122249389,0.0,0.004878048780487805,399,0,11,191,1.0,0.973170731707317,0.9864029666254636,0.0,0.026829268292682926,ILLUSTRATIVE - not derived from operator financial data,2394.0,2393.03,0.97,0.0,False,False,1.7,37.4
microwave,mw_config_change,13,POP~R_D05_1,config_change,False,9.0,193.0,0.0,410.0,0.0,0,0,True,True,False,False,190.0,193.0,193.0,202.0,208.0,191.0,,,,9.0,9.0,-2.0,-2.0,-11.0,0.0,408,0,2,191,1.0,0.9951219512195122,0.9975550122249389,0.0,0.004878048780487805,408,0,2,191,1.0,0.9951219512195122,0.9975550122249389,0.0,0.004878048780487805,399,0,11,191,1.0,0.973170731707317,0.9864029666254636,0.0,0.026829268292682926,ILLUSTRATIVE - not derived from operator financial data,2394.0,2393.03,0.97,0.0,False,False,1.7,37.4
microwave,mw_config_change,14,POP~R_D05_1,config_change,False,9.0,193.0,0.0,410.0,0.0,0,0,True,True,False,False,190.0,193.0,193.0,202.0,208.0,191.0,,,,9.0,9.0,-2.0,-2.0,-11.0,0.0,408,0,2,191,1.0,0.9951219512195122,0.9975550122249389,0.0,0.004878048780487805,408,0,2,191,1.0,0.9951219512195122,0.9975550122249389,0.0,0.004878048780487805,399,0,11,191,1.0,0.973170731707317,0.9864029666254636,0.0,0.026829268292682926,ILLUSTRATIVE - not derived from operator financial data,2394.0,2393.03,0.97,0.0,False,False,1.7,37.4
microwave,mw_config_change,15,POP~R_D05_1,config_change,False,9.0,193.0,0.0,410.0,0.0,0,0,True,True,False,False,190.0,193.0,193.0,202.0,208.0,191.0,,,,9.0,9.0,-2.0,-2.0,-11.0,0.0,408,0,2,191,1.0,0.9951219512195122,0.9975550122249389,0.0,0.004878048780487805,408,0,2,191,1.0,0.9951219512195122,0.9975550122249389,0.0,0.004878048780487805,399,0,11,191,1.0,0.973170731707317,0.9864029666254636,0.0,0.026829268292682926,ILLUSTRATIVE - not derived from operator financial data,2394.0,2393.03,0.97,0.0,False,False,1.7,37.4
microwave,mw_config_change,1,POP~R_D05_1,config_change,False,8.0,193.0,0.0,355.0,55.0,0,0,True,True,False,False,190.0,193.0,193.0,201.0,207.0,191.0,224.0,,,8.0,8.0,-2.0,-2.0,-10.0,0.0,408,0,2,191,1.0,0.9951219512195122,0.9975550122249389,0.0,0.004878048780487805,408,0,2,191,1.0,0.9951219512195122,0.9975550122249389,0.0,0.004878048780487805,400,0,10,191,1.0,0.975609756097561,0.9876543209876543,0.0,0.024390243902439025,ILLUSTRATIVE - not derived from operator financial data,2544.33,2536.7,7.63,0.3,False,False,2.2,48.400000000000006
microwave,mw_config_change,2,POP~R_D05_1,config_change,False,-2.0,193.0,0.0,342.0,68.0,0,0,True,True,False,False,190.0,193.0,193.0,191.0,197.0,191.0,191.0,,,-2.0,-2.0,-2.0,-2.0,0.0,0.0,408,0,2,191,1.0,0.9951219512195122,0.9975550122249389,0.0,0.004878048780487805,408,0,2,191,1.0,0.9951219512195122,0.9975550122249389,0.0,0.004878048780487805,410,0,0,191,1.0,1.0,1.0,0.0,0.0,ILLUSTRATIVE - not derived from operator financial data,2579.87,2579.87,0.0,0.0,False,False,2.2,48.400000000000006
microwave,mw_config_change,3,POP~R_D05_1,config_change,False,-2.0,193.0,0.0,317.0,93.0,0,0,True,True,False,False,190.0,193.0,193.0,191.0,197.0,191.0,191.0,,,-2.0,-2.0,-2.0,-2.0,0.0,0.0,408,0,2,191,1.0,0.9951219512195122,0.9975550122249389,0.0,0.004878048780487805,408,0,2,191,1.0,0.9951219512195122,0.9975550122249389,0.0,0.004878048780487805,410,0,0,191,1.0,1.0,1.0,0.0,0.0,ILLUSTRATIVE - not derived from operator financial data,2648.2,2648.2,0.0,0.0,False,False,2.2,48.400000000000006
microwave,mw_config_change,4,POP~R_D05_1,config_change,False,8.0,193.0,0.0,334.0,76.0,0,0,True,True,False,False,190.0,193.0,193.0,201.0,207.0,191.0,204.0,,,8.0,8.0,-2.0,-2.0,-10.0,0.0,408,0,2,191,1.0,0.9951219512195122,0.9975550122249389,0.0,0.004878048780487805,408,0,2,191,1.0,0.9951219512195122,0.9975550122249389,0.0,0.004878048780487805,400,0,10,191,1.0,0.975609756097561,0.9876543209876543,0.0,0.024390243902439025,ILLUSTRATIVE - not derived from operator financial data,2601.73,2594.1,7.63,0.3,False,False,2.2,48.400000000000006
microwave,mw_config_change,5,POP~R_D05_1,config_change,False,8.0,193.0,0.0,343.0,67.0,0,0,True,True,False,False,190.0,193.0,193.0,201.0,207.0,191.0,213.0,,,8.0,8.0,-2.0,-2.0,-10.0,0.0,408,0,2,191,1.0,0.9951219512195122,0.9975550122249389,0.0,0.004878048780487805,408,0,2,191,1.0,0.9951219512195122,0.9975550122249389,0.0,0.004878048780487805,400,0,10,191,1.0,0.975609756097561,0.9876543209876543,0.0,0.024390243902439025,ILLUSTRATIVE - not derived from operator financial data,2577.13,2569.5,7.63,0.3,False,False,2.2,48.400000000000006
microwave,mw_config_change,6,POP~R_D05_1,config_change,False,-1.0,193.0,0.0,319.0,91.0,0,0,True,True,False,False,190.0,193.0,193.0,192.0,198.0,191.0,192.0,,,-1.0,-1.0,-2.0,-2.0,-1.0,0.0,408,0,2,191,1.0,0.9951219512195122,0.9975550122249389,0.0,0.004878048780487805,408,0,2,191,1.0,0.9951219512195122,0.9975550122249389,0.0,0.004878048780487805,409,0,1,191,1.0,0.9975609756097561,0.9987789987789988,0.0,0.0024390243902439024,ILLUSTRATIVE - not derived from operator financial data,2642.73,2642.73,0.0,0.0,False,False,2.2,48.400000000000006
microwave,mw_config_change,7,POP~R_D05_1,config_change,False,8.0,193.0,0.0,343.0,67.0,0,0,True,True,False,False,190.0,193.0,193.0,201.0,207.0,191.0,216.0,,,8.0,8.0,-2.0,-2.0,-10.0,0.0,408,0,2,191,1.0,0.9951219512195122,0.9975550122249389,0.0,0.004878048780487805,408,0,2,191,1.0,0.9951219512195122,0.9975550122249389,0.0,0.004878048780487805,400,0,10,191,1.0,0.975609756097561,0.9876543209876543,0.0,0.024390243902439025,ILLUSTRATIVE - not derived from operator financial data,2577.13,2569.5,7.63,0.3,False,False,2.2,48.400000000000006
microwave,mw_config_change,8,POP~R_D05_1,config_change,False,8.0,193.0,0.0,356.0,54.0,0,0,True,True,False,False,190.0,193.0,193.0,201.0,207.0,191.0,202.0,,,8.0,8.0,-2.0,-2.0,-10.0,0.0,408,0,2,191,1.0,0.9951219512195122,0.9975550122249389,0.0,0.004878048780487805,408,0,2,191,1.0,0.9951219512195122,0.9975550122249389,0.0,0.004878048780487805,400,0,10,191,1.0,0.975609756097561,0.9876543209876543,0.0,0.024390243902439025,ILLUSTRATIVE - not derived from operator financial data,2541.6,2533.97,7.63,0.3,False,False,2.2,48.400000000000006
microwave,mw_config_change,9,POP~R_D05_1,config_change,False,0.0,193.0,0.0,338.0,72.0,0,0,True,True,False,False,190.0,193.0,193.0,193.0,199.0,191.0,193.0,,,0.0,0.0,-2.0,-2.0,-2.0,0.0,408,0,2,191,1.0,0.9951219512195122,0.9975550122249389,0.0,0.004878048780487805,408,0,2,191,1.0,0.9951219512195122,0.9975550122249389,0.0,0.004878048780487805,408,0,2,191,1.0,0.9951219512195122,0.9975550122249389,0.0,0.004878048780487805,ILLUSTRATIVE - not derived from operator financial data,2590.8,2590.8,0.0,0.0,False,False,2.2,48.400000000000006
microwave,mw_config_change,10,POP~R_D05_1,config_change,False,8.0,193.0,0.0,345.0,65.0,0,0,True,True,False,False,190.0,193.0,193.0,201.0,207.0,191.0,215.0,,,8.0,8.0,-2.0,-2.0,-10.0,0.0,408,0,2,191,1.0,0.9951219512195122,0.9975550122249389,0.0,0.004878048780487805,408,0,2,191,1.0,0.9951219512195122,0.9975550122249389,0.0,0.004878048780487805,400,0,10,191,1.0,0.975609756097561,0.9876543209876543,0.0,0.024390243902439025,ILLUSTRATIVE - not derived from operator financial data,2571.67,2564.03,7.64,0.3,False,False,2.2,48.400000000000006
microwave,mw_config_change,11,POP~R_D05_1,config_change,False,3.0,193.0,0.0,354.0,56.0,0,0,True,True,False,False,190.0,193.0,193.0,196.0,202.0,191.0,196.0,,,3.0,3.0,-2.0,-2.0,-5.0,0.0,408,0,2,191,1.0,0.9951219512195122,0.9975550122249389,0.0,0.004878048780487805,408,0,2,191,1.0,0.9951219512195122,0.9975550122249389,0.0,0.004878048780487805,405,0,5,191,1.0,0.9878048780487805,0.9938650306748467,0.0,0.012195121951219513,ILLUSTRATIVE - not derived from operator financial data,2547.07,2544.2,2.87,0.1,False,False,2.2,48.400000000000006
microwave,mw_config_change,12,POP~R_D05_1,config_change,False,8.0,193.0,0.0,265.0,145.0,0,0,True,True,False,False,190.0,193.0,193.0,201.0,207.0,191.0,208.0,,,8.0,8.0,-2.0,-2.0,-10.0,0.0,408,0,2,191,1.0,0.9951219512195122,0.9975550122249389,0.0,0.004878048780487805,408,0,2,191,1.0,0.9951219512195122,0.9975550122249389,0.0,0.004878048780487805,400,0,10,191,1.0,0.975609756097561,0.9876543209876543,0.0,0.024390243902439025,ILLUSTRATIVE - not derived from operator financial data,2790.33,2782.7,7.63,0.3,False,False,2.2,48.400000000000006
microwave,mw_config_change,13,POP~R_D05_1,config_change,False,8.0,193.0,0.0,362.0,48.0,0,0,True,True,False,False,190.0,193.0,193.0,201.0,207.0,191.0,223.0,,,8.0,8.0,-2.0,-2.0,-10.0,0.0,408,0,2,191,1.0,0.9951219512195122,0.9975550122249389,0.0,0.004878048780487805,408,0,2,191,1.0,0.9951219512195122,0.9975550122249389,0.0,0.004878048780487805,400,0,10,191,1.0,0.975609756097561,0.9876543209876543,0.0,0.024390243902439025,ILLUSTRATIVE - not derived from operator financial data,2525.2,2517.57,7.63,0.3,False,False,2.2,48.400000000000006
microwave,mw_config_change,14,POP~R_D05_1,config_change,False,8.0,193.0,0.0,327.0,83.0,0,0,True,True,False,False,190.0,193.0,193.0,201.0,207.0,191.0,233.0,,,8.0,8.0,-2.0,-2.0,-10.0,0.0,408,0,2,191,1.0,0.9951219512195122,0.9975550122249389,0.0,0.004878048780487805,408,0,2,191,1.0,0.9951219512195122,0.9975550122249389,0.0,0.004878048780487805,400,0,10,191,1.0,0.975609756097561,0.9876543209876543,0.0,0.024390243902439025,ILLUSTRATIVE - not derived from operator financial data,2620.87,2613.23,7.64,0.3,False,False,2.2,48.400000000000006
microwave,mw_config_change,15,POP~R_D05_1,config_change,False,4.0,193.0,0.0,309.0,101.0,0,0,True,True,False,False,190.0,193.0,193.0,197.0,203.0,191.0,197.0,,,4.0,4.0,-2.0,-2.0,-6.0,0.0,408,0,2,191,1.0,0.9951219512195122,0.9975550122249389,0.0,0.004878048780487805,408,0,2,191,1.0,0.9951219512195122,0.9975550122249389,0.0,0.004878048780487805,404,0,6,191,1.0,0.9853658536585366,0.9926289926289926,0.0,0.014634146341463415,ILLUSTRATIVE - not derived from operator financial data,2670.07,2666.25,3.82,0.1,False,False,2.2,48.400000000000006
leo_ntn,leo_ground_rain,1,UT00,propagation_fade,True,9.0,164.0,0.0,15.0,19.0,1,79,True,False,True,False,150.0,164.0,164.0,173.0,179.0,166.0,175.0,,260.0,9.0,9.0,2.0,2.0,-7.0,0.0,80,0,29,492,1.0,0.7339449541284404,0.8465608465608466,0.0,0.26605504587155965,0,0,0,601,,,,0.0,,0,428,0,173,0.0,,,0.7121464226289518,,ILLUSTRATIVE - not derived from operator financial data,1180.87,241.5,939.37,79.5,False,True,0.4,16.8
leo_ntn,leo_ground_rain,2,UT00,propagation_fade,True,7.0,160.0,27.0,13.0,22.0,13,96,True,False,True,False,150.0,133.0,160.0,167.0,173.0,166.0,175.0,,260.0,34.0,7.0,33.0,6.0,-1.0,27.0,97,12,12,480,0.8899082568807339,0.8899082568807339,0.8899082568807339,0.024390243902439025,0.11009174311926606,0,0,0,601,,,,0.0,,0,434,0,167,0.0,,,0.7221297836938436,,ILLUSTRATIVE - not derived from operator financial data,1195.8,265.18,930.62,77.8,False,True,0.4,16.8
leo_ntn,leo_ground_rain,3,UT00,propagation_fade,True,11.0,159.0,0.0,12.0,22.0,7,92,True,False,True,False,150.0,159.0,159.0,170.0,176.0,166.0,175.0,,260.0,11.0,11.0,7.0,7.0,-4.0,0.0,92,7,17,485,0.9292929292929293,0.8440366972477065,0.8846153846153846,0.014227642276422764,0.1559633027522936,0,0,0,601,,,,0.0,,0,431,0,170,0.0,,,0.7171381031613977,,ILLUSTRATIVE - not derived from operator financial data,1189.07,240.95,948.12,79.7,False,True,0.4,16.8
leo_ntn,leo_ground_rain,4,UT00,propagation_fade,True,12.0,154.0,0.0,12.0,23.0,11,100,True,False,True,False,150.0,154.0,154.0,166.0,172.0,166.0,175.0,,260.0,12.0,12.0,12.0,12.0,0.0,0.0,99,12,10,480,0.8918918918918919,0.908256880733945,0.9,0.024390243902439025,0.09174311926605505,0,0,0,601,,,,0.0,,0,435,0,166,0.0,,,0.7237936772046589,,ILLUSTRATIVE - not derived from operator financial data,1198.53,246.05,952.48,79.5,False,True,0.4,16.8
leo_ntn,leo_ground_rain,5,UT00,propagation_fade,True,7.0,164.0,0.0,14.0,20.0,3,84,True,False,True,False,150.0,164.0,164.0,171.0,177.0,171.0,175.0,,260.0,7.0,7.0,7.0,7.0,0.0,0.0,84,3,25,489,0.9655172413793104,0.7706422018348624,0.8571428571428572,0.006097560975609756,0.22935779816513763,0,0,0,601,,,,0.0,,0,430,0,171,0.0,,,0.7154742096505824,,ILLUSTRATIVE - not derived from operator financial data,1183.6,252.98,930.62,78.6,False,True,0.4,16.8
leo_ntn,leo_ground_rain,6,UT00,propagation_fade,True,7.0,160.0,0.0,13.0,20.0,1,90,True,False,True,False,150.0,160.0,160.0,167.0,173.0,166.0,175.0,,260.0,7.0,7.0,6.0,6.0,-1.0,0.0,91,0,18,492,1.0,0.8348623853211009,0.9099999999999999,0.0,0.1651376146788991,0,0,0,601,,,,0.0,,0,434,0,167,0.0,,,0.7221297836938436,,ILLUSTRATIVE - not derived from operator financial data,1176.87,246.25,930.62,79.1,False,True,0.4,16.8
leo_ntn,leo_ground_rain,7,UT00,propagation_fade,True,10.0,160.0,0.0,13.0,18.0,5,93,True,False,True,False,150.0,160.0,160.0,170.0,176.0,166.0,175.0,,260.0,10.0,10.0,6.0,6.0,-4.0,0.0,93,5,16,487,0.9489795918367347,0.8532110091743119,0.8985507246376812,0.01016260162601626,0.14678899082568808,0,0,0,601,,,,0.0,,0,431,0,170,0.0,,,0.7171381031613977,,ILLUSTRATIVE - not derived from operator financial data,1157.93,214.19,943.74,81.5,False,True,0.4,16.8
leo_ntn,leo_ground_rain,8,UT00,propagation_fade,True,2.0,164.0,0.0,13.0,20.0,10,87,True,False,True,False,150.0,164.0,164.0,166.0,172.0,175.0,175.0,,260.0,2.0,2.0,11.0,11.0,9.0,0.0,87,10,22,482,0.8969072164948454,0.7981651376146789,0.8446601941747572,0.02032520325203252,0.2018348623853211,0,0,0,601,,,,0.0,,0,435,0,166,0.0,,,0.7237936772046589,,ILLUSTRATIVE - not derived from operator financial data,1176.87,268.12,908.75,77.2,False,True,0.4,16.8
leo_ntn,leo_ground_rain,9,UT00,propagation_fade,True,8.0,160.0,0.0,13.0,19.0,0,85,True,False,True,False,150.0,160.0,160.0,168.0,174.0,166.0,175.0,,260.0,8.0,8.0,6.0,6.0,-2.0,0.0,85,0,24,492,1.0,0.7798165137614679,0.8762886597938144,0.0,0.22018348623853212,0,0,0,601,,,,0.0,,0,433,0,168,0.0,,,0.7204658901830283,,ILLUSTRATIVE - not derived from operator financial data,1167.4,232.41,934.99,80.1,False,True,0.4,16.8
leo_ntn,leo_ground_rain,10,UT00,propagation_fade,True,7.0,164.0,0.0,13.0,16.0,0,90,True,False,True,False,150.0,164.0,164.0,171.0,177.0,166.0,184.0,,260.0,7.0,7.0,2.0,2.0,-5.0,0.0,90,0,19,492,1.0,0.8256880733944955,0.9045226130653267,0.0,0.1743119266055046,0,0,0,601,,,,0.0,,0,430,0,171,0.0,,,0.7154742096505824,,ILLUSTRATIVE - not derived from operator financial data,1139.0,208.38,930.62,81.7,False,True,0.4,16.8
leo_ntn,leo_ground_rain,11,UT00,propagation_fade,True,4.0,164.0,0.0,17.0,18.0,1,88,True,False,True,False,150.0,164.0,164.0,168.0,174.0,166.0,175.0,,260.0,4.0,4.0,2.0,2.0,-2.0,0.0,88,1,21,491,0.9887640449438202,0.8073394495412844,0.8888888888888888,0.0020325203252032522,0.1926605504587156,0,0,0,601,,,,0.0,,0,433,0,168,0.0,,,0.7204658901830283,,ILLUSTRATIVE - not derived from operator financial data,1184.87,267.37,917.5,77.4,False,True,0.4,16.8
leo_ntn,leo_ground_rain,12,UT00,propagation_fade,True,5.0,164.0,0.0,14.0,20.0,0,92,True,False,True,False,150.0,164.0,164.0,169.0,175.0,166.0,175.0,,260.0,5.0,5.0,2.0,2.0,-3.0,0.0,91,1,18,491,0.9891304347826086,0.8348623853211009,0.9054726368159205,0.0020325203252032522,0.1651376146788991,0,0,0,601,,,,0.0,,0,432,0,169,0.0,,,0.718801996672213,,ILLUSTRATIVE - not derived from operator financial data,1183.6,261.73,921.87,77.9,False,True,0.4,16.8
leo_ntn,leo_ground_rain,13,UT00,propagation_fade,True,7.0,164.0,0.0,9.0,19.0,0,88,True,False,True,False,150.0,164.0,164.0,171.0,177.0,175.0,175.0,,260.0,7.0,7.0,11.0,11.0,4.0,0.0,88,0,21,492,1.0,0.8073394495412844,0.8934010152284264,0.0,0.1926605504587156,0,0,0,601,,,,0.0,,0,430,0,171,0.0,,,0.7154742096505824,,ILLUSTRATIVE - not derived from operator financial data,1140.47,209.85,930.62,81.6,False,True,0.4,16.8
leo_ntn,leo_ground_rain,14,UT00,propagation_fade,True,11.0,159.0,0.0,10.0,21.0,11,90,True,False,True,False,150.0,159.0,159.0,170.0,176.0,171.0,175.0,,260.0,11.0,11.0,12.0,12.0,1.0,0.0,90,11,19,481,0.8910891089108911,0.8256880733944955,0.8571428571428572,0.022357723577235773,0.1743119266055046,0,0,0,601,,,,0.0,,0,431,0,170,0.0,,,0.7171381031613977,,ILLUSTRATIVE - not derived from operator financial data,1166.13,218.02,948.11,81.3,False,True,0.4,16.8
leo_ntn,leo_ground_rain,15,UT00,propagation_fade,True,9.0,161.0,0.0,12.0,20.0,3,85,True,False,True,False,150.0,161.0,161.0,170.0,176.0,166.0,175.0,,260.0,9.0,9.0,5.0,5.0,-4.0,0.0,85,3,24,489,0.9659090909090909,0.7798165137614679,0.8629441624365483,0.006097560975609756,0.22018348623853212,0,0,0,601,,,,0.0,,0,431,0,170,0.0,,,0.7171381031613977,,ILLUSTRATIVE - not derived from operator financial data,1170.13,230.77,939.36,80.3,False,True,0.4,16.8
leo_ntn,leo_ground_rain,1,UT00,propagation_fade,True,2.0,164.0,0.0,12.0,47.0,1,86,True,False,True,False,150.0,164.0,164.0,166.0,172.0,166.0,166.0,,260.0,2.0,2.0,2.0,2.0,0.0,0.0,87,0,22,492,1.0,0.7981651376146789,0.8877551020408164,0.0,0.2018348623853211,0,0,0,601,,,,0.0,,0,435,0,166,0.0,,,0.7237936772046589,,ILLUSTRATIVE - not derived from operator financial data,1425.73,516.99,908.74,63.7,False,True,0.6,25.2
leo_ntn,leo_ground_rain,2,UT00,propagation_fade,True,12.0,154.0,21.0,12.0,49.0,12,99,True,False,True,False,150.0,133.0,154.0,166.0,172.0,162.0,166.0,,260.0,33.0,12.0,29.0,8.0,-4.0,21.0,99,12,10,480,0.8918918918918919,0.908256880733945,0.9,0.024390243902439025,0.09174311926605505,0,0,0,601,,,,0.0,,0,435,0,166,0.0,,,0.7237936772046589,,ILLUSTRATIVE - not derived from operator financial data,1444.67,492.18,952.49,65.9,False,True,0.6,25.2
leo_ntn,leo_ground_rain,3,UT00,propagation_fade,True,7.0,159.0,0.0,16.0,46.0,7,93,True,False,True,False,150.0,159.0,159.0,166.0,172.0,166.0,166.0,,260.0,7.0,7.0,7.0,7.0,0.0,0.0,93,7,16,485,0.93,0.8532110091743119,0.8899521531100477,0.014227642276422764,0.14678899082568808,0,0,0,601,,,,0.0,,0,435,0,166,0.0,,,0.7237936772046589,,ILLUSTRATIVE - not derived from operator financial data,1443.2,512.58,930.62,64.5,False,True,0.6,25.2
leo_ntn,leo_ground_rain,4,UT00,propagation_fade,True,11.0,154.0,0.0,18.0,43.0,11,100,True,False,True,False,150.0,154.0,154.0,165.0,171.0,161.0,166.0,,260.0,11.0,11.0,7.0,7.0,-4.0,0.0,99,12,10,480,0.8918918918918919,0.908256880733945,0.9,0.024390243902439025,0.09174311926605505,0,0,0,601,,,,0.0,,0,436,0,165,0.0,,,0.7254575707154742,,ILLUSTRATIVE - not derived from operator financial data,1428.27,480.15,948.12,66.4,False,True,0.6,25.2
leo_ntn,leo_ground_rain,5,UT00,propagation_fade,True,6.0,160.0,0.0,15.0,47.0,3,92,True,False,True,False,150.0,160.0,160.0,166.0,172.0,166.0,166.0,,260.0,6.0,6.0,6.0,6.0,0.0,0.0,92,3,17,489,0.968421052631579,0.8440366972477065,0.9019607843137255,0.006097560975609756,0.1559633027522936,0,0,0,601,,,,0.0,,0,435,0,166,0.0,,,0.7237936772046589,,ILLUSTRATIVE - not derived from operator financial data,1445.93,519.69,926.24,64.1,False,True,0.6,25.2
leo_ntn,leo_ground_rain,6,UT00,propagation_fade,True,11.0,155.0,0.0,18.0,46.0,1,96,True,False,True,False,150.0,155.0,155.0,166.0,172.0,166.0,166.0,,260.0,11.0,11.0,11.0,11.0,0.0,0.0,97,0,12,492,1.0,0.8899082568807339,0.941747572815534,0.0,0.11009174311926606,0,0,0,601,,,,0.0,,0,435,0,166,0.0,,,0.7237936772046589,,ILLUSTRATIVE - not derived from operator financial data,1456.67,508.55,948.12,65.1,False,True,0.6,25.2
leo_ntn,leo_ground_rain,7,UT00,propagation_fade,True,6.0,160.0,0.0,12.0,42.0,5,95,True,False,True,False,150.0,160.0,160.0,166.0,172.0,166.0,166.0,,260.0,6.0,6.0,6.0,6.0,0.0,0.0,95,5,14,487,0.95,0.8715596330275229,0.9090909090909091,0.01016260162601626,0.12844036697247707,0,0,0,601,,,,0.0,,0,435,0,166,0.0,,,0.7237936772046589,,ILLUSTRATIVE - not derived from operator financial data,1378.4,452.16,926.24,67.2,False,True,0.6,25.2
leo_ntn,leo_ground_rain,8,UT00,propagation_fade,True,10.0,155.0,0.0,15.0,45.0,11,96,True,False,True,False,150.0,155.0,155.0,165.0,171.0,166.0,166.0,,260.0,10.0,10.0,11.0,11.0,1.0,0.0,96,11,13,481,0.897196261682243,0.8807339449541285,0.8888888888888888,0.022357723577235773,0.11926605504587157,0,0,0,601,,,,0.0,,0,436,0,165,0.0,,,0.7254575707154742,,ILLUSTRATIVE - not derived from operator financial data,1427.0,483.26,943.74,66.1,False,True,0.6,25.2
leo_ntn,leo_ground_rain,9,UT00,propagation_fade,True,6.0,160.0,0.0,16.0,44.0,0,90,True,False,True,False,150.0,160.0,160.0,166.0,172.0,166.0,166.0,,260.0,6.0,6.0,6.0,6.0,0.0,0.0,90,0,19,492,1.0,0.8256880733944955,0.9045226130653267,0.0,0.1743119266055046,0,0,0,601,,,,0.0,,0,435,0,166,0.0,,,0.7237936772046589,,ILLUSTRATIVE - not derived from operator financial data,1424.27,498.02,926.25,65.0,False,True,0.6,25.2
leo_ntn,leo_ground_rain,10,UT00,propagation_fade,True,9.0,157.0,0.0,13.0,39.0,0,96,True,False,True,False,150.0,157.0,157.0,166.0,172.0,166.0,166.0,,260.0,9.0,9.0,9.0,9.0,0.0,0.0,96,0,13,492,1.0,0.8807339449541285,0.9365853658536586,0.0,0.11926605504587157,0,0,0,601,,,,0.0,,0,435,0,166,0.0,,,0.7237936772046589,,ILLUSTRATIVE - not derived from operator financial data,1356.73,417.37,939.36,69.2,False,True,0.6,25.2
leo_ntn,leo_ground_rain,11,UT00,propagation_fade,True,10.0,156.0,0.0,16.0,44.0,1,95,True,False,True,False,150.0,156.0,156.0,166.0,172.0,166.0,166.0,,260.0,10.0,10.0,10.0,10.0,0.0,0.0,95,1,14,491,0.9895833333333334,0.8715596330275229,0.9268292682926829,0.0020325203252032522,0.12844036697247707,0,0,0,601,,,,0.0,,0,435,0,166,0.0,,,0.7237936772046589,,ILLUSTRATIVE - not derived from operator financial data,1424.27,480.53,943.74,66.3,False,True,0.6,25.2
leo_ntn,leo_ground_rain,12,UT00,propagation_fade,True,6.0,160.0,0.0,17.0,44.0,1,96,True,False,True,False,150.0,160.0,160.0,166.0,172.0,166.0,166.0,,260.0,6.0,6.0,6.0,6.0,0.0,0.0,96,1,13,491,0.9896907216494846,0.8807339449541285,0.9320388349514565,0.0020325203252032522,0.11926605504587157,0,0,0,601,,,,0.0,,0,435,0,166,0.0,,,0.7237936772046589,,ILLUSTRATIVE - not derived from operator financial data,1431.0,504.76,926.24,64.7,False,True,0.6,25.2
leo_ntn,leo_ground_rain,13,UT00,propagation_fade,True,10.0,157.0,0.0,19.0,39.0,0,93,True,False,True,False,150.0,157.0,157.0,167.0,173.0,166.0,171.0,,260.0,10.0,10.0,9.0,9.0,-1.0,0.0,93,0,16,492,1.0,0.8532110091743119,0.9207920792079208,0.0,0.14678899082568808,0,0,0,601,,,,0.0,,0,434,0,167,0.0,,,0.7221297836938436,,ILLUSTRATIVE - not derived from operator financial data,1397.13,453.39,943.74,67.5,False,True,0.6,25.2
leo_ntn,leo_ground_rain,14,UT00,propagation_fade,True,11.0,155.0,0.0,11.0,44.0,11,95,True,False,True,False,150.0,155.0,155.0,166.0,172.0,166.0,166.0,,260.0,11.0,11.0,11.0,11.0,0.0,0.0,95,11,14,481,0.8962264150943396,0.8715596330275229,0.8837209302325582,0.022357723577235773,0.12844036697247707,0,0,0,601,,,,0.0,,0,435,0,166,0.0,,,0.7237936772046589,,ILLUSTRATIVE - not derived from operator financial data,1390.6,442.49,948.11,68.2,False,True,0.6,25.2
leo_ntn,leo_ground_rain,15,UT00,propagation_fade,True,6.0,160.0,0.0,17.0,44.0,3,90,True,False,True,False,150.0,160.0,160.0,166.0,172.0,166.0,166.0,,260.0,6.0,6.0,6.0,6.0,0.0,0.0,90,3,19,489,0.967741935483871,0.8256880733944955,0.8910891089108912,0.006097560975609756,0.1743119266055046,0,0,0,601,,,,0.0,,0,435,0,166,0.0,,,0.7237936772046589,,ILLUSTRATIVE - not derived from operator financial data,1431.0,504.76,926.24,64.7,False,True,0.6,25.2
leo_ntn,leo_ground_rain,1,UT00,propagation_fade,True,6.0,160.0,0.0,8.0,67.0,1,91,True,False,True,False,150.0,160.0,160.0,166.0,172.0,162.0,166.0,,260.0,6.0,6.0,2.0,2.0,-4.0,0.0,92,0,17,492,1.0,0.8440366972477065,0.9154228855721394,0.0,0.1559633027522936,0,0,0,601,,,,0.0,,0,435,0,166,0.0,,,0.7237936772046589,,ILLUSTRATIVE - not derived from operator financial data,1588.13,661.89,926.24,58.3,False,True,0.8,33.6
leo_ntn,leo_ground_rain,2,UT00,propagation_fade,True,8.0,154.0,21.0,9.0,69.0,12,102,True,False,True,False,150.0,133.0,154.0,162.0,168.0,161.0,162.0,,260.0,29.0,8.0,28.0,7.0,-1.0,21.0,102,12,7,480,0.8947368421052632,0.9357798165137615,0.9147982062780269,0.024390243902439025,0.06422018348623854,0,0,0,601,,,,0.0,,0,439,0,162,0.0,,,0.7304492512479202,,ILLUSTRATIVE - not derived from operator financial data,1613.8,678.81,934.99,57.9,False,True,0.8,33.6
leo_ntn,leo_ground_rain,3,UT00,propagation_fade,True,7.0,159.0,0.0,8.0,68.0,7,94,True,False,True,False,150.0,159.0,159.0,166.0,172.0,162.0,166.0,,260.0,7.0,7.0,3.0,3.0,-4.0,0.0,94,7,15,485,0.9306930693069307,0.8623853211009175,0.8952380952380953,0.014227642276422764,0.13761467889908258,0,0,0,601,,,,0.0,,0,435,0,166,0.0,,,0.7237936772046589,,ILLUSTRATIVE - not derived from operator financial data,1597.6,666.98,930.62,58.3,False,True,0.8,33.6
leo_ntn,leo_ground_rain,4,UT00,propagation_fade,True,8.0,154.0,0.0,12.0,68.0,11,100,True,False,True,False,150.0,154.0,154.0,162.0,168.0,157.0,162.0,,260.0,8.0,8.0,3.0,3.0,-5.0,0.0,99,12,10,480,0.8918918918918919,0.908256880733945,0.9,0.024390243902439025,0.09174311926605505,0,0,0,601,,,,0.0,,0,439,0,162,0.0,,,0.7304492512479202,,ILLUSTRATIVE - not derived from operator financial data,1624.53,689.54,934.99,57.6,False,True,0.8,33.6
leo_ntn,leo_ground_rain,5,UT00,propagation_fade,True,6.0,160.0,0.0,7.0,67.0,3,92,True,False,True,False,150.0,160.0,160.0,166.0,172.0,162.0,166.0,,260.0,6.0,6.0,2.0,2.0,-4.0,0.0,92,3,17,489,0.968421052631579,0.8440366972477065,0.9019607843137255,0.006097560975609756,0.1559633027522936,0,0,0,601,,,,0.0,,0,435,0,166,0.0,,,0.7237936772046589,,ILLUSTRATIVE - not derived from operator financial data,1581.4,655.16,926.24,58.6,False,True,0.8,33.6
leo_ntn,leo_ground_rain,6,UT00,propagation_fade,True,10.0,155.0,0.0,12.0,66.0,1,97,True,False,True,False,150.0,155.0,155.0,165.0,171.0,157.0,166.0,,260.0,10.0,10.0,2.0,2.0,-8.0,0.0,98,0,11,492,1.0,0.8990825688073395,0.9468599033816426,0.0,0.10091743119266056,0,0,0,601,,,,0.0,,0,436,0,165,0.0,,,0.7254575707154742,,ILLUSTRATIVE - not derived from operator financial data,1605.6,661.86,943.74,58.8,False,True,0.8,33.6
leo_ntn,leo_ground_rain,7,UT00,propagation_fade,True,6.0,160.0,0.0,7.0,66.0,5,96,True,False,True,False,150.0,160.0,160.0,166.0,172.0,162.0,166.0,,260.0,6.0,6.0,2.0,2.0,-4.0,0.0,96,5,13,487,0.9504950495049505,0.8807339449541285,0.9142857142857143,0.01016260162601626,0.11926605504587157,0,0,0,601,,,,0.0,,0,435,0,166,0.0,,,0.7237936772046589,,ILLUSTRATIVE - not derived from operator financial data,1571.93,645.69,926.24,58.9,False,True,0.8,33.6
leo_ntn,leo_ground_rain,8,UT00,propagation_fade,True,9.0,155.0,0.0,8.0,66.0,11,97,True,False,True,False,150.0,155.0,155.0,164.0,170.0,161.0,166.0,,260.0,9.0,9.0,6.0,6.0,-3.0,0.0,97,11,12,481,0.8981481481481481,0.8899082568807339,0.8940092165898618,0.022357723577235773,0.11009174311926606,0,0,0,601,,,,0.0,,0,437,0,164,0.0,,,0.7271214642262895,,ILLUSTRATIVE - not derived from operator financial data,1578.67,639.3,939.37,59.5,False,True,0.8,33.6
leo_ntn,leo_ground_rain,9,UT00,propagation_fade,True,6.0,160.0,0.0,9.0,68.0,0,91,True,False,True,False,150.0,160.0,160.0,166.0,172.0,162.0,166.0,,260.0,6.0,6.0,2.0,2.0,-4.0,0.0,91,0,18,492,1.0,0.8348623853211009,0.9099999999999999,0.0,0.1651376146788991,0,0,0,601,,,,0.0,,0,435,0,166,0.0,,,0.7237936772046589,,ILLUSTRATIVE - not derived from operator financial data,1604.33,678.09,926.24,57.7,False,True,0.8,33.6
leo_ntn,leo_ground_rain,10,UT00,propagation_fade,True,11.0,155.0,0.0,7.0,66.0,0,99,True,False,True,False,150.0,155.0,155.0,166.0,172.0,162.0,166.0,,260.0,11.0,11.0,7.0,7.0,-4.0,0.0,99,0,10,492,1.0,0.908256880733945,0.9519230769230769,0.0,0.09174311926605505,0,0,0,601,,,,0.0,,0,435,0,166,0.0,,,0.7237936772046589,,ILLUSTRATIVE - not derived from operator financial data,1571.93,623.82,948.11,60.3,False,True,0.8,33.6
leo_ntn,leo_ground_rain,11,UT00,propagation_fade,True,11.0,155.0,0.0,7.0,67.0,1,97,True,False,True,False,150.0,155.0,155.0,166.0,172.0,162.0,166.0,,260.0,11.0,11.0,7.0,7.0,-4.0,0.0,97,1,12,491,0.9897959183673469,0.8899082568807339,0.9371980676328503,0.0020325203252032522,0.11009174311926606,0,0,0,601,,,,0.0,,0,435,0,166,0.0,,,0.7237936772046589,,ILLUSTRATIVE - not derived from operator financial data,1581.4,633.29,948.11,60.0,False,True,0.8,33.6
leo_ntn,leo_ground_rain,12,UT00,propagation_fade,True,6.0,160.0,0.0,9.0,67.0,1,96,True,False,True,False,150.0,160.0,160.0,166.0,172.0,162.0,166.0,,260.0,6.0,6.0,2.0,2.0,-4.0,0.0,96,1,13,491,0.9896907216494846,0.8807339449541285,0.9320388349514565,0.0020325203252032522,0.11926605504587157,0,0,0,601,,,,0.0,,0,435,0,166,0.0,,,0.7237936772046589,,ILLUSTRATIVE - not derived from operator financial data,1594.87,668.62,926.25,58.1,False,True,0.8,33.6
leo_ntn,leo_ground_rain,13,UT00,propagation_fade,True,11.0,155.0,0.0,9.0,66.0,0,98,True,False,True,False,150.0,155.0,155.0,166.0,172.0,162.0,166.0,,260.0,11.0,11.0,7.0,7.0,-4.0,0.0,98,0,11,492,1.0,0.8990825688073395,0.9468599033816426,0.0,0.10091743119266056,0,0,0,601,,,,0.0,,0,435,0,166,0.0,,,0.7237936772046589,,ILLUSTRATIVE - not derived from operator financial data,1585.4,637.29,948.11,59.8,False,True,0.8,33.6
leo_ntn,leo_ground_rain,14,UT00,propagation_fade,True,11.0,155.0,0.0,7.0,67.0,11,97,True,False,True,False,150.0,155.0,155.0,166.0,172.0,162.0,166.0,,260.0,11.0,11.0,7.0,7.0,-4.0,0.0,97,11,12,481,0.8981481481481481,0.8899082568807339,0.8940092165898618,0.022357723577235773,0.11009174311926606,0,0,0,601,,,,0.0,,0,435,0,166,0.0,,,0.7237936772046589,,ILLUSTRATIVE - not derived from operator financial data,1581.4,633.29,948.11,60.0,False,True,0.8,33.6
leo_ntn,leo_ground_rain,15,UT00,propagation_fade,True,6.0,160.0,0.0,8.0,66.0,3,93,True,False,True,False,150.0,160.0,160.0,166.0,172.0,162.0,166.0,,260.0,6.0,6.0,2.0,2.0,-4.0,0.0,93,3,16,489,0.96875,0.8532110091743119,0.9073170731707316,0.006097560975609756,0.14678899082568808,0,0,0,601,,,,0.0,,0,435,0,166,0.0,,,0.7237936772046589,,ILLUSTRATIVE - not derived from operator financial data,1578.67,652.42,926.25,58.7,False,True,0.8,33.6
leo_ntn,leo_ground_rain,1,UT00,propagation_fade,True,5.0,157.0,0.0,7.0,75.0,1,93,True,False,True,False,150.0,157.0,157.0,162.0,168.0,161.0,162.0,,260.0,5.0,5.0,4.0,4.0,-1.0,0.0,94,0,15,492,1.0,0.8623853211009175,0.9261083743842364,0.0,0.13761467889908258,0,0,0,601,,,,0.0,,0,439,0,162,0.0,,,0.7304492512479202,,ILLUSTRATIVE - not derived from operator financial data,1657.13,735.26,921.87,55.6,False,True,1.0,42.0
leo_ntn,leo_ground_rain,2,UT00,propagation_fade,True,7.0,154.0,21.0,4.0,79.0,12,102,True,False,True,False,150.0,133.0,154.0,161.0,167.0,157.0,161.0,,260.0,28.0,7.0,24.0,3.0,-4.0,21.0,102,12,7,480,0.8947368421052632,0.9357798165137615,0.9147982062780269,0.024390243902439025,0.06422018348623854,0,0,0,601,,,,0.0,,0,440,0,161,0.0,,,0.7321131447587355,,ILLUSTRATIVE - not derived from operator financial data,1674.8,744.79,930.01,55.5,False,True,1.0,42.0
leo_ntn,leo_ground_rain,3,UT00,propagation_fade,True,3.0,159.0,0.0,5.0,77.0,7,95,True,False,True,False,150.0,159.0,159.0,162.0,168.0,161.0,162.0,,260.0,3.0,3.0,2.0,2.0,-1.0,0.0,95,7,14,485,0.9313725490196079,0.8715596330275229,0.900473933649289,0.014227642276422764,0.12844036697247707,0,0,0,601,,,,0.0,,0,439,0,162,0.0,,,0.7304492512479202,,ILLUSTRATIVE - not derived from operator financial data,1662.6,749.48,913.12,54.9,False,True,1.0,42.0
leo_ntn,leo_ground_rain,4,UT00,propagation_fade,True,3.0,154.0,0.0,2.0,81.0,11,100,True,False,True,False,150.0,154.0,154.0,157.0,163.0,157.0,157.0,,260.0,3.0,3.0,3.0,3.0,0.0,0.0,99,12,10,480,0.8918918918918919,0.908256880733945,0.9,0.024390243902439025,0.09174311926605505,0,0,0,601,,,,0.0,,0,444,0,157,0.0,,,0.7387687188019967,,ILLUSTRATIVE - not derived from operator financial data,1680.27,767.14,913.13,54.3,False,True,1.0,42.0
leo_ntn,leo_ground_rain,5,UT00,propagation_fade,True,2.0,160.0,0.0,7.0,75.0,3,94,True,False,True,False,150.0,160.0,160.0,162.0,168.0,161.0,162.0,,260.0,2.0,2.0,1.0,1.0,-1.0,0.0,94,3,15,489,0.9690721649484536,0.8623853211009175,0.912621359223301,0.006097560975609756,0.13761467889908258,0,0,0,601,,,,0.0,,0,439,0,162,0.0,,,0.7304492512479202,,ILLUSTRATIVE - not derived from operator financial data,1657.13,748.39,908.74,54.8,False,True,1.0,42.0
leo_ntn,leo_ground_rain,6,UT00,propagation_fade,True,6.0,155.0,0.0,5.0,78.0,1,97,True,False,True,False,150.0,155.0,155.0,161.0,167.0,157.0,161.0,,260.0,6.0,6.0,2.0,2.0,-4.0,0.0,98,0,11,492,1.0,0.8990825688073395,0.9468599033816426,0.0,0.10091743119266056,0,0,0,601,,,,0.0,,0,440,0,161,0.0,,,0.7321131447587355,,ILLUSTRATIVE - not derived from operator financial data,1672.07,745.82,926.25,55.4,False,True,1.0,42.0
leo_ntn,leo_ground_rain,7,UT00,propagation_fade,True,7.0,155.0,0.0,9.0,74.0,5,99,True,False,True,False,150.0,155.0,155.0,162.0,168.0,157.0,162.0,,260.0,7.0,7.0,2.0,2.0,-5.0,0.0,99,5,10,487,0.9519230769230769,0.908256880733945,0.9295774647887324,0.01016260162601626,0.09174311926605505,0,0,0,601,,,,0.0,,0,439,0,162,0.0,,,0.7304492512479202,,ILLUSTRATIVE - not derived from operator financial data,1661.13,730.52,930.61,56.0,False,True,1.0,42.0
leo_ntn,leo_ground_rain,8,UT00,propagation_fade,True,7.0,155.0,0.0,9.0,73.0,11,97,True,False,True,False,150.0,155.0,155.0,162.0,168.0,157.0,162.0,,260.0,7.0,7.0,2.0,2.0,-5.0,0.0,97,11,12,481,0.8981481481481481,0.8899082568807339,0.8940092165898618,0.022357723577235773,0.11009174311926606,0,0,0,601,,,,0.0,,0,439,0,162,0.0,,,0.7304492512479202,,ILLUSTRATIVE - not derived from operator financial data,1651.67,721.05,930.62,56.3,False,True,1.0,42.0
leo_ntn,leo_ground_rain,9,UT00,propagation_fade,True,6.0,156.0,0.0,6.0,77.0,0,95,True,False,True,False,150.0,156.0,156.0,162.0,168.0,157.0,162.0,,260.0,6.0,6.0,1.0,1.0,-5.0,0.0,95,0,14,492,1.0,0.8715596330275229,0.9313725490196079,0.0,0.12844036697247707,0,0,0,601,,,,0.0,,0,439,0,162,0.0,,,0.7304492512479202,,ILLUSTRATIVE - not derived from operator financial data,1669.33,743.09,926.24,55.5,False,True,1.0,42.0
leo_ntn,leo_ground_rain,10,UT00,propagation_fade,True,7.0,155.0,0.0,8.0,75.0,0,99,True,False,True,False,150.0,155.0,155.0,162.0,168.0,157.0,162.0,,260.0,7.0,7.0,2.0,2.0,-5.0,0.0,99,0,10,492,1.0,0.908256880733945,0.9519230769230769,0.0,0.09174311926605505,0,0,0,601,,,,0.0,,0,439,0,162,0.0,,,0.7304492512479202,,ILLUSTRATIVE - not derived from operator financial data,1663.87,733.25,930.62,55.9,False,True,1.0,42.0
leo_ntn,leo_ground_rain,11,UT00,propagation_fade,True,7.0,155.0,0.0,8.0,75.0,1,97,True,False,True,False,150.0,155.0,155.0,162.0,168.0,157.0,162.0,,260.0,7.0,7.0,2.0,2.0,-5.0,0.0,97,1,12,491,0.9897959183673469,0.8899082568807339,0.9371980676328503,0.0020325203252032522,0.11009174311926606,0,0,0,601,,,,0.0,,0,439,0,162,0.0,,,0.7304492512479202,,ILLUSTRATIVE - not derived from operator financial data,1663.87,733.25,930.62,55.9,False,True,1.0,42.0
leo_ntn,leo_ground_rain,12,UT00,propagation_fade,True,7.0,155.0,0.0,6.0,77.0,1,99,True,False,True,False,150.0,155.0,155.0,162.0,168.0,157.0,162.0,,260.0,7.0,7.0,2.0,2.0,-5.0,0.0,99,1,10,491,0.99,0.908256880733945,0.9473684210526316,0.0020325203252032522,0.09174311926605505,0,0,0,601,,,,0.0,,0,439,0,162,0.0,,,0.7304492512479202,,ILLUSTRATIVE - not derived from operator financial data,1669.33,738.72,930.61,55.7,False,True,1.0,42.0
leo_ntn,leo_ground_rain,13,UT00,propagation_fade,True,7.0,155.0,0.0,6.0,76.0,0,99,True,False,True,False,150.0,155.0,155.0,162.0,168.0,161.0,162.0,,260.0,7.0,7.0,6.0,6.0,-1.0,0.0,99,0,10,492,1.0,0.908256880733945,0.9519230769230769,0.0,0.09174311926605505,0,0,0,601,,,,0.0,,0,439,0,162,0.0,,,0.7304492512479202,,ILLUSTRATIVE - not derived from operator financial data,1659.87,729.25,930.62,56.1,False,True,1.0,42.0
leo_ntn,leo_ground_rain,14,UT00,propagation_fade,True,7.0,155.0,0.0,8.0,75.0,11,99,True,False,True,False,150.0,155.0,155.0,162.0,168.0,157.0,162.0,,260.0,7.0,7.0,2.0,2.0,-5.0,0.0,99,11,10,481,0.9,0.908256880733945,0.9041095890410958,0.022357723577235773,0.09174311926605505,0,0,0,601,,,,0.0,,0,439,0,162,0.0,,,0.7304492512479202,,ILLUSTRATIVE - not derived from operator financial data,1663.87,733.25,930.62,55.9,False,True,1.0,42.0
leo_ntn,leo_ground_rain,15,UT00,propagation_fade,True,5.0,157.0,0.0,8.0,75.0,3,95,True,False,True,False,150.0,157.0,157.0,162.0,168.0,157.0,162.0,,260.0,5.0,5.0,0.0,0.0,-5.0,0.0,95,3,14,489,0.9693877551020408,0.8715596330275229,0.9178743961352657,0.006097560975609756,0.12844036697247707,0,0,0,601,,,,0.0,,0,439,0,162,0.0,,,0.7304492512479202,,ILLUSTRATIVE - not derived from operator financial data,1663.87,742.0,921.87,55.4,False,True,1.0,42.0
leo_ntn,leo_ground_rain,1,UT00,propagation_fade,True,6.0,155.0,0.0,3.0,83.0,1,95,True,False,True,False,150.0,155.0,155.0,161.0,167.0,157.0,161.0,,260.0,6.0,6.0,2.0,2.0,-4.0,0.0,96,0,13,492,1.0,0.8807339449541285,0.9365853658536586,0.0,0.11926605504587157,0,0,0,601,,,,0.0,,0,440,0,161,0.0,,,0.7321131447587355,,ILLUSTRATIVE - not derived from operator financial data,1705.93,781.51,924.42,54.2,False,True,1.3,54.6
leo_ntn,leo_ground_rain,2,UT00,propagation_fade,True,3.0,154.0,21.0,5.0,84.0,12,102,True,False,True,False,150.0,133.0,154.0,157.0,163.0,157.0,157.0,,260.0,24.0,3.0,24.0,3.0,0.0,21.0,102,12,7,480,0.8947368421052632,0.9357798165137615,0.9147982062780269,0.024390243902439025,0.06422018348623854,0,0,0,601,,,,0.0,,0,444,0,157,0.0,,,0.7387687188019967,,ILLUSTRATIVE - not derived from operator financial data,1728.87,815.74,913.13,52.8,False,True,1.3,54.6
leo_ntn,leo_ground_rain,3,UT00,propagation_fade,True,0.0,157.0,0.0,4.0,85.0,7,96,True,False,True,False,150.0,157.0,157.0,157.0,163.0,157.0,157.0,,260.0,0.0,0.0,0.0,0.0,0.0,0.0,96,7,13,485,0.9320388349514563,0.8807339449541285,0.9056603773584906,0.014227642276422764,0.11926605504587157,0,0,0,601,,,,0.0,,0,444,0,157,0.0,,,0.7387687188019967,,ILLUSTRATIVE - not derived from operator financial data,1731.6,831.6,900.0,52.0,False,True,1.3,54.6
leo_ntn,leo_ground_rain,4,UT00,propagation_fade,True,3.0,154.0,0.0,4.0,87.0,11,100,True,False,True,False,150.0,154.0,154.0,157.0,163.0,157.0,157.0,,260.0,3.0,3.0,3.0,3.0,0.0,0.0,99,12,10,480,0.8918918918918919,0.908256880733945,0.9,0.024390243902439025,0.09174311926605505,0,0,0,601,,,,0.0,,0,444,0,157,0.0,,,0.7387687188019967,,ILLUSTRATIVE - not derived from operator financial data,1750.53,837.41,913.12,52.2,False,True,1.3,54.6
leo_ntn,leo_ground_rain,5,UT00,propagation_fade,True,4.0,157.0,0.0,6.0,83.0,3,95,True,False,True,False,150.0,157.0,157.0,161.0,167.0,157.0,161.0,,260.0,4.0,4.0,0.0,0.0,-4.0,0.0,95,3,14,489,0.9693877551020408,0.8715596330275229,0.9178743961352657,0.006097560975609756,0.12844036697247707,0,0,0,601,,,,0.0,,0,440,0,161,0.0,,,0.7321131447587355,,ILLUSTRATIVE - not derived from operator financial data,1726.13,808.64,917.49,53.2,False,True,1.3,54.6
leo_ntn,leo_ground_rain,6,UT00,propagation_fade,True,2.0,155.0,0.0,4.0,84.0,1,98,True,False,True,False,150.0,155.0,155.0,157.0,163.0,157.0,157.0,,260.0,2.0,2.0,2.0,2.0,0.0,0.0,99,0,10,492,1.0,0.908256880733945,0.9519230769230769,0.0,0.09174311926605505,0,0,0,601,,,,0.0,,0,444,0,157,0.0,,,0.7387687188019967,,ILLUSTRATIVE - not derived from operator financial data,1722.13,813.39,908.74,52.8,False,True,1.3,54.6
leo_ntn,leo_ground_rain,7,UT00,propagation_fade,True,2.0,155.0,0.0,5.0,83.0,5,99,True,False,True,False,150.0,155.0,155.0,157.0,163.0,157.0,157.0,,260.0,2.0,2.0,2.0,2.0,0.0,0.0,99,5,10,487,0.9519230769230769,0.908256880733945,0.9295774647887324,0.01016260162601626,0.09174311926605505,0,0,0,601,,,,0.0,,0,444,0,157,0.0,,,0.7387687188019967,,ILLUSTRATIVE - not derived from operator financial data,1719.4,810.65,908.75,52.9,False,True,1.3,54.6
leo_ntn,leo_ground_rain,8,UT00,propagation_fade,True,2.0,155.0,0.0,6.0,83.0,11,97,True,False,True,False,150.0,155.0,155.0,157.0,163.0,157.0,157.0,,260.0,2.0,2.0,2.0,2.0,0.0,0.0,97,11,12,481,0.8981481481481481,0.8899082568807339,0.8940092165898618,0.022357723577235773,0.11009174311926606,0,0,0,601,,,,0.0,,0,444,0,157,0.0,,,0.7387687188019967,,ILLUSTRATIVE - not derived from operator financial data,1726.13,817.39,908.74,52.6,False,True,1.3,54.6
leo_ntn,leo_ground_rain,9,UT00,propagation_fade,True,2.0,155.0,0.0,5.0,85.0,0,96,True,False,True,False,150.0,155.0,155.0,157.0,163.0,157.0,157.0,,260.0,2.0,2.0,2.0,2.0,0.0,0.0,96,0,13,492,1.0,0.8807339449541285,0.9365853658536586,0.0,0.11926605504587157,0,0,0,601,,,,0.0,,0,444,0,157,0.0,,,0.7387687188019967,,ILLUSTRATIVE - not derived from operator financial data,1738.33,829.59,908.74,52.3,False,True,1.3,54.6
leo_ntn,leo_ground_rain,10,UT00,propagation_fade,True,2.0,155.0,0.0,3.0,84.0,1,100,True,False,True,False,150.0,155.0,155.0,157.0,163.0,157.0,157.0,,260.0,2.0,2.0,2.0,2.0,0.0,0.0,100,1,9,491,0.9900990099009901,0.9174311926605505,0.9523809523809524,0.0020325203252032522,0.08256880733944955,0,0,0,601,,,,0.0,,0,444,0,157,0.0,,,0.7387687188019967,,ILLUSTRATIVE - not derived from operator financial data,1715.4,806.65,908.75,53.0,False,True,1.3,54.6
leo_ntn,leo_ground_rain,11,UT00,propagation_fade,True,2.0,155.0,0.0,4.0,85.0,1,98,True,False,True,False,150.0,155.0,155.0,157.0,163.0,157.0,157.0,,260.0,2.0,2.0,2.0,2.0,0.0,0.0,98,1,11,491,0.98989898989899,0.8990825688073395,0.9423076923076924,0.0020325203252032522,0.10091743119266056,0,0,0,601,,,,0.0,,0,444,0,157,0.0,,,0.7387687188019967,,ILLUSTRATIVE - not derived from operator financial data,1731.6,822.85,908.75,52.5,False,True,1.3,54.6
leo_ntn,leo_ground_rain,12,UT00,propagation_fade,True,2.0,155.0,0.0,6.0,84.0,1,99,True,False,True,False,150.0,155.0,155.0,157.0,163.0,157.0,157.0,,260.0,2.0,2.0,2.0,2.0,0.0,0.0,99,1,10,491,0.99,0.908256880733945,0.9473684210526316,0.0020325203252032522,0.09174311926605505,0,0,0,601,,,,0.0,,0,444,0,157,0.0,,,0.7387687188019967,,ILLUSTRATIVE - not derived from operator financial data,1735.6,826.85,908.75,52.4,False,True,1.3,54.6
leo_ntn,leo_ground_rain,13,UT00,propagation_fade,True,6.0,155.0,0.0,7.0,82.0,0,99,True,False,True,False,150.0,155.0,155.0,161.0,167.0,157.0,161.0,,260.0,6.0,6.0,2.0,2.0,-4.0,0.0,99,0,10,492,1.0,0.908256880733945,0.9519230769230769,0.0,0.09174311926605505,0,0,0,601,,,,0.0,,0,440,0,161,0.0,,,0.7321131447587355,,ILLUSTRATIVE - not derived from operator financial data,1723.4,797.16,926.24,53.7,False,True,1.3,54.6
leo_ntn,leo_ground_rain,14,UT00,propagation_fade,True,2.0,155.0,0.0,5.0,84.0,11,99,True,False,True,False,150.0,155.0,155.0,157.0,163.0,157.0,157.0,,260.0,2.0,2.0,2.0,2.0,0.0,0.0,99,11,10,481,0.9,0.908256880733945,0.9041095890410958,0.022357723577235773,0.09174311926605505,0,0,0,601,,,,0.0,,0,444,0,157,0.0,,,0.7387687188019967,,ILLUSTRATIVE - not derived from operator financial data,1728.87,820.12,908.75,52.6,False,True,1.3,54.6
leo_ntn,leo_ground_rain,15,UT00,propagation_fade,True,2.0,155.0,0.0,4.0,83.0,3,98,True,False,True,False,150.0,155.0,155.0,157.0,163.0,157.0,157.0,,260.0,2.0,2.0,2.0,2.0,0.0,0.0,98,3,11,489,0.9702970297029703,0.8990825688073395,0.9333333333333333,0.006097560975609756,0.10091743119266056,0,0,0,601,,,,0.0,,0,444,0,157,0.0,,,0.7387687188019967,,ILLUSTRATIVE - not derived from operator financial data,1712.67,803.92,908.75,53.1,False,True,1.3,54.6
leo_ntn,leo_ground_rain,1,UT00,propagation_fade,True,2.0,155.0,0.0,2.0,90.0,1,96,True,False,True,False,150.0,155.0,155.0,157.0,163.0,157.0,157.0,,260.0,2.0,2.0,2.0,2.0,0.0,0.0,97,0,12,492,1.0,0.8899082568807339,0.941747572815534,0.0,0.11009174311926606,0,0,0,601,,,,0.0,,0,444,0,157,0.0,,,0.7387687188019967,,ILLUSTRATIVE - not derived from operator financial data,1765.47,856.72,908.75,51.5,False,True,1.7,71.39999999999999
leo_ntn,leo_ground_rain,2,UT00,propagation_fade,True,3.0,154.0,21.0,4.0,90.0,12,102,True,False,True,False,150.0,133.0,154.0,157.0,163.0,157.0,157.0,,260.0,24.0,3.0,24.0,3.0,0.0,21.0,102,12,7,480,0.8947368421052632,0.9357798165137615,0.9147982062780269,0.024390243902439025,0.06422018348623854,0,0,0,601,,,,0.0,,0,444,0,157,0.0,,,0.7387687188019967,,ILLUSTRATIVE - not derived from operator financial data,1778.93,865.81,913.12,51.3,False,True,1.7,71.39999999999999
leo_ntn,leo_ground_rain,3,UT00,propagation_fade,True,2.0,155.0,0.0,2.0,92.0,7,99,True,False,True,False,150.0,155.0,155.0,157.0,163.0,157.0,157.0,,260.0,2.0,2.0,2.0,2.0,0.0,0.0,99,7,10,485,0.9339622641509434,0.908256880733945,0.9209302325581395,0.014227642276422764,0.09174311926605505,0,0,0,601,,,,0.0,,0,444,0,157,0.0,,,0.7387687188019967,,ILLUSTRATIVE - not derived from operator financial data,1784.4,875.65,908.75,50.9,False,True,1.7,71.39999999999999
leo_ntn,leo_ground_rain,4,UT00,propagation_fade,True,3.0,154.0,0.0,2.0,92.0,11,101,True,False,True,False,150.0,154.0,154.0,157.0,163.0,157.0,157.0,,260.0,3.0,3.0,3.0,3.0,0.0,0.0,100,12,9,480,0.8928571428571429,0.9174311926605505,0.9049773755656108,0.024390243902439025,0.08256880733944955,0,0,0,601,,,,0.0,,0,444,0,157,0.0,,,0.7387687188019967,,ILLUSTRATIVE - not derived from operator financial data,1784.4,871.28,913.12,51.2,False,True,1.7,71.39999999999999
leo_ntn,leo_ground_rain,5,UT00,propagation_fade,True,2.0,155.0,0.0,3.0,89.0,3,98,True,False,True,False,150.0,155.0,155.0,157.0,163.0,157.0,157.0,,260.0,2.0,2.0,2.0,2.0,0.0,0.0,98,3,11,489,0.9702970297029703,0.8990825688073395,0.9333333333333333,0.006097560975609756,0.10091743119266056,0,0,0,601,,,,0.0,,0,444,0,157,0.0,,,0.7387687188019967,,ILLUSTRATIVE - not derived from operator financial data,1762.73,853.99,908.74,51.6,False,True,1.7,71.39999999999999
leo_ntn,leo_ground_rain,6,UT00,propagation_fade,True,2.0,155.0,0.0,3.0,91.0,1,98,True,False,True,False,150.0,155.0,155.0,157.0,163.0,157.0,157.0,,260.0,2.0,2.0,2.0,2.0,0.0,0.0,99,0,10,492,1.0,0.908256880733945,0.9519230769230769,0.0,0.09174311926605505,0,0,0,601,,,,0.0,,0,444,0,157,0.0,,,0.7387687188019967,,ILLUSTRATIVE - not derived from operator financial data,1781.67,872.92,908.75,51.0,False,True,1.7,71.39999999999999
leo_ntn,leo_ground_rain,7,UT00,propagation_fade,True,2.0,155.0,0.0,5.0,89.0,5,99,True,False,True,False,150.0,155.0,155.0,157.0,163.0,157.0,157.0,,260.0,2.0,2.0,2.0,2.0,0.0,0.0,99,5,10,487,0.9519230769230769,0.908256880733945,0.9295774647887324,0.01016260162601626,0.09174311926605505,0,0,0,601,,,,0.0,,0,444,0,157,0.0,,,0.7387687188019967,,ILLUSTRATIVE - not derived from operator financial data,1776.2,867.45,908.75,51.2,False,True,1.7,71.39999999999999
leo_ntn,leo_ground_rain,8,UT00,propagation_fade,True,2.0,155.0,0.0,4.0,89.0,11,99,True,False,True,False,150.0,155.0,155.0,157.0,163.0,157.0,157.0,,260.0,2.0,2.0,2.0,2.0,0.0,0.0,99,11,10,481,0.9,0.908256880733945,0.9041095890410958,0.022357723577235773,0.09174311926605505,0,0,0,601,,,,0.0,,0,444,0,157,0.0,,,0.7387687188019967,,ILLUSTRATIVE - not derived from operator financial data,1769.47,860.72,908.75,51.4,False,True,1.7,71.39999999999999
leo_ntn,leo_ground_rain,9,UT00,propagation_fade,True,2.0,155.0,0.0,3.0,91.0,0,98,True,False,True,False,150.0,155.0,155.0,157.0,163.0,157.0,157.0,,260.0,2.0,2.0,2.0,2.0,0.0,0.0,98,0,11,492,1.0,0.8990825688073395,0.9468599033816426,0.0,0.10091743119266056,0,0,0,601,,,,0.0,,0,444,0,157,0.0,,,0.7387687188019967,,ILLUSTRATIVE - not derived from operator financial data,1781.67,872.92,908.75,51.0,False,True,1.7,71.39999999999999
leo_ntn,leo_ground_rain,10,UT00,propagation_fade,True,2.0,155.0,0.0,4.0,90.0,1,100,True,False,True,False,150.0,155.0,155.0,157.0,163.0,157.0,157.0,,260.0,2.0,2.0,2.0,2.0,0.0,0.0,100,1,9,491,0.9900990099009901,0.9174311926605505,0.9523809523809524,0.0020325203252032522,0.08256880733944955,0,0,0,601,,,,0.0,,0,444,0,157,0.0,,,0.7387687188019967,,ILLUSTRATIVE - not derived from operator financial data,1778.93,870.19,908.74,51.1,False,True,1.7,71.39999999999999
leo_ntn,leo_ground_rain,11,UT00,propagation_fade,True,2.0,155.0,0.0,4.0,90.0,1,98,True,False,True,False,150.0,155.0,155.0,157.0,163.0,157.0,157.0,,260.0,2.0,2.0,2.0,2.0,0.0,0.0,98,1,11,491,0.98989898989899,0.8990825688073395,0.9423076923076924,0.0020325203252032522,0.10091743119266056,0,0,0,601,,,,0.0,,0,444,0,157,0.0,,,0.7387687188019967,,ILLUSTRATIVE - not derived from operator financial data,1778.93,870.19,908.74,51.1,False,True,1.7,71.39999999999999
leo_ntn,leo_ground_rain,12,UT00,propagation_fade,True,2.0,155.0,0.0,4.0,90.0,1,100,True,False,True,False,150.0,155.0,155.0,157.0,163.0,157.0,157.0,,260.0,2.0,2.0,2.0,2.0,0.0,0.0,100,1,9,491,0.9900990099009901,0.9174311926605505,0.9523809523809524,0.0020325203252032522,0.08256880733944955,0,0,0,601,,,,0.0,,0,444,0,157,0.0,,,0.7387687188019967,,ILLUSTRATIVE - not derived from operator financial data,1778.93,870.19,908.74,51.1,False,True,1.7,71.39999999999999
leo_ntn,leo_ground_rain,13,UT00,propagation_fade,True,2.0,155.0,0.0,4.0,90.0,0,100,True,False,True,False,150.0,155.0,155.0,157.0,163.0,157.0,157.0,,260.0,2.0,2.0,2.0,2.0,0.0,0.0,100,0,9,492,1.0,0.9174311926605505,0.9569377990430622,0.0,0.08256880733944955,0,0,0,601,,,,0.0,,0,444,0,157,0.0,,,0.7387687188019967,,ILLUSTRATIVE - not derived from operator financial data,1778.93,870.19,908.74,51.1,False,True,1.7,71.39999999999999
leo_ntn,leo_ground_rain,14,UT00,propagation_fade,True,2.0,155.0,0.0,3.0,90.0,11,100,True,False,True,False,150.0,155.0,155.0,157.0,163.0,157.0,157.0,,260.0,2.0,2.0,2.0,2.0,0.0,0.0,100,11,9,481,0.9009009009009009,0.9174311926605505,0.9090909090909092,0.022357723577235773,0.08256880733944955,0,0,0,601,,,,0.0,,0,444,0,157,0.0,,,0.7387687188019967,,ILLUSTRATIVE - not derived from operator financial data,1772.2,863.45,908.75,51.3,False,True,1.7,71.39999999999999
leo_ntn,leo_ground_rain,15,UT00,propagation_fade,True,2.0,155.0,0.0,4.0,90.0,3,99,True,False,True,False,150.0,155.0,155.0,157.0,163.0,157.0,157.0,,260.0,2.0,2.0,2.0,2.0,0.0,0.0,99,3,10,489,0.9705882352941176,0.908256880733945,0.9383886255924171,0.006097560975609756,0.09174311926605505,0,0,0,601,,,,0.0,,0,444,0,157,0.0,,,0.7387687188019967,,ILLUSTRATIVE - not derived from operator financial data,1778.93,870.19,908.74,51.1,False,True,1.7,71.39999999999999
leo_ntn,leo_ground_rain,1,UT00,propagation_fade,True,2.0,155.0,0.0,2.0,93.0,1,97,True,False,True,False,150.0,155.0,155.0,157.0,163.0,157.0,157.0,,260.0,2.0,2.0,2.0,2.0,0.0,0.0,98,0,11,492,1.0,0.8990825688073395,0.9468599033816426,0.0,0.10091743119266056,0,0,0,601,,,,0.0,,0,444,0,157,0.0,,,0.7387687188019967,,ILLUSTRATIVE - not derived from operator financial data,1793.87,885.12,908.75,50.7,False,True,2.2,92.4
leo_ntn,leo_ground_rain,2,UT00,propagation_fade,True,3.0,154.0,21.0,3.0,96.0,12,102,True,False,True,False,150.0,133.0,154.0,157.0,163.0,156.0,157.0,,260.0,24.0,3.0,23.0,2.0,-1.0,21.0,102,12,7,480,0.8947368421052632,0.9357798165137615,0.9147982062780269,0.024390243902439025,0.06422018348623854,0,0,0,601,,,,0.0,,0,444,0,157,0.0,,,0.7387687188019967,,ILLUSTRATIVE - not derived from operator financial data,1829.0,915.88,913.12,49.9,False,True,2.2,92.4
leo_ntn,leo_ground_rain,3,UT00,propagation_fade,True,2.0,155.0,0.0,1.0,96.0,7,100,True,False,True,False,150.0,155.0,155.0,157.0,163.0,157.0,157.0,,260.0,2.0,2.0,2.0,2.0,0.0,0.0,100,7,9,485,0.9345794392523364,0.9174311926605505,0.925925925925926,0.014227642276422764,0.08256880733944955,0,0,0,601,,,,0.0,,0,444,0,157,0.0,,,0.7387687188019967,,ILLUSTRATIVE - not derived from operator financial data,1815.53,907.39,908.14,50.0,False,True,2.2,92.4
leo_ntn,leo_ground_rain,4,UT00,propagation_fade,True,3.0,154.0,0.0,5.0,94.0,11,102,True,False,True,False,150.0,154.0,154.0,157.0,163.0,156.0,157.0,,260.0,3.0,3.0,2.0,2.0,-1.0,0.0,101,12,8,480,0.8938053097345132,0.926605504587156,0.9099099099099099,0.024390243902439025,0.07339449541284404,0,0,0,601,,,,0.0,,0,444,0,157,0.0,,,0.7387687188019967,,ILLUSTRATIVE - not derived from operator financial data,1823.53,910.41,913.12,50.1,False,True,2.2,92.4
leo_ntn,leo_ground_rain,5,UT00,propagation_fade,True,2.0,155.0,0.0,3.0,93.0,3,98,True,False,True,False,150.0,155.0,155.0,157.0,163.0,157.0,157.0,,260.0,2.0,2.0,2.0,2.0,0.0,0.0,98,3,11,489,0.9702970297029703,0.8990825688073395,0.9333333333333333,0.006097560975609756,0.10091743119266056,0,0,0,601,,,,0.0,,0,444,0,157,0.0,,,0.7387687188019967,,ILLUSTRATIVE - not derived from operator financial data,1800.6,891.85,908.75,50.5,False,True,2.2,92.4
leo_ntn,leo_ground_rain,6,UT00,propagation_fade,True,2.0,155.0,0.0,4.0,94.0,1,100,True,False,True,False,150.0,155.0,155.0,157.0,163.0,156.0,157.0,,260.0,2.0,2.0,1.0,1.0,-1.0,0.0,101,0,8,492,1.0,0.926605504587156,0.9619047619047619,0.0,0.07339449541284404,0,0,0,601,,,,0.0,,0,444,0,157,0.0,,,0.7387687188019967,,ILLUSTRATIVE - not derived from operator financial data,1816.8,908.05,908.75,50.0,False,True,2.2,92.4
leo_ntn,leo_ground_rain,7,UT00,propagation_fade,True,2.0,155.0,0.0,3.0,94.0,5,100,True,False,True,False,150.0,155.0,155.0,157.0,163.0,157.0,157.0,,260.0,2.0,2.0,2.0,2.0,0.0,0.0,100,5,9,487,0.9523809523809523,0.9174311926605505,0.9345794392523364,0.01016260162601626,0.08256880733944955,0,0,0,601,,,,0.0,,0,444,0,157,0.0,,,0.7387687188019967,,ILLUSTRATIVE - not derived from operator financial data,1810.07,901.32,908.75,50.2,False,True,2.2,92.4
leo_ntn,leo_ground_rain,8,UT00,propagation_fade,True,2.0,155.0,0.0,3.0,94.0,11,99,True,False,True,False,150.0,155.0,155.0,157.0,163.0,156.0,157.0,,260.0,2.0,2.0,1.0,1.0,-1.0,0.0,99,11,10,481,0.9,0.908256880733945,0.9041095890410958,0.022357723577235773,0.09174311926605505,0,0,0,601,,,,0.0,,0,444,0,157,0.0,,,0.7387687188019967,,ILLUSTRATIVE - not derived from operator financial data,1810.07,901.32,908.75,50.2,False,True,2.2,92.4
leo_ntn,leo_ground_rain,9,UT00,propagation_fade,True,2.0,155.0,0.0,4.0,94.0,0,98,True,False,True,False,150.0,155.0,155.0,157.0,163.0,156.0,157.0,,260.0,2.0,2.0,1.0,1.0,-1.0,0.0,98,0,11,492,1.0,0.8990825688073395,0.9468599033816426,0.0,0.10091743119266056,0,0,0,601,,,,0.0,,0,444,0,157,0.0,,,0.7387687188019967,,ILLUSTRATIVE - not derived from operator financial data,1816.8,908.05,908.75,50.0,False,True,2.2,92.4
leo_ntn,leo_ground_rain,10,UT00,propagation_fade,True,2.0,155.0,0.0,3.0,95.0,1,101,True,False,True,False,150.0,155.0,155.0,157.0,163.0,156.0,157.0,,260.0,2.0,2.0,1.0,1.0,-1.0,0.0,101,1,8,491,0.9901960784313726,0.926605504587156,0.957345971563981,0.0020325203252032522,0.07339449541284404,0,0,0,601,,,,0.0,,0,444,0,157,0.0,,,0.7387687188019967,,ILLUSTRATIVE - not derived from operator financial data,1819.53,910.79,908.74,49.9,False,True,2.2,92.4
leo_ntn,leo_ground_rain,11,UT00,propagation_fade,True,2.0,155.0,0.0,3.0,94.0,1,99,True,False,True,False,150.0,155.0,155.0,157.0,163.0,156.0,157.0,,260.0,2.0,2.0,1.0,1.0,-1.0,0.0,99,1,10,491,0.99,0.908256880733945,0.9473684210526316,0.0020325203252032522,0.09174311926605505,0,0,0,601,,,,0.0,,0,444,0,157,0.0,,,0.7387687188019967,,ILLUSTRATIVE - not derived from operator financial data,1810.07,901.32,908.75,50.2,False,True,2.2,92.4
leo_ntn,leo_ground_rain,12,UT00,propagation_fade,True,2.0,155.0,0.0,3.0,94.0,1,101,True,False,True,False,150.0,155.0,155.0,157.0,163.0,157.0,157.0,,260.0,2.0,2.0,2.0,2.0,0.0,0.0,101,1,8,491,0.9901960784313726,0.926605504587156,0.957345971563981,0.0020325203252032522,0.07339449541284404,0,0,0,601,,,,0.0,,0,444,0,157,0.0,,,0.7387687188019967,,ILLUSTRATIVE - not derived from operator financial data,1810.07,901.32,908.75,50.2,False,True,2.2,92.4
leo_ntn,leo_ground_rain,13,UT00,propagation_fade,True,2.0,155.0,0.0,3.0,94.0,0,100,True,False,True,False,150.0,155.0,155.0,157.0,163.0,157.0,157.0,,260.0,2.0,2.0,2.0,2.0,0.0,0.0,100,0,9,492,1.0,0.9174311926605505,0.9569377990430622,0.0,0.08256880733944955,0,0,0,601,,,,0.0,,0,444,0,157,0.0,,,0.7387687188019967,,ILLUSTRATIVE - not derived from operator financial data,1810.07,901.32,908.75,50.2,False,True,2.2,92.4
leo_ntn,leo_ground_rain,14,UT00,propagation_fade,True,2.0,155.0,0.0,3.0,93.0,11,102,True,False,True,False,150.0,155.0,155.0,157.0,163.0,157.0,157.0,,260.0,2.0,2.0,2.0,2.0,0.0,0.0,102,11,7,481,0.9026548672566371,0.9357798165137615,0.918918918918919,0.022357723577235773,0.06422018348623854,0,0,0,601,,,,0.0,,0,444,0,157,0.0,,,0.7387687188019967,,ILLUSTRATIVE - not derived from operator financial data,1800.6,891.85,908.75,50.5,False,True,2.2,92.4
leo_ntn,leo_ground_rain,15,UT00,propagation_fade,True,2.0,155.0,0.0,2.0,95.0,3,100,True,False,True,False,150.0,155.0,155.0,157.0,163.0,157.0,157.0,,260.0,2.0,2.0,2.0,2.0,0.0,0.0,100,3,9,489,0.970873786407767,0.9174311926605505,0.9433962264150944,0.006097560975609756,0.08256880733944955,0,0,0,601,,,,0.0,,0,444,0,157,0.0,,,0.7387687188019967,,ILLUSTRATIVE - not derived from operator financial data,1812.8,904.05,908.75,50.1,False,True,2.2,92.4
leo_ntn,leo_rf_subsystem,1,UT00,rf_subsystem,False,,342.0,169.0,0.0,0.0,86,0,False,True,False,False,170.0,173.0,175.0,,,,,,,,,,,,2.0,91,4,16,490,0.9578947368421052,0.8504672897196262,0.9009900990099011,0.008097165991902834,0.14953271028037382,8,1,99,493,0.8888888888888888,0.07476635514018691,0.13793103448275862,0.0020242914979757085,0.9252336448598131,0,0,107,494,,0.0,,0.0,1.0,ILLUSTRATIVE - not derived from operator financial data,0.0,900.0,-900.0,,False,False,0.4,4.4
leo_ntn,leo_rf_subsystem,2,UT00,rf_subsystem,False,,,,0.0,0.0,112,0,False,False,False,False,170.0,133.0,,,,,,,,,,,,,,93,19,14,475,0.8303571428571429,0.8691588785046729,0.8493150684931506,0.038461538461538464,0.1308411214953271,0,0,107,494,,0.0,,0.0,1.0,0,0,107,494,,0.0,,0.0,1.0,ILLUSTRATIVE - not derived from operator financial data,0.0,0.0,0.0,,False,False,0.4,4.4
leo_ntn,leo_rf_subsystem,3,UT00,rf_subsystem,False,,288.0,76.0,0.0,0.0,64,0,False,True,False,False,170.0,212.0,237.0,,,,,,,,,,,,25.0,86,8,21,486,0.9148936170212766,0.8037383177570093,0.8557213930348259,0.016194331983805668,0.19626168224299065,30,0,77,494,1.0,0.2803738317757009,0.437956204379562,0.0,0.719626168224299,0,0,107,494,,0.0,,0.0,1.0,ILLUSTRATIVE - not derived from operator financial data,0.0,900.0,-900.0,,False,False,0.4,4.4
leo_ntn,leo_rf_subsystem,4,UT00,rf_subsystem,False,,288.0,131.0,0.0,0.0,51,1,False,True,False,False,170.0,157.0,233.0,,,,,,,,,,,,76.0,82,21,25,473,0.7961165048543689,0.7663551401869159,0.780952380952381,0.04251012145748988,0.2336448598130841,51,0,56,494,1.0,0.4766355140186916,0.6455696202531646,0.0,0.5233644859813084,0,0,107,494,,0.0,,0.0,1.0,ILLUSTRATIVE - not derived from operator financial data,0.0,900.0,-900.0,,False,False,0.4,4.4
leo_ntn,leo_rf_subsystem,5,UT00,rf_subsystem,False,,270.0,52.0,0.0,0.0,78,0,False,True,False,False,170.0,218.0,234.0,,,,,,,,,,,,16.0,96,0,11,494,1.0,0.897196261682243,0.9458128078817734,0.0,0.102803738317757,18,0,89,494,1.0,0.16822429906542055,0.288,0.0,0.8317757009345794,0,0,107,494,,0.0,,0.0,1.0,ILLUSTRATIVE - not derived from operator financial data,0.0,900.0,-900.0,,False,False,0.4,4.4
leo_ntn,leo_rf_subsystem,6,UT00,rf_subsystem,False,,252.0,16.0,0.0,0.0,46,0,False,True,False,False,170.0,236.0,252.0,,,,,,,,,,,,16.0,55,0,52,494,1.0,0.514018691588785,0.6790123456790123,0.0,0.48598130841121495,9,0,98,494,1.0,0.08411214953271028,0.15517241379310345,0.0,0.9158878504672897,0,0,107,494,,0.0,,0.0,1.0,ILLUSTRATIVE - not derived from operator financial data,0.0,900.0,-900.0,,False,False,0.4,4.4
leo_ntn,leo_rf_subsystem,7,UT00,rf_subsystem,False,,234.0,16.0,0.0,0.0,39,0,False,True,False,False,170.0,218.0,234.0,,,,,,,,,,,,16.0,93,5,14,489,0.9489795918367347,0.8691588785046729,0.9073170731707317,0.010121457489878543,0.1308411214953271,59,0,48,494,1.0,0.5514018691588785,0.7108433734939759,0.0,0.4485981308411215,0,0,107,494,,0.0,,0.0,1.0,ILLUSTRATIVE - not derived from operator financial data,0.0,900.0,-900.0,,False,False,0.4,4.4
leo_ntn,leo_rf_subsystem,8,UT00,rf_subsystem,False,,254.0,36.0,0.0,0.0,56,0,False,True,False,False,170.0,218.0,254.0,,,,,,,,,,,,36.0,96,0,11,494,1.0,0.897196261682243,0.9458128078817734,0.0,0.102803738317757,40,0,67,494,1.0,0.37383177570093457,0.5442176870748299,0.0,0.6261682242990654,0,0,107,494,,0.0,,0.0,1.0,ILLUSTRATIVE - not derived from operator financial data,0.0,900.0,-900.0,,False,False,0.4,4.4
leo_ntn,leo_rf_subsystem,9,UT00,rf_subsystem,False,,270.0,17.0,0.0,0.0,69,0,False,True,False,False,170.0,253.0,254.0,,,,,,,,,,,,1.0,79,0,28,494,1.0,0.7383177570093458,0.8494623655913979,0.0,0.2616822429906542,10,0,97,494,1.0,0.09345794392523364,0.17094017094017094,0.0,0.9065420560747663,0,0,107,494,,0.0,,0.0,1.0,ILLUSTRATIVE - not derived from operator financial data,0.0,900.0,-900.0,,False,False,0.4,4.4
leo_ntn,leo_rf_subsystem,10,UT00,rf_subsystem,False,,235.0,17.0,0.0,0.0,64,0,False,True,False,False,170.0,218.0,218.0,,,,,,,,,,,,0.0,93,0,14,494,1.0,0.8691588785046729,0.9299999999999999,0.0,0.1308411214953271,29,0,78,494,1.0,0.27102803738317754,0.4264705882352941,0.0,0.7289719626168224,0,0,107,494,,0.0,,0.0,1.0,ILLUSTRATIVE - not derived from operator financial data,0.0,900.0,-900.0,,False,False,0.4,4.4
leo_ntn,leo_rf_subsystem,11,UT00,rf_subsystem,False,,252.0,33.0,0.0,0.0,50,0,False,True,False,False,170.0,219.0,252.0,,,,,,,,,,,,33.0,85,0,22,494,1.0,0.794392523364486,0.8854166666666666,0.0,0.205607476635514,35,0,72,494,1.0,0.32710280373831774,0.49295774647887325,0.0,0.6728971962616822,0,0,107,494,,0.0,,0.0,1.0,ILLUSTRATIVE - not derived from operator financial data,0.0,900.0,-900.0,,False,False,0.4,4.4
leo_ntn,leo_rf_subsystem,12,UT00,rf_subsystem,False,,288.0,52.0,0.0,0.0,36,0,False,True,False,False,170.0,236.0,288.0,,,,,,,,,,,,52.0,85,0,22,494,1.0,0.794392523364486,0.8854166666666666,0.0,0.205607476635514,49,0,58,494,1.0,0.45794392523364486,0.6282051282051282,0.0,0.5420560747663551,0,0,107,494,,0.0,,0.0,1.0,ILLUSTRATIVE - not derived from operator financial data,0.0,900.0,-900.0,,False,False,0.4,4.4
leo_ntn,leo_rf_subsystem,13,UT00,rf_subsystem,False,,288.0,71.0,0.0,0.0,45,0,False,True,False,False,170.0,217.0,219.0,,,,,,,,,,,,2.0,81,0,26,494,1.0,0.7570093457943925,0.8617021276595744,0.0,0.24299065420560748,36,0,71,494,1.0,0.3364485981308411,0.5034965034965034,0.0,0.6635514018691588,0,0,107,494,,0.0,,0.0,1.0,ILLUSTRATIVE - not derived from operator financial data,0.0,900.0,-900.0,,False,False,0.4,4.4
leo_ntn,leo_rf_subsystem,14,UT00,rf_subsystem,False,,,,0.0,0.0,50,0,False,False,False,False,170.0,175.0,,,,,,,,,,,,,,38,12,69,482,0.76,0.35514018691588783,0.4840764331210191,0.024291497975708502,0.6448598130841121,0,0,107,494,,0.0,,0.0,1.0,0,0,107,494,,0.0,,0.0,1.0,ILLUSTRATIVE - not derived from operator financial data,0.0,0.0,0.0,,False,False,0.4,4.4
leo_ntn,leo_rf_subsystem,15,UT00,rf_subsystem,False,,489.0,217.0,0.0,0.0,64,0,False,True,False,False,170.0,272.0,489.0,,,,,,,,,,,,217.0,63,3,44,491,0.9545454545454546,0.5887850467289719,0.7283236994219653,0.006072874493927126,0.411214953271028,2,0,105,494,1.0,0.018691588785046728,0.03669724770642201,0.0,0.9813084112149533,0,0,107,494,,0.0,,0.0,1.0,ILLUSTRATIVE - not derived from operator financial data,0.0,900.0,-900.0,,False,False,0.4,4.4
leo_ntn,leo_rf_subsystem,1,UT00,rf_subsystem,False,302.0,252.0,79.0,0.0,0.0,15,0,True,True,False,False,170.0,173.0,175.0,477.0,483.0,,,,,304.0,302.0,,,,2.0,92,4,15,490,0.9583333333333334,0.8598130841121495,0.9064039408866995,0.008097165991902834,0.14018691588785046,80,1,27,493,0.9876543209876543,0.7476635514018691,0.8510638297872339,0.0020242914979757085,0.2523364485981308,32,92,75,402,0.25806451612903225,0.29906542056074764,0.277056277056277,0.1862348178137652,0.7009345794392523,ILLUSTRATIVE - not derived from operator financial data,900.0,900.0,0.0,0.0,False,False,0.6,6.6
leo_ntn,leo_rf_subsystem,2,UT00,rf_subsystem,False,,342.0,209.0,0.0,0.0,95,0,False,True,False,False,170.0,133.0,342.0,,,,,,,,,,,,209.0,94,19,13,475,0.831858407079646,0.8785046728971962,0.8545454545454546,0.038461538461538464,0.12149532710280374,18,0,89,494,1.0,0.16822429906542055,0.288,0.0,0.8317757009345794,0,0,107,494,,0.0,,0.0,1.0,ILLUSTRATIVE - not derived from operator financial data,0.0,900.0,-900.0,,False,False,0.6,6.6
leo_ntn,leo_rf_subsystem,3,UT00,rf_subsystem,False,,272.0,60.0,0.0,0.0,28,0,False,True,False,False,170.0,212.0,219.0,,,,,,,,,,,,7.0,97,8,10,486,0.9238095238095239,0.9065420560747663,0.9150943396226416,0.016194331983805668,0.09345794392523364,77,0,30,494,1.0,0.719626168224299,0.8369565217391304,0.0,0.2803738317757009,0,0,107,494,,0.0,,0.0,1.0,ILLUSTRATIVE - not derived from operator financial data,0.0,900.0,-900.0,,False,False,0.6,6.6
leo_ntn,leo_rf_subsystem,4,UT00,rf_subsystem,False,,253.0,96.0,0.0,0.0,29,1,False,True,False,False,170.0,157.0,233.0,,,,,,,,,,,,76.0,98,21,9,473,0.8235294117647058,0.9158878504672897,0.8672566371681415,0.04251012145748988,0.08411214953271028,89,0,18,494,1.0,0.8317757009345794,0.9081632653061225,0.0,0.16822429906542055,0,0,107,494,,0.0,,0.0,1.0,ILLUSTRATIVE - not derived from operator financial data,0.0,900.0,-900.0,,False,False,0.6,6.6
leo_ntn,leo_rf_subsystem,5,UT00,rf_subsystem,False,,237.0,20.0,0.0,0.0,13,0,False,True,False,False,170.0,217.0,219.0,,,,,,,,,,,,2.0,97,0,10,494,1.0,0.9065420560747663,0.9509803921568627,0.0,0.09345794392523364,84,0,23,494,1.0,0.7850467289719626,0.8795811518324607,0.0,0.21495327102803738,0,0,107,494,,0.0,,0.0,1.0,ILLUSTRATIVE - not derived from operator financial data,0.0,900.0,-900.0,,False,False,0.6,6.6
leo_ntn,leo_rf_subsystem,6,UT00,rf_subsystem,False,,252.0,17.0,0.0,0.0,17,1,False,True,False,False,170.0,235.0,252.0,,,,,,,,,,,,17.0,93,0,14,494,1.0,0.8691588785046729,0.9299999999999999,0.0,0.1308411214953271,75,0,32,494,1.0,0.7009345794392523,0.8241758241758241,0.0,0.29906542056074764,0,0,107,494,,0.0,,0.0,1.0,ILLUSTRATIVE - not derived from operator financial data,0.0,900.0,-900.0,,False,False,0.6,6.6
leo_ntn,leo_rf_subsystem,7,UT00,rf_subsystem,False,,234.0,33.0,0.0,0.0,15,0,False,True,False,False,170.0,201.0,234.0,,,,,,,,,,,,33.0,99,5,8,489,0.9519230769230769,0.9252336448598131,0.938388625592417,0.010121457489878543,0.07476635514018691,89,0,18,494,1.0,0.8317757009345794,0.9081632653061225,0.0,0.16822429906542055,0,0,107,494,,0.0,,0.0,1.0,ILLUSTRATIVE - not derived from operator financial data,0.0,900.0,-900.0,,False,False,0.6,6.6
leo_ntn,leo_rf_subsystem,8,UT00,rf_subsystem,False,,252.0,52.0,0.0,0.0,10,0,False,True,False,False,170.0,200.0,252.0,,,,,,,,,,,,52.0,100,0,7,494,1.0,0.9345794392523364,0.966183574879227,0.0,0.06542056074766354,90,0,17,494,1.0,0.8411214953271028,0.9137055837563453,0.0,0.1588785046728972,0,0,107,494,,0.0,,0.0,1.0,ILLUSTRATIVE - not derived from operator financial data,0.0,900.0,-900.0,,False,False,0.6,6.6
leo_ntn,leo_rf_subsystem,9,UT00,rf_subsystem,False,,219.0,2.0,0.0,0.0,12,0,False,True,False,False,170.0,217.0,219.0,,,,,,,,,,,,2.0,97,0,10,494,1.0,0.9065420560747663,0.9509803921568627,0.0,0.09345794392523364,85,0,22,494,1.0,0.794392523364486,0.8854166666666666,0.0,0.205607476635514,0,0,107,494,,0.0,,0.0,1.0,ILLUSTRATIVE - not derived from operator financial data,0.0,900.0,-900.0,,False,False,0.6,6.6
leo_ntn,leo_rf_subsystem,10,UT00,rf_subsystem,False,,234.0,16.0,0.0,0.0,1,0,False,True,False,False,170.0,218.0,218.0,,,,,,,,,,,,0.0,96,0,11,494,1.0,0.897196261682243,0.9458128078817734,0.0,0.102803738317757,95,0,12,494,1.0,0.8878504672897196,0.9405940594059405,0.0,0.11214953271028037,0,0,107,494,,0.0,,0.0,1.0,ILLUSTRATIVE - not derived from operator financial data,0.0,900.0,-900.0,,False,False,0.6,6.6
leo_ntn,leo_rf_subsystem,11,UT00,rf_subsystem,False,,235.0,17.0,0.0,0.0,10,0,False,True,False,False,170.0,218.0,235.0,,,,,,,,,,,,17.0,96,0,11,494,1.0,0.897196261682243,0.9458128078817734,0.0,0.102803738317757,86,0,21,494,1.0,0.8037383177570093,0.8911917098445596,0.0,0.19626168224299065,0,0,107,494,,0.0,,0.0,1.0,ILLUSTRATIVE - not derived from operator financial data,0.0,900.0,-900.0,,False,False,0.6,6.6
leo_ntn,leo_rf_subsystem,12,UT00,rf_subsystem,False,,271.0,72.0,0.0,0.0,15,0,False,True,False,False,170.0,199.0,271.0,,,,,,,,,,,,72.0,95,0,12,494,1.0,0.8878504672897196,0.9405940594059405,0.0,0.11214953271028037,80,0,27,494,1.0,0.7476635514018691,0.8556149732620321,0.0,0.2523364485981308,0,0,107,494,,0.0,,0.0,1.0,ILLUSTRATIVE - not derived from operator financial data,0.0,900.0,-900.0,,False,False,0.6,6.6
leo_ntn,leo_rf_subsystem,13,UT00,rf_subsystem,False,,234.0,17.0,0.0,0.0,10,0,False,True,False,False,170.0,217.0,217.0,,,,,,,,,,,,0.0,97,0,10,494,1.0,0.9065420560747663,0.9509803921568627,0.0,0.09345794392523364,87,0,20,494,1.0,0.8130841121495327,0.8969072164948454,0.0,0.18691588785046728,0,0,107,494,,0.0,,0.0,1.0,ILLUSTRATIVE - not derived from operator financial data,0.0,900.0,-900.0,,False,False,0.6,6.6
leo_ntn,leo_rf_subsystem,14,UT00,rf_subsystem,False,207.0,270.0,95.0,0.0,0.0,73,0,True,True,False,False,170.0,175.0,270.0,477.0,483.0,,,,,302.0,207.0,,,,95.0,88,12,19,482,0.88,0.822429906542056,0.8502415458937198,0.024291497975708502,0.17757009345794392,27,0,80,494,1.0,0.2523364485981308,0.40298507462686567,0.0,0.7476635514018691,32,92,75,402,0.25806451612903225,0.29906542056074764,0.277056277056277,0.1862348178137652,0.7009345794392523,ILLUSTRATIVE - not derived from operator financial data,900.0,900.0,0.0,0.0,False,False,0.6,6.6
leo_ntn,leo_rf_subsystem,15,UT00,rf_subsystem,False,,288.0,70.0,0.0,0.0,39,0,False,True,False,False,170.0,218.0,288.0,,,,,,,,,,,,70.0,93,3,14,491,0.96875,0.8691588785046729,0.916256157635468,0.006072874493927126,0.1308411214953271,57,0,50,494,1.0,0.5327102803738317,0.6951219512195121,0.0,0.4672897196261682,0,0,107,494,,0.0,,0.0,1.0,ILLUSTRATIVE - not derived from operator financial data,0.0,900.0,-900.0,,False,False,0.6,6.6
leo_ntn,leo_rf_subsystem,1,UT00,rf_subsystem,False,302.0,252.0,79.0,0.0,0.0,10,0,True,True,False,False,170.0,173.0,175.0,477.0,483.0,,,,,304.0,302.0,,,,2.0,97,4,10,490,0.9603960396039604,0.9065420560747663,0.9326923076923077,0.008097165991902834,0.09345794392523364,90,1,17,493,0.989010989010989,0.8411214953271028,0.9090909090909092,0.0020242914979757085,0.1588785046728972,32,92,75,402,0.25806451612903225,0.29906542056074764,0.277056277056277,0.1862348178137652,0.7009345794392523,ILLUSTRATIVE - not derived from operator financial data,900.0,900.0,0.0,0.0,False,False,0.8,8.8
leo_ntn,leo_rf_subsystem,2,UT00,rf_subsystem,False,153.0,252.0,119.0,0.0,0.0,39,0,True,True,False,False,170.0,133.0,252.0,405.0,411.0,,,,,272.0,153.0,,,,119.0,100,19,7,475,0.8403361344537815,0.9345794392523364,0.8849557522123893,0.038461538461538464,0.06542056074766354,80,0,27,494,1.0,0.7476635514018691,0.8556149732620321,0.0,0.2523364485981308,52,144,55,350,0.2653061224489796,0.48598130841121495,0.3432343234323433,0.291497975708502,0.514018691588785,ILLUSTRATIVE - not derived from operator financial data,900.0,900.0,0.0,0.0,False,False,0.8,8.8
leo_ntn,leo_rf_subsystem,3,UT00,rf_subsystem,False,223.0,235.0,35.0,0.0,0.0,13,0,True,True,False,False,170.0,200.0,200.0,423.0,429.0,,,,,223.0,223.0,,,,0.0,100,8,7,486,0.9259259259259259,0.9345794392523364,0.9302325581395349,0.016194331983805668,0.06542056074766354,95,0,12,494,1.0,0.8878504672897196,0.9405940594059405,0.0,0.11214953271028037,47,131,60,363,0.2640449438202247,0.4392523364485981,0.32982456140350874,0.2651821862348178,0.5607476635514018,ILLUSTRATIVE - not derived from operator financial data,900.0,900.0,0.0,0.0,False,False,0.8,8.8
leo_ntn,leo_rf_subsystem,4,UT00,rf_subsystem,False,,216.0,59.0,0.0,0.0,23,1,False,True,False,False,170.0,157.0,216.0,,,,,,,,,,,,59.0,101,21,6,473,0.8278688524590164,0.9439252336448598,0.8820960698689956,0.04251012145748988,0.056074766355140186,98,0,9,494,1.0,0.9158878504672897,0.9560975609756098,0.0,0.08411214953271028,0,0,107,494,,0.0,,0.0,1.0,ILLUSTRATIVE - not derived from operator financial data,0.0,900.0,-900.0,,False,False,0.8,8.8
leo_ntn,leo_rf_subsystem,5,UT00,rf_subsystem,False,204.0,237.0,54.0,0.0,0.0,10,0,True,True,False,False,170.0,183.0,237.0,441.0,447.0,,,,,258.0,204.0,,,,54.0,101,0,6,494,1.0,0.9439252336448598,0.9711538461538461,0.0,0.056074766355140186,91,0,16,494,1.0,0.8504672897196262,0.9191919191919192,0.0,0.14953271028037382,42,118,65,376,0.2625,0.3925233644859813,0.3146067415730337,0.2388663967611336,0.6074766355140186,ILLUSTRATIVE - not derived from operator financial data,900.0,900.0,0.0,0.0,False,False,0.8,8.8
leo_ntn,leo_rf_subsystem,6,UT00,rf_subsystem,False,243.0,252.0,34.0,0.0,0.0,6,0,True,True,False,False,170.0,218.0,252.0,495.0,501.0,,,,,277.0,243.0,,,,34.0,96,0,11,494,1.0,0.897196261682243,0.9458128078817734,0.0,0.102803738317757,90,0,17,494,1.0,0.8411214953271028,0.9137055837563453,0.0,0.1588785046728972,27,79,80,415,0.25471698113207547,0.2523364485981308,0.2535211267605634,0.15991902834008098,0.7476635514018691,ILLUSTRATIVE - not derived from operator financial data,900.0,900.0,0.0,0.0,False,False,0.8,8.8
leo_ntn,leo_rf_subsystem,7,UT00,rf_subsystem,False,243.0,234.0,34.0,0.0,0.0,11,0,True,True,False,False,170.0,200.0,234.0,477.0,483.0,,,,,277.0,243.0,,,,34.0,100,5,7,489,0.9523809523809523,0.9345794392523364,0.9433962264150944,0.010121457489878543,0.06542056074766354,94,0,13,494,1.0,0.8785046728971962,0.9353233830845772,0.0,0.12149532710280374,32,92,75,402,0.25806451612903225,0.29906542056074764,0.277056277056277,0.1862348178137652,0.7009345794392523,ILLUSTRATIVE - not derived from operator financial data,900.0,900.0,0.0,0.0,False,False,0.8,8.8
leo_ntn,leo_rf_subsystem,8,UT00,rf_subsystem,False,,235.0,35.0,0.0,0.0,7,0,False,True,False,False,170.0,200.0,235.0,,,,,,,,,,,,35.0,100,0,7,494,1.0,0.9345794392523364,0.966183574879227,0.0,0.06542056074766354,93,0,14,494,1.0,0.8691588785046729,0.9299999999999999,0.0,0.1308411214953271,0,0,107,494,,0.0,,0.0,1.0,ILLUSTRATIVE - not derived from operator financial data,0.0,900.0,-900.0,,False,False,0.8,8.8
leo_ntn,leo_rf_subsystem,9,UT00,rf_subsystem,False,168.0,219.0,2.0,0.0,0.0,2,0,True,True,False,False,170.0,217.0,219.0,387.0,393.0,,,,,170.0,168.0,,,,2.0,97,0,10,494,1.0,0.9065420560747663,0.9509803921568627,0.0,0.09345794392523364,95,0,12,494,1.0,0.8878504672897196,0.9405940594059405,0.0,0.11214953271028037,57,157,50,337,0.26635514018691586,0.5327102803738317,0.35514018691588783,0.31781376518218624,0.4672897196261682,ILLUSTRATIVE - not derived from operator financial data,900.0,900.0,0.0,0.0,False,False,0.8,8.8
leo_ntn,leo_rf_subsystem,10,UT00,rf_subsystem,False,,234.0,16.0,0.0,0.0,2,0,False,True,False,False,170.0,218.0,234.0,,,,,,,,,,,,16.0,96,0,11,494,1.0,0.897196261682243,0.9458128078817734,0.0,0.102803738317757,94,0,13,494,1.0,0.8785046728971962,0.9353233830845772,0.0,0.12149532710280374,0,0,107,494,,0.0,,0.0,1.0,ILLUSTRATIVE - not derived from operator financial data,0.0,900.0,-900.0,,False,False,0.8,8.8
leo_ntn,leo_rf_subsystem,11,UT00,rf_subsystem,False,,234.0,16.0,0.0,0.0,2,0,False,True,False,False,170.0,218.0,234.0,,,,,,,,,,,,16.0,96,0,11,494,1.0,0.897196261682243,0.9458128078817734,0.0,0.102803738317757,94,0,13,494,1.0,0.8785046728971962,0.9353233830845772,0.0,0.12149532710280374,0,0,107,494,,0.0,,0.0,1.0,ILLUSTRATIVE - not derived from operator financial data,0.0,900.0,-900.0,,False,False,0.8,8.8
leo_ntn,leo_rf_subsystem,12,UT00,rf_subsystem,False,205.0,252.0,52.0,0.0,0.0,8,0,True,True,False,False,170.0,200.0,200.0,405.0,411.0,,,,,205.0,205.0,,,,0.0,100,0,7,494,1.0,0.9345794392523364,0.966183574879227,0.0,0.06542056074766354,92,0,15,494,1.0,0.8598130841121495,0.9246231155778893,0.0,0.14018691588785046,52,144,55,350,0.2653061224489796,0.48598130841121495,0.3432343234323433,0.291497975708502,0.514018691588785,ILLUSTRATIVE - not derived from operator financial data,900.0,900.0,0.0,0.0,False,False,0.8,8.8
leo_ntn,leo_rf_subsystem,13,UT00,rf_subsystem,False,,218.0,2.0,0.0,0.0,2,0,False,True,False,False,170.0,216.0,218.0,,,,,,,,,,,,2.0,98,0,9,494,1.0,0.9158878504672897,0.9560975609756098,0.0,0.08411214953271028,96,0,11,494,1.0,0.897196261682243,0.9458128078817734,0.0,0.102803738317757,0,0,107,494,,0.0,,0.0,1.0,ILLUSTRATIVE - not derived from operator financial data,0.0,900.0,-900.0,,False,False,0.8,8.8
leo_ntn,leo_rf_subsystem,14,UT00,rf_subsystem,False,207.0,270.0,95.0,0.0,0.0,28,0,True,True,False,False,170.0,175.0,270.0,477.0,483.0,,,,,302.0,207.0,,,,95.0,92,12,15,482,0.8846153846153846,0.8598130841121495,0.872037914691943,0.024291497975708502,0.14018691588785046,76,0,31,494,1.0,0.7102803738317757,0.8306010928961748,0.0,0.2897196261682243,32,92,75,402,0.25806451612903225,0.29906542056074764,0.277056277056277,0.1862348178137652,0.7009345794392523,ILLUSTRATIVE - not derived from operator financial data,900.0,900.0,0.0,0.0,False,False,0.8,8.8
leo_ntn,leo_rf_subsystem,15,UT00,rf_subsystem,False,258.0,254.0,36.0,0.0,0.0,11,0,True,True,False,False,170.0,218.0,254.0,512.0,518.0,,,,,294.0,258.0,,,,36.0,96,3,11,491,0.9696969696969697,0.897196261682243,0.9320388349514562,0.006072874493927126,0.102803738317757,88,0,19,494,1.0,0.822429906542056,0.9025641025641025,0.0,0.17757009345794392,22,67,85,427,0.24719101123595505,0.205607476635514,0.22448979591836737,0.13562753036437247,0.794392523364486,ILLUSTRATIVE - not derived from operator financial data,900.0,900.0,0.0,0.0,False,False,0.8,8.8
leo_ntn,leo_rf_subsystem,1,UT00,rf_subsystem,False,266.0,252.0,79.0,0.0,0.0,17,0,True,True,False,False,170.0,173.0,175.0,441.0,447.0,,,,,268.0,266.0,,,,2.0,104,4,3,490,0.9629629629629629,0.9719626168224299,0.9674418604651163,0.008097165991902834,0.028037383177570093,90,1,17,493,0.989010989010989,0.8411214953271028,0.9090909090909092,0.0020242914979757085,0.1588785046728972,42,118,65,376,0.2625,0.3925233644859813,0.3146067415730337,0.2388663967611336,0.6074766355140186,ILLUSTRATIVE - not derived from operator financial data,900.0,900.0,0.0,0.0,False,False,1.0,11.0
leo_ntn,leo_rf_subsystem,2,UT00,rf_subsystem,False,153.0,252.0,119.0,0.0,0.0,29,0,True,True,False,False,170.0,133.0,252.0,405.0,411.0,,,,,272.0,153.0,,,,119.0,100,19,7,475,0.8403361344537815,0.9345794392523364,0.8849557522123893,0.038461538461538464,0.06542056074766354,90,0,17,494,1.0,0.8411214953271028,0.9137055837563453,0.0,0.1588785046728972,52,144,55,350,0.2653061224489796,0.48598130841121495,0.3432343234323433,0.291497975708502,0.514018691588785,ILLUSTRATIVE - not derived from operator financial data,900.0,900.0,0.0,0.0,False,False,1.0,11.0
leo_ntn,leo_rf_subsystem,3,UT00,rf_subsystem,False,153.0,234.0,34.0,0.0,0.0,14,0,True,True,False,False,170.0,200.0,234.0,387.0,393.0,,,,,187.0,153.0,,,,34.0,100,8,7,486,0.9259259259259259,0.9345794392523364,0.9302325581395349,0.016194331983805668,0.06542056074766354,94,0,13,494,1.0,0.8785046728971962,0.9353233830845772,0.0,0.12149532710280374,57,157,50,337,0.26635514018691586,0.5327102803738317,0.35514018691588783,0.31781376518218624,0.4672897196261682,ILLUSTRATIVE - not derived from operator financial data,900.0,900.0,0.0,0.0,False,False,1.0,11.0
leo_ntn,leo_rf_subsystem,4,UT00,rf_subsystem,False,171.0,216.0,59.0,0.0,0.0,23,1,True,True,False,False,170.0,157.0,216.0,387.0,393.0,,,,,230.0,171.0,,,,59.0,101,21,6,473,0.8278688524590164,0.9439252336448598,0.8820960698689956,0.04251012145748988,0.056074766355140186,98,0,9,494,1.0,0.9158878504672897,0.9560975609756098,0.0,0.08411214953271028,57,157,50,337,0.26635514018691586,0.5327102803738317,0.35514018691588783,0.31781376518218624,0.4672897196261682,ILLUSTRATIVE - not derived from operator financial data,900.0,900.0,0.0,0.0,False,False,1.0,11.0
leo_ntn,leo_rf_subsystem,5,UT00,rf_subsystem,False,207.0,234.0,51.0,0.0,0.0,7,0,True,True,False,False,170.0,183.0,234.0,441.0,447.0,,,,,258.0,207.0,,,,51.0,101,0,6,494,1.0,0.9439252336448598,0.9711538461538461,0.0,0.056074766355140186,94,0,13,494,1.0,0.8785046728971962,0.9353233830845772,0.0,0.12149532710280374,42,118,65,376,0.2625,0.3925233644859813,0.3146067415730337,0.2388663967611336,0.6074766355140186,ILLUSTRATIVE - not derived from operator financial data,900.0,900.0,0.0,0.0,False,False,1.0,11.0
leo_ntn,leo_rf_subsystem,6,UT00,rf_subsystem,False,261.0,234.0,16.0,0.0,0.0,2,0,True,True,False,False,170.0,218.0,234.0,495.0,501.0,,,,,277.0,261.0,,,,16.0,96,0,11,494,1.0,0.897196261682243,0.9458128078817734,0.0,0.102803738317757,94,0,13,494,1.0,0.8785046728971962,0.9353233830845772,0.0,0.12149532710280374,27,79,80,415,0.25471698113207547,0.2523364485981308,0.2535211267605634,0.15991902834008098,0.7476635514018691,ILLUSTRATIVE - not derived from operator financial data,900.0,900.0,0.0,0.0,False,False,1.0,11.0
leo_ntn,leo_rf_subsystem,7,UT00,rf_subsystem,False,257.0,217.0,33.0,0.0,0.0,10,1,True,True,False,False,170.0,184.0,184.0,441.0,447.0,,,,,257.0,257.0,,,,0.0,103,5,4,489,0.9537037037037037,0.9626168224299065,0.958139534883721,0.010121457489878543,0.037383177570093455,97,0,10,494,1.0,0.9065420560747663,0.9509803921568627,0.0,0.09345794392523364,42,118,65,376,0.2625,0.3925233644859813,0.3146067415730337,0.2388663967611336,0.6074766355140186,ILLUSTRATIVE - not derived from operator financial data,900.0,900.0,0.0,0.0,False,False,1.0,11.0
leo_ntn,leo_rf_subsystem,8,UT00,rf_subsystem,False,207.0,234.0,34.0,0.0,0.0,6,0,True,True,False,False,170.0,200.0,234.0,441.0,447.0,,,,,241.0,207.0,,,,34.0,100,0,7,494,1.0,0.9345794392523364,0.966183574879227,0.0,0.06542056074766354,94,0,13,494,1.0,0.8785046728971962,0.9353233830845772,0.0,0.12149532710280374,42,118,65,376,0.2625,0.3925233644859813,0.3146067415730337,0.2388663967611336,0.6074766355140186,ILLUSTRATIVE - not derived from operator financial data,900.0,900.0,0.0,0.0,False,False,1.0,11.0
leo_ntn,leo_rf_subsystem,9,UT00,rf_subsystem,False,168.0,219.0,2.0,0.0,0.0,2,0,True,True,False,False,170.0,217.0,219.0,387.0,393.0,,,,,170.0,168.0,,,,2.0,97,0,10,494,1.0,0.9065420560747663,0.9509803921568627,0.0,0.09345794392523364,95,0,12,494,1.0,0.8878504672897196,0.9405940594059405,0.0,0.11214953271028037,57,157,50,337,0.26635514018691586,0.5327102803738317,0.35514018691588783,0.31781376518218624,0.4672897196261682,ILLUSTRATIVE - not derived from operator financial data,900.0,900.0,0.0,0.0,False,False,1.0,11.0
leo_ntn,leo_rf_subsystem,10,UT00,rf_subsystem,False,187.0,218.0,18.0,0.0,0.0,2,0,True,True,False,False,170.0,200.0,200.0,387.0,393.0,,,,,187.0,187.0,,,,0.0,100,0,7,494,1.0,0.9345794392523364,0.966183574879227,0.0,0.06542056074766354,98,0,9,494,1.0,0.9158878504672897,0.9560975609756098,0.0,0.08411214953271028,57,157,50,337,0.26635514018691586,0.5327102803738317,0.35514018691588783,0.31781376518218624,0.4672897196261682,ILLUSTRATIVE - not derived from operator financial data,900.0,900.0,0.0,0.0,False,False,1.0,11.0
leo_ntn,leo_rf_subsystem,11,UT00,rf_subsystem,False,,234.0,18.0,0.0,0.0,4,0,False,True,False,False,170.0,216.0,234.0,,,,,,,,,,,,18.0,98,0,9,494,1.0,0.9158878504672897,0.9560975609756098,0.0,0.08411214953271028,94,0,13,494,1.0,0.8785046728971962,0.9353233830845772,0.0,0.12149532710280374,0,0,107,494,,0.0,,0.0,1.0,ILLUSTRATIVE - not derived from operator financial data,0.0,900.0,-900.0,,False,False,1.0,11.0
leo_ntn,leo_rf_subsystem,12,UT00,rf_subsystem,False,189.0,216.0,16.0,0.0,0.0,2,0,True,True,False,False,170.0,200.0,216.0,405.0,411.0,,,,,205.0,189.0,,,,16.0,100,0,7,494,1.0,0.9345794392523364,0.966183574879227,0.0,0.06542056074766354,98,0,9,494,1.0,0.9158878504672897,0.9560975609756098,0.0,0.08411214953271028,52,144,55,350,0.2653061224489796,0.48598130841121495,0.3432343234323433,0.291497975708502,0.514018691588785,ILLUSTRATIVE - not derived from operator financial data,900.0,900.0,0.0,0.0,False,False,1.0,11.0
leo_ntn,leo_rf_subsystem,13,UT00,rf_subsystem,False,171.0,216.0,16.0,0.0,0.0,2,0,True,True,False,False,170.0,200.0,216.0,387.0,393.0,,,,,187.0,171.0,,,,16.0,100,0,7,494,1.0,0.9345794392523364,0.966183574879227,0.0,0.06542056074766354,98,0,9,494,1.0,0.9158878504672897,0.9560975609756098,0.0,0.08411214953271028,57,157,50,337,0.26635514018691586,0.5327102803738317,0.35514018691588783,0.31781376518218624,0.4672897196261682,ILLUSTRATIVE - not derived from operator financial data,900.0,900.0,0.0,0.0,False,False,1.0,11.0
leo_ntn,leo_rf_subsystem,14,UT00,rf_subsystem,False,152.0,253.0,78.0,0.0,0.0,19,0,True,True,False,False,170.0,175.0,253.0,405.0,411.0,,,,,230.0,152.0,,,,78.0,96,12,11,482,0.8888888888888888,0.897196261682243,0.8930232558139535,0.024291497975708502,0.102803738317757,89,0,18,494,1.0,0.8317757009345794,0.9081632653061225,0.0,0.16822429906542055,52,144,55,350,0.2653061224489796,0.48598130841121495,0.3432343234323433,0.291497975708502,0.514018691588785,ILLUSTRATIVE - not derived from operator financial data,900.0,900.0,0.0,0.0,False,False,1.0,11.0
leo_ntn,leo_rf_subsystem,15,UT00,rf_subsystem,False,260.0,252.0,34.0,0.0,0.0,9,0,True,True,False,False,170.0,218.0,252.0,512.0,518.0,,,,,294.0,260.0,,,,34.0,96,3,11,491,0.9696969696969697,0.897196261682243,0.9320388349514562,0.006072874493927126,0.102803738317757,90,0,17,494,1.0,0.8411214953271028,0.9137055837563453,0.0,0.1588785046728972,22,67,85,427,0.24719101123595505,0.205607476635514,0.22448979591836737,0.13562753036437247,0.794392523364486,ILLUSTRATIVE - not derived from operator financial data,900.0,900.0,0.0,0.0,False,False,1.0,11.0
leo_ntn,leo_rf_subsystem,1,UT00,rf_subsystem,False,248.0,219.0,46.0,14.0,0.0,13,0,True,True,False,False,170.0,173.0,175.0,423.0,429.0,345.0,,,,250.0,248.0,172.0,170.0,-78.0,2.0,105,4,2,490,0.963302752293578,0.9813084112149533,0.9722222222222222,0.008097165991902834,0.018691588785046728,95,1,12,493,0.9895833333333334,0.8878504672897196,0.9359605911330049,0.0020242914979757085,0.11214953271028037,47,131,60,363,0.2640449438202247,0.4392523364485981,0.32982456140350874,0.2651821862348178,0.5607476635514018,ILLUSTRATIVE - not derived from operator financial data,994.27,951.85,42.42,4.3,False,False,1.3,14.3
leo_ntn,leo_rf_subsystem,2,UT00,rf_subsystem,False,169.0,236.0,103.0,12.0,1.0,27,0,True,True,False,False,170.0,133.0,236.0,405.0,411.0,395.0,449.0,,,272.0,169.0,262.0,159.0,-10.0,103.0,100,19,7,475,0.8403361344537815,0.9345794392523364,0.8849557522123893,0.038461538461538464,0.06542056074766354,92,0,15,494,1.0,0.8598130841121495,0.9246231155778893,0.0,0.14018691588785046,52,144,55,350,0.2653061224489796,0.48598130841121495,0.3432343234323433,0.291497975708502,0.514018691588785,ILLUSTRATIVE - not derived from operator financial data,990.27,949.65,40.62,4.1,False,False,1.3,14.3
leo_ntn,leo_rf_subsystem,3,UT00,rf_subsystem,False,153.0,234.0,36.0,7.0,0.0,16,0,True,True,False,False,170.0,198.0,234.0,387.0,393.0,377.0,,,,189.0,153.0,179.0,143.0,-10.0,36.0,102,8,5,486,0.9272727272727272,0.9532710280373832,0.9400921658986175,0.016194331983805668,0.04672897196261682,94,0,13,494,1.0,0.8785046728971962,0.9353233830845772,0.0,0.12149532710280374,57,157,50,337,0.26635514018691586,0.5327102803738317,0.35514018691588783,0.31781376518218624,0.4672897196261682,ILLUSTRATIVE - not derived from operator financial data,947.13,925.92,21.21,2.2,False,False,1.3,14.3
leo_ntn,leo_rf_subsystem,4,UT00,rf_subsystem,False,171.0,216.0,59.0,15.0,0.0,23,1,True,True,False,False,170.0,157.0,216.0,387.0,393.0,327.0,,,,230.0,171.0,170.0,111.0,-60.0,59.0,101,21,6,473,0.8278688524590164,0.9439252336448598,0.8820960698689956,0.04251012145748988,0.056074766355140186,98,0,9,494,1.0,0.9158878504672897,0.9560975609756098,0.0,0.08411214953271028,57,157,50,337,0.26635514018691586,0.5327102803738317,0.35514018691588783,0.31781376518218624,0.4672897196261682,ILLUSTRATIVE - not derived from operator financial data,1001.0,955.55,45.45,4.5,False,False,1.3,14.3
leo_ntn,leo_rf_subsystem,5,UT00,rf_subsystem,False,187.0,218.0,35.0,6.0,0.0,8,0,True,True,False,False,170.0,183.0,218.0,405.0,411.0,413.0,,,,222.0,187.0,230.0,195.0,8.0,35.0,104,0,3,494,1.0,0.9719626168224299,0.985781990521327,0.0,0.028037383177570093,96,0,11,494,1.0,0.897196261682243,0.9458128078817734,0.0,0.102803738317757,52,144,55,350,0.2653061224489796,0.48598130841121495,0.3432343234323433,0.291497975708502,0.514018691588785,ILLUSTRATIVE - not derived from operator financial data,940.4,922.22,18.18,1.9,False,False,1.3,14.3
leo_ntn,leo_rf_subsystem,6,UT00,rf_subsystem,False,171.0,234.0,54.0,4.0,0.0,5,0,True,True,False,False,170.0,180.0,234.0,405.0,411.0,413.0,,,,225.0,171.0,233.0,179.0,8.0,54.0,99,0,8,494,1.0,0.9252336448598131,0.9611650485436893,0.0,0.07476635514018691,94,0,13,494,1.0,0.8785046728971962,0.9353233830845772,0.0,0.12149532710280374,52,144,55,350,0.2653061224489796,0.48598130841121495,0.3432343234323433,0.291497975708502,0.514018691588785,ILLUSTRATIVE - not derived from operator financial data,926.93,914.81,12.12,1.3,False,False,1.3,14.3
leo_ntn,leo_rf_subsystem,7,UT00,rf_subsystem,False,203.0,199.0,15.0,10.0,0.0,6,1,True,True,False,False,170.0,184.0,184.0,387.0,393.0,395.0,,,,203.0,203.0,211.0,211.0,8.0,0.0,103,5,4,489,0.9537037037037037,0.9626168224299065,0.958139534883721,0.010121457489878543,0.037383177570093455,101,0,6,494,1.0,0.9439252336448598,0.9711538461538461,0.0,0.056074766355140186,57,157,50,337,0.26635514018691586,0.5327102803738317,0.35514018691588783,0.31781376518218624,0.4672897196261682,ILLUSTRATIVE - not derived from operator financial data,967.33,937.03,30.3,3.1,False,False,1.3,14.3
leo_ntn,leo_rf_subsystem,8,UT00,rf_subsystem,False,169.0,218.0,18.0,9.0,0.0,4,0,True,True,False,False,170.0,200.0,218.0,387.0,393.0,413.0,,,,187.0,169.0,213.0,195.0,26.0,18.0,100,0,7,494,1.0,0.9345794392523364,0.966183574879227,0.0,0.06542056074766354,96,0,11,494,1.0,0.897196261682243,0.9458128078817734,0.0,0.102803738317757,57,157,50,337,0.26635514018691586,0.5327102803738317,0.35514018691588783,0.31781376518218624,0.4672897196261682,ILLUSTRATIVE - not derived from operator financial data,960.6,933.33,27.27,2.8,False,False,1.3,14.3
leo_ntn,leo_rf_subsystem,9,UT00,rf_subsystem,False,171.0,216.0,16.0,8.0,0.0,2,0,True,True,False,False,170.0,200.0,216.0,387.0,393.0,395.0,,,,187.0,171.0,195.0,179.0,8.0,16.0,100,0,7,494,1.0,0.9345794392523364,0.966183574879227,0.0,0.06542056074766354,98,0,9,494,1.0,0.9158878504672897,0.9560975609756098,0.0,0.08411214953271028,57,157,50,337,0.26635514018691586,0.5327102803738317,0.35514018691588783,0.31781376518218624,0.4672897196261682,ILLUSTRATIVE - not derived from operator financial data,953.87,929.63,24.24,2.5,False,False,1.3,14.3
leo_ntn,leo_rf_subsystem,10,UT00,rf_subsystem,False,171.0,216.0,16.0,10.0,0.0,2,0,True,True,False,False,170.0,200.0,216.0,387.0,393.0,377.0,,,,187.0,171.0,177.0,161.0,-10.0,16.0,100,0,7,494,1.0,0.9345794392523364,0.966183574879227,0.0,0.06542056074766354,98,0,9,494,1.0,0.9158878504672897,0.9560975609756098,0.0,0.08411214953271028,57,157,50,337,0.26635514018691586,0.5327102803738317,0.35514018691588783,0.31781376518218624,0.4672897196261682,ILLUSTRATIVE - not derived from operator financial data,967.33,937.03,30.3,3.1,False,False,1.3,14.3
leo_ntn,leo_rf_subsystem,11,UT00,rf_subsystem,False,207.0,216.0,16.0,6.0,0.0,2,0,True,True,False,False,170.0,200.0,216.0,423.0,429.0,363.0,,,,223.0,207.0,163.0,147.0,-60.0,16.0,100,0,7,494,1.0,0.9345794392523364,0.966183574879227,0.0,0.06542056074766354,98,0,9,494,1.0,0.9158878504672897,0.9560975609756098,0.0,0.08411214953271028,47,131,60,363,0.2640449438202247,0.4392523364485981,0.32982456140350874,0.2651821862348178,0.5607476635514018,ILLUSTRATIVE - not derived from operator financial data,940.4,922.22,18.18,1.9,False,False,1.3,14.3
leo_ntn,leo_rf_subsystem,12,UT00,rf_subsystem,False,171.0,216.0,16.0,10.0,0.0,2,0,True,True,False,False,170.0,200.0,216.0,387.0,393.0,309.0,,,,187.0,171.0,109.0,93.0,-78.0,16.0,100,0,7,494,1.0,0.9345794392523364,0.966183574879227,0.0,0.06542056074766354,98,0,9,494,1.0,0.9158878504672897,0.9560975609756098,0.0,0.08411214953271028,57,157,50,337,0.26635514018691586,0.5327102803738317,0.35514018691588783,0.31781376518218624,0.4672897196261682,ILLUSTRATIVE - not derived from operator financial data,967.33,937.03,30.3,3.1,False,False,1.3,14.3
leo_ntn,leo_rf_subsystem,13,UT00,rf_subsystem,False,171.0,216.0,16.0,7.0,0.0,2,0,True,True,False,False,170.0,200.0,216.0,387.0,393.0,291.0,,,,187.0,171.0,91.0,75.0,-96.0,16.0,100,0,7,494,1.0,0.9345794392523364,0.966183574879227,0.0,0.06542056074766354,98,0,9,494,1.0,0.9158878504672897,0.9560975609756098,0.0,0.08411214953271028,57,157,50,337,0.26635514018691586,0.5327102803738317,0.35514018691588783,0.31781376518218624,0.4672897196261682,ILLUSTRATIVE - not derived from operator financial data,947.13,925.92,21.21,2.2,False,False,1.3,14.3
leo_ntn,leo_rf_subsystem,14,UT00,rf_subsystem,False,152.0,235.0,60.0,6.0,0.0,16,0,True,True,False,False,170.0,175.0,235.0,387.0,393.0,395.0,,,,212.0,152.0,220.0,160.0,8.0,60.0,97,12,10,482,0.8899082568807339,0.9065420560747663,0.8981481481481481,0.024291497975708502,0.09345794392523364,93,0,14,494,1.0,0.8691588785046729,0.9299999999999999,0.0,0.1308411214953271,57,157,50,337,0.26635514018691586,0.5327102803738317,0.35514018691588783,0.31781376518218624,0.4672897196261682,ILLUSTRATIVE - not derived from operator financial data,940.4,922.22,18.18,1.9,False,False,1.3,14.3
leo_ntn,leo_rf_subsystem,15,UT00,rf_subsystem,False,152.0,235.0,36.0,7.0,0.0,11,0,True,True,False,False,170.0,199.0,235.0,387.0,393.0,413.0,,,,188.0,152.0,214.0,178.0,26.0,36.0,101,3,6,491,0.9711538461538461,0.9439252336448598,0.957345971563981,0.006072874493927126,0.056074766355140186,93,0,14,494,1.0,0.8691588785046729,0.9299999999999999,0.0,0.1308411214953271,57,157,50,337,0.26635514018691586,0.5327102803738317,0.35514018691588783,0.31781376518218624,0.4672897196261682,ILLUSTRATIVE - not derived from operator financial data,947.13,925.92,21.21,2.2,False,False,1.3,14.3
leo_ntn,leo_rf_subsystem,1,UT00,rf_subsystem,False,131.0,200.0,27.0,40.0,22.0,8,0,True,True,False,False,170.0,173.0,175.0,306.0,312.0,252.0,306.0,,,133.0,131.0,79.0,77.0,-54.0,2.0,105,4,2,490,0.963302752293578,0.9813084112149533,0.9722222222222222,0.008097165991902834,0.018691588785046728,100,1,7,493,0.9900990099009901,0.9345794392523364,0.9615384615384615,0.0020242914979757085,0.06542056074766354,78,217,29,277,0.26440677966101694,0.7289719626168224,0.3880597014925373,0.4392712550607287,0.27102803738317754,ILLUSTRATIVE - not derived from operator financial data,1377.6,1162.68,214.92,15.6,False,False,1.7,18.7
leo_ntn,leo_rf_subsystem,2,UT00,rf_subsystem,False,93.0,234.0,101.0,41.0,22.0,27,0,True,True,False,False,170.0,133.0,234.0,327.0,333.0,252.0,327.0,,,194.0,93.0,119.0,18.0,-75.0,101.0,102,19,5,475,0.8429752066115702,0.9532710280373832,0.8947368421052632,0.038461538461538464,0.04672897196261682,94,0,13,494,1.0,0.8785046728971962,0.9353233830845772,0.0,0.12149532710280374,71,203,36,291,0.2591240875912409,0.6635514018691588,0.37270341207349084,0.4109311740890688,0.3364485981308411,ILLUSTRATIVE - not derived from operator financial data,1384.33,1166.38,217.95,15.7,False,False,1.7,18.7
leo_ntn,leo_rf_subsystem,3,UT00,rf_subsystem,False,57.0,234.0,36.0,42.0,20.0,16,0,True,True,False,False,170.0,198.0,234.0,291.0,297.0,252.0,291.0,,,93.0,57.0,54.0,18.0,-39.0,36.0,102,8,5,486,0.9272727272727272,0.9532710280373832,0.9400921658986175,0.016194331983805668,0.04672897196261682,94,0,13,494,1.0,0.8785046728971962,0.9353233830845772,0.0,0.12149532710280374,79,231,28,263,0.25483870967741934,0.7383177570093458,0.3788968824940047,0.4676113360323887,0.2616822429906542,ILLUSTRATIVE - not derived from operator financial data,1372.13,1183.31,188.82,13.8,False,False,1.7,18.7
leo_ntn,leo_rf_subsystem,4,UT00,rf_subsystem,False,54.0,216.0,59.0,41.0,24.0,24,1,True,True,False,False,170.0,157.0,216.0,270.0,276.0,252.0,270.0,,,113.0,54.0,95.0,36.0,-18.0,59.0,102,21,5,473,0.8292682926829268,0.9532710280373832,0.8869565217391304,0.04251012145748988,0.04672897196261682,98,0,9,494,1.0,0.9158878504672897,0.9560975609756098,0.0,0.08411214953271028,86,245,21,249,0.2598187311178248,0.8037383177570093,0.3926940639269406,0.4959514170040486,0.19626168224299065,ILLUSTRATIVE - not derived from operator financial data,1403.27,1202.85,200.42,14.3,False,False,1.7,18.7
leo_ntn,leo_rf_subsystem,5,UT00,rf_subsystem,False,129.0,216.0,34.0,40.0,15.0,7,0,True,True,False,False,170.0,182.0,216.0,345.0,351.0,252.0,345.0,,,163.0,129.0,70.0,36.0,-93.0,34.0,105,0,2,494,1.0,0.9813084112149533,0.9905660377358491,0.0,0.018691588785046728,98,0,9,494,1.0,0.9158878504672897,0.9560975609756098,0.0,0.08411214953271028,67,189,40,305,0.26171875,0.6261682242990654,0.36914600550964183,0.3825910931174089,0.37383177570093457,ILLUSTRATIVE - not derived from operator financial data,1311.33,1126.23,185.1,14.1,False,False,1.7,18.7
leo_ntn,leo_rf_subsystem,6,UT00,rf_subsystem,False,88.0,218.0,38.0,38.0,12.0,11,0,True,True,False,False,170.0,180.0,218.0,306.0,312.0,252.0,306.0,,,126.0,88.0,72.0,34.0,-54.0,38.0,107,0,0,494,1.0,1.0,1.0,0.0,0.0,96,0,11,494,1.0,0.897196261682243,0.9458128078817734,0.0,0.102803738317757,78,217,29,277,0.26440677966101694,0.7289719626168224,0.3880597014925373,0.4392712550607287,0.27102803738317754,ILLUSTRATIVE - not derived from operator financial data,1269.47,1103.21,166.26,13.1,False,False,1.7,18.7
leo_ntn,leo_rf_subsystem,7,UT00,rf_subsystem,False,71.0,199.0,15.0,42.0,17.0,7,0,True,True,False,False,170.0,184.0,199.0,270.0,276.0,255.0,270.0,,,86.0,71.0,71.0,56.0,-15.0,15.0,103,5,4,489,0.9537037037037037,0.9626168224299065,0.958139534883721,0.010121457489878543,0.037383177570093455,101,0,6,494,1.0,0.9439252336448598,0.9711538461538461,0.0,0.056074766355140186,86,245,21,249,0.2598187311178248,0.8037383177570093,0.3926940639269406,0.4959514170040486,0.19626168224299065,ILLUSTRATIVE - not derived from operator financial data,1343.73,1144.05,199.68,14.9,False,False,1.7,18.7
leo_ntn,leo_rf_subsystem,8,UT00,rf_subsystem,False,72.0,216.0,34.0,40.0,20.0,4,0,True,True,False,False,170.0,182.0,216.0,288.0,294.0,252.0,288.0,,,106.0,72.0,70.0,36.0,-36.0,34.0,102,0,5,494,1.0,0.9532710280373832,0.9760765550239235,0.0,0.04672897196261682,98,0,9,494,1.0,0.9158878504672897,0.9560975609756098,0.0,0.08411214953271028,82,231,25,263,0.26198083067092653,0.7663551401869159,0.3904761904761905,0.4676113360323887,0.2336448598130841,ILLUSTRATIVE - not derived from operator financial data,1358.67,1152.27,206.4,15.2,False,False,1.7,18.7
leo_ntn,leo_rf_subsystem,9,UT00,rf_subsystem,False,72.0,216.0,16.0,40.0,21.0,2,0,True,True,False,False,170.0,200.0,216.0,288.0,294.0,252.0,288.0,,,88.0,72.0,52.0,36.0,-36.0,16.0,100,0,7,494,1.0,0.9345794392523364,0.966183574879227,0.0,0.06542056074766354,98,0,9,494,1.0,0.9158878504672897,0.9560975609756098,0.0,0.08411214953271028,82,231,25,263,0.26198083067092653,0.7663551401869159,0.3904761904761905,0.4676113360323887,0.2336448598130841,ILLUSTRATIVE - not derived from operator financial data,1368.13,1157.47,210.66,15.4,False,False,1.7,18.7
leo_ntn,leo_rf_subsystem,10,UT00,rf_subsystem,False,75.0,216.0,16.0,37.0,21.0,2,0,True,True,False,False,170.0,200.0,216.0,291.0,297.0,255.0,291.0,,,91.0,75.0,55.0,39.0,-36.0,16.0,100,0,7,494,1.0,0.9345794392523364,0.966183574879227,0.0,0.06542056074766354,98,0,9,494,1.0,0.9158878504672897,0.9560975609756098,0.0,0.08411214953271028,79,231,28,263,0.25483870967741934,0.7383177570093458,0.3788968824940047,0.4676113360323887,0.2616822429906542,ILLUSTRATIVE - not derived from operator financial data,1347.93,1146.36,201.57,15.0,False,False,1.7,18.7
leo_ntn,leo_rf_subsystem,11,UT00,rf_subsystem,False,93.0,216.0,16.0,39.0,14.0,2,0,True,True,False,False,170.0,200.0,216.0,309.0,315.0,252.0,309.0,,,109.0,93.0,52.0,36.0,-57.0,16.0,100,0,7,494,1.0,0.9345794392523364,0.966183574879227,0.0,0.06542056074766354,98,0,9,494,1.0,0.9158878504672897,0.9560975609756098,0.0,0.08411214953271028,75,217,32,277,0.2568493150684932,0.7009345794392523,0.37593984962406013,0.4392712550607287,0.29906542056074764,ILLUSTRATIVE - not derived from operator financial data,1295.13,1117.32,177.81,13.7,False,False,1.7,18.7
leo_ntn,leo_rf_subsystem,12,UT00,rf_subsystem,False,90.0,216.0,34.0,34.0,21.0,4,0,True,True,False,False,170.0,182.0,216.0,306.0,312.0,255.0,306.0,,,124.0,90.0,73.0,39.0,-51.0,34.0,102,0,5,494,1.0,0.9532710280373832,0.9760765550239235,0.0,0.04672897196261682,98,0,9,494,1.0,0.9158878504672897,0.9560975609756098,0.0,0.08411214953271028,78,217,29,277,0.26440677966101694,0.7289719626168224,0.3880597014925373,0.4392712550607287,0.27102803738317754,ILLUSTRATIVE - not derived from operator financial data,1327.73,1135.25,192.48,14.5,False,False,1.7,18.7
leo_ntn,leo_rf_subsystem,13,UT00,rf_subsystem,False,88.0,200.0,2.0,34.0,20.0,2,0,True,True,False,False,170.0,198.0,200.0,288.0,294.0,252.0,288.0,,,90.0,88.0,54.0,52.0,-36.0,2.0,102,0,5,494,1.0,0.9532710280373832,0.9760765550239235,0.0,0.04672897196261682,100,0,7,494,1.0,0.9345794392523364,0.966183574879227,0.0,0.06542056074766354,82,231,25,263,0.26198083067092653,0.7663551401869159,0.3904761904761905,0.4676113360323887,0.2336448598130841,ILLUSTRATIVE - not derived from operator financial data,1318.27,1130.05,188.22,14.3,False,False,1.7,18.7
leo_ntn,leo_rf_subsystem,14,UT00,rf_subsystem,False,36.0,234.0,59.0,41.0,20.0,18,0,True,True,False,False,170.0,175.0,234.0,270.0,276.0,252.0,270.0,,,95.0,36.0,77.0,18.0,-18.0,59.0,100,12,7,482,0.8928571428571429,0.9345794392523364,0.91324200913242,0.024291497975708502,0.06542056074766354,94,0,13,494,1.0,0.8785046728971962,0.9353233830845772,0.0,0.12149532710280374,86,245,21,249,0.2598187311178248,0.8037383177570093,0.3926940639269406,0.4959514170040486,0.19626168224299065,ILLUSTRATIVE - not derived from operator financial data,1365.4,1214.75,150.65,11.0,False,False,1.7,18.7
leo_ntn,leo_rf_subsystem,15,UT00,rf_subsystem,False,36.0,234.0,50.0,34.0,20.0,12,0,True,True,False,False,170.0,184.0,234.0,270.0,276.0,270.0,270.0,,,86.0,36.0,86.0,36.0,0.0,50.0,103,3,4,491,0.9716981132075472,0.9626168224299065,0.9671361502347416,0.006072874493927126,0.037383177570093455,94,0,13,494,1.0,0.8785046728971962,0.9353233830845772,0.0,0.12149532710280374,86,245,21,249,0.2598187311178248,0.8037383177570093,0.3926940639269406,0.4959514170040486,0.19626168224299065,ILLUSTRATIVE - not derived from operator financial data,1318.27,1167.62,150.65,11.4,False,False,1.7,18.7
leo_ntn,leo_rf_subsystem,1,UT00,rf_subsystem,False,62.0,200.0,27.0,2.0,90.0,8,0,True,True,False,False,170.0,173.0,175.0,237.0,243.0,234.0,237.0,,,64.0,62.0,61.0,59.0,-3.0,2.0,105,4,2,490,0.963302752293578,0.9813084112149533,0.9722222222222222,0.008097165991902834,0.018691588785046728,100,1,7,493,0.9900990099009901,0.9345794392523364,0.9615384615384615,0.0020242914979757085,0.06542056074766354,91,273,16,221,0.25,0.8504672897196262,0.386411889596603,0.5526315789473685,0.14953271028037382,ILLUSTRATIVE - not derived from operator financial data,1765.47,1600.93,164.54,9.3,False,False,2.2,24.200000000000003
leo_ntn,leo_rf_subsystem,2,UT00,rf_subsystem,False,17.0,217.0,84.0,1.0,92.0,26,0,True,True,False,False,170.0,133.0,217.0,234.0,240.0,234.0,234.0,,,101.0,17.0,101.0,17.0,0.0,84.0,104,19,3,475,0.8455284552845529,0.9719626168224299,0.9043478260869565,0.038461538461538464,0.028037383177570093,97,0,10,494,1.0,0.9065420560747663,0.9509803921568627,0.0,0.09345794392523364,94,273,13,221,0.2561307901907357,0.8785046728971962,0.3966244725738397,0.5526315789473685,0.12149532710280374,ILLUSTRATIVE - not derived from operator financial data,1777.67,1731.18,46.49,2.6,False,False,2.2,24.200000000000003
leo_ntn,leo_rf_subsystem,3,UT00,rf_subsystem,False,36.0,216.0,33.0,3.0,89.0,14,0,True,True,False,False,170.0,183.0,216.0,252.0,258.0,234.0,252.0,,,69.0,36.0,51.0,18.0,-18.0,33.0,104,8,3,486,0.9285714285714286,0.9719626168224299,0.949771689497717,0.016194331983805668,0.028037383177570093,98,0,9,494,1.0,0.9158878504672897,0.9560975609756098,0.0,0.08411214953271028,90,259,17,235,0.25787965616045844,0.8411214953271028,0.3947368421052631,0.5242914979757085,0.1588785046728972,ILLUSTRATIVE - not derived from operator financial data,1762.73,1661.63,101.1,5.7,False,False,2.2,24.200000000000003
leo_ntn,leo_rf_subsystem,4,UT00,rf_subsystem,False,36.0,216.0,59.0,3.0,87.0,29,1,True,True,False,False,170.0,157.0,216.0,252.0,258.0,252.0,252.0,,,95.0,36.0,95.0,36.0,0.0,59.0,107,21,0,473,0.8359375,1.0,0.9106382978723404,0.04251012145748988,0.0,98,0,9,494,1.0,0.9158878504672897,0.9560975609756098,0.0,0.08411214953271028,90,259,17,235,0.25787965616045844,0.8411214953271028,0.3947368421052631,0.5242914979757085,0.1588785046728972,ILLUSTRATIVE - not derived from operator financial data,1743.8,1642.69,101.11,5.8,False,False,2.2,24.200000000000003
leo_ntn,leo_rf_subsystem,5,UT00,rf_subsystem,False,36.0,216.0,34.0,4.0,89.0,7,0,True,True,False,False,170.0,182.0,216.0,252.0,258.0,234.0,252.0,,,70.0,36.0,52.0,18.0,-18.0,34.0,105,0,2,494,1.0,0.9813084112149533,0.9905660377358491,0.0,0.018691588785046728,98,0,9,494,1.0,0.9158878504672897,0.9560975609756098,0.0,0.08411214953271028,90,259,17,235,0.25787965616045844,0.8411214953271028,0.3947368421052631,0.5242914979757085,0.1588785046728972,ILLUSTRATIVE - not derived from operator financial data,1769.47,1665.33,104.14,5.9,False,False,2.2,24.200000000000003
leo_ntn,leo_rf_subsystem,6,UT00,rf_subsystem,False,70.0,182.0,2.0,5.0,87.0,2,0,True,True,False,False,170.0,180.0,182.0,252.0,258.0,234.0,252.0,,,72.0,70.0,54.0,52.0,-18.0,2.0,107,0,0,494,1.0,1.0,1.0,0.0,0.0,105,0,2,494,1.0,0.9813084112149533,0.9905660377358491,0.0,0.018691588785046728,90,259,17,235,0.25787965616045844,0.8411214953271028,0.3947368421052631,0.5242914979757085,0.1588785046728972,ILLUSTRATIVE - not derived from operator financial data,1757.27,1563.2,194.07,11.0,False,False,2.2,24.200000000000003
leo_ntn,leo_rf_subsystem,7,UT00,rf_subsystem,False,53.0,199.0,16.0,4.0,88.0,8,0,True,True,False,False,170.0,183.0,199.0,252.0,258.0,234.0,252.0,,,69.0,53.0,51.0,35.0,-18.0,16.0,104,5,3,489,0.9541284403669725,0.9719626168224299,0.962962962962963,0.010121457489878543,0.028037383177570093,101,0,6,494,1.0,0.9439252336448598,0.9711538461538461,0.0,0.056074766355140186,90,259,17,235,0.25787965616045844,0.8411214953271028,0.3947368421052631,0.5242914979757085,0.1588785046728972,ILLUSTRATIVE - not derived from operator financial data,1760.0,1612.41,147.59,8.4,False,False,2.2,24.200000000000003
leo_ntn,leo_rf_subsystem,8,UT00,rf_subsystem,False,36.0,216.0,34.0,6.0,86.0,7,0,True,True,False,False,170.0,182.0,216.0,252.0,258.0,234.0,252.0,,,70.0,36.0,52.0,18.0,-18.0,34.0,105,0,2,494,1.0,0.9813084112149533,0.9905660377358491,0.0,0.018691588785046728,98,0,9,494,1.0,0.9158878504672897,0.9560975609756098,0.0,0.08411214953271028,90,259,17,235,0.25787965616045844,0.8411214953271028,0.3947368421052631,0.5242914979757085,0.1588785046728972,ILLUSTRATIVE - not derived from operator financial data,1754.53,1644.34,110.19,6.3,False,False,2.2,24.200000000000003
leo_ntn,leo_rf_subsystem,9,UT00,rf_subsystem,False,36.0,216.0,33.0,4.0,88.0,3,0,True,True,False,False,170.0,183.0,216.0,252.0,258.0,234.0,252.0,,,69.0,36.0,51.0,18.0,-18.0,33.0,101,0,6,494,1.0,0.9439252336448598,0.9711538461538461,0.0,0.056074766355140186,98,0,9,494,1.0,0.9158878504672897,0.9560975609756098,0.0,0.08411214953271028,90,259,17,235,0.25787965616045844,0.8411214953271028,0.3947368421052631,0.5242914979757085,0.1588785046728972,ILLUSTRATIVE - not derived from operator financial data,1760.0,1655.86,104.14,5.9,False,False,2.2,24.200000000000003
leo_ntn,leo_rf_subsystem,10,UT00,rf_subsystem,False,36.0,216.0,16.0,4.0,88.0,2,0,True,True,False,False,170.0,200.0,216.0,252.0,258.0,234.0,252.0,,,52.0,36.0,34.0,18.0,-18.0,16.0,100,0,7,494,1.0,0.9345794392523364,0.966183574879227,0.0,0.06542056074766354,98,0,9,494,1.0,0.9158878504672897,0.9560975609756098,0.0,0.08411214953271028,90,259,17,235,0.25787965616045844,0.8411214953271028,0.3947368421052631,0.5242914979757085,0.1588785046728972,ILLUSTRATIVE - not derived from operator financial data,1760.0,1655.86,104.14,5.9,False,False,2.2,24.200000000000003
leo_ntn,leo_rf_subsystem,11,UT00,rf_subsystem,False,54.0,201.0,21.0,3.0,89.0,2,0,True,True,False,False,170.0,180.0,180.0,234.0,240.0,234.0,234.0,,,54.0,54.0,54.0,54.0,0.0,0.0,102,0,5,494,1.0,0.9532710280373832,0.9760765550239235,0.0,0.04672897196261682,100,0,7,494,1.0,0.9345794392523364,0.966183574879227,0.0,0.06542056074766354,94,273,13,221,0.2561307901907357,0.8785046728971962,0.3966244725738397,0.5526315789473685,0.12149532710280374,ILLUSTRATIVE - not derived from operator financial data,1762.73,1615.62,147.11,8.3,False,False,2.2,24.200000000000003
leo_ntn,leo_rf_subsystem,12,UT00,rf_subsystem,False,36.0,216.0,34.0,7.0,85.0,4,0,True,True,False,False,170.0,182.0,216.0,252.0,258.0,234.0,252.0,,,70.0,36.0,52.0,18.0,-18.0,34.0,102,0,5,494,1.0,0.9532710280373832,0.9760765550239235,0.0,0.04672897196261682,98,0,9,494,1.0,0.9158878504672897,0.9560975609756098,0.0,0.08411214953271028,90,259,17,235,0.25787965616045844,0.8411214953271028,0.3947368421052631,0.5242914979757085,0.1588785046728972,ILLUSTRATIVE - not derived from operator financial data,1751.8,1638.57,113.23,6.5,False,False,2.2,24.200000000000003
leo_ntn,leo_rf_subsystem,13,UT00,rf_subsystem,False,68.0,198.0,15.0,4.0,88.0,1,1,True,True,False,False,170.0,183.0,184.0,252.0,258.0,234.0,252.0,,,69.0,68.0,51.0,50.0,-18.0,1.0,104,0,3,494,1.0,0.9719626168224299,0.985781990521327,0.0,0.028037383177570093,102,0,5,494,1.0,0.9532710280373832,0.9760765550239235,0.0,0.04672897196261682,90,259,17,235,0.25787965616045844,0.8411214953271028,0.3947368421052631,0.5242914979757085,0.1588785046728972,ILLUSTRATIVE - not derived from operator financial data,1760.0,1574.07,185.93,10.6,False,False,2.2,24.200000000000003
leo_ntn,leo_rf_subsystem,14,UT00,rf_subsystem,False,36.0,216.0,41.0,1.0,89.0,14,0,True,True,False,False,170.0,175.0,216.0,252.0,258.0,252.0,252.0,,,77.0,36.0,77.0,36.0,0.0,41.0,100,12,7,482,0.8928571428571429,0.9345794392523364,0.91324200913242,0.024291497975708502,0.06542056074766354,98,0,9,494,1.0,0.9158878504672897,0.9560975609756098,0.0,0.08411214953271028,90,259,17,235,0.25787965616045844,0.8411214953271028,0.3947368421052631,0.5242914979757085,0.1588785046728972,ILLUSTRATIVE - not derived from operator financial data,1749.27,1654.22,95.05,5.4,False,False,2.2,24.200000000000003
leo_ntn,leo_rf_subsystem,15,UT00,rf_subsystem,False,51.0,201.0,19.0,4.0,87.0,9,0,True,True,False,False,170.0,182.0,201.0,252.0,258.0,237.0,252.0,,,70.0,51.0,55.0,36.0,-15.0,19.0,105,3,2,491,0.9722222222222222,0.9813084112149533,0.9767441860465117,0.006072874493927126,0.018691588785046728,99,0,8,494,1.0,0.9252336448598131,0.9611650485436893,0.0,0.07476635514018691,90,259,17,235,0.25787965616045844,0.8411214953271028,0.3947368421052631,0.5242914979757085,0.1588785046728972,ILLUSTRATIVE - not derived from operator financial data,1750.53,1608.06,142.47,8.1,False,False,2.2,24.200000000000003
leo_ntn,leo_pointing,1,UT00,pointing_attitude,False,,,,0.0,0.0,3,0,False,True,False,False,175.0,173.0,175.0,,,,,,,,,,,,2.0,0,4,107,490,0.0,0.0,,0.008097165991902834,1.0,0,1,107,493,0.0,0.0,,0.0020242914979757085,1.0,0,0,107,494,,0.0,,0.0,1.0,ILLUSTRATIVE - not derived from operator financial data,0.0,900.0,-900.0,,False,False,0.4,0.42000000000000004
leo_ntn,leo_pointing,2,UT00,pointing_attitude,False,,450.0,317.0,0.0,0.0,19,0,False,True,False,False,175.0,133.0,450.0,,,,,,,,,,,,317.0,1,19,106,475,0.05,0.009345794392523364,0.01574803149606299,0.038461538461538464,0.9906542056074766,1,0,106,494,1.0,0.009345794392523364,0.018518518518518517,0.0,0.9906542056074766,0,0,107,494,,0.0,,0.0,1.0,ILLUSTRATIVE - not derived from operator financial data,0.0,900.0,-900.0,,False,False,0.4,0.42000000000000004
leo_ntn,leo_pointing,3,UT00,pointing_attitude,False,,,,0.0,0.0,8,0,False,False,False,False,175.0,212.0,,,,,,,,,,,,,,0,8,107,486,0.0,0.0,,0.016194331983805668,1.0,0,0,107,494,,0.0,,0.0,1.0,0,0,107,494,,0.0,,0.0,1.0,ILLUSTRATIVE - not derived from operator financial data,0.0,0.0,0.0,,False,False,0.4,0.42000000000000004
leo_ntn,leo_pointing,4,UT00,pointing_attitude,False,,379.0,222.0,0.0,0.0,20,1,False,True,False,False,175.0,157.0,233.0,,,,,,,,,,,,76.0,1,21,106,473,0.045454545454545456,0.009345794392523364,0.015503875968992246,0.04251012145748988,0.9906542056074766,1,0,106,494,1.0,0.009345794392523364,0.018518518518518517,0.0,0.9906542056074766,0,0,107,494,,0.0,,0.0,1.0,ILLUSTRATIVE - not derived from operator financial data,0.0,900.0,-900.0,,False,False,0.4,0.42000000000000004
leo_ntn,leo_pointing,5,UT00,pointing_attitude,False,,234.0,0.0,0.0,0.0,0,0,False,True,False,False,175.0,234.0,234.0,,,,,,,,,,,,0.0,11,0,96,494,1.0,0.102803738317757,0.1864406779661017,0.0,0.897196261682243,11,0,96,494,1.0,0.102803738317757,0.1864406779661017,0.0,0.897196261682243,0,0,107,494,,0.0,,0.0,1.0,ILLUSTRATIVE - not derived from operator financial data,0.0,900.0,-900.0,,False,False,0.4,0.42000000000000004
leo_ntn,leo_pointing,6,UT00,pointing_attitude,False,,,,0.0,0.0,0,0,False,False,False,False,175.0,,,,,,,,,,,,,,,0,0,107,494,,0.0,,0.0,1.0,0,0,107,494,,0.0,,0.0,1.0,0,0,107,494,,0.0,,0.0,1.0,ILLUSTRATIVE - not derived from operator financial data,0.0,0.0,0.0,,False,False,0.4,0.42000000000000004
leo_ntn,leo_pointing,7,UT00,pointing_attitude,False,,218.0,0.0,0.0,0.0,5,0,False,True,False,False,175.0,218.0,218.0,,,,,,,,,,,,0.0,12,5,95,489,0.7058823529411765,0.11214953271028037,0.1935483870967742,0.010121457489878543,0.8878504672897196,12,0,95,494,1.0,0.11214953271028037,0.20168067226890757,0.0,0.8878504672897196,0,0,107,494,,0.0,,0.0,1.0,ILLUSTRATIVE - not derived from operator financial data,0.0,900.0,-900.0,,False,False,0.4,0.42000000000000004
leo_ntn,leo_pointing,8,UT00,pointing_attitude,False,,272.0,0.0,0.0,0.0,1,0,False,True,False,False,175.0,272.0,272.0,,,,,,,,,,,,0.0,31,0,76,494,1.0,0.2897196261682243,0.4492753623188406,0.0,0.7102803738317757,30,0,77,494,1.0,0.2803738317757009,0.437956204379562,0.0,0.719626168224299,0,0,107,494,,0.0,,0.0,1.0,ILLUSTRATIVE - not derived from operator financial data,0.0,900.0,-900.0,,False,False,0.4,0.42000000000000004
leo_ntn,leo_pointing,9,UT00,pointing_attitude,False,,,,0.0,0.0,0,0,False,False,False,False,175.0,,,,,,,,,,,,,,,0,0,107,494,,0.0,,0.0,1.0,0,0,107,494,,0.0,,0.0,1.0,0,0,107,494,,0.0,,0.0,1.0,ILLUSTRATIVE - not derived from operator financial data,0.0,0.0,0.0,,False,False,0.4,0.42000000000000004
leo_ntn,leo_pointing,10,UT00,pointing_attitude,False,,,,0.0,0.0,0,0,False,False,False,False,175.0,,,,,,,,,,,,,,,0,0,107,494,,0.0,,0.0,1.0,0,0,107,494,,0.0,,0.0,1.0,0,0,107,494,,0.0,,0.0,1.0,ILLUSTRATIVE - not derived from operator financial data,0.0,0.0,0.0,,False,False,0.4,0.42000000000000004
leo_ntn,leo_pointing,11,UT00,pointing_attitude,False,,486.0,0.0,0.0,0.0,0,0,False,True,False,False,175.0,486.0,486.0,,,,,,,,,,,,0.0,1,0,106,494,1.0,0.009345794392523364,0.018518518518518517,0.0,0.9906542056074766,1,0,106,494,1.0,0.009345794392523364,0.018518518518518517,0.0,0.9906542056074766,0,0,107,494,,0.0,,0.0,1.0,ILLUSTRATIVE - not derived from operator financial data,0.0,900.0,-900.0,,False,False,0.4,0.42000000000000004
leo_ntn,leo_pointing,12,UT00,pointing_attitude,False,,308.0,0.0,0.0,0.0,0,0,False,True,False,False,175.0,308.0,308.0,,,,,,,,,,,,0.0,4,0,103,494,1.0,0.037383177570093455,0.07207207207207207,0.0,0.9626168224299065,4,0,103,494,1.0,0.037383177570093455,0.07207207207207207,0.0,0.9626168224299065,0,0,107,494,,0.0,,0.0,1.0,ILLUSTRATIVE - not derived from operator financial data,0.0,900.0,-900.0,,False,False,0.4,0.42000000000000004
leo_ntn,leo_pointing,13,UT00,pointing_attitude,False,,,,0.0,0.0,0,0,False,False,False,False,175.0,,,,,,,,,,,,,,,0,0,107,494,,0.0,,0.0,1.0,0,0,107,494,,0.0,,0.0,1.0,0,0,107,494,,0.0,,0.0,1.0,ILLUSTRATIVE - not derived from operator financial data,0.0,0.0,0.0,,False,False,0.4,0.42000000000000004
leo_ntn,leo_pointing,14,UT00,pointing_attitude,False,,,,0.0,0.0,12,0,False,False,False,False,175.0,175.0,,,,,,,,,,,,,,0,12,107,482,0.0,0.0,,0.024291497975708502,1.0,0,0,107,494,,0.0,,0.0,1.0,0,0,107,494,,0.0,,0.0,1.0,ILLUSTRATIVE - not derived from operator financial data,0.0,0.0,0.0,,False,False,0.4,0.42000000000000004
leo_ntn,leo_pointing,15,UT00,pointing_attitude,False,,,,0.0,0.0,3,0,False,False,False,False,175.0,581.0,,,,,,,,,,,,,,0,3,107,491,0.0,0.0,,0.006072874493927126,1.0,0,0,107,494,,0.0,,0.0,1.0,0,0,107,494,,0.0,,0.0,1.0,ILLUSTRATIVE - not derived from operator financial data,0.0,0.0,0.0,,False,False,0.4,0.42000000000000004
leo_ntn,leo_pointing,1,UT00,pointing_attitude,False,,308.0,135.0,0.0,0.0,3,0,False,True,False,False,175.0,173.0,175.0,,,,,,,,,,,,2.0,22,4,85,490,0.8461538461538461,0.205607476635514,0.33082706766917297,0.008097165991902834,0.794392523364486,22,1,85,493,0.9565217391304348,0.205607476635514,0.3384615384615385,0.0020242914979757085,0.794392523364486,0,0,107,494,,0.0,,0.0,1.0,ILLUSTRATIVE - not derived from operator financial data,0.0,900.0,-900.0,,False,False,0.6,0.63
leo_ntn,leo_pointing,2,UT00,pointing_attitude,False,,236.0,103.0,0.0,0.0,25,0,False,True,False,False,175.0,133.0,236.0,,,,,,,,,,,,103.0,33,19,74,475,0.6346153846153846,0.308411214953271,0.41509433962264153,0.038461538461538464,0.6915887850467289,27,0,80,494,1.0,0.2523364485981308,0.40298507462686567,0.0,0.7476635514018691,0,0,107,494,,0.0,,0.0,1.0,ILLUSTRATIVE - not derived from operator financial data,0.0,900.0,-900.0,,False,False,0.6,0.63
leo_ntn,leo_pointing,3,UT00,pointing_attitude,False,,254.0,42.0,0.0,0.0,11,0,False,True,False,False,175.0,212.0,254.0,,,,,,,,,,,,42.0,13,8,94,486,0.6190476190476191,0.12149532710280374,0.203125,0.016194331983805668,0.8785046728971962,10,0,97,494,1.0,0.09345794392523364,0.17094017094017094,0.0,0.9065420560747663,0,0,107,494,,0.0,,0.0,1.0,ILLUSTRATIVE - not derived from operator financial data,0.0,900.0,-900.0,,False,False,0.6,0.63
leo_ntn,leo_pointing,4,UT00,pointing_attitude,False,,254.0,97.0,0.0,0.0,23,1,False,True,False,False,175.0,157.0,233.0,,,,,,,,,,,,76.0,28,21,79,473,0.5714285714285714,0.2616822429906542,0.358974358974359,0.04251012145748988,0.7383177570093458,25,0,82,494,1.0,0.2336448598130841,0.3787878787878788,0.0,0.7663551401869159,0,0,107,494,,0.0,,0.0,1.0,ILLUSTRATIVE - not derived from operator financial data,0.0,900.0,-900.0,,False,False,0.6,0.63
leo_ntn,leo_pointing,5,UT00,pointing_attitude,False,,218.0,0.0,0.0,0.0,21,0,False,True,False,False,175.0,218.0,218.0,,,,,,,,,,,,0.0,66,0,41,494,1.0,0.616822429906542,0.7630057803468209,0.0,0.38317757009345793,45,0,62,494,1.0,0.4205607476635514,0.5921052631578948,0.0,0.5794392523364486,0,0,107,494,,0.0,,0.0,1.0,ILLUSTRATIVE - not derived from operator financial data,0.0,900.0,-900.0,,False,False,0.6,0.63
leo_ntn,leo_pointing,6,UT00,pointing_attitude,False,,253.0,0.0,0.0,0.0,0,0,False,True,False,False,175.0,253.0,253.0,,,,,,,,,,,,0.0,6,0,101,494,1.0,0.056074766355140186,0.10619469026548672,0.0,0.9439252336448598,6,0,101,494,1.0,0.056074766355140186,0.10619469026548672,0.0,0.9439252336448598,0,0,107,494,,0.0,,0.0,1.0,ILLUSTRATIVE - not derived from operator financial data,0.0,900.0,-900.0,,False,False,0.6,0.63
leo_ntn,leo_pointing,7,UT00,pointing_attitude,False,,218.0,0.0,0.0,0.0,13,0,False,True,False,False,175.0,218.0,218.0,,,,,,,,,,,,0.0,55,5,52,489,0.9166666666666666,0.514018691588785,0.6586826347305389,0.010121457489878543,0.48598130841121495,47,0,60,494,1.0,0.4392523364485981,0.6103896103896104,0.0,0.5607476635514018,0,0,107,494,,0.0,,0.0,1.0,ILLUSTRATIVE - not derived from operator financial data,0.0,900.0,-900.0,,False,False,0.6,0.63
leo_ntn,leo_pointing,8,UT00,pointing_attitude,False,,218.0,0.0,0.0,0.0,10,0,False,True,False,False,175.0,218.0,218.0,,,,,,,,,,,,0.0,89,0,18,494,1.0,0.8317757009345794,0.9081632653061225,0.0,0.16822429906542055,79,0,28,494,1.0,0.7383177570093458,0.8494623655913979,0.0,0.2616822429906542,0,0,107,494,,0.0,,0.0,1.0,ILLUSTRATIVE - not derived from operator financial data,0.0,900.0,-900.0,,False,False,0.6,0.63
leo_ntn,leo_pointing,9,UT00,pointing_attitude,False,,485.0,0.0,0.0,0.0,0,0,False,True,False,False,175.0,485.0,485.0,,,,,,,,,,,,0.0,1,0,106,494,1.0,0.009345794392523364,0.018518518518518517,0.0,0.9906542056074766,1,0,106,494,1.0,0.009345794392523364,0.018518518518518517,0.0,0.9906542056074766,0,0,107,494,,0.0,,0.0,1.0,ILLUSTRATIVE - not derived from operator financial data,0.0,900.0,-900.0,,False,False,0.6,0.63
leo_ntn,leo_pointing,10,UT00,pointing_attitude,False,,271.0,34.0,0.0,0.0,7,0,False,True,False,False,175.0,237.0,271.0,,,,,,,,,,,,34.0,14,0,93,494,1.0,0.1308411214953271,0.23140495867768593,0.0,0.8691588785046729,7,0,100,494,1.0,0.06542056074766354,0.12280701754385964,0.0,0.9345794392523364,0,0,107,494,,0.0,,0.0,1.0,ILLUSTRATIVE - not derived from operator financial data,0.0,900.0,-900.0,,False,False,0.6,0.63
leo_ntn,leo_pointing,11,UT00,pointing_attitude,False,,378.0,143.0,0.0,0.0,4,0,False,True,False,False,175.0,235.0,378.0,,,,,,,,,,,,143.0,7,0,100,494,1.0,0.06542056074766354,0.12280701754385964,0.0,0.9345794392523364,3,0,104,494,1.0,0.028037383177570093,0.05454545454545455,0.0,0.9719626168224299,0,0,107,494,,0.0,,0.0,1.0,ILLUSTRATIVE - not derived from operator financial data,0.0,900.0,-900.0,,False,False,0.6,0.63
leo_ntn,leo_pointing,12,UT00,pointing_attitude,False,,308.0,0.0,0.0,0.0,0,0,False,True,False,False,175.0,308.0,308.0,,,,,,,,,,,,0.0,35,0,72,494,1.0,0.32710280373831774,0.49295774647887325,0.0,0.6728971962616822,35,0,72,494,1.0,0.32710280373831774,0.49295774647887325,0.0,0.6728971962616822,0,0,107,494,,0.0,,0.0,1.0,ILLUSTRATIVE - not derived from operator financial data,0.0,900.0,-900.0,,False,False,0.6,0.63
leo_ntn,leo_pointing,13,UT00,pointing_attitude,False,,290.0,0.0,0.0,0.0,2,0,False,True,False,False,175.0,290.0,290.0,,,,,,,,,,,,0.0,17,0,90,494,1.0,0.1588785046728972,0.27419354838709675,0.0,0.8411214953271028,15,0,92,494,1.0,0.14018691588785046,0.2459016393442623,0.0,0.8598130841121495,0,0,107,494,,0.0,,0.0,1.0,ILLUSTRATIVE - not derived from operator financial data,0.0,900.0,-900.0,,False,False,0.6,0.63
leo_ntn,leo_pointing,14,UT00,pointing_attitude,False,,397.0,222.0,0.0,0.0,12,0,False,True,False,False,175.0,175.0,397.0,,,,,,,,,,,,222.0,4,12,103,482,0.25,0.037383177570093455,0.06504065040650406,0.024291497975708502,0.9626168224299065,4,0,103,494,1.0,0.037383177570093455,0.07207207207207207,0.0,0.9626168224299065,0,0,107,494,,0.0,,0.0,1.0,ILLUSTRATIVE - not derived from operator financial data,0.0,900.0,-900.0,,False,False,0.6,0.63
leo_ntn,leo_pointing,15,UT00,pointing_attitude,False,,218.0,0.0,0.0,0.0,3,0,False,True,False,False,175.0,218.0,218.0,,,,,,,,,,,,0.0,2,3,105,491,0.4,0.018691588785046728,0.03571428571428571,0.006072874493927126,0.9813084112149533,2,0,105,494,1.0,0.018691588785046728,0.03669724770642201,0.0,0.9813084112149533,0,0,107,494,,0.0,,0.0,1.0,ILLUSTRATIVE - not derived from operator financial data,0.0,900.0,-900.0,,False,False,0.6,0.63
leo_ntn,leo_pointing,1,UT00,pointing_attitude,False,,218.0,45.0,0.0,0.0,3,0,False,True,False,False,175.0,173.0,175.0,,,,,,,,,,,,2.0,84,4,23,490,0.9545454545454546,0.7850467289719626,0.8615384615384615,0.008097165991902834,0.21495327102803738,84,1,23,493,0.9882352941176471,0.7850467289719626,0.875,0.0020242914979757085,0.21495327102803738,0,0,107,494,,0.0,,0.0,1.0,ILLUSTRATIVE - not derived from operator financial data,0.0,900.0,-900.0,,False,False,0.8,0.8400000000000001
leo_ntn,leo_pointing,2,UT00,pointing_attitude,False,,216.0,83.0,0.0,0.0,20,0,False,True,False,False,175.0,133.0,216.0,,,,,,,,,,,,83.0,95,19,12,475,0.8333333333333334,0.8878504672897196,0.8597285067873303,0.038461538461538464,0.11214953271028037,94,0,13,494,1.0,0.8785046728971962,0.9353233830845772,0.0,0.12149532710280374,0,0,107,494,,0.0,,0.0,1.0,ILLUSTRATIVE - not derived from operator financial data,0.0,900.0,-900.0,,False,False,0.8,0.8400000000000001
leo_ntn,leo_pointing,3,UT00,pointing_attitude,False,,200.0,0.0,0.0,0.0,13,0,False,True,False,False,175.0,200.0,200.0,,,,,,,,,,,,0.0,78,8,29,486,0.9069767441860465,0.7289719626168224,0.8082901554404145,0.016194331983805668,0.27102803738317754,73,0,34,494,1.0,0.6822429906542056,0.8111111111111111,0.0,0.3177570093457944,0,0,107,494,,0.0,,0.0,1.0,ILLUSTRATIVE - not derived from operator financial data,0.0,900.0,-900.0,,False,False,0.8,0.8400000000000001
leo_ntn,leo_pointing,4,UT00,pointing_attitude,False,,218.0,61.0,0.0,0.0,20,1,False,True,False,False,175.0,157.0,218.0,,,,,,,,,,,,61.0,81,21,26,473,0.7941176470588235,0.7570093457943925,0.7751196172248803,0.04251012145748988,0.24299065420560748,81,0,26,494,1.0,0.7570093457943925,0.8617021276595744,0.0,0.24299065420560748,0,0,107,494,,0.0,,0.0,1.0,ILLUSTRATIVE - not derived from operator financial data,0.0,900.0,-900.0,,False,False,0.8,0.8400000000000001
leo_ntn,leo_pointing,5,UT00,pointing_attitude,False,,218.0,0.0,0.0,0.0,6,0,False,True,False,False,175.0,218.0,218.0,,,,,,,,,,,,0.0,96,0,11,494,1.0,0.897196261682243,0.9458128078817734,0.0,0.102803738317757,90,0,17,494,1.0,0.8411214953271028,0.9137055837563453,0.0,0.1588785046728972,0,0,107,494,,0.0,,0.0,1.0,ILLUSTRATIVE - not derived from operator financial data,0.0,900.0,-900.0,,False,False,0.8,0.8400000000000001
leo_ntn,leo_pointing,6,UT00,pointing_attitude,False,,219.0,0.0,0.0,0.0,0,0,False,True,False,False,175.0,219.0,219.0,,,,,,,,,,,,0.0,64,0,43,494,1.0,0.5981308411214953,0.7485380116959064,0.0,0.40186915887850466,64,0,43,494,1.0,0.5981308411214953,0.7485380116959064,0.0,0.40186915887850466,0,0,107,494,,0.0,,0.0,1.0,ILLUSTRATIVE - not derived from operator financial data,0.0,900.0,-900.0,,False,False,0.8,0.8400000000000001
leo_ntn,leo_pointing,7,UT00,pointing_attitude,False,,218.0,0.0,0.0,0.0,5,0,False,True,False,False,175.0,218.0,218.0,,,,,,,,,,,,0.0,96,5,11,489,0.9504950495049505,0.897196261682243,0.923076923076923,0.010121457489878543,0.102803738317757,96,0,11,494,1.0,0.897196261682243,0.9458128078817734,0.0,0.102803738317757,0,0,107,494,,0.0,,0.0,1.0,ILLUSTRATIVE - not derived from operator financial data,0.0,900.0,-900.0,,False,False,0.8,0.8400000000000001
leo_ntn,leo_pointing,8,UT00,pointing_attitude,False,,201.0,0.0,0.0,0.0,0,0,False,True,False,False,175.0,201.0,201.0,,,,,,,,,,,,0.0,99,0,8,494,1.0,0.9252336448598131,0.9611650485436893,0.0,0.07476635514018691,99,0,8,494,1.0,0.9252336448598131,0.9611650485436893,0.0,0.07476635514018691,0,0,107,494,,0.0,,0.0,1.0,ILLUSTRATIVE - not derived from operator financial data,0.0,900.0,-900.0,,False,False,0.8,0.8400000000000001
leo_ntn,leo_pointing,9,UT00,pointing_attitude,False,,218.0,0.0,0.0,0.0,3,0,False,True,False,False,175.0,218.0,218.0,,,,,,,,,,,,0.0,52,0,55,494,1.0,0.48598130841121495,0.6540880503144654,0.0,0.514018691588785,49,0,58,494,1.0,0.45794392523364486,0.6282051282051282,0.0,0.5420560747663551,0,0,107,494,,0.0,,0.0,1.0,ILLUSTRATIVE - not derived from operator financial data,0.0,900.0,-900.0,,False,False,0.8,0.8400000000000001
leo_ntn,leo_pointing,10,UT00,pointing_attitude,False,,218.0,0.0,0.0,0.0,1,0,False,True,False,False,175.0,218.0,218.0,,,,,,,,,,,,0.0,87,0,20,494,1.0,0.8130841121495327,0.8969072164948454,0.0,0.18691588785046728,86,0,21,494,1.0,0.8037383177570093,0.8911917098445596,0.0,0.19626168224299065,0,0,107,494,,0.0,,0.0,1.0,ILLUSTRATIVE - not derived from operator financial data,0.0,900.0,-900.0,,False,False,0.8,0.8400000000000001
leo_ntn,leo_pointing,11,UT00,pointing_attitude,False,,218.0,0.0,0.0,0.0,1,0,False,True,False,False,175.0,218.0,218.0,,,,,,,,,,,,0.0,96,0,11,494,1.0,0.897196261682243,0.9458128078817734,0.0,0.102803738317757,95,0,12,494,1.0,0.8878504672897196,0.9405940594059405,0.0,0.11214953271028037,0,0,107,494,,0.0,,0.0,1.0,ILLUSTRATIVE - not derived from operator financial data,0.0,900.0,-900.0,,False,False,0.8,0.8400000000000001
leo_ntn,leo_pointing,12,UT00,pointing_attitude,False,,219.0,0.0,0.0,0.0,0,0,False,True,False,False,175.0,219.0,219.0,,,,,,,,,,,,0.0,92,0,15,494,1.0,0.8598130841121495,0.9246231155778893,0.0,0.14018691588785046,92,0,15,494,1.0,0.8598130841121495,0.9246231155778893,0.0,0.14018691588785046,0,0,107,494,,0.0,,0.0,1.0,ILLUSTRATIVE - not derived from operator financial data,0.0,900.0,-900.0,,False,False,0.8,0.8400000000000001
leo_ntn,leo_pointing,13,UT00,pointing_attitude,False,,217.0,0.0,0.0,0.0,1,0,False,True,False,False,175.0,217.0,217.0,,,,,,,,,,,,0.0,82,0,25,494,1.0,0.7663551401869159,0.8677248677248678,0.0,0.2336448598130841,81,0,26,494,1.0,0.7570093457943925,0.8617021276595744,0.0,0.24299065420560748,0,0,107,494,,0.0,,0.0,1.0,ILLUSTRATIVE - not derived from operator financial data,0.0,900.0,-900.0,,False,False,0.8,0.8400000000000001
leo_ntn,leo_pointing,14,UT00,pointing_attitude,False,,254.0,79.0,0.0,0.0,12,0,False,True,False,False,175.0,175.0,254.0,,,,,,,,,,,,79.0,36,12,71,482,0.75,0.3364485981308411,0.464516129032258,0.024291497975708502,0.6635514018691588,36,0,71,494,1.0,0.3364485981308411,0.5034965034965034,0.0,0.6635514018691588,0,0,107,494,,0.0,,0.0,1.0,ILLUSTRATIVE - not derived from operator financial data,0.0,900.0,-900.0,,False,False,0.8,0.8400000000000001
leo_ntn,leo_pointing,15,UT00,pointing_attitude,False,,218.0,0.0,0.0,0.0,3,0,False,True,False,False,175.0,218.0,218.0,,,,,,,,,,,,0.0,35,3,72,491,0.9210526315789473,0.32710280373831774,0.4827586206896552,0.006072874493927126,0.6728971962616822,35,0,72,494,1.0,0.32710280373831774,0.49295774647887325,0.0,0.6728971962616822,0,0,107,494,,0.0,,0.0,1.0,ILLUSTRATIVE - not derived from operator financial data,0.0,900.0,-900.0,,False,False,0.8,0.8400000000000001
leo_ntn,leo_pointing,1,UT00,pointing_attitude,False,302.0,218.0,45.0,0.0,0.0,3,0,True,True,False,False,175.0,173.0,175.0,477.0,483.0,,,,,304.0,302.0,,,,2.0,96,4,11,490,0.96,0.897196261682243,0.927536231884058,0.008097165991902834,0.102803738317757,96,1,11,493,0.9896907216494846,0.897196261682243,0.9411764705882352,0.0020242914979757085,0.102803738317757,32,92,75,402,0.25806451612903225,0.29906542056074764,0.277056277056277,0.1862348178137652,0.7009345794392523,ILLUSTRATIVE - not derived from operator financial data,900.0,900.0,0.0,0.0,False,False,1.0,1.05
leo_ntn,leo_pointing,2,UT00,pointing_attitude,False,241.0,200.0,67.0,0.0,0.0,19,0,True,True,False,False,175.0,133.0,200.0,441.0,447.0,,,,,308.0,241.0,,,,67.0,100,19,7,475,0.8403361344537815,0.9345794392523364,0.8849557522123893,0.038461538461538464,0.06542056074766354,100,0,7,494,1.0,0.9345794392523364,0.966183574879227,0.0,0.06542056074766354,42,118,65,376,0.2625,0.3925233644859813,0.3146067415730337,0.2388663967611336,0.6074766355140186,ILLUSTRATIVE - not derived from operator financial data,900.0,900.0,0.0,0.0,False,False,1.0,1.05
leo_ntn,leo_pointing,3,UT00,pointing_attitude,False,207.0,216.0,16.0,0.0,0.0,10,0,True,True,False,False,175.0,200.0,216.0,423.0,429.0,,,,,223.0,207.0,,,,16.0,100,8,7,486,0.9259259259259259,0.9345794392523364,0.9302325581395349,0.016194331983805668,0.06542056074766354,98,0,9,494,1.0,0.9158878504672897,0.9560975609756098,0.0,0.08411214953271028,47,131,60,363,0.2640449438202247,0.4392523364485981,0.32982456140350874,0.2651821862348178,0.5607476635514018,ILLUSTRATIVE - not derived from operator financial data,900.0,900.0,0.0,0.0,False,False,1.0,1.05
leo_ntn,leo_pointing,4,UT00,pointing_attitude,False,,199.0,42.0,0.0,0.0,20,1,False,True,False,False,175.0,157.0,199.0,,,,,,,,,,,,42.0,101,21,6,473,0.8278688524590164,0.9439252336448598,0.8820960698689956,0.04251012145748988,0.056074766355140186,101,0,6,494,1.0,0.9439252336448598,0.9711538461538461,0.0,0.056074766355140186,0,0,107,494,,0.0,,0.0,1.0,ILLUSTRATIVE - not derived from operator financial data,0.0,900.0,-900.0,,False,False,1.0,1.05
leo_ntn,leo_pointing,5,UT00,pointing_attitude,False,224.0,217.0,0.0,0.0,0.0,0,0,True,True,False,False,175.0,217.0,217.0,441.0,447.0,,,,,224.0,224.0,,,,0.0,97,0,10,494,1.0,0.9065420560747663,0.9509803921568627,0.0,0.09345794392523364,97,0,10,494,1.0,0.9065420560747663,0.9509803921568627,0.0,0.09345794392523364,42,118,65,376,0.2625,0.3925233644859813,0.3146067415730337,0.2388663967611336,0.6074766355140186,ILLUSTRATIVE - not derived from operator financial data,900.0,900.0,0.0,0.0,False,False,1.0,1.05
leo_ntn,leo_pointing,6,UT00,pointing_attitude,False,,217.0,0.0,0.0,0.0,0,0,False,True,False,False,175.0,217.0,217.0,,,,,,,,,,,,0.0,97,0,10,494,1.0,0.9065420560747663,0.9509803921568627,0.0,0.09345794392523364,97,0,10,494,1.0,0.9065420560747663,0.9509803921568627,0.0,0.09345794392523364,0,0,107,494,,0.0,,0.0,1.0,ILLUSTRATIVE - not derived from operator financial data,0.0,900.0,-900.0,,False,False,1.0,1.05
leo_ntn,leo_pointing,7,UT00,pointing_attitude,False,,217.0,0.0,0.0,0.0,5,0,False,True,False,False,175.0,217.0,217.0,,,,,,,,,,,,0.0,97,5,10,489,0.9509803921568627,0.9065420560747663,0.9282296650717703,0.010121457489878543,0.09345794392523364,97,0,10,494,1.0,0.9065420560747663,0.9509803921568627,0.0,0.09345794392523364,0,0,107,494,,0.0,,0.0,1.0,ILLUSTRATIVE - not derived from operator financial data,0.0,900.0,-900.0,,False,False,1.0,1.05
leo_ntn,leo_pointing,8,UT00,pointing_attitude,False,,200.0,0.0,0.0,0.0,0,0,False,True,False,False,175.0,200.0,200.0,,,,,,,,,,,,0.0,100,0,7,494,1.0,0.9345794392523364,0.966183574879227,0.0,0.06542056074766354,100,0,7,494,1.0,0.9345794392523364,0.966183574879227,0.0,0.06542056074766354,0,0,107,494,,0.0,,0.0,1.0,ILLUSTRATIVE - not derived from operator financial data,0.0,900.0,-900.0,,False,False,1.0,1.05
leo_ntn,leo_pointing,9,UT00,pointing_attitude,False,,218.0,0.0,0.0,0.0,0,0,False,True,False,False,175.0,218.0,218.0,,,,,,,,,,,,0.0,96,0,11,494,1.0,0.897196261682243,0.9458128078817734,0.0,0.102803738317757,96,0,11,494,1.0,0.897196261682243,0.9458128078817734,0.0,0.102803738317757,0,0,107,494,,0.0,,0.0,1.0,ILLUSTRATIVE - not derived from operator financial data,0.0,900.0,-900.0,,False,False,1.0,1.05
leo_ntn,leo_pointing,10,UT00,pointing_attitude,False,,218.0,0.0,0.0,0.0,0,0,False,True,False,False,175.0,218.0,218.0,,,,,,,,,,,,0.0,96,0,11,494,1.0,0.897196261682243,0.9458128078817734,0.0,0.102803738317757,96,0,11,494,1.0,0.897196261682243,0.9458128078817734,0.0,0.102803738317757,0,0,107,494,,0.0,,0.0,1.0,ILLUSTRATIVE - not derived from operator financial data,0.0,900.0,-900.0,,False,False,1.0,1.05
leo_ntn,leo_pointing,11,UT00,pointing_attitude,False,,218.0,0.0,0.0,0.0,0,0,False,True,False,False,175.0,218.0,218.0,,,,,,,,,,,,0.0,96,0,11,494,1.0,0.897196261682243,0.9458128078817734,0.0,0.102803738317757,96,0,11,494,1.0,0.897196261682243,0.9458128078817734,0.0,0.102803738317757,0,0,107,494,,0.0,,0.0,1.0,ILLUSTRATIVE - not derived from operator financial data,0.0,900.0,-900.0,,False,False,1.0,1.05
leo_ntn,leo_pointing,12,UT00,pointing_attitude,False,,218.0,0.0,0.0,0.0,0,0,False,True,False,False,175.0,218.0,218.0,,,,,,,,,,,,0.0,96,0,11,494,1.0,0.897196261682243,0.9458128078817734,0.0,0.102803738317757,96,0,11,494,1.0,0.897196261682243,0.9458128078817734,0.0,0.102803738317757,0,0,107,494,,0.0,,0.0,1.0,ILLUSTRATIVE - not derived from operator financial data,0.0,900.0,-900.0,,False,False,1.0,1.05
leo_ntn,leo_pointing,13,UT00,pointing_attitude,False,,217.0,0.0,0.0,0.0,0,0,False,True,False,False,175.0,217.0,217.0,,,,,,,,,,,,0.0,97,0,10,494,1.0,0.9065420560747663,0.9509803921568627,0.0,0.09345794392523364,97,0,10,494,1.0,0.9065420560747663,0.9509803921568627,0.0,0.09345794392523364,0,0,107,494,,0.0,,0.0,1.0,ILLUSTRATIVE - not derived from operator financial data,0.0,900.0,-900.0,,False,False,1.0,1.05
leo_ntn,leo_pointing,14,UT00,pointing_attitude,False,259.0,218.0,43.0,0.0,0.0,12,0,True,True,False,False,175.0,175.0,218.0,477.0,483.0,,,,,302.0,259.0,,,,43.0,96,12,11,482,0.8888888888888888,0.897196261682243,0.8930232558139535,0.024291497975708502,0.102803738317757,96,0,11,494,1.0,0.897196261682243,0.9458128078817734,0.0,0.102803738317757,32,92,75,402,0.25806451612903225,0.29906542056074764,0.277056277056277,0.1862348178137652,0.7009345794392523,ILLUSTRATIVE - not derived from operator financial data,900.0,900.0,0.0,0.0,False,False,1.0,1.05
leo_ntn,leo_pointing,15,UT00,pointing_attitude,False,,218.0,0.0,0.0,0.0,3,0,False,True,False,False,175.0,218.0,218.0,,,,,,,,,,,,0.0,96,3,11,491,0.9696969696969697,0.897196261682243,0.9320388349514562,0.006072874493927126,0.102803738317757,96,0,11,494,1.0,0.897196261682243,0.9458128078817734,0.0,0.102803738317757,0,0,107,494,,0.0,,0.0,1.0,ILLUSTRATIVE - not derived from operator financial data,0.0,900.0,-900.0,,False,False,1.0,1.05
leo_ntn,leo_pointing,1,UT00,pointing_attitude,False,266.0,199.0,26.0,6.0,0.0,3,0,True,True,False,False,175.0,173.0,175.0,441.0,447.0,395.0,,,,268.0,266.0,222.0,220.0,-46.0,2.0,101,4,6,490,0.9619047619047619,0.9439252336448598,0.9528301886792454,0.008097165991902834,0.056074766355140186,101,1,6,493,0.9901960784313726,0.9439252336448598,0.9665071770334929,0.0020242914979757085,0.056074766355140186,42,118,65,376,0.2625,0.3925233644859813,0.3146067415730337,0.2388663967611336,0.6074766355140186,ILLUSTRATIVE - not derived from operator financial data,940.4,922.22,18.18,1.9,False,False,1.3,1.3650000000000002
leo_ntn,leo_pointing,2,UT00,pointing_attitude,False,205.0,200.0,67.0,5.0,0.0,19,0,True,True,False,False,175.0,133.0,200.0,405.0,411.0,377.0,,,,272.0,205.0,244.0,177.0,-28.0,67.0,100,19,7,475,0.8403361344537815,0.9345794392523364,0.8849557522123893,0.038461538461538464,0.06542056074766354,100,0,7,494,1.0,0.9345794392523364,0.966183574879227,0.0,0.06542056074766354,52,144,55,350,0.2653061224489796,0.48598130841121495,0.3432343234323433,0.291497975708502,0.514018691588785,ILLUSTRATIVE - not derived from operator financial data,933.67,918.52,15.15,1.6,False,False,1.3,1.3650000000000002
leo_ntn,leo_pointing,3,UT00,pointing_attitude,False,187.0,200.0,0.0,2.0,0.0,8,0,True,True,False,False,175.0,200.0,200.0,387.0,393.0,377.0,,,,187.0,187.0,177.0,177.0,-10.0,0.0,100,8,7,486,0.9259259259259259,0.9345794392523364,0.9302325581395349,0.016194331983805668,0.06542056074766354,100,0,7,494,1.0,0.9345794392523364,0.966183574879227,0.0,0.06542056074766354,57,157,50,337,0.26635514018691586,0.5327102803738317,0.35514018691588783,0.31781376518218624,0.4672897196261682,ILLUSTRATIVE - not derived from operator financial data,913.47,907.41,6.06,0.7,False,False,1.3,1.3650000000000002
leo_ntn,leo_pointing,4,UT00,pointing_attitude,False,332.0,199.0,42.0,3.0,0.0,20,1,True,True,False,False,175.0,157.0,199.0,531.0,537.0,377.0,,,,374.0,332.0,220.0,178.0,-154.0,42.0,101,21,6,473,0.8278688524590164,0.9439252336448598,0.8820960698689956,0.04251012145748988,0.056074766355140186,101,0,6,494,1.0,0.9439252336448598,0.9711538461538461,0.0,0.056074766355140186,17,53,90,441,0.24285714285714285,0.1588785046728972,0.192090395480226,0.10728744939271255,0.8411214953271028,ILLUSTRATIVE - not derived from operator financial data,920.2,911.11,9.09,1.0,False,False,1.3,1.3650000000000002
leo_ntn,leo_pointing,5,UT00,pointing_attitude,False,240.0,201.0,0.0,4.0,0.0,0,0,True,True,False,False,175.0,201.0,201.0,441.0,447.0,413.0,,,,240.0,240.0,212.0,212.0,-28.0,0.0,99,0,8,494,1.0,0.9252336448598131,0.9611650485436893,0.0,0.07476635514018691,99,0,8,494,1.0,0.9252336448598131,0.9611650485436893,0.0,0.07476635514018691,42,118,65,376,0.2625,0.3925233644859813,0.3146067415730337,0.2388663967611336,0.6074766355140186,ILLUSTRATIVE - not derived from operator financial data,926.93,914.81,12.12,1.3,False,False,1.3,1.3650000000000002
leo_ntn,leo_pointing,6,UT00,pointing_attitude,False,295.0,200.0,0.0,3.0,0.0,0,0,True,True,False,False,175.0,200.0,200.0,495.0,501.0,413.0,,,,295.0,295.0,213.0,213.0,-82.0,0.0,100,0,7,494,1.0,0.9345794392523364,0.966183574879227,0.0,0.06542056074766354,100,0,7,494,1.0,0.9345794392523364,0.966183574879227,0.0,0.06542056074766354,27,79,80,415,0.25471698113207547,0.2523364485981308,0.2535211267605634,0.15991902834008098,0.7476635514018691,ILLUSTRATIVE - not derived from operator financial data,920.2,911.11,9.09,1.0,False,False,1.3,1.3650000000000002
leo_ntn,leo_pointing,7,UT00,pointing_attitude,False,277.0,200.0,0.0,4.0,0.0,5,0,True,True,False,False,175.0,200.0,200.0,477.0,483.0,467.0,,,,277.0,277.0,267.0,267.0,-10.0,0.0,100,5,7,489,0.9523809523809523,0.9345794392523364,0.9433962264150944,0.010121457489878543,0.06542056074766354,100,0,7,494,1.0,0.9345794392523364,0.966183574879227,0.0,0.06542056074766354,32,92,75,402,0.25806451612903225,0.29906542056074764,0.277056277056277,0.1862348178137652,0.7009345794392523,ILLUSTRATIVE - not derived from operator financial data,926.93,914.81,12.12,1.3,False,False,1.3,1.3650000000000002
leo_ntn,leo_pointing,8,UT00,pointing_attitude,False,349.0,200.0,0.0,4.0,0.0,0,0,True,True,False,False,175.0,200.0,200.0,549.0,555.0,381.0,,,,349.0,349.0,181.0,181.0,-168.0,0.0,100,0,7,494,1.0,0.9345794392523364,0.966183574879227,0.0,0.06542056074766354,100,0,7,494,1.0,0.9345794392523364,0.966183574879227,0.0,0.06542056074766354,12,40,95,454,0.23076923076923078,0.11214953271028037,0.1509433962264151,0.08097165991902834,0.8878504672897196,ILLUSTRATIVE - not derived from operator financial data,926.93,914.81,12.12,1.3,False,False,1.3,1.3650000000000002
leo_ntn,leo_pointing,9,UT00,pointing_attitude,False,170.0,217.0,0.0,4.0,0.0,0,0,True,True,False,False,175.0,217.0,217.0,387.0,393.0,467.0,,,,170.0,170.0,250.0,250.0,80.0,0.0,97,0,10,494,1.0,0.9065420560747663,0.9509803921568627,0.0,0.09345794392523364,97,0,10,494,1.0,0.9065420560747663,0.9509803921568627,0.0,0.09345794392523364,57,157,50,337,0.26635514018691586,0.5327102803738317,0.35514018691588783,0.31781376518218624,0.4672897196261682,ILLUSTRATIVE - not derived from operator financial data,926.93,914.81,12.12,1.3,False,False,1.3,1.3650000000000002
leo_ntn,leo_pointing,10,UT00,pointing_attitude,False,,218.0,0.0,1.0,0.0,0,0,False,True,False,False,175.0,218.0,218.0,,,377.0,,,,,,159.0,159.0,,0.0,96,0,11,494,1.0,0.897196261682243,0.9458128078817734,0.0,0.102803738317757,96,0,11,494,1.0,0.897196261682243,0.9458128078817734,0.0,0.102803738317757,0,0,107,494,,0.0,,0.0,1.0,ILLUSTRATIVE - not derived from operator financial data,6.73,906.73,-900.0,-13373.0,False,False,1.3,1.3650000000000002
leo_ntn,leo_pointing,11,UT00,pointing_attitude,False,,201.0,0.0,0.0,0.0,0,0,False,True,False,False,175.0,201.0,201.0,,,,,,,,,,,,0.0,99,0,8,494,1.0,0.9252336448598131,0.9611650485436893,0.0,0.07476635514018691,99,0,8,494,1.0,0.9252336448598131,0.9611650485436893,0.0,0.07476635514018691,0,0,107,494,,0.0,,0.0,1.0,ILLUSTRATIVE - not derived from operator financial data,0.0,900.0,-900.0,,False,False,1.3,1.3650000000000002
leo_ntn,leo_pointing,12,UT00,pointing_attitude,False,,217.0,0.0,5.0,0.0,0,0,False,True,False,False,175.0,217.0,217.0,,,377.0,,,,,,160.0,160.0,,0.0,97,0,10,494,1.0,0.9065420560747663,0.9509803921568627,0.0,0.09345794392523364,97,0,10,494,1.0,0.9065420560747663,0.9509803921568627,0.0,0.09345794392523364,0,0,107,494,,0.0,,0.0,1.0,ILLUSTRATIVE - not derived from operator financial data,33.67,933.67,-900.0,-2673.0,False,False,1.3,1.3650000000000002
leo_ntn,leo_pointing,13,UT00,pointing_attitude,False,243.0,216.0,0.0,4.0,0.0,0,0,True,True,False,False,175.0,216.0,216.0,459.0,465.0,377.0,,,,243.0,243.0,161.0,161.0,-82.0,0.0,98,0,9,494,1.0,0.9158878504672897,0.9560975609756098,0.0,0.08411214953271028,98,0,9,494,1.0,0.9158878504672897,0.9560975609756098,0.0,0.08411214953271028,37,105,70,389,0.2605633802816901,0.34579439252336447,0.2971887550200803,0.2125506072874494,0.6542056074766355,ILLUSTRATIVE - not derived from operator financial data,926.93,914.81,12.12,1.3,False,False,1.3,1.3650000000000002
leo_ntn,leo_pointing,14,UT00,pointing_attitude,False,188.0,217.0,42.0,5.0,0.0,12,0,True,True,False,False,175.0,175.0,217.0,405.0,411.0,395.0,,,,230.0,188.0,220.0,178.0,-10.0,42.0,97,12,10,482,0.8899082568807339,0.9065420560747663,0.8981481481481481,0.024291497975708502,0.09345794392523364,97,0,10,494,1.0,0.9065420560747663,0.9509803921568627,0.0,0.09345794392523364,52,144,55,350,0.2653061224489796,0.48598130841121495,0.3432343234323433,0.291497975708502,0.514018691588785,ILLUSTRATIVE - not derived from operator financial data,933.67,918.52,15.15,1.6,False,False,1.3,1.3650000000000002
leo_ntn,leo_pointing,15,UT00,pointing_attitude,False,296.0,216.0,0.0,2.0,0.0,3,0,True,True,False,False,175.0,216.0,216.0,512.0,518.0,377.0,,,,296.0,296.0,161.0,161.0,-135.0,0.0,98,3,9,491,0.9702970297029703,0.9158878504672897,0.9423076923076923,0.006072874493927126,0.08411214953271028,98,0,9,494,1.0,0.9158878504672897,0.9560975609756098,0.0,0.08411214953271028,22,67,85,427,0.24719101123595505,0.205607476635514,0.22448979591836737,0.13562753036437247,0.794392523364486,ILLUSTRATIVE - not derived from operator financial data,913.47,907.41,6.06,0.7,False,False,1.3,1.3650000000000002
leo_ntn,leo_pointing,1,UT00,pointing_attitude,False,59.0,199.0,26.0,53.0,34.0,3,0,True,True,False,False,175.0,173.0,175.0,234.0,240.0,216.0,234.0,,,61.0,59.0,43.0,41.0,-18.0,2.0,101,4,6,490,0.9619047619047619,0.9439252336448598,0.9528301886792454,0.008097165991902834,0.056074766355140186,101,1,6,493,0.9901960784313726,0.9439252336448598,0.9665071770334929,0.0020242914979757085,0.056074766355140186,94,273,13,221,0.2561307901907357,0.8785046728971962,0.3966244725738397,0.5526315789473685,0.12149532710280374,ILLUSTRATIVE - not derived from operator financial data,1578.73,1326.63,252.1,16.0,False,False,1.7,1.785
leo_ntn,leo_pointing,2,UT00,pointing_attitude,False,34.0,200.0,67.0,52.0,36.0,19,0,True,True,False,False,175.0,133.0,200.0,234.0,240.0,216.0,234.0,,,101.0,34.0,83.0,16.0,-18.0,67.0,100,19,7,475,0.8403361344537815,0.9345794392523364,0.8849557522123893,0.038461538461538464,0.06542056074766354,100,0,7,494,1.0,0.9345794392523364,0.966183574879227,0.0,0.06542056074766354,94,273,13,221,0.2561307901907357,0.8785046728971962,0.3966244725738397,0.5526315789473685,0.12149532710280374,ILLUSTRATIVE - not derived from operator financial data,1590.93,1442.22,148.71,9.3,False,False,1.7,1.785
leo_ntn,leo_pointing,3,UT00,pointing_attitude,False,34.0,200.0,0.0,47.0,38.0,8,0,True,True,False,False,175.0,200.0,200.0,234.0,240.0,216.0,234.0,,,34.0,34.0,16.0,16.0,-18.0,0.0,100,8,7,486,0.9259259259259259,0.9345794392523364,0.9302325581395349,0.016194331983805668,0.06542056074766354,100,0,7,494,1.0,0.9345794392523364,0.966183574879227,0.0,0.06542056074766354,94,273,13,221,0.2561307901907357,0.8785046728971962,0.3966244725738397,0.5526315789473685,0.12149532710280374,ILLUSTRATIVE - not derived from operator financial data,1576.2,1427.48,148.72,9.4,False,False,1.7,1.785
leo_ntn,leo_pointing,4,UT00,pointing_attitude,False,35.0,199.0,42.0,51.0,35.0,20,1,True,True,False,False,175.0,157.0,199.0,234.0,240.0,216.0,234.0,,,77.0,35.0,59.0,17.0,-18.0,42.0,101,21,6,473,0.8278688524590164,0.9439252336448598,0.8820960698689956,0.04251012145748988,0.056074766355140186,101,0,6,494,1.0,0.9439252336448598,0.9711538461538461,0.0,0.056074766355140186,94,273,13,221,0.2561307901907357,0.8785046728971962,0.3966244725738397,0.5526315789473685,0.12149532710280374,ILLUSTRATIVE - not derived from operator financial data,1574.73,1421.64,153.09,9.7,False,False,1.7,1.785
leo_ntn,leo_pointing,5,UT00,pointing_attitude,False,36.0,198.0,0.0,47.0,37.0,0,0,True,True,False,False,175.0,198.0,198.0,234.0,240.0,216.0,234.0,,,36.0,36.0,18.0,18.0,-18.0,0.0,102,0,5,494,1.0,0.9532710280373832,0.9760765550239235,0.0,0.04672897196261682,102,0,5,494,1.0,0.9532710280373832,0.9760765550239235,0.0,0.04672897196261682,94,273,13,221,0.2561307901907357,0.8785046728971962,0.3966244725738397,0.5526315789473685,0.12149532710280374,ILLUSTRATIVE - not derived from operator financial data,1566.73,1409.27,157.46,10.1,False,False,1.7,1.785
leo_ntn,leo_pointing,6,UT00,pointing_attitude,False,34.0,200.0,0.0,47.0,34.0,0,0,True,True,False,False,175.0,200.0,200.0,234.0,240.0,216.0,234.0,,,34.0,34.0,16.0,16.0,-18.0,0.0,100,0,7,494,1.0,0.9345794392523364,0.966183574879227,0.0,0.06542056074766354,100,0,7,494,1.0,0.9345794392523364,0.966183574879227,0.0,0.06542056074766354,94,273,13,221,0.2561307901907357,0.8785046728971962,0.3966244725738397,0.5526315789473685,0.12149532710280374,ILLUSTRATIVE - not derived from operator financial data,1538.33,1389.62,148.71,9.7,False,False,1.7,1.785
leo_ntn,leo_pointing,7,UT00,pointing_attitude,False,34.0,200.0,0.0,52.0,37.0,5,0,True,True,False,False,175.0,200.0,200.0,234.0,240.0,216.0,234.0,,,34.0,34.0,16.0,16.0,-18.0,0.0,100,5,7,489,0.9523809523809523,0.9345794392523364,0.9433962264150944,0.010121457489878543,0.06542056074766354,100,0,7,494,1.0,0.9345794392523364,0.966183574879227,0.0,0.06542056074766354,94,273,13,221,0.2561307901907357,0.8785046728971962,0.3966244725738397,0.5526315789473685,0.12149532710280374,ILLUSTRATIVE - not derived from operator financial data,1600.4,1451.68,148.72,9.3,False,False,1.7,1.785
leo_ntn,leo_pointing,8,UT00,pointing_attitude,False,34.0,200.0,0.0,47.0,37.0,0,0,True,True,False,False,175.0,200.0,200.0,234.0,240.0,216.0,234.0,,,34.0,34.0,16.0,16.0,-18.0,0.0,100,0,7,494,1.0,0.9345794392523364,0.966183574879227,0.0,0.06542056074766354,100,0,7,494,1.0,0.9345794392523364,0.966183574879227,0.0,0.06542056074766354,94,273,13,221,0.2561307901907357,0.8785046728971962,0.3966244725738397,0.5526315789473685,0.12149532710280374,ILLUSTRATIVE - not derived from operator financial data,1566.73,1418.02,148.71,9.5,False,False,1.7,1.785
leo_ntn,leo_pointing,9,UT00,pointing_attitude,False,34.0,200.0,0.0,43.0,45.0,0,0,True,True,False,False,175.0,200.0,200.0,234.0,240.0,216.0,234.0,,,34.0,34.0,16.0,16.0,-18.0,0.0,100,0,7,494,1.0,0.9345794392523364,0.966183574879227,0.0,0.06542056074766354,100,0,7,494,1.0,0.9345794392523364,0.966183574879227,0.0,0.06542056074766354,94,273,13,221,0.2561307901907357,0.8785046728971962,0.3966244725738397,0.5526315789473685,0.12149532710280374,ILLUSTRATIVE - not derived from operator financial data,1615.53,1466.82,148.71,9.2,False,False,1.7,1.785
leo_ntn,leo_pointing,10,UT00,pointing_attitude,False,52.0,200.0,0.0,54.0,34.0,0,0,True,True,False,False,175.0,200.0,200.0,252.0,258.0,216.0,252.0,,,52.0,52.0,16.0,16.0,-36.0,0.0,100,0,7,494,1.0,0.9345794392523364,0.966183574879227,0.0,0.06542056074766354,100,0,7,494,1.0,0.9345794392523364,0.966183574879227,0.0,0.06542056074766354,90,259,17,235,0.25787965616045844,0.8411214953271028,0.3947368421052631,0.5242914979757085,0.1588785046728972,ILLUSTRATIVE - not derived from operator financial data,1585.47,1358.02,227.45,14.3,False,False,1.7,1.785
leo_ntn,leo_pointing,11,UT00,pointing_attitude,False,34.0,200.0,0.0,49.0,38.0,0,0,True,True,False,False,175.0,200.0,200.0,234.0,240.0,216.0,234.0,,,34.0,34.0,16.0,16.0,-18.0,0.0,100,0,7,494,1.0,0.9345794392523364,0.966183574879227,0.0,0.06542056074766354,100,0,7,494,1.0,0.9345794392523364,0.966183574879227,0.0,0.06542056074766354,94,273,13,221,0.2561307901907357,0.8785046728971962,0.3966244725738397,0.5526315789473685,0.12149532710280374,ILLUSTRATIVE - not derived from operator financial data,1589.67,1440.95,148.72,9.4,False,False,1.7,1.785
leo_ntn,leo_pointing,12,UT00,pointing_attitude,False,35.0,199.0,0.0,47.0,35.0,0,0,True,True,False,False,175.0,199.0,199.0,234.0,240.0,216.0,234.0,,,35.0,35.0,17.0,17.0,-18.0,0.0,101,0,6,494,1.0,0.9439252336448598,0.9711538461538461,0.0,0.056074766355140186,101,0,6,494,1.0,0.9439252336448598,0.9711538461538461,0.0,0.056074766355140186,94,273,13,221,0.2561307901907357,0.8785046728971962,0.3966244725738397,0.5526315789473685,0.12149532710280374,ILLUSTRATIVE - not derived from operator financial data,1547.8,1394.71,153.09,9.9,False,False,1.7,1.785
leo_ntn,leo_pointing,13,UT00,pointing_attitude,False,52.0,200.0,0.0,50.0,34.0,0,0,True,True,False,False,175.0,200.0,200.0,252.0,258.0,216.0,252.0,,,52.0,52.0,16.0,16.0,-36.0,0.0,100,0,7,494,1.0,0.9345794392523364,0.966183574879227,0.0,0.06542056074766354,100,0,7,494,1.0,0.9345794392523364,0.966183574879227,0.0,0.06542056074766354,90,259,17,235,0.25787965616045844,0.8411214953271028,0.3947368421052631,0.5242914979757085,0.1588785046728972,ILLUSTRATIVE - not derived from operator financial data,1558.53,1331.09,227.44,14.6,False,False,1.7,1.785
leo_ntn,leo_pointing,14,UT00,pointing_attitude,False,34.0,200.0,25.0,43.0,43.0,12,0,True,True,False,False,175.0,175.0,200.0,234.0,240.0,216.0,234.0,,,59.0,34.0,41.0,16.0,-18.0,25.0,100,12,7,482,0.8928571428571429,0.9345794392523364,0.91324200913242,0.024291497975708502,0.06542056074766354,100,0,7,494,1.0,0.9345794392523364,0.966183574879227,0.0,0.06542056074766354,94,273,13,221,0.2561307901907357,0.8785046728971962,0.3966244725738397,0.5526315789473685,0.12149532710280374,ILLUSTRATIVE - not derived from operator financial data,1596.6,1447.88,148.72,9.3,False,False,1.7,1.785
leo_ntn,leo_pointing,15,UT00,pointing_attitude,False,16.0,200.0,0.0,49.0,36.0,3,0,True,True,False,False,175.0,200.0,200.0,216.0,222.0,216.0,216.0,,,16.0,16.0,16.0,16.0,0.0,0.0,100,3,7,491,0.970873786407767,0.9345794392523364,0.9523809523809522,0.006072874493927126,0.06542056074766354,100,0,7,494,1.0,0.9345794392523364,0.966183574879227,0.0,0.06542056074766354,98,287,9,207,0.2545454545454545,0.9158878504672897,0.39837398373983735,0.5809716599190283,0.08411214953271028,ILLUSTRATIVE - not derived from operator financial data,1570.73,1500.75,69.98,4.5,False,False,1.7,1.785
leo_ntn,leo_pointing,1,UT00,pointing_attitude,False,41.0,198.0,25.0,0.0,98.0,3,0,True,True,False,False,175.0,173.0,175.0,216.0,222.0,216.0,216.0,,,43.0,41.0,43.0,41.0,0.0,2.0,102,4,5,490,0.9622641509433962,0.9532710280373832,0.9577464788732395,0.008097165991902834,0.04672897196261682,102,1,5,493,0.9902912621359223,0.9532710280373832,0.9714285714285714,0.0020242914979757085,0.04672897196261682,98,287,9,207,0.2545454545454545,0.9158878504672897,0.39837398373983735,0.5809716599190283,0.08411214953271028,ILLUSTRATIVE - not derived from operator financial data,1827.73,1722.94,104.79,5.7,False,False,2.2,2.3100000000000005
leo_ntn,leo_pointing,2,UT00,pointing_attitude,False,16.0,200.0,67.0,0.0,98.0,19,0,True,True,False,False,175.0,133.0,200.0,216.0,222.0,216.0,216.0,,,83.0,16.0,83.0,16.0,0.0,67.0,100,19,7,475,0.8403361344537815,0.9345794392523364,0.8849557522123893,0.038461538461538464,0.06542056074766354,100,0,7,494,1.0,0.9345794392523364,0.966183574879227,0.0,0.06542056074766354,98,287,9,207,0.2545454545454545,0.9158878504672897,0.39837398373983735,0.5809716599190283,0.08411214953271028,ILLUSTRATIVE - not derived from operator financial data,1827.73,1786.84,40.89,2.2,False,False,2.2,2.3100000000000005
leo_ntn,leo_pointing,3,UT00,pointing_attitude,False,16.0,200.0,0.0,0.0,98.0,8,0,True,True,False,False,175.0,200.0,200.0,216.0,222.0,216.0,216.0,,,16.0,16.0,16.0,16.0,0.0,0.0,100,8,7,486,0.9259259259259259,0.9345794392523364,0.9302325581395349,0.016194331983805668,0.06542056074766354,100,0,7,494,1.0,0.9345794392523364,0.966183574879227,0.0,0.06542056074766354,98,287,9,207,0.2545454545454545,0.9158878504672897,0.39837398373983735,0.5809716599190283,0.08411214953271028,ILLUSTRATIVE - not derived from operator financial data,1827.73,1786.84,40.89,2.2,False,False,2.2,2.3100000000000005
leo_ntn,leo_pointing,4,UT00,pointing_attitude,False,18.0,198.0,41.0,0.0,98.0,20,1,True,True,False,False,175.0,157.0,198.0,216.0,222.0,216.0,216.0,,,59.0,18.0,59.0,18.0,0.0,41.0,102,21,5,473,0.8292682926829268,0.9532710280373832,0.8869565217391304,0.04251012145748988,0.04672897196261682,102,0,5,494,1.0,0.9532710280373832,0.9760765550239235,0.0,0.04672897196261682,98,287,9,207,0.2545454545454545,0.9158878504672897,0.39837398373983735,0.5809716599190283,0.08411214953271028,ILLUSTRATIVE - not derived from operator financial data,1827.73,1781.73,46.0,2.5,False,False,2.2,2.3100000000000005
leo_ntn,leo_pointing,5,UT00,pointing_attitude,False,32.0,184.0,0.0,0.0,98.0,0,0,True,True,False,False,175.0,184.0,184.0,216.0,222.0,216.0,216.0,,,32.0,32.0,32.0,32.0,0.0,0.0,103,0,4,494,1.0,0.9626168224299065,0.9809523809523809,0.0,0.037383177570093455,103,0,4,494,1.0,0.9626168224299065,0.9809523809523809,0.0,0.037383177570093455,98,287,9,207,0.2545454545454545,0.9158878504672897,0.39837398373983735,0.5809716599190283,0.08411214953271028,ILLUSTRATIVE - not derived from operator financial data,1827.73,1745.94,81.79,4.5,False,False,2.2,2.3100000000000005
leo_ntn,leo_pointing,6,UT00,pointing_attitude,False,16.0,200.0,0.0,0.0,98.0,0,0,True,True,False,False,175.0,200.0,200.0,216.0,222.0,216.0,216.0,,,16.0,16.0,16.0,16.0,0.0,0.0,100,0,7,494,1.0,0.9345794392523364,0.966183574879227,0.0,0.06542056074766354,100,0,7,494,1.0,0.9345794392523364,0.966183574879227,0.0,0.06542056074766354,98,287,9,207,0.2545454545454545,0.9158878504672897,0.39837398373983735,0.5809716599190283,0.08411214953271028,ILLUSTRATIVE - not derived from operator financial data,1827.73,1786.84,40.89,2.2,False,False,2.2,2.3100000000000005
leo_ntn,leo_pointing,7,UT00,pointing_attitude,False,16.0,200.0,0.0,0.0,98.0,5,0,True,True,False,False,175.0,200.0,200.0,216.0,222.0,216.0,216.0,,,16.0,16.0,16.0,16.0,0.0,0.0,100,5,7,489,0.9523809523809523,0.9345794392523364,0.9433962264150944,0.010121457489878543,0.06542056074766354,100,0,7,494,1.0,0.9345794392523364,0.966183574879227,0.0,0.06542056074766354,98,287,9,207,0.2545454545454545,0.9158878504672897,0.39837398373983735,0.5809716599190283,0.08411214953271028,ILLUSTRATIVE - not derived from operator financial data,1827.73,1786.84,40.89,2.2,False,False,2.2,2.3100000000000005
leo_ntn,leo_pointing,8,UT00,pointing_attitude,False,16.0,200.0,0.0,0.0,98.0,0,0,True,True,False,False,175.0,200.0,200.0,216.0,222.0,216.0,216.0,,,16.0,16.0,16.0,16.0,0.0,0.0,100,0,7,494,1.0,0.9345794392523364,0.966183574879227,0.0,0.06542056074766354,100,0,7,494,1.0,0.9345794392523364,0.966183574879227,0.0,0.06542056074766354,98,287,9,207,0.2545454545454545,0.9158878504672897,0.39837398373983735,0.5809716599190283,0.08411214953271028,ILLUSTRATIVE - not derived from operator financial data,1827.73,1786.84,40.89,2.2,False,False,2.2,2.3100000000000005
leo_ntn,leo_pointing,9,UT00,pointing_attitude,False,16.0,200.0,0.0,0.0,98.0,0,0,True,True,False,False,175.0,200.0,200.0,216.0,222.0,216.0,216.0,,,16.0,16.0,16.0,16.0,0.0,0.0,100,0,7,494,1.0,0.9345794392523364,0.966183574879227,0.0,0.06542056074766354,100,0,7,494,1.0,0.9345794392523364,0.966183574879227,0.0,0.06542056074766354,98,287,9,207,0.2545454545454545,0.9158878504672897,0.39837398373983735,0.5809716599190283,0.08411214953271028,ILLUSTRATIVE - not derived from operator financial data,1827.73,1786.84,40.89,2.2,False,False,2.2,2.3100000000000005
leo_ntn,leo_pointing,10,UT00,pointing_attitude,False,16.0,200.0,0.0,0.0,98.0,0,0,True,True,False,False,175.0,200.0,200.0,216.0,222.0,216.0,216.0,,,16.0,16.0,16.0,16.0,0.0,0.0,100,0,7,494,1.0,0.9345794392523364,0.966183574879227,0.0,0.06542056074766354,100,0,7,494,1.0,0.9345794392523364,0.966183574879227,0.0,0.06542056074766354,98,287,9,207,0.2545454545454545,0.9158878504672897,0.39837398373983735,0.5809716599190283,0.08411214953271028,ILLUSTRATIVE - not derived from operator financial data,1827.73,1786.84,40.89,2.2,False,False,2.2,2.3100000000000005
leo_ntn,leo_pointing,11,UT00,pointing_attitude,False,16.0,200.0,0.0,0.0,98.0,0,0,True,True,False,False,175.0,200.0,200.0,216.0,222.0,216.0,216.0,,,16.0,16.0,16.0,16.0,0.0,0.0,100,0,7,494,1.0,0.9345794392523364,0.966183574879227,0.0,0.06542056074766354,100,0,7,494,1.0,0.9345794392523364,0.966183574879227,0.0,0.06542056074766354,98,287,9,207,0.2545454545454545,0.9158878504672897,0.39837398373983735,0.5809716599190283,0.08411214953271028,ILLUSTRATIVE - not derived from operator financial data,1827.73,1786.84,40.89,2.2,False,False,2.2,2.3100000000000005
leo_ntn,leo_pointing,12,UT00,pointing_attitude,False,17.0,199.0,0.0,0.0,98.0,0,0,True,True,False,False,175.0,199.0,199.0,216.0,222.0,216.0,216.0,,,17.0,17.0,17.0,17.0,0.0,0.0,101,0,6,494,1.0,0.9439252336448598,0.9711538461538461,0.0,0.056074766355140186,101,0,6,494,1.0,0.9439252336448598,0.9711538461538461,0.0,0.056074766355140186,98,287,9,207,0.2545454545454545,0.9158878504672897,0.39837398373983735,0.5809716599190283,0.08411214953271028,ILLUSTRATIVE - not derived from operator financial data,1827.73,1784.28,43.45,2.4,False,False,2.2,2.3100000000000005
leo_ntn,leo_pointing,13,UT00,pointing_attitude,False,16.0,200.0,0.0,0.0,98.0,0,0,True,True,False,False,175.0,200.0,200.0,216.0,222.0,216.0,216.0,,,16.0,16.0,16.0,16.0,0.0,0.0,100,0,7,494,1.0,0.9345794392523364,0.966183574879227,0.0,0.06542056074766354,100,0,7,494,1.0,0.9345794392523364,0.966183574879227,0.0,0.06542056074766354,98,287,9,207,0.2545454545454545,0.9158878504672897,0.39837398373983735,0.5809716599190283,0.08411214953271028,ILLUSTRATIVE - not derived from operator financial data,1827.73,1786.84,40.89,2.2,False,False,2.2,2.3100000000000005
leo_ntn,leo_pointing,14,UT00,pointing_attitude,False,16.0,200.0,25.0,0.0,98.0,12,0,True,True,False,False,175.0,175.0,200.0,216.0,222.0,216.0,216.0,,,41.0,16.0,41.0,16.0,0.0,25.0,100,12,7,482,0.8928571428571429,0.9345794392523364,0.91324200913242,0.024291497975708502,0.06542056074766354,100,0,7,494,1.0,0.9345794392523364,0.966183574879227,0.0,0.06542056074766354,98,287,9,207,0.2545454545454545,0.9158878504672897,0.39837398373983735,0.5809716599190283,0.08411214953271028,ILLUSTRATIVE - not derived from operator financial data,1827.73,1786.84,40.89,2.2,False,False,2.2,2.3100000000000005
leo_ntn,leo_pointing,15,UT00,pointing_attitude,False,16.0,200.0,0.0,0.0,98.0,3,0,True,True,False,False,175.0,200.0,200.0,216.0,222.0,216.0,216.0,,,16.0,16.0,16.0,16.0,0.0,0.0,100,3,7,491,0.970873786407767,0.9345794392523364,0.9523809523809522,0.006072874493927126,0.06542056074766354,100,0,7,494,1.0,0.9345794392523364,0.966183574879227,0.0,0.06542056074766354,98,287,9,207,0.2545454545454545,0.9158878504672897,0.39837398373983735,0.5809716599190283,0.08411214953271028,ILLUSTRATIVE - not derived from operator financial data,1827.73,1786.84,40.89,2.2,False,False,2.2,2.3100000000000005
leo_ntn,leo_gateway_side,1,UT00,gateway_side,False,41.0,209.0,36.0,0.0,0.0,48,0,True,True,False,False,180.0,173.0,175.0,216.0,222.0,,,,,43.0,41.0,,,,2.0,227,3,193,178,0.9869565217391304,0.5404761904761904,0.6984615384615384,0.016574585635359115,0.4595238095238095,181,1,239,180,0.9945054945054945,0.430952380952381,0.6013289036544851,0.0055248618784530384,0.569047619047619,385,0,35,181,1.0,0.9166666666666666,0.9565217391304348,0.0,0.08333333333333333,ILLUSTRATIVE - not derived from operator financial data,900.0,900.0,0.0,0.0,False,False,0.4,2.8000000000000003
leo_ntn,leo_gateway_side,2,UT00,gateway_side,False,7.0,203.0,70.0,0.0,0.0,88,0,True,True,False,False,180.0,133.0,203.0,210.0,216.0,,,,,77.0,7.0,,,,70.0,311,3,109,178,0.9904458598726115,0.7404761904761905,0.8474114441416893,0.016574585635359115,0.25952380952380955,226,0,194,181,1.0,0.5380952380952381,0.6996904024767803,0.0,0.46190476190476193,391,0,29,181,1.0,0.930952380952381,0.9642416769420469,0.0,0.06904761904761905,ILLUSTRATIVE - not derived from operator financial data,900.0,900.0,0.0,0.0,False,False,0.4,2.8000000000000003
leo_ntn,leo_gateway_side,3,UT00,gateway_side,False,7.0,200.0,0.0,0.0,0.0,40,0,True,True,False,False,180.0,200.0,200.0,207.0,213.0,,,,,7.0,7.0,,,,0.0,214,0,206,181,1.0,0.5095238095238095,0.6750788643533123,0.0,0.49047619047619045,174,0,246,181,1.0,0.4142857142857143,0.5858585858585859,0.0,0.5857142857142857,394,0,26,181,1.0,0.9380952380952381,0.9680589680589681,0.0,0.06190476190476191,ILLUSTRATIVE - not derived from operator financial data,900.0,900.0,0.0,0.0,False,False,0.4,2.8000000000000003
leo_ntn,leo_gateway_side,4,UT00,gateway_side,False,21.0,200.0,43.0,0.0,0.0,58,0,True,True,False,False,180.0,157.0,200.0,221.0,227.0,,,,,64.0,21.0,,,,43.0,302,8,118,173,0.9741935483870968,0.719047619047619,0.8273972602739726,0.04419889502762431,0.28095238095238095,252,0,168,181,1.0,0.6,0.7499999999999999,0.0,0.4,380,0,40,181,1.0,0.9047619047619048,0.9500000000000001,0.0,0.09523809523809523,ILLUSTRATIVE - not derived from operator financial data,900.0,900.0,0.0,0.0,False,False,0.4,2.8000000000000003
leo_ntn,leo_gateway_side,5,UT00,gateway_side,False,15.0,202.0,0.0,0.0,0.0,23,0,True,True,False,False,180.0,202.0,202.0,217.0,223.0,,,,,15.0,15.0,,,,0.0,277,0,143,181,1.0,0.6595238095238095,0.7948350071736012,0.0,0.3404761904761905,254,0,166,181,1.0,0.6047619047619047,0.7537091988130563,0.0,0.3952380952380952,384,0,36,181,1.0,0.9142857142857143,0.955223880597015,0.0,0.08571428571428572,ILLUSTRATIVE - not derived from operator financial data,900.0,900.0,0.0,0.0,False,False,0.4,2.8000000000000003
leo_ntn,leo_gateway_side,6,UT00,gateway_side,False,8.0,204.0,0.0,0.0,0.0,69,0,True,True,False,False,180.0,204.0,204.0,212.0,218.0,,,,,8.0,8.0,,,,0.0,231,0,189,181,1.0,0.55,0.7096774193548387,0.0,0.45,162,0,258,181,1.0,0.38571428571428573,0.5567010309278351,0.0,0.6142857142857143,389,0,31,181,1.0,0.9261904761904762,0.96168108776267,0.0,0.07380952380952381,ILLUSTRATIVE - not derived from operator financial data,900.0,900.0,0.0,0.0,False,False,0.4,2.8000000000000003
leo_ntn,leo_gateway_side,7,UT00,gateway_side,False,20.0,204.0,9.0,0.0,0.0,70,0,True,True,False,False,180.0,195.0,204.0,224.0,230.0,,,,,29.0,20.0,,,,9.0,347,0,73,181,1.0,0.8261904761904761,0.9048239895697523,0.0,0.1738095238095238,277,0,143,181,1.0,0.6595238095238095,0.7948350071736012,0.0,0.3404761904761905,377,0,43,181,1.0,0.8976190476190476,0.9460476787954831,0.0,0.10238095238095238,ILLUSTRATIVE - not derived from operator financial data,900.0,900.0,0.0,0.0,False,False,0.4,2.8000000000000003
leo_ntn,leo_gateway_side,8,UT00,gateway_side,False,18.0,201.0,1.0,0.0,0.0,77,0,True,True,False,False,180.0,200.0,201.0,219.0,225.0,,,,,19.0,18.0,,,,1.0,266,0,154,181,1.0,0.6333333333333333,0.7755102040816326,0.0,0.36666666666666664,189,0,231,181,1.0,0.45,0.6206896551724138,0.0,0.55,382,0,38,181,1.0,0.9095238095238095,0.9526184538653367,0.0,0.09047619047619047,ILLUSTRATIVE - not derived from operator financial data,900.0,900.0,0.0,0.0,False,False,0.4,2.8000000000000003
leo_ntn,leo_gateway_side,9,UT00,gateway_side,False,7.0,209.0,0.0,0.0,0.0,122,2,True,True,False,False,180.0,209.0,209.0,216.0,222.0,,,,,7.0,7.0,,,,0.0,195,0,225,181,1.0,0.4642857142857143,0.6341463414634146,0.0,0.5357142857142857,71,0,349,181,1.0,0.16904761904761906,0.2892057026476578,0.0,0.830952380952381,385,0,35,181,1.0,0.9166666666666666,0.9565217391304348,0.0,0.08333333333333333,ILLUSTRATIVE - not derived from operator financial data,900.0,900.0,0.0,0.0,False,False,0.4,2.8000000000000003
leo_ntn,leo_gateway_side,10,UT00,gateway_side,False,16.0,209.0,0.0,0.0,0.0,34,0,True,True,False,False,180.0,209.0,209.0,225.0,231.0,,,,,16.0,16.0,,,,0.0,331,0,89,181,1.0,0.7880952380952381,0.881491344873502,0.0,0.2119047619047619,297,0,123,181,1.0,0.7071428571428572,0.8284518828451882,0.0,0.29285714285714287,376,0,44,181,1.0,0.8952380952380953,0.9447236180904524,0.0,0.10476190476190476,ILLUSTRATIVE - not derived from operator financial data,900.0,900.0,0.0,0.0,False,False,0.4,2.8000000000000003
leo_ntn,leo_gateway_side,11,UT00,gateway_side,False,3.0,214.0,10.0,0.0,0.0,84,0,True,True,False,False,180.0,204.0,214.0,217.0,223.0,,,,,13.0,3.0,,,,10.0,294,0,126,181,1.0,0.7,0.8235294117647058,0.0,0.3,210,0,210,181,1.0,0.5,0.6666666666666666,0.0,0.5,384,0,36,181,1.0,0.9142857142857143,0.955223880597015,0.0,0.08571428571428572,ILLUSTRATIVE - not derived from operator financial data,900.0,900.0,0.0,0.0,False,False,0.4,2.8000000000000003
leo_ntn,leo_gateway_side,12,UT00,gateway_side,False,10.0,215.0,27.0,0.0,0.0,158,0,True,True,False,False,180.0,188.0,215.0,225.0,231.0,,,,,37.0,10.0,,,,27.0,273,0,147,181,1.0,0.65,0.787878787878788,0.0,0.35,115,0,305,181,1.0,0.27380952380952384,0.4299065420560748,0.0,0.7261904761904762,376,0,44,181,1.0,0.8952380952380953,0.9447236180904524,0.0,0.10476190476190476,ILLUSTRATIVE - not derived from operator financial data,900.0,900.0,0.0,0.0,False,False,0.4,2.8000000000000003
leo_ntn,leo_gateway_side,13,UT00,gateway_side,False,8.0,205.0,1.0,0.0,0.0,52,0,True,True,False,False,180.0,204.0,205.0,213.0,219.0,,,,,9.0,8.0,,,,1.0,257,0,163,181,1.0,0.611904761904762,0.7592319054652881,0.0,0.3880952380952381,205,0,215,181,1.0,0.4880952380952381,0.6559999999999999,0.0,0.5119047619047619,388,0,32,181,1.0,0.9238095238095239,0.9603960396039605,0.0,0.0761904761904762,ILLUSTRATIVE - not derived from operator financial data,900.0,900.0,0.0,0.0,False,False,0.4,2.8000000000000003
leo_ntn,leo_gateway_side,14,UT00,gateway_side,False,16.0,204.0,29.0,0.0,0.0,42,0,True,True,False,False,180.0,175.0,204.0,220.0,226.0,,,,,45.0,16.0,,,,29.0,298,1,122,180,0.9966555183946488,0.7095238095238096,0.8289290681502087,0.0055248618784530384,0.2904761904761905,257,0,163,181,1.0,0.611904761904762,0.7592319054652881,0.0,0.3880952380952381,381,0,39,181,1.0,0.9071428571428571,0.9513108614232211,0.0,0.09285714285714286,ILLUSTRATIVE - not derived from operator financial data,900.0,900.0,0.0,0.0,False,False,0.4,2.8000000000000003
leo_ntn,leo_gateway_side,15,UT00,gateway_side,False,10.0,203.0,0.0,0.0,0.0,39,0,True,True,False,False,180.0,203.0,203.0,213.0,219.0,,,,,10.0,10.0,,,,0.0,171,0,249,181,1.0,0.40714285714285714,0.5786802030456853,0.0,0.5928571428571429,132,0,288,181,1.0,0.3142857142857143,0.4782608695652174,0.0,0.6857142857142857,388,0,32,181,1.0,0.9238095238095239,0.9603960396039605,0.0,0.0761904761904762,ILLUSTRATIVE - not derived from operator financial data,900.0,900.0,0.0,0.0,False,False,0.4,2.8000000000000003
leo_ntn,leo_gateway_side,1,UT00,gateway_side,False,36.0,200.0,27.0,0.0,0.0,13,0,True,True,False,False,180.0,173.0,175.0,211.0,217.0,,,,,38.0,36.0,,,,2.0,404,3,16,178,0.9926289926289926,0.9619047619047619,0.9770253929866989,0.016574585635359115,0.0380952380952381,393,1,27,180,0.9974619289340102,0.9357142857142857,0.9656019656019657,0.0055248618784530384,0.06428571428571428,390,0,30,181,1.0,0.9285714285714286,0.962962962962963,0.0,0.07142857142857142,ILLUSTRATIVE - not derived from operator financial data,900.0,900.0,0.0,0.0,False,False,0.6,4.2
leo_ntn,leo_gateway_side,2,UT00,gateway_side,False,6.0,201.0,68.0,0.0,0.0,24,0,True,True,False,False,180.0,133.0,201.0,207.0,213.0,,,,,74.0,6.0,,,,68.0,401,3,19,178,0.9925742574257426,0.9547619047619048,0.9733009708737865,0.016574585635359115,0.04523809523809524,380,0,40,181,1.0,0.9047619047619048,0.9500000000000001,0.0,0.09523809523809523,394,0,26,181,1.0,0.9380952380952381,0.9680589680589681,0.0,0.06190476190476191,ILLUSTRATIVE - not derived from operator financial data,900.0,900.0,0.0,0.0,False,False,0.6,4.2
leo_ntn,leo_gateway_side,3,UT00,gateway_side,False,9.0,197.0,1.0,0.0,0.0,1,0,True,True,False,False,180.0,196.0,197.0,206.0,212.0,,,,,10.0,9.0,,,,1.0,367,0,53,181,1.0,0.8738095238095238,0.9326556543837357,0.0,0.1261904761904762,366,0,54,181,1.0,0.8714285714285714,0.9312977099236641,0.0,0.12857142857142856,395,0,25,181,1.0,0.9404761904761905,0.9693251533742331,0.0,0.05952380952380952,ILLUSTRATIVE - not derived from operator financial data,900.0,900.0,0.0,0.0,False,False,0.6,4.2
leo_ntn,leo_gateway_side,4,UT00,gateway_side,False,8.0,199.0,42.0,0.0,0.0,15,0,True,True,False,False,180.0,157.0,199.0,207.0,213.0,,,,,50.0,8.0,,,,42.0,394,8,26,173,0.9800995024875622,0.9380952380952381,0.9586374695863747,0.04419889502762431,0.06190476190476191,387,0,33,181,1.0,0.9214285714285714,0.9591078066914498,0.0,0.07857142857142857,394,0,26,181,1.0,0.9380952380952381,0.9680589680589681,0.0,0.06190476190476191,ILLUSTRATIVE - not derived from operator financial data,900.0,900.0,0.0,0.0,False,False,0.6,4.2
leo_ntn,leo_gateway_side,5,UT00,gateway_side,False,15.0,198.0,0.0,0.0,0.0,0,0,True,True,False,False,180.0,198.0,198.0,213.0,219.0,,,,,15.0,15.0,,,,0.0,375,0,45,181,1.0,0.8928571428571429,0.9433962264150945,0.0,0.10714285714285714,375,0,45,181,1.0,0.8928571428571429,0.9433962264150945,0.0,0.10714285714285714,388,0,32,181,1.0,0.9238095238095239,0.9603960396039605,0.0,0.0761904761904762,ILLUSTRATIVE - not derived from operator financial data,900.0,900.0,0.0,0.0,False,False,0.6,4.2
leo_ntn,leo_gateway_side,6,UT00,gateway_side,False,5.0,201.0,4.0,0.0,0.0,9,0,True,True,False,False,180.0,197.0,201.0,206.0,212.0,,,,,9.0,5.0,,,,4.0,384,0,36,181,1.0,0.9142857142857143,0.955223880597015,0.0,0.08571428571428572,375,0,45,181,1.0,0.8928571428571429,0.9433962264150945,0.0,0.10714285714285714,395,0,25,181,1.0,0.9404761904761905,0.9693251533742331,0.0,0.05952380952380952,ILLUSTRATIVE - not derived from operator financial data,900.0,900.0,0.0,0.0,False,False,0.6,4.2
leo_ntn,leo_gateway_side,7,UT00,gateway_side,False,16.0,195.0,0.0,0.0,0.0,3,0,True,True,False,False,180.0,195.0,195.0,211.0,217.0,,,,,16.0,16.0,,,,0.0,400,0,20,181,1.0,0.9523809523809523,0.975609756097561,0.0,0.047619047619047616,397,0,23,181,1.0,0.9452380952380952,0.9718482252141982,0.0,0.05476190476190476,390,0,30,181,1.0,0.9285714285714286,0.962962962962963,0.0,0.07142857142857142,ILLUSTRATIVE - not derived from operator financial data,900.0,900.0,0.0,0.0,False,False,0.6,4.2
leo_ntn,leo_gateway_side,8,UT00,gateway_side,False,8.0,200.0,0.0,0.0,0.0,3,0,True,True,False,False,180.0,200.0,200.0,208.0,214.0,,,,,8.0,8.0,,,,0.0,389,0,31,181,1.0,0.9261904761904762,0.96168108776267,0.0,0.07380952380952381,386,0,34,181,1.0,0.919047619047619,0.9578163771712159,0.0,0.08095238095238096,393,0,27,181,1.0,0.9357142857142857,0.966789667896679,0.0,0.06428571428571428,ILLUSTRATIVE - not derived from operator financial data,900.0,900.0,0.0,0.0,False,False,0.6,4.2
leo_ntn,leo_gateway_side,9,UT00,gateway_side,False,7.0,204.0,0.0,0.0,0.0,26,0,True,True,False,False,180.0,204.0,204.0,211.0,217.0,,,,,7.0,7.0,,,,0.0,389,0,31,181,1.0,0.9261904761904762,0.96168108776267,0.0,0.07380952380952381,363,0,57,181,1.0,0.8642857142857143,0.9272030651340997,0.0,0.1357142857142857,390,0,30,181,1.0,0.9285714285714286,0.962962962962963,0.0,0.07142857142857142,ILLUSTRATIVE - not derived from operator financial data,900.0,900.0,0.0,0.0,False,False,0.6,4.2
leo_ntn,leo_gateway_side,10,UT00,gateway_side,False,15.0,204.0,0.0,0.0,0.0,3,0,True,True,False,False,180.0,204.0,204.0,219.0,225.0,,,,,15.0,15.0,,,,0.0,389,0,31,181,1.0,0.9261904761904762,0.96168108776267,0.0,0.07380952380952381,386,0,34,181,1.0,0.919047619047619,0.9578163771712159,0.0,0.08095238095238096,382,0,38,181,1.0,0.9095238095238095,0.9526184538653367,0.0,0.09047619047619047,ILLUSTRATIVE - not derived from operator financial data,900.0,900.0,0.0,0.0,False,False,0.6,4.2
leo_ntn,leo_gateway_side,11,UT00,gateway_side,False,8.0,204.0,3.0,0.0,0.0,7,0,True,True,False,False,180.0,201.0,204.0,212.0,218.0,,,,,11.0,8.0,,,,3.0,391,0,29,181,1.0,0.930952380952381,0.9642416769420469,0.0,0.06904761904761905,384,0,36,181,1.0,0.9142857142857143,0.955223880597015,0.0,0.08571428571428572,389,0,31,181,1.0,0.9261904761904762,0.96168108776267,0.0,0.07380952380952381,ILLUSTRATIVE - not derived from operator financial data,900.0,900.0,0.0,0.0,False,False,0.6,4.2
leo_ntn,leo_gateway_side,12,UT00,gateway_side,False,14.0,202.0,14.0,0.0,0.0,31,0,True,True,False,False,180.0,188.0,202.0,216.0,222.0,,,,,28.0,14.0,,,,14.0,396,0,24,181,1.0,0.9428571428571428,0.9705882352941176,0.0,0.05714285714285714,365,0,55,181,1.0,0.8690476190476191,0.9299363057324841,0.0,0.13095238095238096,385,0,35,181,1.0,0.9166666666666666,0.9565217391304348,0.0,0.08333333333333333,ILLUSTRATIVE - not derived from operator financial data,900.0,900.0,0.0,0.0,False,False,0.6,4.2
leo_ntn,leo_gateway_side,13,UT00,gateway_side,False,8.0,204.0,0.0,0.0,0.0,2,0,True,True,False,False,180.0,204.0,204.0,212.0,218.0,,,,,8.0,8.0,,,,0.0,376,0,44,181,1.0,0.8952380952380953,0.9447236180904524,0.0,0.10476190476190476,374,0,46,181,1.0,0.8904761904761904,0.9420654911838791,0.0,0.10952380952380952,389,0,31,181,1.0,0.9261904761904762,0.96168108776267,0.0,0.07380952380952381,ILLUSTRATIVE - not derived from operator financial data,900.0,900.0,0.0,0.0,False,False,0.6,4.2
leo_ntn,leo_gateway_side,14,UT00,gateway_side,False,8.0,204.0,29.0,0.0,0.0,1,0,True,True,False,False,180.0,175.0,204.0,212.0,218.0,,,,,37.0,8.0,,,,29.0,385,1,35,180,0.9974093264248705,0.9166666666666666,0.9553349875930521,0.0055248618784530384,0.08333333333333333,385,0,35,181,1.0,0.9166666666666666,0.9565217391304348,0.0,0.08333333333333333,389,0,31,181,1.0,0.9261904761904762,0.96168108776267,0.0,0.07380952380952381,ILLUSTRATIVE - not derived from operator financial data,900.0,900.0,0.0,0.0,False,False,0.6,4.2
leo_ntn,leo_gateway_side,15,UT00,gateway_side,False,8.0,203.0,0.0,0.0,0.0,5,0,True,True,False,False,180.0,203.0,203.0,211.0,217.0,,,,,8.0,8.0,,,,0.0,378,0,42,181,1.0,0.9,0.9473684210526316,0.0,0.1,373,0,47,181,1.0,0.888095238095238,0.9407313997477932,0.0,0.11190476190476191,390,0,30,181,1.0,0.9285714285714286,0.962962962962963,0.0,0.07142857142857142,ILLUSTRATIVE - not derived from operator financial data,900.0,900.0,0.0,0.0,False,False,0.6,4.2
leo_ntn,leo_gateway_side,1,UT00,gateway_side,False,32.0,192.0,19.0,0.0,0.0,9,0,True,True,False,False,180.0,173.0,175.0,207.0,213.0,,,,,34.0,32.0,,,,2.0,407,3,13,178,0.9926829268292683,0.969047619047619,0.9807228915662649,0.016574585635359115,0.030952380952380953,400,1,20,180,0.9975062344139651,0.9523809523809523,0.97442143727162,0.0055248618784530384,0.047619047619047616,394,0,26,181,1.0,0.9380952380952381,0.9680589680589681,0.0,0.06190476190476191,ILLUSTRATIVE - not derived from operator financial data,900.0,900.0,0.0,0.0,False,False,0.8,5.6000000000000005
leo_ntn,leo_gateway_side,2,UT00,gateway_side,False,10.0,195.0,62.0,0.0,0.0,6,0,True,True,False,False,180.0,133.0,195.0,205.0,211.0,,,,,72.0,10.0,,,,62.0,405,3,15,178,0.9926470588235294,0.9642857142857143,0.9782608695652174,0.016574585635359115,0.03571428571428571,402,0,18,181,1.0,0.9571428571428572,0.9781021897810218,0.0,0.04285714285714286,396,0,24,181,1.0,0.9428571428571428,0.9705882352941176,0.0,0.05714285714285714,ILLUSTRATIVE - not derived from operator financial data,900.0,900.0,0.0,0.0,False,False,0.8,5.6000000000000005
leo_ntn,leo_gateway_side,3,UT00,gateway_side,False,8.0,195.0,0.0,0.0,0.0,0,0,True,True,False,False,180.0,195.0,195.0,203.0,209.0,,,,,8.0,8.0,,,,0.0,400,0,20,181,1.0,0.9523809523809523,0.975609756097561,0.0,0.047619047619047616,400,0,20,181,1.0,0.9523809523809523,0.975609756097561,0.0,0.047619047619047616,398,0,22,181,1.0,0.9476190476190476,0.9731051344743276,0.0,0.05238095238095238,ILLUSTRATIVE - not derived from operator financial data,900.0,900.0,0.0,0.0,False,False,0.8,5.6000000000000005
leo_ntn,leo_gateway_side,4,UT00,gateway_side,False,15.0,192.0,35.0,0.0,0.0,15,0,True,True,False,False,180.0,157.0,192.0,207.0,213.0,,,,,50.0,15.0,,,,35.0,406,8,14,173,0.9806763285024155,0.9666666666666667,0.973621103117506,0.04419889502762431,0.03333333333333333,399,0,21,181,1.0,0.95,0.9743589743589743,0.0,0.05,394,0,26,181,1.0,0.9380952380952381,0.9680589680589681,0.0,0.06190476190476191,ILLUSTRATIVE - not derived from operator financial data,900.0,900.0,0.0,0.0,False,False,0.8,5.6000000000000005
leo_ntn,leo_gateway_side,5,UT00,gateway_side,False,14.0,197.0,9.0,0.0,0.0,1,0,True,True,False,False,180.0,188.0,197.0,211.0,217.0,,,,,23.0,14.0,,,,9.0,403,0,17,181,1.0,0.9595238095238096,0.9793438639125152,0.0,0.04047619047619048,402,0,18,181,1.0,0.9571428571428572,0.9781021897810218,0.0,0.04285714285714286,390,0,30,181,1.0,0.9285714285714286,0.962962962962963,0.0,0.07142857142857142,ILLUSTRATIVE - not derived from operator financial data,900.0,900.0,0.0,0.0,False,False,0.8,5.6000000000000005
leo_ntn,leo_gateway_side,6,UT00,gateway_side,False,10.0,195.0,0.0,0.0,0.0,2,0,True,True,False,False,180.0,195.0,195.0,205.0,211.0,,,,,10.0,10.0,,,,0.0,402,0,18,181,1.0,0.9571428571428572,0.9781021897810218,0.0,0.04285714285714286,400,0,20,181,1.0,0.9523809523809523,0.975609756097561,0.0,0.047619047619047616,396,0,24,181,1.0,0.9428571428571428,0.9705882352941176,0.0,0.05714285714285714,ILLUSTRATIVE - not derived from operator financial data,900.0,900.0,0.0,0.0,False,False,0.8,5.6000000000000005
leo_ntn,leo_gateway_side,7,UT00,gateway_side,False,11.0,195.0,0.0,0.0,0.0,1,0,True,True,False,False,180.0,195.0,195.0,206.0,212.0,,,,,11.0,11.0,,,,0.0,401,0,19,181,1.0,0.9547619047619048,0.976857490864799,0.0,0.04523809523809524,400,0,20,181,1.0,0.9523809523809523,0.975609756097561,0.0,0.047619047619047616,395,0,25,181,1.0,0.9404761904761905,0.9693251533742331,0.0,0.05952380952380952,ILLUSTRATIVE - not derived from operator financial data,900.0,900.0,0.0,0.0,False,False,0.8,5.6000000000000005
leo_ntn,leo_gateway_side,8,UT00,gateway_side,False,9.0,197.0,0.0,0.0,0.0,2,0,True,True,False,False,180.0,197.0,197.0,206.0,212.0,,,,,9.0,9.0,,,,0.0,399,0,21,181,1.0,0.95,0.9743589743589743,0.0,0.05,397,0,23,181,1.0,0.9452380952380952,0.9718482252141982,0.0,0.05476190476190476,395,0,25,181,1.0,0.9404761904761905,0.9693251533742331,0.0,0.05952380952380952,ILLUSTRATIVE - not derived from operator financial data,900.0,900.0,0.0,0.0,False,False,0.8,5.6000000000000005
leo_ntn,leo_gateway_side,9,UT00,gateway_side,False,3.0,204.0,7.0,0.0,0.0,1,0,True,True,False,False,180.0,197.0,204.0,207.0,213.0,,,,,10.0,3.0,,,,7.0,395,0,25,181,1.0,0.9404761904761905,0.9693251533742331,0.0,0.05952380952380952,394,0,26,181,1.0,0.9380952380952381,0.9680589680589681,0.0,0.06190476190476191,394,0,26,181,1.0,0.9380952380952381,0.9680589680589681,0.0,0.06190476190476191,ILLUSTRATIVE - not derived from operator financial data,900.0,900.0,0.0,0.0,False,False,0.8,5.6000000000000005
leo_ntn,leo_gateway_side,10,UT00,gateway_side,False,14.0,200.0,0.0,0.0,0.0,2,0,True,True,False,False,180.0,200.0,200.0,214.0,220.0,,,,,14.0,14.0,,,,0.0,396,0,24,181,1.0,0.9428571428571428,0.9705882352941176,0.0,0.05714285714285714,394,0,26,181,1.0,0.9380952380952381,0.9680589680589681,0.0,0.06190476190476191,387,0,33,181,1.0,0.9214285714285714,0.9591078066914498,0.0,0.07857142857142857,ILLUSTRATIVE - not derived from operator financial data,900.0,900.0,0.0,0.0,False,False,0.8,5.6000000000000005
leo_ntn,leo_gateway_side,11,UT00,gateway_side,False,11.0,200.0,0.0,0.0,0.0,0,0,True,True,False,False,180.0,200.0,200.0,211.0,217.0,,,,,11.0,11.0,,,,0.0,396,0,24,181,1.0,0.9428571428571428,0.9705882352941176,0.0,0.05714285714285714,396,0,24,181,1.0,0.9428571428571428,0.9705882352941176,0.0,0.05714285714285714,390,0,30,181,1.0,0.9285714285714286,0.962962962962963,0.0,0.07142857142857142,ILLUSTRATIVE - not derived from operator financial data,900.0,900.0,0.0,0.0,False,False,0.8,5.6000000000000005
leo_ntn,leo_gateway_side,12,UT00,gateway_side,False,12.0,199.0,12.0,0.0,0.0,5,0,True,True,False,False,180.0,187.0,199.0,211.0,217.0,,,,,24.0,12.0,,,,12.0,404,0,16,181,1.0,0.9619047619047619,0.9805825242718447,0.0,0.0380952380952381,399,0,21,181,1.0,0.95,0.9743589743589743,0.0,0.05,390,0,30,181,1.0,0.9285714285714286,0.962962962962963,0.0,0.07142857142857142,ILLUSTRATIVE - not derived from operator financial data,900.0,900.0,0.0,0.0,False,False,0.8,5.6000000000000005
leo_ntn,leo_gateway_side,13,UT00,gateway_side,False,11.0,200.0,0.0,0.0,0.0,0,0,True,True,False,False,180.0,200.0,200.0,211.0,217.0,,,,,11.0,11.0,,,,0.0,396,0,24,181,1.0,0.9428571428571428,0.9705882352941176,0.0,0.05714285714285714,396,0,24,181,1.0,0.9428571428571428,0.9705882352941176,0.0,0.05714285714285714,390,0,30,181,1.0,0.9285714285714286,0.962962962962963,0.0,0.07142857142857142,ILLUSTRATIVE - not derived from operator financial data,900.0,900.0,0.0,0.0,False,False,0.8,5.6000000000000005
leo_ntn,leo_gateway_side,14,UT00,gateway_side,False,21.0,189.0,14.0,0.0,0.0,3,0,True,True,False,False,180.0,175.0,189.0,210.0,216.0,,,,,35.0,21.0,,,,14.0,401,1,19,180,0.9975124378109452,0.9547619047619048,0.9756690997566909,0.0055248618784530384,0.04523809523809524,399,0,21,181,1.0,0.95,0.9743589743589743,0.0,0.05,391,0,29,181,1.0,0.930952380952381,0.9642416769420469,0.0,0.06904761904761905,ILLUSTRATIVE - not derived from operator financial data,900.0,900.0,0.0,0.0,False,False,0.8,5.6000000000000005
leo_ntn,leo_gateway_side,15,UT00,gateway_side,False,10.0,197.0,0.0,0.0,0.0,0,0,True,True,False,False,180.0,197.0,197.0,207.0,213.0,,,,,10.0,10.0,,,,0.0,400,0,20,181,1.0,0.9523809523809523,0.975609756097561,0.0,0.047619047619047616,400,0,20,181,1.0,0.9523809523809523,0.975609756097561,0.0,0.047619047619047616,394,0,26,181,1.0,0.9380952380952381,0.9680589680589681,0.0,0.06190476190476191,ILLUSTRATIVE - not derived from operator financial data,900.0,900.0,0.0,0.0,False,False,0.8,5.6000000000000005
leo_ntn,leo_gateway_side,1,UT00,gateway_side,False,21.0,189.0,16.0,0.0,0.0,9,0,True,True,False,False,180.0,173.0,175.0,196.0,202.0,,,,,23.0,21.0,,,,2.0,413,3,7,178,0.9927884615384616,0.9833333333333333,0.9880382775119617,0.016574585635359115,0.016666666666666666,406,1,14,180,0.9975429975429976,0.9666666666666667,0.9818621523579203,0.0055248618784530384,0.03333333333333333,405,0,15,181,1.0,0.9642857142857143,0.9818181818181818,0.0,0.03571428571428571,ILLUSTRATIVE - not derived from operator financial data,900.0,900.0,0.0,0.0,False,False,1.0,7.0
leo_ntn,leo_gateway_side,2,UT00,gateway_side,False,15.0,187.0,54.0,3.0,0.0,6,0,True,True,False,False,180.0,133.0,187.0,202.0,208.0,440.0,,,,69.0,15.0,307.0,253.0,238.0,54.0,407,3,13,178,0.9926829268292683,0.969047619047619,0.9807228915662649,0.016574585635359115,0.030952380952380953,404,0,16,181,1.0,0.9619047619047619,0.9805825242718447,0.0,0.0380952380952381,399,0,21,181,1.0,0.95,0.9743589743589743,0.0,0.05,ILLUSTRATIVE - not derived from operator financial data,920.2,911.11,9.09,1.0,False,False,1.0,7.0
leo_ntn,leo_gateway_side,3,UT00,gateway_side,False,7.0,195.0,0.0,0.0,0.0,0,0,True,True,False,False,180.0,195.0,195.0,202.0,208.0,,,,,7.0,7.0,,,,0.0,400,0,20,181,1.0,0.9523809523809523,0.975609756097561,0.0,0.047619047619047616,400,0,20,181,1.0,0.9523809523809523,0.975609756097561,0.0,0.047619047619047616,399,0,21,181,1.0,0.95,0.9743589743589743,0.0,0.05,ILLUSTRATIVE - not derived from operator financial data,900.0,900.0,0.0,0.0,False,False,1.0,7.0
leo_ntn,leo_gateway_side,4,UT00,gateway_side,False,14.0,191.0,34.0,0.0,0.0,17,0,True,True,False,False,180.0,157.0,191.0,205.0,211.0,,,,,48.0,14.0,,,,34.0,414,8,6,173,0.981042654028436,0.9857142857142858,0.983372921615202,0.04419889502762431,0.014285714285714285,405,0,15,181,1.0,0.9642857142857143,0.9818181818181818,0.0,0.03571428571428571,396,0,24,181,1.0,0.9428571428571428,0.9705882352941176,0.0,0.05714285714285714,ILLUSTRATIVE - not derived from operator financial data,900.0,900.0,0.0,0.0,False,False,1.0,7.0
leo_ntn,leo_gateway_side,5,UT00,gateway_side,False,1.0,197.0,10.0,0.0,0.0,2,0,True,True,False,False,180.0,187.0,197.0,198.0,204.0,,,,,11.0,1.0,,,,10.0,404,0,16,181,1.0,0.9619047619047619,0.9805825242718447,0.0,0.0380952380952381,402,0,18,181,1.0,0.9571428571428572,0.9781021897810218,0.0,0.04285714285714286,403,0,17,181,1.0,0.9595238095238096,0.9793438639125152,0.0,0.04047619047619048,ILLUSTRATIVE - not derived from operator financial data,900.0,900.0,0.0,0.0,False,False,1.0,7.0
leo_ntn,leo_gateway_side,6,UT00,gateway_side,False,8.0,195.0,0.0,1.0,0.0,2,0,True,True,False,False,180.0,195.0,195.0,203.0,209.0,489.0,,,,8.0,8.0,294.0,294.0,286.0,0.0,403,0,17,181,1.0,0.9595238095238096,0.9793438639125152,0.0,0.04047619047619048,401,0,19,181,1.0,0.9547619047619048,0.976857490864799,0.0,0.04523809523809524,398,0,22,181,1.0,0.9476190476190476,0.9731051344743276,0.0,0.05238095238095238,ILLUSTRATIVE - not derived from operator financial data,906.73,903.7,3.03,0.3,False,False,1.0,7.0
leo_ntn,leo_gateway_side,7,UT00,gateway_side,False,8.0,195.0,0.0,0.0,0.0,1,0,True,True,False,False,180.0,195.0,195.0,203.0,209.0,,,,,8.0,8.0,,,,0.0,402,0,18,181,1.0,0.9571428571428572,0.9781021897810218,0.0,0.04285714285714286,401,0,19,181,1.0,0.9547619047619048,0.976857490864799,0.0,0.04523809523809524,398,0,22,181,1.0,0.9476190476190476,0.9731051344743276,0.0,0.05238095238095238,ILLUSTRATIVE - not derived from operator financial data,900.0,900.0,0.0,0.0,False,False,1.0,7.0
leo_ntn,leo_gateway_side,8,UT00,gateway_side,False,9.0,195.0,0.0,1.0,0.0,2,0,True,True,False,False,180.0,195.0,195.0,204.0,210.0,534.0,,,,9.0,9.0,339.0,339.0,330.0,0.0,401,0,19,181,1.0,0.9547619047619048,0.976857490864799,0.0,0.04523809523809524,399,0,21,181,1.0,0.95,0.9743589743589743,0.0,0.05,397,0,23,181,1.0,0.9452380952380952,0.9718482252141982,0.0,0.05476190476190476,ILLUSTRATIVE - not derived from operator financial data,906.73,903.7,3.03,0.3,False,False,1.0,7.0
leo_ntn,leo_gateway_side,9,UT00,gateway_side,False,9.0,196.0,1.0,0.0,0.0,1,0,True,True,False,False,180.0,195.0,196.0,205.0,211.0,,,,,10.0,9.0,,,,1.0,402,0,18,181,1.0,0.9571428571428572,0.9781021897810218,0.0,0.04285714285714286,401,0,19,181,1.0,0.9547619047619048,0.976857490864799,0.0,0.04523809523809524,396,0,24,181,1.0,0.9428571428571428,0.9705882352941176,0.0,0.05714285714285714,ILLUSTRATIVE - not derived from operator financial data,900.0,900.0,0.0,0.0,False,False,1.0,7.0
leo_ntn,leo_gateway_side,10,UT00,gateway_side,False,11.0,196.0,0.0,0.0,0.0,2,0,True,True,False,False,180.0,196.0,196.0,207.0,213.0,,,,,11.0,11.0,,,,0.0,399,0,21,181,1.0,0.95,0.9743589743589743,0.0,0.05,397,0,23,181,1.0,0.9452380952380952,0.9718482252141982,0.0,0.05476190476190476,394,0,26,181,1.0,0.9380952380952381,0.9680589680589681,0.0,0.06190476190476191,ILLUSTRATIVE - not derived from operator financial data,900.0,900.0,0.0,0.0,False,False,1.0,7.0
leo_ntn,leo_gateway_side,11,UT00,gateway_side,False,11.0,196.0,4.0,0.0,0.0,1,0,True,True,False,False,180.0,192.0,196.0,207.0,213.0,,,,,15.0,11.0,,,,4.0,402,0,18,181,1.0,0.9571428571428572,0.9781021897810218,0.0,0.04285714285714286,401,0,19,181,1.0,0.9547619047619048,0.976857490864799,0.0,0.04523809523809524,394,0,26,181,1.0,0.9380952380952381,0.9680589680589681,0.0,0.06190476190476191,ILLUSTRATIVE - not derived from operator financial data,900.0,900.0,0.0,0.0,False,False,1.0,7.0
leo_ntn,leo_gateway_side,12,UT00,gateway_side,False,7.0,191.0,4.0,0.0,0.0,3,0,True,True,False,False,180.0,187.0,191.0,198.0,204.0,,,,,11.0,7.0,,,,4.0,405,0,15,181,1.0,0.9642857142857143,0.9818181818181818,0.0,0.03571428571428571,402,0,18,181,1.0,0.9571428571428572,0.9781021897810218,0.0,0.04285714285714286,403,0,17,181,1.0,0.9595238095238096,0.9793438639125152,0.0,0.04047619047619048,ILLUSTRATIVE - not derived from operator financial data,900.0,900.0,0.0,0.0,False,False,1.0,7.0
leo_ntn,leo_gateway_side,13,UT00,gateway_side,False,7.0,200.0,0.0,1.0,0.0,0,0,True,True,False,False,180.0,200.0,200.0,207.0,213.0,386.0,,,,7.0,7.0,186.0,186.0,179.0,0.0,398,0,22,181,1.0,0.9476190476190476,0.9731051344743276,0.0,0.05238095238095238,398,0,22,181,1.0,0.9476190476190476,0.9731051344743276,0.0,0.05238095238095238,394,0,26,181,1.0,0.9380952380952381,0.9680589680589681,0.0,0.06190476190476191,ILLUSTRATIVE - not derived from operator financial data,906.73,903.7,3.03,0.3,False,False,1.0,7.0
leo_ntn,leo_gateway_side,14,UT00,gateway_side,False,16.0,189.0,14.0,2.0,0.0,2,0,True,True,False,False,180.0,175.0,189.0,205.0,211.0,458.0,,,,30.0,16.0,283.0,269.0,253.0,14.0,409,1,11,180,0.9975609756097561,0.9738095238095238,0.9855421686746987,0.0055248618784530384,0.02619047619047619,408,0,12,181,1.0,0.9714285714285714,0.9855072463768115,0.0,0.02857142857142857,396,0,24,181,1.0,0.9428571428571428,0.9705882352941176,0.0,0.05714285714285714,ILLUSTRATIVE - not derived from operator financial data,913.47,907.41,6.06,0.7,False,False,1.0,7.0
leo_ntn,leo_gateway_side,15,UT00,gateway_side,False,11.0,191.0,0.0,1.0,0.0,0,0,True,True,False,False,180.0,191.0,191.0,202.0,208.0,220.0,,,,11.0,11.0,29.0,29.0,18.0,0.0,406,0,14,181,1.0,0.9666666666666667,0.983050847457627,0.0,0.03333333333333333,406,0,14,181,1.0,0.9666666666666667,0.983050847457627,0.0,0.03333333333333333,399,0,21,181,1.0,0.95,0.9743589743589743,0.0,0.05,ILLUSTRATIVE - not derived from operator financial data,906.73,903.7,3.03,0.3,False,False,1.0,7.0
leo_ntn,leo_gateway_side,1,UT00,gateway_side,False,20.0,186.0,13.0,23.0,0.0,4,0,True,True,False,False,180.0,173.0,175.0,195.0,201.0,305.0,,,,22.0,20.0,132.0,130.0,110.0,2.0,413,3,7,178,0.9927884615384616,0.9833333333333333,0.9880382775119617,0.016574585635359115,0.016666666666666666,411,1,9,180,0.9975728155339806,0.9785714285714285,0.9879807692307692,0.0055248618784530384,0.02142857142857143,406,0,14,181,1.0,0.9666666666666667,0.983050847457627,0.0,0.03333333333333333,ILLUSTRATIVE - not derived from operator financial data,1054.87,1018.51,36.36,3.4,False,False,1.3,9.1
leo_ntn,leo_gateway_side,2,UT00,gateway_side,False,11.0,187.0,54.0,33.0,0.0,6,0,True,True,False,False,180.0,133.0,187.0,198.0,204.0,211.0,,,,65.0,11.0,78.0,24.0,13.0,54.0,408,3,12,178,0.9927007299270073,0.9714285714285714,0.9819494584837546,0.016574585635359115,0.02857142857142857,405,0,15,181,1.0,0.9642857142857143,0.9818181818181818,0.0,0.03571428571428571,403,0,17,181,1.0,0.9595238095238096,0.9793438639125152,0.0,0.04047619047619048,ILLUSTRATIVE - not derived from operator financial data,1122.2,1102.2,20.0,1.8,False,False,1.3,9.1
leo_ntn,leo_gateway_side,3,UT00,gateway_side,False,6.0,195.0,0.0,21.0,0.0,0,0,True,True,False,False,180.0,195.0,195.0,201.0,207.0,247.0,,,,6.0,6.0,52.0,52.0,46.0,0.0,400,0,20,181,1.0,0.9523809523809523,0.975609756097561,0.0,0.047619047619047616,400,0,20,181,1.0,0.9523809523809523,0.975609756097561,0.0,0.047619047619047616,400,0,20,181,1.0,0.9523809523809523,0.975609756097561,0.0,0.047619047619047616,ILLUSTRATIVE - not derived from operator financial data,1041.4,1030.49,10.91,1.0,False,False,1.3,9.1
leo_ntn,leo_gateway_side,4,UT00,gateway_side,False,6.0,188.0,31.0,27.0,0.0,14,0,True,True,False,False,180.0,157.0,188.0,194.0,200.0,220.0,,,,37.0,6.0,63.0,32.0,26.0,31.0,414,8,6,173,0.981042654028436,0.9857142857142858,0.983372921615202,0.04419889502762431,0.014285714285714285,408,0,12,181,1.0,0.9714285714285714,0.9855072463768115,0.0,0.02857142857142857,407,0,13,181,1.0,0.969047619047619,0.9842805320435308,0.0,0.030952380952380953,ILLUSTRATIVE - not derived from operator financial data,1081.8,1070.89,10.91,1.0,False,False,1.3,9.1
leo_ntn,leo_gateway_side,5,UT00,gateway_side,False,9.0,188.0,4.0,15.0,0.0,2,0,True,True,False,False,180.0,184.0,188.0,197.0,203.0,220.0,,,,13.0,9.0,36.0,32.0,23.0,4.0,407,0,13,181,1.0,0.969047619047619,0.9842805320435308,0.0,0.030952380952380953,405,0,15,181,1.0,0.9642857142857143,0.9818181818181818,0.0,0.03571428571428571,404,0,16,181,1.0,0.9619047619047619,0.9805825242718447,0.0,0.0380952380952381,ILLUSTRATIVE - not derived from operator financial data,1001.0,984.64,16.36,1.6,False,False,1.3,9.1
leo_ntn,leo_gateway_side,6,UT00,gateway_side,False,11.0,191.0,0.0,14.0,0.0,2,0,True,True,False,False,180.0,191.0,191.0,202.0,208.0,211.0,,,,11.0,11.0,20.0,20.0,9.0,0.0,406,0,14,181,1.0,0.9666666666666667,0.983050847457627,0.0,0.03333333333333333,404,0,16,181,1.0,0.9619047619047619,0.9805825242718447,0.0,0.0380952380952381,399,0,21,181,1.0,0.95,0.9743589743589743,0.0,0.05,ILLUSTRATIVE - not derived from operator financial data,994.27,974.27,20.0,2.0,False,False,1.3,9.1
leo_ntn,leo_gateway_side,7,UT00,gateway_side,False,14.0,188.0,2.0,22.0,0.0,3,0,True,True,False,False,180.0,186.0,188.0,202.0,208.0,256.0,,,,16.0,14.0,70.0,68.0,54.0,2.0,408,0,12,181,1.0,0.9714285714285714,0.9855072463768115,0.0,0.02857142857142857,405,0,15,181,1.0,0.9642857142857143,0.9818181818181818,0.0,0.03571428571428571,399,0,21,181,1.0,0.95,0.9743589743589743,0.0,0.05,ILLUSTRATIVE - not derived from operator financial data,1048.13,1022.68,25.45,2.4,False,False,1.3,9.1
leo_ntn,leo_gateway_side,8,UT00,gateway_side,False,12.0,191.0,0.0,20.0,0.0,2,0,True,True,False,False,180.0,191.0,191.0,203.0,209.0,220.0,,,,12.0,12.0,29.0,29.0,17.0,0.0,404,0,16,181,1.0,0.9619047619047619,0.9805825242718447,0.0,0.0380952380952381,402,0,18,181,1.0,0.9571428571428572,0.9781021897810218,0.0,0.04285714285714286,398,0,22,181,1.0,0.9476190476190476,0.9731051344743276,0.0,0.05238095238095238,ILLUSTRATIVE - not derived from operator financial data,1034.67,1012.85,21.82,2.1,False,False,1.3,9.1
leo_ntn,leo_gateway_side,9,UT00,gateway_side,False,11.0,191.0,0.0,39.0,0.0,0,0,True,True,False,False,180.0,191.0,191.0,202.0,208.0,229.0,,,,11.0,11.0,38.0,38.0,27.0,0.0,404,0,16,181,1.0,0.9619047619047619,0.9805825242718447,0.0,0.0380952380952381,404,0,16,181,1.0,0.9619047619047619,0.9805825242718447,0.0,0.0380952380952381,399,0,21,181,1.0,0.95,0.9743589743589743,0.0,0.05,ILLUSTRATIVE - not derived from operator financial data,1162.6,1142.6,20.0,1.7,False,False,1.3,9.1
leo_ntn,leo_gateway_side,10,UT00,gateway_side,False,10.0,196.0,0.0,16.0,0.0,2,0,True,True,False,False,180.0,196.0,196.0,206.0,212.0,256.0,,,,10.0,10.0,60.0,60.0,50.0,0.0,399,0,21,181,1.0,0.95,0.9743589743589743,0.0,0.05,397,0,23,181,1.0,0.9452380952380952,0.9718482252141982,0.0,0.05476190476190476,395,0,25,181,1.0,0.9404761904761905,0.9693251533742331,0.0,0.05952380952380952,ILLUSTRATIVE - not derived from operator financial data,1007.73,989.55,18.18,1.8,False,False,1.3,9.1
leo_ntn,leo_gateway_side,11,UT00,gateway_side,False,7.0,196.0,4.0,14.0,0.0,1,0,True,True,False,False,180.0,192.0,196.0,203.0,209.0,211.0,,,,11.0,7.0,19.0,15.0,8.0,4.0,402,0,18,181,1.0,0.9571428571428572,0.9781021897810218,0.0,0.04285714285714286,401,0,19,181,1.0,0.9547619047619048,0.976857490864799,0.0,0.04523809523809524,398,0,22,181,1.0,0.9476190476190476,0.9731051344743276,0.0,0.05238095238095238,ILLUSTRATIVE - not derived from operator financial data,994.27,981.54,12.73,1.3,False,False,1.3,9.1
leo_ntn,leo_gateway_side,12,UT00,gateway_side,False,6.0,191.0,4.0,18.0,0.0,3,0,True,True,False,False,180.0,187.0,191.0,197.0,203.0,328.0,,,,10.0,6.0,141.0,137.0,131.0,4.0,409,0,11,181,1.0,0.9738095238095238,0.9867310012062726,0.0,0.02619047619047619,406,0,14,181,1.0,0.9666666666666667,0.983050847457627,0.0,0.03333333333333333,404,0,16,181,1.0,0.9619047619047619,0.9805825242718447,0.0,0.0380952380952381,ILLUSTRATIVE - not derived from operator financial data,1021.2,1010.29,10.91,1.1,False,False,1.3,9.1
leo_ntn,leo_gateway_side,13,UT00,gateway_side,False,6.0,197.0,0.0,15.0,0.0,0,0,True,True,False,False,180.0,197.0,197.0,203.0,209.0,247.0,,,,6.0,6.0,50.0,50.0,44.0,0.0,400,0,20,181,1.0,0.9523809523809523,0.975609756097561,0.0,0.047619047619047616,400,0,20,181,1.0,0.9523809523809523,0.975609756097561,0.0,0.047619047619047616,398,0,22,181,1.0,0.9476190476190476,0.9731051344743276,0.0,0.05238095238095238,ILLUSTRATIVE - not derived from operator financial data,1001.0,990.09,10.91,1.1,False,False,1.3,9.1
leo_ntn,leo_gateway_side,14,UT00,gateway_side,False,13.0,188.0,13.0,23.0,0.0,1,0,True,True,False,False,180.0,175.0,188.0,201.0,207.0,296.0,,,,26.0,13.0,121.0,108.0,95.0,13.0,410,1,10,180,0.9975669099756691,0.9761904761904762,0.98676293622142,0.0055248618784530384,0.023809523809523808,410,0,10,181,1.0,0.9761904761904762,0.9879518072289156,0.0,0.023809523809523808,400,0,20,181,1.0,0.9523809523809523,0.975609756097561,0.0,0.047619047619047616,ILLUSTRATIVE - not derived from operator financial data,1054.87,1031.23,23.64,2.2,False,False,1.3,9.1
leo_ntn,leo_gateway_side,15,UT00,gateway_side,False,13.0,187.0,0.0,22.0,0.0,0,0,True,True,False,False,180.0,187.0,187.0,200.0,206.0,215.0,,,,13.0,13.0,28.0,28.0,15.0,0.0,408,0,12,181,1.0,0.9714285714285714,0.9855072463768115,0.0,0.02857142857142857,408,0,12,181,1.0,0.9714285714285714,0.9855072463768115,0.0,0.02857142857142857,401,0,19,181,1.0,0.9547619047619048,0.976857490864799,0.0,0.04523809523809524,ILLUSTRATIVE - not derived from operator financial data,1048.13,1024.5,23.63,2.3,False,False,1.3,9.1
leo_ntn,leo_gateway_side,1,UT00,gateway_side,False,19.0,186.0,13.0,135.0,19.0,4,0,True,True,False,False,180.0,173.0,175.0,194.0,200.0,206.0,305.0,,,21.0,19.0,33.0,31.0,12.0,2.0,413,3,7,178,0.9927884615384616,0.9833333333333333,0.9880382775119617,0.016574585635359115,0.016666666666666666,411,1,9,180,0.9975728155339806,0.9785714285714285,0.9879807692307692,0.0055248618784530384,0.02142857142857143,407,0,13,181,1.0,0.969047619047619,0.9842805320435308,0.0,0.030952380952380953,ILLUSTRATIVE - not derived from operator financial data,1988.87,1905.76,83.11,4.2,False,False,1.7,11.9
leo_ntn,leo_gateway_side,2,UT00,gateway_side,False,10.0,187.0,54.0,139.0,27.0,4,0,True,True,False,False,180.0,133.0,187.0,197.0,203.0,202.0,233.0,,,64.0,10.0,69.0,15.0,5.0,54.0,409,3,11,178,0.9927184466019418,0.9738095238095238,0.983173076923077,0.016574585635359115,0.02619047619047619,408,0,12,181,1.0,0.9714285714285714,0.9855072463768115,0.0,0.02857142857142857,404,0,16,181,1.0,0.9619047619047619,0.9805825242718447,0.0,0.0380952380952381,ILLUSTRATIVE - not derived from operator financial data,2091.53,2047.79,43.74,2.1,False,False,1.7,11.9
leo_ntn,leo_gateway_side,3,UT00,gateway_side,False,6.0,192.0,0.0,132.0,18.0,0,0,True,True,False,False,180.0,192.0,192.0,198.0,204.0,202.0,247.0,,,6.0,6.0,10.0,10.0,4.0,0.0,404,0,16,181,1.0,0.9619047619047619,0.9805825242718447,0.0,0.0380952380952381,404,0,16,181,1.0,0.9619047619047619,0.9805825242718447,0.0,0.0380952380952381,403,0,17,181,1.0,0.9595238095238096,0.9793438639125152,0.0,0.04047619047619048,ILLUSTRATIVE - not derived from operator financial data,1959.2,1932.96,26.24,1.3,False,False,1.7,11.9
leo_ntn,leo_gateway_side,4,UT00,gateway_side,False,6.0,188.0,31.0,142.0,21.0,14,0,True,True,False,False,180.0,157.0,188.0,194.0,200.0,211.0,220.0,,,37.0,6.0,54.0,23.0,17.0,31.0,414,8,6,173,0.981042654028436,0.9857142857142858,0.983372921615202,0.04419889502762431,0.014285714285714285,408,0,12,181,1.0,0.9714285714285714,0.9855072463768115,0.0,0.02857142857142857,407,0,13,181,1.0,0.969047619047619,0.9842805320435308,0.0,0.030952380952380953,ILLUSTRATIVE - not derived from operator financial data,2054.93,2028.69,26.24,1.3,False,False,1.7,11.9
leo_ntn,leo_gateway_side,5,UT00,gateway_side,False,10.0,187.0,3.0,129.0,14.0,1,0,True,True,False,False,180.0,184.0,187.0,197.0,203.0,206.0,220.0,,,13.0,10.0,22.0,19.0,9.0,3.0,411,0,9,181,1.0,0.9785714285714285,0.9891696750902527,0.0,0.02142857142857143,410,0,10,181,1.0,0.9761904761904762,0.9879518072289156,0.0,0.023809523809523808,404,0,16,181,1.0,0.9619047619047619,0.9805825242718447,0.0,0.0380952380952381,ILLUSTRATIVE - not derived from operator financial data,1901.13,1857.39,43.74,2.3,False,False,1.7,11.9
leo_ntn,leo_gateway_side,6,UT00,gateway_side,False,10.0,188.0,0.0,138.0,9.0,2,0,True,True,False,False,180.0,188.0,188.0,198.0,204.0,202.0,350.0,,,10.0,10.0,14.0,14.0,4.0,0.0,407,0,13,181,1.0,0.969047619047619,0.9842805320435308,0.0,0.030952380952380953,405,0,15,181,1.0,0.9642857142857143,0.9818181818181818,0.0,0.03571428571428571,403,0,17,181,1.0,0.9595238095238096,0.9793438639125152,0.0,0.04047619047619048,ILLUSTRATIVE - not derived from operator financial data,1914.4,1870.66,43.74,2.3,False,False,1.7,11.9
leo_ntn,leo_gateway_side,7,UT00,gateway_side,False,15.0,186.0,0.0,132.0,20.0,1,0,True,True,False,False,180.0,186.0,186.0,201.0,207.0,202.0,256.0,,,15.0,15.0,16.0,16.0,1.0,0.0,409,0,11,181,1.0,0.9738095238095238,0.9867310012062726,0.0,0.02619047619047619,408,0,12,181,1.0,0.9714285714285714,0.9855072463768115,0.0,0.02857142857142857,400,0,20,181,1.0,0.9523809523809523,0.975609756097561,0.0,0.047619047619047616,ILLUSTRATIVE - not derived from operator financial data,1978.13,1912.52,65.61,3.3,False,False,1.7,11.9
leo_ntn,leo_gateway_side,8,UT00,gateway_side,False,11.0,191.0,0.0,131.0,17.0,2,0,True,True,False,False,180.0,191.0,191.0,202.0,208.0,207.0,220.0,,,11.0,11.0,16.0,16.0,5.0,0.0,405,0,15,181,1.0,0.9642857142857143,0.9818181818181818,0.0,0.03571428571428571,403,0,17,181,1.0,0.9595238095238096,0.9793438639125152,0.0,0.04047619047619048,399,0,21,181,1.0,0.95,0.9743589743589743,0.0,0.05,ILLUSTRATIVE - not derived from operator financial data,1943.0,1894.89,48.11,2.5,False,False,1.7,11.9
leo_ntn,leo_gateway_side,9,UT00,gateway_side,False,10.0,191.0,0.0,145.0,26.0,0,0,True,True,False,False,180.0,191.0,191.0,201.0,207.0,211.0,229.0,,,10.0,10.0,20.0,20.0,10.0,0.0,404,0,16,181,1.0,0.9619047619047619,0.9805825242718447,0.0,0.0380952380952381,404,0,16,181,1.0,0.9619047619047619,0.9805825242718447,0.0,0.0380952380952381,400,0,20,181,1.0,0.9523809523809523,0.975609756097561,0.0,0.047619047619047616,ILLUSTRATIVE - not derived from operator financial data,2122.47,2078.73,43.74,2.1,False,False,1.7,11.9
leo_ntn,leo_gateway_side,10,UT00,gateway_side,False,11.0,192.0,0.0,134.0,14.0,2,0,True,True,False,False,180.0,192.0,192.0,203.0,209.0,211.0,256.0,,,11.0,11.0,19.0,19.0,8.0,0.0,403,0,17,181,1.0,0.9595238095238096,0.9793438639125152,0.0,0.04047619047619048,401,0,19,181,1.0,0.9547619047619048,0.976857490864799,0.0,0.04523809523809524,398,0,22,181,1.0,0.9476190476190476,0.9731051344743276,0.0,0.05238095238095238,ILLUSTRATIVE - not derived from operator financial data,1934.8,1886.69,48.11,2.5,False,False,1.7,11.9
leo_ntn,leo_gateway_side,11,UT00,gateway_side,False,11.0,191.0,0.0,140.0,11.0,0,0,True,True,False,False,180.0,191.0,191.0,202.0,208.0,210.0,211.0,,,11.0,11.0,19.0,19.0,8.0,0.0,404,0,16,181,1.0,0.9619047619047619,0.9805825242718447,0.0,0.0380952380952381,404,0,16,181,1.0,0.9619047619047619,0.9805825242718447,0.0,0.0380952380952381,399,0,21,181,1.0,0.95,0.9743589743589743,0.0,0.05,ILLUSTRATIVE - not derived from operator financial data,1946.8,1898.69,48.11,2.5,False,False,1.7,11.9
leo_ntn,leo_gateway_side,12,UT00,gateway_side,False,6.0,191.0,4.0,131.0,15.0,3,0,True,True,False,False,180.0,187.0,191.0,197.0,203.0,211.0,332.0,,,10.0,6.0,24.0,20.0,14.0,4.0,409,0,11,181,1.0,0.9738095238095238,0.9867310012062726,0.0,0.02619047619047619,406,0,14,181,1.0,0.9666666666666667,0.983050847457627,0.0,0.03333333333333333,404,0,16,181,1.0,0.9619047619047619,0.9805825242718447,0.0,0.0380952380952381,ILLUSTRATIVE - not derived from operator financial data,1924.07,1897.82,26.25,1.4,False,False,1.7,11.9
leo_ntn,leo_gateway_side,13,UT00,gateway_side,False,11.0,191.0,0.0,129.0,11.0,0,0,True,True,False,False,180.0,191.0,191.0,202.0,208.0,202.0,247.0,,,11.0,11.0,11.0,11.0,0.0,0.0,405,0,15,181,1.0,0.9642857142857143,0.9818181818181818,0.0,0.03571428571428571,405,0,15,181,1.0,0.9642857142857143,0.9818181818181818,0.0,0.03571428571428571,399,0,21,181,1.0,0.95,0.9743589743589743,0.0,0.05,ILLUSTRATIVE - not derived from operator financial data,1872.73,1824.62,48.11,2.6,False,False,1.7,11.9
leo_ntn,leo_gateway_side,14,UT00,gateway_side,False,12.0,188.0,13.0,146.0,17.0,1,0,True,True,False,False,180.0,175.0,188.0,200.0,206.0,202.0,296.0,,,25.0,12.0,27.0,14.0,2.0,13.0,410,1,10,180,0.9975669099756691,0.9761904761904762,0.98676293622142,0.0055248618784530384,0.023809523809523808,410,0,10,181,1.0,0.9761904761904762,0.9879518072289156,0.0,0.023809523809523808,401,0,19,181,1.0,0.9547619047619048,0.976857490864799,0.0,0.04523809523809524,ILLUSTRATIVE - not derived from operator financial data,2044.0,1991.51,52.49,2.6,False,False,1.7,11.9
leo_ntn,leo_gateway_side,15,UT00,gateway_side,False,11.0,187.0,0.0,135.0,16.0,0,0,True,True,False,False,180.0,187.0,187.0,198.0,204.0,202.0,215.0,,,11.0,11.0,15.0,15.0,4.0,0.0,408,0,12,181,1.0,0.9714285714285714,0.9855072463768115,0.0,0.02857142857142857,408,0,12,181,1.0,0.9714285714285714,0.9855072463768115,0.0,0.02857142857142857,403,0,17,181,1.0,0.9595238095238096,0.9793438639125152,0.0,0.04047619047619048,ILLUSTRATIVE - not derived from operator financial data,1960.47,1912.35,48.12,2.5,False,False,1.7,11.9
leo_ntn,leo_gateway_side,1,UT00,gateway_side,False,19.0,186.0,13.0,199.0,184.0,4,0,True,True,False,False,180.0,173.0,175.0,194.0,200.0,202.0,206.0,,,21.0,19.0,29.0,27.0,8.0,2.0,413,3,7,178,0.9927884615384616,0.9833333333333333,0.9880382775119617,0.016574585635359115,0.016666666666666666,411,1,9,180,0.9975728155339806,0.9785714285714285,0.9879807692307692,0.0055248618784530384,0.02142857142857143,407,0,13,181,1.0,0.969047619047619,0.9842805320435308,0.0,0.030952380952380953,ILLUSTRATIVE - not derived from operator financial data,2886.13,2868.01,18.12,0.6,False,False,2.2,15.400000000000002
leo_ntn,leo_gateway_side,2,UT00,gateway_side,False,10.0,187.0,54.0,189.0,196.0,4,0,True,True,False,False,180.0,133.0,187.0,197.0,203.0,202.0,202.0,,,64.0,10.0,69.0,15.0,5.0,54.0,410,3,10,178,0.9927360774818402,0.9761904761904762,0.9843937575030012,0.016574585635359115,0.023809523809523808,409,0,11,181,1.0,0.9738095238095238,0.9867310012062726,0.0,0.02619047619047619,404,0,16,181,1.0,0.9619047619047619,0.9805825242718447,0.0,0.0380952380952381,ILLUSTRATIVE - not derived from operator financial data,2919.73,2910.19,9.54,0.3,False,False,2.2,15.400000000000002
leo_ntn,leo_gateway_side,3,UT00,gateway_side,False,10.0,187.0,0.0,190.0,184.0,0,0,True,True,False,False,180.0,187.0,187.0,197.0,203.0,197.0,202.0,,,10.0,10.0,10.0,10.0,0.0,0.0,409,0,11,181,1.0,0.9738095238095238,0.9867310012062726,0.0,0.02619047619047619,409,0,11,181,1.0,0.9738095238095238,0.9867310012062726,0.0,0.02619047619047619,404,0,16,181,1.0,0.9619047619047619,0.9805825242718447,0.0,0.0380952380952381,ILLUSTRATIVE - not derived from operator financial data,2882.53,2872.99,9.54,0.3,False,False,2.2,15.400000000000002
leo_ntn,leo_gateway_side,4,UT00,gateway_side,False,8.0,186.0,29.0,188.0,188.0,12,0,True,True,False,False,180.0,157.0,186.0,194.0,200.0,202.0,210.0,,,37.0,8.0,45.0,16.0,8.0,29.0,414,8,6,173,0.981042654028436,0.9857142857142858,0.983372921615202,0.04419889502762431,0.014285714285714285,410,0,10,181,1.0,0.9761904761904762,0.9879518072289156,0.0,0.023809523809523808,407,0,13,181,1.0,0.969047619047619,0.9842805320435308,0.0,0.030952380952380953,ILLUSTRATIVE - not derived from operator financial data,2894.27,2886.63,7.64,0.3,False,False,2.2,15.400000000000002
leo_ntn,leo_gateway_side,5,UT00,gateway_side,False,8.0,187.0,3.0,197.0,180.0,1,0,True,True,False,False,180.0,184.0,187.0,195.0,201.0,202.0,206.0,,,11.0,8.0,18.0,15.0,7.0,3.0,411,0,9,181,1.0,0.9785714285714285,0.9891696750902527,0.0,0.02142857142857143,410,0,10,181,1.0,0.9761904761904762,0.9879518072289156,0.0,0.023809523809523808,406,0,14,181,1.0,0.9666666666666667,0.983050847457627,0.0,0.03333333333333333,ILLUSTRATIVE - not derived from operator financial data,2872.8,2865.17,7.63,0.3,False,False,2.2,15.400000000000002
leo_ntn,leo_gateway_side,6,UT00,gateway_side,False,11.0,187.0,0.0,196.0,170.0,2,0,True,True,False,False,180.0,187.0,187.0,198.0,204.0,202.0,202.0,,,11.0,11.0,15.0,15.0,4.0,0.0,409,0,11,181,1.0,0.9738095238095238,0.9867310012062726,0.0,0.02619047619047619,407,0,13,181,1.0,0.969047619047619,0.9842805320435308,0.0,0.030952380952380953,403,0,17,181,1.0,0.9595238095238096,0.9793438639125152,0.0,0.04047619047619048,ILLUSTRATIVE - not derived from operator financial data,2841.07,2830.57,10.5,0.4,False,False,2.2,15.400000000000002
leo_ntn,leo_gateway_side,7,UT00,gateway_side,False,12.0,186.0,0.0,199.0,178.0,1,0,True,True,False,False,180.0,186.0,186.0,198.0,204.0,202.0,211.0,,,12.0,12.0,16.0,16.0,4.0,0.0,409,0,11,181,1.0,0.9738095238095238,0.9867310012062726,0.0,0.02619047619047619,408,0,12,181,1.0,0.9714285714285714,0.9855072463768115,0.0,0.02857142857142857,403,0,17,181,1.0,0.9595238095238096,0.9793438639125152,0.0,0.04047619047619048,ILLUSTRATIVE - not derived from operator financial data,2867.33,2855.89,11.44,0.4,False,False,2.2,15.400000000000002
leo_ntn,leo_gateway_side,8,UT00,gateway_side,False,10.0,188.0,0.0,196.0,177.0,2,0,True,True,False,False,180.0,188.0,188.0,198.0,204.0,202.0,207.0,,,10.0,10.0,14.0,14.0,4.0,0.0,408,0,12,181,1.0,0.9714285714285714,0.9855072463768115,0.0,0.02857142857142857,406,0,14,181,1.0,0.9666666666666667,0.983050847457627,0.0,0.03333333333333333,403,0,17,181,1.0,0.9595238095238096,0.9793438639125152,0.0,0.04047619047619048,ILLUSTRATIVE - not derived from operator financial data,2863.0,2853.46,9.54,0.3,False,False,2.2,15.400000000000002
leo_ntn,leo_gateway_side,9,UT00,gateway_side,False,7.0,191.0,0.0,193.0,193.0,0,0,True,True,False,False,180.0,191.0,191.0,198.0,204.0,202.0,211.0,,,7.0,7.0,11.0,11.0,4.0,0.0,406,0,14,181,1.0,0.9666666666666667,0.983050847457627,0.0,0.03333333333333333,406,0,14,181,1.0,0.9666666666666667,0.983050847457627,0.0,0.03333333333333333,403,0,17,181,1.0,0.9595238095238096,0.9793438639125152,0.0,0.04047619047619048,ILLUSTRATIVE - not derived from operator financial data,2911.93,2905.26,6.67,0.2,False,False,2.2,15.400000000000002
leo_ntn,leo_gateway_side,10,UT00,gateway_side,False,11.0,191.0,0.0,198.0,179.0,2,0,True,True,False,False,180.0,191.0,191.0,202.0,208.0,206.0,211.0,,,11.0,11.0,15.0,15.0,4.0,0.0,404,0,16,181,1.0,0.9619047619047619,0.9805825242718447,0.0,0.0380952380952381,402,0,18,181,1.0,0.9571428571428572,0.9781021897810218,0.0,0.04285714285714286,399,0,21,181,1.0,0.95,0.9743589743589743,0.0,0.05,ILLUSTRATIVE - not derived from operator financial data,2870.07,2859.57,10.5,0.4,False,False,2.2,15.400000000000002
leo_ntn,leo_gateway_side,11,UT00,gateway_side,False,13.0,188.0,0.0,200.0,175.0,0,0,True,True,False,False,180.0,188.0,188.0,201.0,207.0,202.0,210.0,,,13.0,13.0,14.0,14.0,1.0,0.0,407,0,13,181,1.0,0.969047619047619,0.9842805320435308,0.0,0.030952380952380953,407,0,13,181,1.0,0.969047619047619,0.9842805320435308,0.0,0.030952380952380953,400,0,20,181,1.0,0.9523809523809523,0.975609756097561,0.0,0.047619047619047616,ILLUSTRATIVE - not derived from operator financial data,2858.33,2845.93,12.4,0.4,False,False,2.2,15.400000000000002
leo_ntn,leo_gateway_side,12,UT00,gateway_side,False,6.0,188.0,1.0,202.0,167.0,2,0,True,True,False,False,180.0,187.0,188.0,194.0,200.0,202.0,211.0,,,7.0,6.0,15.0,14.0,8.0,1.0,410,0,10,181,1.0,0.9761904761904762,0.9879518072289156,0.0,0.023809523809523808,408,0,12,181,1.0,0.9714285714285714,0.9855072463768115,0.0,0.02857142857142857,407,0,13,181,1.0,0.969047619047619,0.9842805320435308,0.0,0.030952380952380953,ILLUSTRATIVE - not derived from operator financial data,2834.07,2828.34,5.73,0.2,False,False,2.2,15.400000000000002
leo_ntn,leo_gateway_side,13,UT00,gateway_side,False,13.0,188.0,0.0,194.0,175.0,0,0,True,True,False,False,180.0,188.0,188.0,201.0,207.0,202.0,202.0,,,13.0,13.0,14.0,14.0,1.0,0.0,407,0,13,181,1.0,0.969047619047619,0.9842805320435308,0.0,0.030952380952380953,407,0,13,181,1.0,0.969047619047619,0.9842805320435308,0.0,0.030952380952380953,400,0,20,181,1.0,0.9523809523809523,0.975609756097561,0.0,0.047619047619047616,ILLUSTRATIVE - not derived from operator financial data,2855.93,2843.53,12.4,0.4,False,False,2.2,15.400000000000002
leo_ntn,leo_gateway_side,14,UT00,gateway_side,False,11.0,187.0,12.0,188.0,186.0,1,0,True,True,False,False,180.0,175.0,187.0,198.0,204.0,202.0,211.0,,,23.0,11.0,27.0,15.0,4.0,12.0,411,1,9,180,0.9975728155339806,0.9785714285714285,0.9879807692307692,0.0055248618784530384,0.02142857142857143,411,0,9,181,1.0,0.9785714285714285,0.9891696750902527,0.0,0.02142857142857143,403,0,17,181,1.0,0.9595238095238096,0.9793438639125152,0.0,0.04047619047619048,ILLUSTRATIVE - not derived from operator financial data,2888.0,2877.51,10.49,0.4,False,False,2.2,15.400000000000002
leo_ntn,leo_gateway_side,15,UT00,gateway_side,False,10.0,187.0,0.0,197.0,179.0,0,0,True,True,False,False,180.0,187.0,187.0,197.0,203.0,202.0,206.0,,,10.0,10.0,15.0,15.0,5.0,0.0,409,0,11,181,1.0,0.9738095238095238,0.9867310012062726,0.0,0.02619047619047619,409,0,11,181,1.0,0.9738095238095238,0.9867310012062726,0.0,0.02619047619047619,404,0,16,181,1.0,0.9619047619047619,0.9805825242718447,0.0,0.0380952380952381,ILLUSTRATIVE - not derived from operator financial data,2869.67,2860.13,9.54,0.3,False,False,2.2,15.400000000000002
leo_ntn,leo_hidden_in_rain,1,UT00,rf_subsystem,False,5.0,157.0,0.0,7.0,75.0,78,93,True,True,False,False,175.0,157.0,157.0,162.0,168.0,161.0,162.0,,,5.0,5.0,4.0,4.0,-1.0,0.0,179,0,16,406,1.0,0.9179487179487179,0.9572192513368984,0.0,0.08205128205128205,8,0,99,494,1.0,0.07476635514018691,0.1391304347826087,0.0,0.9252336448598131,107,332,0,162,0.2437357630979499,1.0,0.39194139194139194,0.6720647773279352,0.0,ILLUSTRATIVE - not derived from operator financial data,1657.13,1635.26,21.87,1.3,False,False,0.4,4.4
leo_ntn,leo_hidden_in_rain,2,UT00,rf_subsystem,False,7.0,154.0,21.0,5.0,79.0,98,102,True,False,False,False,175.0,133.0,154.0,161.0,167.0,157.0,161.0,,,28.0,7.0,24.0,3.0,-4.0,21.0,188,12,7,394,0.94,0.9641025641025641,0.9518987341772152,0.029556650246305417,0.035897435897435895,0,0,107,494,,0.0,,0.0,1.0,107,333,0,161,0.2431818181818182,1.0,0.3912248628884827,0.6740890688259109,0.0,ILLUSTRATIVE - not derived from operator financial data,1681.53,750.92,930.61,55.3,False,False,0.4,4.4
leo_ntn,leo_hidden_in_rain,3,UT00,rf_subsystem,False,3.0,159.0,0.0,6.0,77.0,60,93,True,True,False,False,175.0,159.0,159.0,162.0,168.0,161.0,162.0,,,3.0,3.0,2.0,2.0,-1.0,0.0,175,7,20,399,0.9615384615384616,0.8974358974358975,0.9283819628647215,0.017241379310344827,0.10256410256410256,29,0,78,494,1.0,0.27102803738317754,0.4264705882352941,0.0,0.7289719626168224,107,332,0,162,0.2437357630979499,1.0,0.39194139194139194,0.6720647773279352,0.0,ILLUSTRATIVE - not derived from operator financial data,1669.33,1656.21,13.12,0.8,False,False,0.4,4.4
leo_ntn,leo_hidden_in_rain,4,UT00,rf_subsystem,False,3.0,154.0,0.0,2.0,81.0,37,100,True,True,False,False,175.0,154.0,154.0,157.0,163.0,157.0,157.0,,,3.0,3.0,3.0,3.0,0.0,0.0,176,12,19,394,0.9361702127659575,0.9025641025641026,0.9190600522193213,0.029556650246305417,0.09743589743589744,51,0,56,494,1.0,0.4766355140186916,0.6455696202531646,0.0,0.5233644859813084,107,337,0,157,0.240990990990991,1.0,0.38838475499092556,0.6821862348178138,0.0,ILLUSTRATIVE - not derived from operator financial data,1680.27,1667.14,13.13,0.8,False,False,0.4,4.4
leo_ntn,leo_hidden_in_rain,5,UT00,rf_subsystem,False,2.0,160.0,0.0,7.0,75.0,72,92,True,True,False,False,175.0,160.0,160.0,162.0,168.0,161.0,162.0,,,2.0,2.0,1.0,1.0,-1.0,0.0,180,0,15,406,1.0,0.9230769230769231,0.9600000000000001,0.0,0.07692307692307693,16,0,91,494,1.0,0.14953271028037382,0.26016260162601623,0.0,0.8504672897196262,107,332,0,162,0.2437357630979499,1.0,0.39194139194139194,0.6720647773279352,0.0,ILLUSTRATIVE - not derived from operator financial data,1657.13,1648.39,8.74,0.5,False,False,0.4,4.4
leo_ntn,leo_hidden_in_rain,6,UT00,rf_subsystem,False,6.0,155.0,0.0,5.0,78.0,47,95,True,True,False,False,175.0,155.0,155.0,161.0,167.0,157.0,161.0,,,6.0,6.0,2.0,2.0,-4.0,0.0,147,0,48,406,1.0,0.7538461538461538,0.8596491228070176,0.0,0.24615384615384617,5,0,102,494,1.0,0.04672897196261682,0.08928571428571429,0.0,0.9532710280373832,107,333,0,161,0.2431818181818182,1.0,0.3912248628884827,0.6740890688259109,0.0,ILLUSTRATIVE - not derived from operator financial data,1672.07,1645.82,26.25,1.6,False,False,0.4,4.4
leo_ntn,leo_hidden_in_rain,7,UT00,rf_subsystem,False,7.0,155.0,0.0,8.0,75.0,36,99,True,True,False,False,175.0,155.0,155.0,162.0,168.0,157.0,162.0,,,7.0,7.0,2.0,2.0,-5.0,0.0,185,5,10,401,0.9736842105263158,0.9487179487179487,0.9610389610389611,0.012315270935960592,0.05128205128205128,55,0,52,494,1.0,0.514018691588785,0.6790123456790123,0.0,0.48598130841121495,107,332,0,162,0.2437357630979499,1.0,0.39194139194139194,0.6720647773279352,0.0,ILLUSTRATIVE - not derived from operator financial data,1663.87,1633.25,30.62,1.8,False,False,0.4,4.4
leo_ntn,leo_hidden_in_rain,8,UT00,rf_subsystem,False,7.0,155.0,0.0,9.0,73.0,48,97,True,True,False,False,175.0,155.0,155.0,162.0,168.0,157.0,162.0,,,7.0,7.0,2.0,2.0,-5.0,0.0,183,0,12,406,1.0,0.9384615384615385,0.9682539682539683,0.0,0.06153846153846154,38,0,69,494,1.0,0.35514018691588783,0.5241379310344827,0.0,0.6448598130841121,107,332,0,162,0.2437357630979499,1.0,0.39194139194139194,0.6720647773279352,0.0,ILLUSTRATIVE - not derived from operator financial data,1651.67,1621.05,30.62,1.9,False,False,0.4,4.4
leo_ntn,leo_hidden_in_rain,9,UT00,rf_subsystem,False,6.0,156.0,0.0,6.0,77.0,71,95,True,True,False,False,175.0,156.0,156.0,162.0,168.0,157.0,162.0,,,6.0,6.0,1.0,1.0,-5.0,0.0,171,0,24,406,1.0,0.8769230769230769,0.9344262295081968,0.0,0.12307692307692308,5,0,102,494,1.0,0.04672897196261682,0.08928571428571429,0.0,0.9532710280373832,107,332,0,162,0.2437357630979499,1.0,0.39194139194139194,0.6720647773279352,0.0,ILLUSTRATIVE - not derived from operator financial data,1669.33,1643.09,26.24,1.6,False,False,0.4,4.4
leo_ntn,leo_hidden_in_rain,10,UT00,rf_subsystem,False,7.0,155.0,0.0,8.0,75.0,64,94,True,True,False,False,175.0,155.0,155.0,162.0,168.0,157.0,162.0,,,7.0,7.0,2.0,2.0,-5.0,0.0,182,0,13,406,1.0,0.9333333333333333,0.9655172413793104,0.0,0.06666666666666667,24,0,83,494,1.0,0.22429906542056074,0.366412213740458,0.0,0.7757009345794392,107,332,0,162,0.2437357630979499,1.0,0.39194139194139194,0.6720647773279352,0.0,ILLUSTRATIVE - not derived from operator financial data,1663.87,1633.25,30.62,1.8,False,False,0.4,4.4
leo_ntn,leo_hidden_in_rain,11,UT00,rf_subsystem,False,7.0,155.0,0.0,8.0,75.0,47,94,True,True,False,False,175.0,155.0,155.0,162.0,168.0,157.0,162.0,,,7.0,7.0,2.0,2.0,-5.0,0.0,173,0,22,406,1.0,0.8871794871794871,0.9402173913043478,0.0,0.11282051282051282,32,0,75,494,1.0,0.29906542056074764,0.46043165467625896,0.0,0.7009345794392523,107,332,0,162,0.2437357630979499,1.0,0.39194139194139194,0.6720647773279352,0.0,ILLUSTRATIVE - not derived from operator financial data,1663.87,1633.25,30.62,1.8,False,False,0.4,4.4
leo_ntn,leo_hidden_in_rain,12,UT00,rf_subsystem,False,7.0,155.0,0.0,6.0,77.0,32,98,True,True,False,False,175.0,155.0,155.0,162.0,168.0,157.0,162.0,,,7.0,7.0,2.0,2.0,-5.0,0.0,178,1,17,405,0.994413407821229,0.9128205128205128,0.9518716577540107,0.0024630541871921183,0.08717948717948718,49,0,58,494,1.0,0.45794392523364486,0.6282051282051282,0.0,0.5420560747663551,107,332,0,162,0.2437357630979499,1.0,0.39194139194139194,0.6720647773279352,0.0,ILLUSTRATIVE - not derived from operator financial data,1669.33,1638.72,30.61,1.8,False,False,0.4,4.4
leo_ntn,leo_hidden_in_rain,13,UT00,rf_subsystem,False,7.0,155.0,0.0,5.0,77.0,44,95,True,True,False,False,175.0,155.0,155.0,162.0,168.0,161.0,162.0,,,7.0,7.0,6.0,6.0,-1.0,0.0,172,0,23,406,1.0,0.882051282051282,0.9373297002724795,0.0,0.11794871794871795,33,0,74,494,1.0,0.308411214953271,0.4714285714285714,0.0,0.6915887850467289,107,332,0,162,0.2437357630979499,1.0,0.39194139194139194,0.6720647773279352,0.0,ILLUSTRATIVE - not derived from operator financial data,1662.6,1631.98,30.62,1.8,False,False,0.4,4.4
leo_ntn,leo_hidden_in_rain,14,UT00,rf_subsystem,False,7.0,155.0,0.0,8.0,75.0,47,99,True,False,False,False,175.0,155.0,155.0,162.0,168.0,157.0,162.0,,,7.0,7.0,2.0,2.0,-5.0,0.0,135,11,60,395,0.9246575342465754,0.6923076923076923,0.7917888563049852,0.027093596059113302,0.3076923076923077,0,0,107,494,,0.0,,0.0,1.0,107,332,0,162,0.2437357630979499,1.0,0.39194139194139194,0.6720647773279352,0.0,ILLUSTRATIVE - not derived from operator financial data,1663.87,733.25,930.62,55.9,False,False,0.4,4.4
leo_ntn,leo_hidden_in_rain,15,UT00,rf_subsystem,False,5.0,157.0,0.0,8.0,75.0,67,94,True,True,False,False,175.0,157.0,157.0,162.0,168.0,157.0,162.0,,,5.0,5.0,0.0,0.0,-5.0,0.0,160,3,35,403,0.9815950920245399,0.8205128205128205,0.893854748603352,0.007389162561576354,0.1794871794871795,2,0,105,494,1.0,0.018691588785046728,0.03669724770642201,0.0,0.9813084112149533,107,332,0,162,0.2437357630979499,1.0,0.39194139194139194,0.6720647773279352,0.0,ILLUSTRATIVE - not derived from operator financial data,1663.87,1642.0,21.87,1.3,False,False,0.4,4.4
leo_ntn,leo_hidden_in_rain,1,UT00,rf_subsystem,False,5.0,157.0,0.0,6.0,76.0,15,93,True,True,False,False,175.0,157.0,157.0,162.0,168.0,161.0,162.0,,,5.0,5.0,4.0,4.0,-1.0,0.0,180,0,15,406,1.0,0.9230769230769231,0.9600000000000001,0.0,0.07692307692307693,72,0,35,494,1.0,0.6728971962616822,0.8044692737430167,0.0,0.32710280373831774,107,332,0,162,0.2437357630979499,1.0,0.39194139194139194,0.6720647773279352,0.0,ILLUSTRATIVE - not derived from operator financial data,1659.87,1638.0,21.87,1.3,False,False,0.6,6.6
leo_ntn,leo_hidden_in_rain,2,UT00,rf_subsystem,False,7.0,154.0,21.0,5.0,79.0,80,102,True,True,False,False,175.0,133.0,154.0,161.0,167.0,157.0,161.0,,,28.0,7.0,24.0,3.0,-4.0,21.0,188,12,7,394,0.94,0.9641025641025641,0.9518987341772152,0.029556650246305417,0.035897435897435895,18,0,89,494,1.0,0.16822429906542055,0.288,0.0,0.8317757009345794,107,333,0,161,0.2431818181818182,1.0,0.3912248628884827,0.6740890688259109,0.0,ILLUSTRATIVE - not derived from operator financial data,1681.53,1650.92,30.61,1.8,False,False,0.6,6.6
leo_ntn,leo_hidden_in_rain,3,UT00,rf_subsystem,False,3.0,159.0,0.0,6.0,77.0,20,94,True,True,False,False,175.0,159.0,159.0,162.0,168.0,161.0,162.0,,,3.0,3.0,2.0,2.0,-1.0,0.0,181,7,14,399,0.9627659574468085,0.9282051282051282,0.9451697127937337,0.017241379310344827,0.07179487179487179,74,0,33,494,1.0,0.6915887850467289,0.8176795580110497,0.0,0.308411214953271,107,332,0,162,0.2437357630979499,1.0,0.39194139194139194,0.6720647773279352,0.0,ILLUSTRATIVE - not derived from operator financial data,1669.33,1656.21,13.12,0.8,False,False,0.6,6.6
leo_ntn,leo_hidden_in_rain,4,UT00,rf_subsystem,False,3.0,154.0,0.0,2.0,81.0,15,100,True,True,False,False,175.0,154.0,154.0,157.0,163.0,157.0,157.0,,,3.0,3.0,3.0,3.0,0.0,0.0,185,12,10,394,0.9390862944162437,0.9487179487179487,0.9438775510204082,0.029556650246305417,0.05128205128205128,82,0,25,494,1.0,0.7663551401869159,0.8677248677248678,0.0,0.2336448598130841,107,337,0,157,0.240990990990991,1.0,0.38838475499092556,0.6821862348178138,0.0,ILLUSTRATIVE - not derived from operator financial data,1680.27,1667.14,13.13,0.8,False,False,0.6,6.6
leo_ntn,leo_hidden_in_rain,5,UT00,rf_subsystem,False,2.0,160.0,0.0,7.0,75.0,9,94,True,True,False,False,175.0,160.0,160.0,162.0,168.0,161.0,162.0,,,2.0,2.0,1.0,1.0,-1.0,0.0,180,0,15,406,1.0,0.9230769230769231,0.9600000000000001,0.0,0.07692307692307693,77,0,30,494,1.0,0.719626168224299,0.8369565217391304,0.0,0.2803738317757009,107,332,0,162,0.2437357630979499,1.0,0.39194139194139194,0.6720647773279352,0.0,ILLUSTRATIVE - not derived from operator financial data,1657.13,1648.39,8.74,0.5,False,False,0.6,6.6
leo_ntn,leo_hidden_in_rain,6,UT00,rf_subsystem,False,6.0,155.0,0.0,5.0,78.0,16,98,True,True,False,False,175.0,155.0,155.0,161.0,167.0,157.0,161.0,,,6.0,6.0,2.0,2.0,-4.0,0.0,184,0,11,406,1.0,0.9435897435897436,0.9709762532981531,0.0,0.05641025641025641,70,0,37,494,1.0,0.6542056074766355,0.7909604519774012,0.0,0.34579439252336447,107,333,0,161,0.2431818181818182,1.0,0.3912248628884827,0.6740890688259109,0.0,ILLUSTRATIVE - not derived from operator financial data,1672.07,1645.82,26.25,1.6,False,False,0.6,6.6
leo_ntn,leo_hidden_in_rain,7,UT00,rf_subsystem,False,7.0,155.0,0.0,8.0,75.0,9,99,True,True,False,False,175.0,155.0,155.0,162.0,168.0,157.0,162.0,,,7.0,7.0,2.0,2.0,-5.0,0.0,185,5,10,401,0.9736842105263158,0.9487179487179487,0.9610389610389611,0.012315270935960592,0.05128205128205128,82,0,25,494,1.0,0.7663551401869159,0.8677248677248678,0.0,0.2336448598130841,107,332,0,162,0.2437357630979499,1.0,0.39194139194139194,0.6720647773279352,0.0,ILLUSTRATIVE - not derived from operator financial data,1663.87,1633.25,30.62,1.8,False,False,0.6,6.6
leo_ntn,leo_hidden_in_rain,8,UT00,rf_subsystem,False,7.0,155.0,0.0,9.0,73.0,1,97,True,True,False,False,175.0,155.0,155.0,162.0,168.0,157.0,162.0,,,7.0,7.0,2.0,2.0,-5.0,0.0,183,0,12,406,1.0,0.9384615384615385,0.9682539682539683,0.0,0.06153846153846154,85,0,22,494,1.0,0.794392523364486,0.8854166666666666,0.0,0.205607476635514,107,332,0,162,0.2437357630979499,1.0,0.39194139194139194,0.6720647773279352,0.0,ILLUSTRATIVE - not derived from operator financial data,1651.67,1621.05,30.62,1.9,False,False,0.6,6.6
leo_ntn,leo_hidden_in_rain,9,UT00,rf_subsystem,False,6.0,156.0,0.0,6.0,77.0,6,95,True,True,False,False,175.0,156.0,156.0,162.0,168.0,157.0,162.0,,,6.0,6.0,1.0,1.0,-5.0,0.0,181,0,14,406,1.0,0.9282051282051282,0.9627659574468085,0.0,0.07179487179487179,80,0,27,494,1.0,0.7476635514018691,0.8556149732620321,0.0,0.2523364485981308,107,332,0,162,0.2437357630979499,1.0,0.39194139194139194,0.6720647773279352,0.0,ILLUSTRATIVE - not derived from operator financial data,1669.33,1643.09,26.24,1.6,False,False,0.6,6.6
leo_ntn,leo_hidden_in_rain,10,UT00,rf_subsystem,False,7.0,155.0,0.0,7.0,76.0,8,95,True,True,False,False,175.0,155.0,155.0,162.0,168.0,157.0,162.0,,,7.0,7.0,2.0,2.0,-5.0,0.0,185,0,10,406,1.0,0.9487179487179487,0.9736842105263158,0.0,0.05128205128205128,82,0,25,494,1.0,0.7663551401869159,0.8677248677248678,0.0,0.2336448598130841,107,332,0,162,0.2437357630979499,1.0,0.39194139194139194,0.6720647773279352,0.0,ILLUSTRATIVE - not derived from operator financial data,1666.6,1635.98,30.62,1.8,False,False,0.6,6.6
leo_ntn,leo_hidden_in_rain,11,UT00,rf_subsystem,False,7.0,155.0,0.0,8.0,75.0,10,97,True,True,False,False,175.0,155.0,155.0,162.0,168.0,157.0,162.0,,,7.0,7.0,2.0,2.0,-5.0,0.0,183,0,12,406,1.0,0.9384615384615385,0.9682539682539683,0.0,0.06153846153846154,76,0,31,494,1.0,0.7102803738317757,0.8306010928961748,0.0,0.2897196261682243,107,332,0,162,0.2437357630979499,1.0,0.39194139194139194,0.6720647773279352,0.0,ILLUSTRATIVE - not derived from operator financial data,1663.87,1633.25,30.62,1.8,False,False,0.6,6.6
leo_ntn,leo_hidden_in_rain,12,UT00,rf_subsystem,False,7.0,155.0,0.0,7.0,77.0,11,98,True,True,False,False,175.0,155.0,155.0,162.0,168.0,157.0,162.0,,,7.0,7.0,2.0,2.0,-5.0,0.0,185,1,10,405,0.9946236559139785,0.9487179487179487,0.9711286089238845,0.0024630541871921183,0.05128205128205128,77,0,30,494,1.0,0.719626168224299,0.8369565217391304,0.0,0.2803738317757009,107,332,0,162,0.2437357630979499,1.0,0.39194139194139194,0.6720647773279352,0.0,ILLUSTRATIVE - not derived from operator financial data,1676.07,1645.45,30.62,1.8,False,False,0.6,6.6
leo_ntn,leo_hidden_in_rain,13,UT00,rf_subsystem,False,7.0,155.0,0.0,6.0,77.0,19,94,True,True,False,False,175.0,155.0,155.0,162.0,168.0,161.0,162.0,,,7.0,7.0,6.0,6.0,-1.0,0.0,185,0,10,406,1.0,0.9487179487179487,0.9736842105263158,0.0,0.05128205128205128,72,0,35,494,1.0,0.6728971962616822,0.8044692737430167,0.0,0.32710280373831774,107,332,0,162,0.2437357630979499,1.0,0.39194139194139194,0.6720647773279352,0.0,ILLUSTRATIVE - not derived from operator financial data,1669.33,1638.72,30.61,1.8,False,False,0.6,6.6
leo_ntn,leo_hidden_in_rain,14,UT00,rf_subsystem,False,7.0,155.0,0.0,7.0,76.0,74,99,True,True,False,False,175.0,155.0,155.0,162.0,168.0,157.0,162.0,,,7.0,7.0,2.0,2.0,-5.0,0.0,185,11,10,395,0.9438775510204082,0.9487179487179487,0.9462915601023018,0.027093596059113302,0.05128205128205128,23,0,84,494,1.0,0.21495327102803738,0.35384615384615387,0.0,0.7850467289719626,107,332,0,162,0.2437357630979499,1.0,0.39194139194139194,0.6720647773279352,0.0,ILLUSTRATIVE - not derived from operator financial data,1666.6,1635.98,30.62,1.8,False,False,0.6,6.6
leo_ntn,leo_hidden_in_rain,15,UT00,rf_subsystem,False,5.0,157.0,0.0,8.0,75.0,32,95,True,True,False,False,175.0,157.0,157.0,162.0,168.0,157.0,162.0,,,5.0,5.0,0.0,0.0,-5.0,0.0,181,3,14,403,0.9836956521739131,0.9282051282051282,0.9551451187335093,0.007389162561576354,0.07179487179487179,57,0,50,494,1.0,0.5327102803738317,0.6951219512195121,0.0,0.4672897196261682,107,332,0,162,0.2437357630979499,1.0,0.39194139194139194,0.6720647773279352,0.0,ILLUSTRATIVE - not derived from operator financial data,1663.87,1642.0,21.87,1.3,False,False,0.6,6.6
leo_ntn,leo_hidden_in_rain,1,UT00,rf_subsystem,False,5.0,157.0,0.0,6.0,76.0,2,93,True,True,False,False,175.0,157.0,157.0,162.0,168.0,161.0,162.0,,,5.0,5.0,4.0,4.0,-1.0,0.0,180,0,15,406,1.0,0.9230769230769231,0.9600000000000001,0.0,0.07692307692307693,85,0,22,494,1.0,0.794392523364486,0.8854166666666666,0.0,0.205607476635514,107,332,0,162,0.2437357630979499,1.0,0.39194139194139194,0.6720647773279352,0.0,ILLUSTRATIVE - not derived from operator financial data,1659.87,1638.0,21.87,1.3,False,False,0.8,8.8
leo_ntn,leo_hidden_in_rain,2,UT00,rf_subsystem,False,7.0,154.0,21.0,5.0,79.0,26,102,True,True,False,False,175.0,133.0,154.0,161.0,167.0,157.0,161.0,,,28.0,7.0,24.0,3.0,-4.0,21.0,188,12,7,394,0.94,0.9641025641025641,0.9518987341772152,0.029556650246305417,0.035897435897435895,72,0,35,494,1.0,0.6728971962616822,0.8044692737430167,0.0,0.32710280373831774,107,333,0,161,0.2431818181818182,1.0,0.3912248628884827,0.6740890688259109,0.0,ILLUSTRATIVE - not derived from operator financial data,1681.53,1650.92,30.61,1.8,False,False,0.8,8.8
leo_ntn,leo_hidden_in_rain,3,UT00,rf_subsystem,False,3.0,159.0,0.0,5.0,78.0,11,93,True,True,False,False,175.0,159.0,159.0,162.0,168.0,161.0,162.0,,,3.0,3.0,2.0,2.0,-1.0,0.0,181,7,14,399,0.9627659574468085,0.9282051282051282,0.9451697127937337,0.017241379310344827,0.07179487179487179,84,0,23,494,1.0,0.7850467289719626,0.8795811518324607,0.0,0.21495327102803738,107,332,0,162,0.2437357630979499,1.0,0.39194139194139194,0.6720647773279352,0.0,ILLUSTRATIVE - not derived from operator financial data,1672.07,1658.94,13.13,0.8,False,False,0.8,8.8
leo_ntn,leo_hidden_in_rain,4,UT00,rf_subsystem,False,3.0,154.0,0.0,3.0,81.0,12,100,True,True,False,False,175.0,154.0,154.0,157.0,163.0,157.0,157.0,,,3.0,3.0,3.0,3.0,0.0,0.0,185,12,10,394,0.9390862944162437,0.9487179487179487,0.9438775510204082,0.029556650246305417,0.05128205128205128,85,0,22,494,1.0,0.794392523364486,0.8854166666666666,0.0,0.205607476635514,107,337,0,157,0.240990990990991,1.0,0.38838475499092556,0.6821862348178138,0.0,ILLUSTRATIVE - not derived from operator financial data,1687.0,1673.88,13.12,0.8,False,False,0.8,8.8
leo_ntn,leo_hidden_in_rain,5,UT00,rf_subsystem,False,2.0,160.0,0.0,7.0,75.0,0,94,True,True,False,False,175.0,160.0,160.0,162.0,168.0,161.0,162.0,,,2.0,2.0,1.0,1.0,-1.0,0.0,180,0,15,406,1.0,0.9230769230769231,0.9600000000000001,0.0,0.07692307692307693,86,0,21,494,1.0,0.8037383177570093,0.8911917098445596,0.0,0.19626168224299065,107,332,0,162,0.2437357630979499,1.0,0.39194139194139194,0.6720647773279352,0.0,ILLUSTRATIVE - not derived from operator financial data,1657.13,1648.39,8.74,0.5,False,False,0.8,8.8
leo_ntn,leo_hidden_in_rain,6,UT00,rf_subsystem,False,6.0,155.0,0.0,6.0,78.0,2,96,True,True,False,False,175.0,155.0,155.0,161.0,167.0,157.0,161.0,,,6.0,6.0,2.0,2.0,-4.0,0.0,184,0,11,406,1.0,0.9435897435897436,0.9709762532981531,0.0,0.05641025641025641,86,0,21,494,1.0,0.8037383177570093,0.8911917098445596,0.0,0.19626168224299065,107,333,0,161,0.2431818181818182,1.0,0.3912248628884827,0.6740890688259109,0.0,ILLUSTRATIVE - not derived from operator financial data,1678.8,1652.56,26.24,1.6,False,False,0.8,8.8
leo_ntn,leo_hidden_in_rain,7,UT00,rf_subsystem,False,7.0,155.0,0.0,9.0,75.0,7,99,True,True,False,False,175.0,155.0,155.0,162.0,168.0,157.0,162.0,,,7.0,7.0,2.0,2.0,-5.0,0.0,185,5,10,401,0.9736842105263158,0.9487179487179487,0.9610389610389611,0.012315270935960592,0.05128205128205128,84,0,23,494,1.0,0.7850467289719626,0.8795811518324607,0.0,0.21495327102803738,107,332,0,162,0.2437357630979499,1.0,0.39194139194139194,0.6720647773279352,0.0,ILLUSTRATIVE - not derived from operator financial data,1670.6,1639.98,30.62,1.8,False,False,0.8,8.8
leo_ntn,leo_hidden_in_rain,8,UT00,rf_subsystem,False,7.0,155.0,0.0,9.0,74.0,1,97,True,True,False,False,175.0,155.0,155.0,162.0,168.0,157.0,162.0,,,7.0,7.0,2.0,2.0,-5.0,0.0,183,0,12,406,1.0,0.9384615384615385,0.9682539682539683,0.0,0.06153846153846154,85,0,22,494,1.0,0.794392523364486,0.8854166666666666,0.0,0.205607476635514,107,332,0,162,0.2437357630979499,1.0,0.39194139194139194,0.6720647773279352,0.0,ILLUSTRATIVE - not derived from operator financial data,1661.13,1630.52,30.61,1.8,False,False,0.8,8.8
leo_ntn,leo_hidden_in_rain,9,UT00,rf_subsystem,False,6.0,156.0,0.0,7.0,77.0,0,95,True,True,False,False,175.0,156.0,156.0,162.0,168.0,157.0,162.0,,,6.0,6.0,1.0,1.0,-5.0,0.0,181,0,14,406,1.0,0.9282051282051282,0.9627659574468085,0.0,0.07179487179487179,86,0,21,494,1.0,0.8037383177570093,0.8911917098445596,0.0,0.19626168224299065,107,332,0,162,0.2437357630979499,1.0,0.39194139194139194,0.6720647773279352,0.0,ILLUSTRATIVE - not derived from operator financial data,1676.07,1649.82,26.25,1.6,False,False,0.8,8.8
leo_ntn,leo_hidden_in_rain,10,UT00,rf_subsystem,False,7.0,155.0,0.0,7.0,76.0,5,95,True,True,False,False,175.0,155.0,155.0,162.0,168.0,157.0,162.0,,,7.0,7.0,2.0,2.0,-5.0,0.0,185,0,10,406,1.0,0.9487179487179487,0.9736842105263158,0.0,0.05128205128205128,85,0,22,494,1.0,0.794392523364486,0.8854166666666666,0.0,0.205607476635514,107,332,0,162,0.2437357630979499,1.0,0.39194139194139194,0.6720647773279352,0.0,ILLUSTRATIVE - not derived from operator financial data,1666.6,1635.98,30.62,1.8,False,False,0.8,8.8
leo_ntn,leo_hidden_in_rain,11,UT00,rf_subsystem,False,7.0,155.0,0.0,8.0,76.0,1,96,True,True,False,False,175.0,155.0,155.0,162.0,168.0,157.0,162.0,,,7.0,7.0,2.0,2.0,-5.0,0.0,183,0,12,406,1.0,0.9384615384615385,0.9682539682539683,0.0,0.06153846153846154,86,0,21,494,1.0,0.8037383177570093,0.8911917098445596,0.0,0.19626168224299065,107,332,0,162,0.2437357630979499,1.0,0.39194139194139194,0.6720647773279352,0.0,ILLUSTRATIVE - not derived from operator financial data,1673.33,1642.72,30.61,1.8,False,False,0.8,8.8
leo_ntn,leo_hidden_in_rain,12,UT00,rf_subsystem,False,7.0,155.0,0.0,7.0,77.0,4,98,True,True,False,False,175.0,155.0,155.0,162.0,168.0,157.0,162.0,,,7.0,7.0,2.0,2.0,-5.0,0.0,185,1,10,405,0.9946236559139785,0.9487179487179487,0.9711286089238845,0.0024630541871921183,0.05128205128205128,84,0,23,494,1.0,0.7850467289719626,0.8795811518324607,0.0,0.21495327102803738,107,332,0,162,0.2437357630979499,1.0,0.39194139194139194,0.6720647773279352,0.0,ILLUSTRATIVE - not derived from operator financial data,1676.07,1645.45,30.62,1.8,False,False,0.8,8.8
leo_ntn,leo_hidden_in_rain,13,UT00,rf_subsystem,False,7.0,155.0,0.0,6.0,77.0,2,97,True,True,False,False,175.0,155.0,155.0,162.0,168.0,161.0,162.0,,,7.0,7.0,6.0,6.0,-1.0,0.0,185,0,10,406,1.0,0.9487179487179487,0.9736842105263158,0.0,0.05128205128205128,86,0,21,494,1.0,0.8037383177570093,0.8911917098445596,0.0,0.19626168224299065,107,332,0,162,0.2437357630979499,1.0,0.39194139194139194,0.6720647773279352,0.0,ILLUSTRATIVE - not derived from operator financial data,1669.33,1638.72,30.61,1.8,False,False,0.8,8.8
leo_ntn,leo_hidden_in_rain,14,UT00,rf_subsystem,False,7.0,155.0,0.0,8.0,76.0,22,99,True,True,False,False,175.0,155.0,155.0,162.0,168.0,157.0,162.0,,,7.0,7.0,2.0,2.0,-5.0,0.0,185,11,10,395,0.9438775510204082,0.9487179487179487,0.9462915601023018,0.027093596059113302,0.05128205128205128,75,0,32,494,1.0,0.7009345794392523,0.8241758241758241,0.0,0.29906542056074764,107,332,0,162,0.2437357630979499,1.0,0.39194139194139194,0.6720647773279352,0.0,ILLUSTRATIVE - not derived from operator financial data,1673.33,1642.72,30.61,1.8,False,False,0.8,8.8
leo_ntn,leo_hidden_in_rain,15,UT00,rf_subsystem,False,5.0,157.0,0.0,8.0,75.0,9,93,True,True,False,False,175.0,157.0,157.0,162.0,168.0,157.0,162.0,,,5.0,5.0,0.0,0.0,-5.0,0.0,181,3,14,403,0.9836956521739131,0.9282051282051282,0.9551451187335093,0.007389162561576354,0.07179487179487179,82,0,25,494,1.0,0.7663551401869159,0.8677248677248678,0.0,0.2336448598130841,107,332,0,162,0.2437357630979499,1.0,0.39194139194139194,0.6720647773279352,0.0,ILLUSTRATIVE - not derived from operator financial data,1663.87,1642.0,21.87,1.3,False,False,0.8,8.8
leo_ntn,leo_hidden_in_rain,1,UT00,rf_subsystem,False,5.0,157.0,0.0,7.0,76.0,1,93,True,True,False,False,175.0,157.0,157.0,162.0,168.0,161.0,162.0,,,5.0,5.0,4.0,4.0,-1.0,0.0,180,0,15,406,1.0,0.9230769230769231,0.9600000000000001,0.0,0.07692307692307693,86,0,21,494,1.0,0.8037383177570093,0.8911917098445596,0.0,0.19626168224299065,107,332,0,162,0.2437357630979499,1.0,0.39194139194139194,0.6720647773279352,0.0,ILLUSTRATIVE - not derived from operator financial data,1666.6,1644.73,21.87,1.3,False,False,1.0,11.0
leo_ntn,leo_hidden_in_rain,2,UT00,rf_subsystem,False,7.0,154.0,21.0,4.0,80.0,13,102,True,True,False,False,175.0,133.0,154.0,161.0,167.0,157.0,161.0,,,28.0,7.0,24.0,3.0,-4.0,21.0,188,12,7,394,0.94,0.9641025641025641,0.9518987341772152,0.029556650246305417,0.035897435897435895,85,0,22,494,1.0,0.794392523364486,0.8854166666666666,0.0,0.205607476635514,107,333,0,161,0.2431818181818182,1.0,0.3912248628884827,0.6740890688259109,0.0,ILLUSTRATIVE - not derived from operator financial data,1684.27,1654.25,30.02,1.8,False,False,1.0,11.0
leo_ntn,leo_hidden_in_rain,3,UT00,rf_subsystem,False,3.0,159.0,0.0,6.0,78.0,8,95,True,True,False,False,175.0,159.0,159.0,162.0,168.0,161.0,162.0,,,3.0,3.0,2.0,2.0,-1.0,0.0,181,7,14,399,0.9627659574468085,0.9282051282051282,0.9451697127937337,0.017241379310344827,0.07179487179487179,85,0,22,494,1.0,0.794392523364486,0.8854166666666666,0.0,0.205607476635514,107,332,0,162,0.2437357630979499,1.0,0.39194139194139194,0.6720647773279352,0.0,ILLUSTRATIVE - not derived from operator financial data,1678.8,1665.68,13.12,0.8,False,False,1.0,11.0
leo_ntn,leo_hidden_in_rain,4,UT00,rf_subsystem,False,3.0,154.0,0.0,3.0,81.0,11,100,True,True,False,False,175.0,154.0,154.0,157.0,163.0,157.0,157.0,,,3.0,3.0,3.0,3.0,0.0,0.0,185,12,10,394,0.9390862944162437,0.9487179487179487,0.9438775510204082,0.029556650246305417,0.05128205128205128,86,0,21,494,1.0,0.8037383177570093,0.8911917098445596,0.0,0.19626168224299065,107,337,0,157,0.240990990990991,1.0,0.38838475499092556,0.6821862348178138,0.0,ILLUSTRATIVE - not derived from operator financial data,1687.0,1673.88,13.12,0.8,False,False,1.0,11.0
leo_ntn,leo_hidden_in_rain,5,UT00,rf_subsystem,False,2.0,160.0,0.0,8.0,75.0,0,94,True,True,False,False,175.0,160.0,160.0,162.0,168.0,161.0,162.0,,,2.0,2.0,1.0,1.0,-1.0,0.0,180,0,15,406,1.0,0.9230769230769231,0.9600000000000001,0.0,0.07692307692307693,86,0,21,494,1.0,0.8037383177570093,0.8911917098445596,0.0,0.19626168224299065,107,332,0,162,0.2437357630979499,1.0,0.39194139194139194,0.6720647773279352,0.0,ILLUSTRATIVE - not derived from operator financial data,1663.87,1655.12,8.75,0.5,False,False,1.0,11.0
leo_ntn,leo_hidden_in_rain,6,UT00,rf_subsystem,False,6.0,155.0,0.0,6.0,78.0,1,97,True,True,False,False,175.0,155.0,155.0,161.0,167.0,157.0,161.0,,,6.0,6.0,2.0,2.0,-4.0,0.0,184,0,11,406,1.0,0.9435897435897436,0.9709762532981531,0.0,0.05641025641025641,86,0,21,494,1.0,0.8037383177570093,0.8911917098445596,0.0,0.19626168224299065,107,333,0,161,0.2431818181818182,1.0,0.3912248628884827,0.6740890688259109,0.0,ILLUSTRATIVE - not derived from operator financial data,1678.8,1652.56,26.24,1.6,False,False,1.0,11.0
leo_ntn,leo_hidden_in_rain,7,UT00,rf_subsystem,False,7.0,155.0,0.0,9.0,75.0,5,99,True,True,False,False,175.0,155.0,155.0,162.0,168.0,157.0,162.0,,,7.0,7.0,2.0,2.0,-5.0,0.0,185,5,10,401,0.9736842105263158,0.9487179487179487,0.9610389610389611,0.012315270935960592,0.05128205128205128,86,0,21,494,1.0,0.8037383177570093,0.8911917098445596,0.0,0.19626168224299065,107,332,0,162,0.2437357630979499,1.0,0.39194139194139194,0.6720647773279352,0.0,ILLUSTRATIVE - not derived from operator financial data,1670.6,1639.98,30.62,1.8,False,False,1.0,11.0
leo_ntn,leo_hidden_in_rain,8,UT00,rf_subsystem,False,7.0,155.0,0.0,9.0,74.0,0,97,True,True,False,False,175.0,155.0,155.0,162.0,168.0,157.0,162.0,,,7.0,7.0,2.0,2.0,-5.0,0.0,183,0,12,406,1.0,0.9384615384615385,0.9682539682539683,0.0,0.06153846153846154,86,0,21,494,1.0,0.8037383177570093,0.8911917098445596,0.0,0.19626168224299065,107,332,0,162,0.2437357630979499,1.0,0.39194139194139194,0.6720647773279352,0.0,ILLUSTRATIVE - not derived from operator financial data,1661.13,1630.52,30.61,1.8,False,False,1.0,11.0
leo_ntn,leo_hidden_in_rain,9,UT00,rf_subsystem,False,6.0,156.0,0.0,7.0,77.0,0,95,True,True,False,False,175.0,156.0,156.0,162.0,168.0,157.0,162.0,,,6.0,6.0,1.0,1.0,-5.0,0.0,181,0,14,406,1.0,0.9282051282051282,0.9627659574468085,0.0,0.07179487179487179,86,0,21,494,1.0,0.8037383177570093,0.8911917098445596,0.0,0.19626168224299065,107,332,0,162,0.2437357630979499,1.0,0.39194139194139194,0.6720647773279352,0.0,ILLUSTRATIVE - not derived from operator financial data,1676.07,1649.82,26.25,1.6,False,False,1.0,11.0
leo_ntn,leo_hidden_in_rain,10,UT00,rf_subsystem,False,7.0,155.0,0.0,8.0,76.0,1,98,True,True,False,False,175.0,155.0,155.0,162.0,168.0,157.0,162.0,,,7.0,7.0,2.0,2.0,-5.0,0.0,185,0,10,406,1.0,0.9487179487179487,0.9736842105263158,0.0,0.05128205128205128,86,0,21,494,1.0,0.8037383177570093,0.8911917098445596,0.0,0.19626168224299065,107,332,0,162,0.2437357630979499,1.0,0.39194139194139194,0.6720647773279352,0.0,ILLUSTRATIVE - not derived from operator financial data,1673.33,1642.72,30.61,1.8,False,False,1.0,11.0
leo_ntn,leo_hidden_in_rain,11,UT00,rf_subsystem,False,7.0,155.0,0.0,8.0,76.0,0,97,True,True,False,False,175.0,155.0,155.0,162.0,168.0,157.0,162.0,,,7.0,7.0,2.0,2.0,-5.0,0.0,183,0,12,406,1.0,0.9384615384615385,0.9682539682539683,0.0,0.06153846153846154,86,0,21,494,1.0,0.8037383177570093,0.8911917098445596,0.0,0.19626168224299065,107,332,0,162,0.2437357630979499,1.0,0.39194139194139194,0.6720647773279352,0.0,ILLUSTRATIVE - not derived from operator financial data,1673.33,1642.72,30.61,1.8,False,False,1.0,11.0
leo_ntn,leo_hidden_in_rain,12,UT00,rf_subsystem,False,7.0,155.0,0.0,7.0,77.0,2,99,True,True,False,False,175.0,155.0,155.0,162.0,168.0,157.0,162.0,,,7.0,7.0,2.0,2.0,-5.0,0.0,185,1,10,405,0.9946236559139785,0.9487179487179487,0.9711286089238845,0.0024630541871921183,0.05128205128205128,85,0,22,494,1.0,0.794392523364486,0.8854166666666666,0.0,0.205607476635514,107,332,0,162,0.2437357630979499,1.0,0.39194139194139194,0.6720647773279352,0.0,ILLUSTRATIVE - not derived from operator financial data,1676.07,1645.45,30.62,1.8,False,False,1.0,11.0
leo_ntn,leo_hidden_in_rain,13,UT00,rf_subsystem,False,7.0,155.0,0.0,6.0,77.0,2,97,True,True,False,False,175.0,155.0,155.0,162.0,168.0,161.0,162.0,,,7.0,7.0,6.0,6.0,-1.0,0.0,185,0,10,406,1.0,0.9487179487179487,0.9736842105263158,0.0,0.05128205128205128,86,0,21,494,1.0,0.8037383177570093,0.8911917098445596,0.0,0.19626168224299065,107,332,0,162,0.2437357630979499,1.0,0.39194139194139194,0.6720647773279352,0.0,ILLUSTRATIVE - not derived from operator financial data,1669.33,1638.72,30.61,1.8,False,False,1.0,11.0
leo_ntn,leo_hidden_in_rain,14,UT00,rf_subsystem,False,7.0,155.0,0.0,8.0,76.0,11,99,True,True,False,False,175.0,155.0,155.0,162.0,168.0,157.0,162.0,,,7.0,7.0,2.0,2.0,-5.0,0.0,185,11,10,395,0.9438775510204082,0.9487179487179487,0.9462915601023018,0.027093596059113302,0.05128205128205128,86,0,21,494,1.0,0.8037383177570093,0.8911917098445596,0.0,0.19626168224299065,107,332,0,162,0.2437357630979499,1.0,0.39194139194139194,0.6720647773279352,0.0,ILLUSTRATIVE - not derived from operator financial data,1673.33,1642.72,30.61,1.8,False,False,1.0,11.0
leo_ntn,leo_hidden_in_rain,15,UT00,rf_subsystem,False,5.0,157.0,0.0,9.0,75.0,4,95,True,True,False,False,175.0,157.0,157.0,162.0,168.0,157.0,162.0,,,5.0,5.0,0.0,0.0,-5.0,0.0,181,3,14,403,0.9836956521739131,0.9282051282051282,0.9551451187335093,0.007389162561576354,0.07179487179487179,85,0,22,494,1.0,0.794392523364486,0.8854166666666666,0.0,0.205607476635514,107,332,0,162,0.2437357630979499,1.0,0.39194139194139194,0.6720647773279352,0.0,ILLUSTRATIVE - not derived from operator financial data,1670.6,1648.73,21.87,1.3,False,False,1.0,11.0
leo_ntn,leo_hidden_in_rain,1,UT00,rf_subsystem,False,5.0,157.0,0.0,20.0,77.0,1,93,True,True,False,False,175.0,157.0,157.0,162.0,168.0,161.0,162.0,,,5.0,5.0,4.0,4.0,-1.0,0.0,180,0,15,406,1.0,0.9230769230769231,0.9600000000000001,0.0,0.07692307692307693,86,0,21,494,1.0,0.8037383177570093,0.8911917098445596,0.0,0.19626168224299065,107,332,0,162,0.2437357630979499,1.0,0.39194139194139194,0.6720647773279352,0.0,ILLUSTRATIVE - not derived from operator financial data,1763.6,1741.73,21.87,1.2,False,False,1.3,14.3
leo_ntn,leo_hidden_in_rain,2,UT00,rf_subsystem,False,7.0,154.0,21.0,17.0,81.0,12,102,True,True,False,False,175.0,133.0,154.0,161.0,167.0,157.0,161.0,,,28.0,7.0,24.0,3.0,-4.0,21.0,188,12,7,394,0.94,0.9641025641025641,0.9518987341772152,0.029556650246305417,0.035897435897435895,86,0,21,494,1.0,0.8037383177570093,0.8911917098445596,0.0,0.19626168224299065,107,333,0,161,0.2431818181818182,1.0,0.3912248628884827,0.6740890688259109,0.0,ILLUSTRATIVE - not derived from operator financial data,1781.27,1750.65,30.62,1.7,False,False,1.3,14.3
leo_ntn,leo_hidden_in_rain,3,UT00,rf_subsystem,False,3.0,159.0,0.0,12.0,79.0,7,95,True,True,False,False,175.0,159.0,159.0,162.0,168.0,161.0,162.0,,,3.0,3.0,2.0,2.0,-1.0,0.0,181,7,14,399,0.9627659574468085,0.9282051282051282,0.9451697127937337,0.017241379310344827,0.07179487179487179,86,0,21,494,1.0,0.8037383177570093,0.8911917098445596,0.0,0.19626168224299065,107,332,0,162,0.2437357630979499,1.0,0.39194139194139194,0.6720647773279352,0.0,ILLUSTRATIVE - not derived from operator financial data,1728.67,1715.54,13.13,0.8,False,False,1.3,14.3
leo_ntn,leo_hidden_in_rain,4,UT00,rf_subsystem,False,3.0,154.0,0.0,18.0,82.0,11,100,True,True,False,False,175.0,154.0,154.0,157.0,163.0,157.0,157.0,,,3.0,3.0,3.0,3.0,0.0,0.0,185,12,10,394,0.9390862944162437,0.9487179487179487,0.9438775510204082,0.029556650246305417,0.05128205128205128,86,0,21,494,1.0,0.8037383177570093,0.8911917098445596,0.0,0.19626168224299065,107,337,0,157,0.240990990990991,1.0,0.38838475499092556,0.6821862348178138,0.0,ILLUSTRATIVE - not derived from operator financial data,1797.47,1784.34,13.13,0.7,False,False,1.3,14.3
leo_ntn,leo_hidden_in_rain,5,UT00,rf_subsystem,False,2.0,160.0,0.0,14.0,76.0,0,94,True,True,False,False,175.0,160.0,160.0,162.0,168.0,161.0,162.0,,,2.0,2.0,1.0,1.0,-1.0,0.0,180,0,15,406,1.0,0.9230769230769231,0.9600000000000001,0.0,0.07692307692307693,86,0,21,494,1.0,0.8037383177570093,0.8911917098445596,0.0,0.19626168224299065,107,332,0,162,0.2437357630979499,1.0,0.39194139194139194,0.6720647773279352,0.0,ILLUSTRATIVE - not derived from operator financial data,1713.73,1704.99,8.74,0.5,False,False,1.3,14.3
leo_ntn,leo_hidden_in_rain,6,UT00,rf_subsystem,False,6.0,155.0,0.0,10.0,79.0,1,97,True,True,False,False,175.0,155.0,155.0,161.0,167.0,157.0,161.0,,,6.0,6.0,2.0,2.0,-4.0,0.0,184,0,11,406,1.0,0.9435897435897436,0.9709762532981531,0.0,0.05641025641025641,86,0,21,494,1.0,0.8037383177570093,0.8911917098445596,0.0,0.19626168224299065,107,333,0,161,0.2431818181818182,1.0,0.3912248628884827,0.6740890688259109,0.0,ILLUSTRATIVE - not derived from operator financial data,1715.2,1688.96,26.24,1.5,False,False,1.3,14.3
leo_ntn,leo_hidden_in_rain,7,UT00,rf_subsystem,False,7.0,155.0,0.0,19.0,76.0,5,99,True,True,False,False,175.0,155.0,155.0,162.0,168.0,157.0,162.0,,,7.0,7.0,2.0,2.0,-5.0,0.0,185,5,10,401,0.9736842105263158,0.9487179487179487,0.9610389610389611,0.012315270935960592,0.05128205128205128,86,0,21,494,1.0,0.8037383177570093,0.8911917098445596,0.0,0.19626168224299065,107,332,0,162,0.2437357630979499,1.0,0.39194139194139194,0.6720647773279352,0.0,ILLUSTRATIVE - not derived from operator financial data,1747.4,1716.78,30.62,1.8,False,False,1.3,14.3
leo_ntn,leo_hidden_in_rain,8,UT00,rf_subsystem,False,7.0,155.0,0.0,18.0,75.0,0,97,True,True,False,False,175.0,155.0,155.0,162.0,168.0,157.0,162.0,,,7.0,7.0,2.0,2.0,-5.0,0.0,183,0,12,406,1.0,0.9384615384615385,0.9682539682539683,0.0,0.06153846153846154,86,0,21,494,1.0,0.8037383177570093,0.8911917098445596,0.0,0.19626168224299065,107,332,0,162,0.2437357630979499,1.0,0.39194139194139194,0.6720647773279352,0.0,ILLUSTRATIVE - not derived from operator financial data,1731.2,1700.58,30.62,1.8,False,False,1.3,14.3
leo_ntn,leo_hidden_in_rain,9,UT00,rf_subsystem,False,6.0,156.0,0.0,15.0,78.0,0,95,True,True,False,False,175.0,156.0,156.0,162.0,168.0,157.0,162.0,,,6.0,6.0,1.0,1.0,-5.0,0.0,181,0,14,406,1.0,0.9282051282051282,0.9627659574468085,0.0,0.07179487179487179,86,0,21,494,1.0,0.8037383177570093,0.8911917098445596,0.0,0.19626168224299065,107,332,0,162,0.2437357630979499,1.0,0.39194139194139194,0.6720647773279352,0.0,ILLUSTRATIVE - not derived from operator financial data,1739.4,1713.16,26.24,1.5,False,False,1.3,14.3
leo_ntn,leo_hidden_in_rain,10,UT00,rf_subsystem,False,7.0,155.0,0.0,19.0,76.0,2,97,True,True,False,False,175.0,155.0,155.0,162.0,168.0,157.0,162.0,,,7.0,7.0,2.0,2.0,-5.0,0.0,185,0,10,406,1.0,0.9487179487179487,0.9736842105263158,0.0,0.05128205128205128,86,0,21,494,1.0,0.8037383177570093,0.8911917098445596,0.0,0.19626168224299065,107,332,0,162,0.2437357630979499,1.0,0.39194139194139194,0.6720647773279352,0.0,ILLUSTRATIVE - not derived from operator financial data,1747.4,1716.78,30.62,1.8,False,False,1.3,14.3
leo_ntn,leo_hidden_in_rain,11,UT00,rf_subsystem,False,7.0,155.0,0.0,14.0,77.0,0,97,True,True,False,False,175.0,155.0,155.0,162.0,168.0,157.0,162.0,,,7.0,7.0,2.0,2.0,-5.0,0.0,183,0,12,406,1.0,0.9384615384615385,0.9682539682539683,0.0,0.06153846153846154,86,0,21,494,1.0,0.8037383177570093,0.8911917098445596,0.0,0.19626168224299065,107,332,0,162,0.2437357630979499,1.0,0.39194139194139194,0.6720647773279352,0.0,ILLUSTRATIVE - not derived from operator financial data,1723.2,1692.58,30.62,1.8,False,False,1.3,14.3
leo_ntn,leo_hidden_in_rain,12,UT00,rf_subsystem,False,7.0,155.0,0.0,17.0,78.0,1,99,True,True,False,False,175.0,155.0,155.0,162.0,168.0,157.0,162.0,,,7.0,7.0,2.0,2.0,-5.0,0.0,185,1,10,405,0.9946236559139785,0.9487179487179487,0.9711286089238845,0.0024630541871921183,0.05128205128205128,86,0,21,494,1.0,0.8037383177570093,0.8911917098445596,0.0,0.19626168224299065,107,332,0,162,0.2437357630979499,1.0,0.39194139194139194,0.6720647773279352,0.0,ILLUSTRATIVE - not derived from operator financial data,1752.87,1722.25,30.62,1.7,False,False,1.3,14.3
leo_ntn,leo_hidden_in_rain,13,UT00,rf_subsystem,False,7.0,155.0,0.0,13.0,78.0,0,99,True,True,False,False,175.0,155.0,155.0,162.0,168.0,161.0,162.0,,,7.0,7.0,6.0,6.0,-1.0,0.0,185,0,10,406,1.0,0.9487179487179487,0.9736842105263158,0.0,0.05128205128205128,86,0,21,494,1.0,0.8037383177570093,0.8911917098445596,0.0,0.19626168224299065,107,332,0,162,0.2437357630979499,1.0,0.39194139194139194,0.6720647773279352,0.0,ILLUSTRATIVE - not derived from operator financial data,1725.93,1695.32,30.61,1.8,False,False,1.3,14.3
leo_ntn,leo_hidden_in_rain,14,UT00,rf_subsystem,False,7.0,155.0,0.0,14.0,77.0,11,99,True,True,False,False,175.0,155.0,155.0,162.0,168.0,157.0,162.0,,,7.0,7.0,2.0,2.0,-5.0,0.0,185,11,10,395,0.9438775510204082,0.9487179487179487,0.9462915601023018,0.027093596059113302,0.05128205128205128,86,0,21,494,1.0,0.8037383177570093,0.8911917098445596,0.0,0.19626168224299065,107,332,0,162,0.2437357630979499,1.0,0.39194139194139194,0.6720647773279352,0.0,ILLUSTRATIVE - not derived from operator financial data,1723.2,1692.58,30.62,1.8,False,False,1.3,14.3
leo_ntn,leo_hidden_in_rain,15,UT00,rf_subsystem,False,5.0,157.0,0.0,16.0,75.0,3,95,True,True,False,False,175.0,157.0,157.0,162.0,168.0,157.0,162.0,,,5.0,5.0,0.0,0.0,-5.0,0.0,181,3,14,403,0.9836956521739131,0.9282051282051282,0.9551451187335093,0.007389162561576354,0.07179487179487179,86,0,21,494,1.0,0.8037383177570093,0.8911917098445596,0.0,0.19626168224299065,107,332,0,162,0.2437357630979499,1.0,0.39194139194139194,0.6720647773279352,0.0,ILLUSTRATIVE - not derived from operator financial data,1717.73,1695.86,21.87,1.3,False,False,1.3,14.3
leo_ntn,leo_hidden_in_rain,1,UT00,rf_subsystem,False,5.0,157.0,0.0,47.0,100.0,1,93,True,True,False,False,175.0,157.0,157.0,162.0,168.0,161.0,162.0,,,5.0,5.0,4.0,4.0,-1.0,0.0,180,0,15,406,1.0,0.9230769230769231,0.9600000000000001,0.0,0.07692307692307693,86,0,21,494,1.0,0.8037383177570093,0.8911917098445596,0.0,0.19626168224299065,107,332,0,162,0.2437357630979499,1.0,0.39194139194139194,0.6720647773279352,0.0,ILLUSTRATIVE - not derived from operator financial data,2163.13,2141.26,21.87,1.0,False,False,1.7,18.7
leo_ntn,leo_hidden_in_rain,2,UT00,rf_subsystem,False,7.0,154.0,21.0,44.0,104.0,12,102,True,True,False,False,175.0,133.0,154.0,161.0,167.0,157.0,161.0,,,28.0,7.0,24.0,3.0,-4.0,21.0,188,12,7,394,0.94,0.9641025641025641,0.9518987341772152,0.029556650246305417,0.035897435897435895,86,0,21,494,1.0,0.8037383177570093,0.8911917098445596,0.0,0.19626168224299065,107,333,0,161,0.2431818181818182,1.0,0.3912248628884827,0.6740890688259109,0.0,ILLUSTRATIVE - not derived from operator financial data,2180.8,2150.18,30.62,1.4,False,False,1.7,18.7
leo_ntn,leo_hidden_in_rain,3,UT00,rf_subsystem,False,3.0,159.0,0.0,46.0,100.0,7,95,True,True,False,False,175.0,159.0,159.0,162.0,168.0,161.0,162.0,,,3.0,3.0,2.0,2.0,-1.0,0.0,181,7,14,399,0.9627659574468085,0.9282051282051282,0.9451697127937337,0.017241379310344827,0.07179487179487179,86,0,21,494,1.0,0.8037383177570093,0.8911917098445596,0.0,0.19626168224299065,107,332,0,162,0.2437357630979499,1.0,0.39194139194139194,0.6720647773279352,0.0,ILLUSTRATIVE - not derived from operator financial data,2156.4,2143.28,13.12,0.6,False,False,1.7,18.7
leo_ntn,leo_hidden_in_rain,4,UT00,rf_subsystem,False,3.0,154.0,0.0,43.0,107.0,12,99,True,True,False,False,175.0,154.0,154.0,157.0,163.0,157.0,157.0,,,3.0,3.0,3.0,3.0,0.0,0.0,185,12,10,394,0.9390862944162437,0.9487179487179487,0.9438775510204082,0.029556650246305417,0.05128205128205128,86,0,21,494,1.0,0.8037383177570093,0.8911917098445596,0.0,0.19626168224299065,107,337,0,157,0.240990990990991,1.0,0.38838475499092556,0.6821862348178138,0.0,ILLUSTRATIVE - not derived from operator financial data,2202.47,2189.34,13.13,0.6,False,False,1.7,18.7
leo_ntn,leo_hidden_in_rain,5,UT00,rf_subsystem,False,2.0,160.0,0.0,46.0,93.0,0,94,True,True,False,False,175.0,160.0,160.0,162.0,168.0,161.0,162.0,,,2.0,2.0,1.0,1.0,-1.0,0.0,180,0,15,406,1.0,0.9230769230769231,0.9600000000000001,0.0,0.07692307692307693,86,0,21,494,1.0,0.8037383177570093,0.8911917098445596,0.0,0.19626168224299065,107,332,0,162,0.2437357630979499,1.0,0.39194139194139194,0.6720647773279352,0.0,ILLUSTRATIVE - not derived from operator financial data,2090.13,2081.39,8.74,0.4,False,False,1.7,18.7
leo_ntn,leo_hidden_in_rain,6,UT00,rf_subsystem,False,6.0,155.0,0.0,42.0,93.0,1,97,True,True,False,False,175.0,155.0,155.0,161.0,167.0,157.0,161.0,,,6.0,6.0,2.0,2.0,-4.0,0.0,184,0,11,406,1.0,0.9435897435897436,0.9709762532981531,0.0,0.05641025641025641,86,0,21,494,1.0,0.8037383177570093,0.8911917098445596,0.0,0.19626168224299065,107,333,0,161,0.2431818181818182,1.0,0.3912248628884827,0.6740890688259109,0.0,ILLUSTRATIVE - not derived from operator financial data,2063.2,2036.96,26.24,1.3,False,False,1.7,18.7
leo_ntn,leo_hidden_in_rain,7,UT00,rf_subsystem,False,7.0,155.0,0.0,51.0,94.0,5,99,True,True,False,False,175.0,155.0,155.0,162.0,168.0,157.0,162.0,,,7.0,7.0,2.0,2.0,-5.0,0.0,185,5,10,401,0.9736842105263158,0.9487179487179487,0.9610389610389611,0.012315270935960592,0.05128205128205128,86,0,21,494,1.0,0.8037383177570093,0.8911917098445596,0.0,0.19626168224299065,107,332,0,162,0.2437357630979499,1.0,0.39194139194139194,0.6720647773279352,0.0,ILLUSTRATIVE - not derived from operator financial data,2133.27,2102.65,30.62,1.4,False,False,1.7,18.7
leo_ntn,leo_hidden_in_rain,8,UT00,rf_subsystem,False,7.0,155.0,0.0,48.0,96.0,0,97,True,True,False,False,175.0,155.0,155.0,162.0,168.0,157.0,162.0,,,7.0,7.0,2.0,2.0,-5.0,0.0,183,0,12,406,1.0,0.9384615384615385,0.9682539682539683,0.0,0.06153846153846154,86,0,21,494,1.0,0.8037383177570093,0.8911917098445596,0.0,0.19626168224299065,107,332,0,162,0.2437357630979499,1.0,0.39194139194139194,0.6720647773279352,0.0,ILLUSTRATIVE - not derived from operator financial data,2132.0,2101.38,30.62,1.4,False,False,1.7,18.7
leo_ntn,leo_hidden_in_rain,9,UT00,rf_subsystem,False,6.0,156.0,0.0,45.0,101.0,0,95,True,True,False,False,175.0,156.0,156.0,162.0,168.0,157.0,162.0,,,6.0,6.0,1.0,1.0,-5.0,0.0,181,0,14,406,1.0,0.9282051282051282,0.9627659574468085,0.0,0.07179487179487179,86,0,21,494,1.0,0.8037383177570093,0.8911917098445596,0.0,0.19626168224299065,107,332,0,162,0.2437357630979499,1.0,0.39194139194139194,0.6720647773279352,0.0,ILLUSTRATIVE - not derived from operator financial data,2159.13,2132.89,26.24,1.2,False,False,1.7,18.7
leo_ntn,leo_hidden_in_rain,10,UT00,rf_subsystem,False,7.0,155.0,0.0,45.0,99.0,2,97,True,True,False,False,175.0,155.0,155.0,162.0,168.0,157.0,162.0,,,7.0,7.0,2.0,2.0,-5.0,0.0,185,0,10,406,1.0,0.9487179487179487,0.9736842105263158,0.0,0.05128205128205128,86,0,21,494,1.0,0.8037383177570093,0.8911917098445596,0.0,0.19626168224299065,107,332,0,162,0.2437357630979499,1.0,0.39194139194139194,0.6720647773279352,0.0,ILLUSTRATIVE - not derived from operator financial data,2140.2,2109.58,30.62,1.4,False,False,1.7,18.7
leo_ntn,leo_hidden_in_rain,11,UT00,rf_subsystem,False,7.0,155.0,0.0,45.0,93.0,0,97,True,True,False,False,175.0,155.0,155.0,162.0,168.0,157.0,162.0,,,7.0,7.0,2.0,2.0,-5.0,0.0,183,0,12,406,1.0,0.9384615384615385,0.9682539682539683,0.0,0.06153846153846154,86,0,21,494,1.0,0.8037383177570093,0.8911917098445596,0.0,0.19626168224299065,107,332,0,162,0.2437357630979499,1.0,0.39194139194139194,0.6720647773279352,0.0,ILLUSTRATIVE - not derived from operator financial data,2083.4,2052.78,30.62,1.5,False,False,1.7,18.7
leo_ntn,leo_hidden_in_rain,12,UT00,rf_subsystem,False,7.0,155.0,0.0,40.0,100.0,1,99,True,True,False,False,175.0,155.0,155.0,162.0,168.0,157.0,162.0,,,7.0,7.0,2.0,2.0,-5.0,0.0,185,1,10,405,0.9946236559139785,0.9487179487179487,0.9711286089238845,0.0024630541871921183,0.05128205128205128,86,0,21,494,1.0,0.8037383177570093,0.8911917098445596,0.0,0.19626168224299065,107,332,0,162,0.2437357630979499,1.0,0.39194139194139194,0.6720647773279352,0.0,ILLUSTRATIVE - not derived from operator financial data,2116.0,2085.38,30.62,1.4,False,False,1.7,18.7
leo_ntn,leo_hidden_in_rain,13,UT00,rf_subsystem,False,7.0,155.0,0.0,38.0,100.0,0,99,True,True,False,False,175.0,155.0,155.0,162.0,168.0,161.0,162.0,,,7.0,7.0,6.0,6.0,-1.0,0.0,185,0,10,406,1.0,0.9487179487179487,0.9736842105263158,0.0,0.05128205128205128,86,0,21,494,1.0,0.8037383177570093,0.8911917098445596,0.0,0.19626168224299065,107,332,0,162,0.2437357630979499,1.0,0.39194139194139194,0.6720647773279352,0.0,ILLUSTRATIVE - not derived from operator financial data,2102.53,2071.92,30.61,1.5,False,False,1.7,18.7
leo_ntn,leo_hidden_in_rain,14,UT00,rf_subsystem,False,7.0,155.0,0.0,48.0,98.0,11,99,True,True,False,False,175.0,155.0,155.0,162.0,168.0,157.0,162.0,,,7.0,7.0,2.0,2.0,-5.0,0.0,185,11,10,395,0.9438775510204082,0.9487179487179487,0.9462915601023018,0.027093596059113302,0.05128205128205128,86,0,21,494,1.0,0.8037383177570093,0.8911917098445596,0.0,0.19626168224299065,107,332,0,162,0.2437357630979499,1.0,0.39194139194139194,0.6720647773279352,0.0,ILLUSTRATIVE - not derived from operator financial data,2150.93,2120.32,30.61,1.4,False,False,1.7,18.7
leo_ntn,leo_hidden_in_rain,15,UT00,rf_subsystem,False,5.0,157.0,0.0,44.0,97.0,3,95,True,True,False,False,175.0,157.0,157.0,162.0,168.0,157.0,162.0,,,5.0,5.0,0.0,0.0,-5.0,0.0,181,3,14,403,0.9836956521739131,0.9282051282051282,0.9551451187335093,0.007389162561576354,0.07179487179487179,86,0,21,494,1.0,0.8037383177570093,0.8911917098445596,0.0,0.19626168224299065,107,332,0,162,0.2437357630979499,1.0,0.39194139194139194,0.6720647773279352,0.0,ILLUSTRATIVE - not derived from operator financial data,2114.53,2092.66,21.87,1.0,False,False,1.7,18.7
leo_ntn,leo_hidden_in_rain,1,UT00,rf_subsystem,False,5.0,157.0,0.0,6.0,166.0,1,93,True,True,False,False,175.0,157.0,157.0,162.0,168.0,161.0,162.0,,,5.0,5.0,4.0,4.0,-1.0,0.0,180,0,15,406,1.0,0.9230769230769231,0.9600000000000001,0.0,0.07692307692307693,86,0,21,494,1.0,0.8037383177570093,0.8911917098445596,0.0,0.19626168224299065,107,332,0,162,0.2437357630979499,1.0,0.39194139194139194,0.6720647773279352,0.0,ILLUSTRATIVE - not derived from operator financial data,2511.87,2490.0,21.87,0.9,False,False,2.2,24.200000000000003
leo_ntn,leo_hidden_in_rain,2,UT00,rf_subsystem,False,7.0,154.0,21.0,4.0,169.0,12,102,True,True,False,False,175.0,133.0,154.0,161.0,167.0,157.0,161.0,,,28.0,7.0,24.0,3.0,-4.0,21.0,188,12,7,394,0.94,0.9641025641025641,0.9518987341772152,0.029556650246305417,0.035897435897435895,86,0,21,494,1.0,0.8037383177570093,0.8911917098445596,0.0,0.19626168224299065,107,333,0,161,0.2431818181818182,1.0,0.3912248628884827,0.6740890688259109,0.0,ILLUSTRATIVE - not derived from operator financial data,2526.8,2496.79,30.01,1.2,False,False,2.2,24.200000000000003
leo_ntn,leo_hidden_in_rain,3,UT00,rf_subsystem,False,3.0,159.0,0.0,4.0,168.0,7,95,True,True,False,False,175.0,159.0,159.0,162.0,168.0,161.0,162.0,,,3.0,3.0,2.0,2.0,-1.0,0.0,181,7,14,399,0.9627659574468085,0.9282051282051282,0.9451697127937337,0.017241379310344827,0.07179487179487179,86,0,21,494,1.0,0.8037383177570093,0.8911917098445596,0.0,0.19626168224299065,107,332,0,162,0.2437357630979499,1.0,0.39194139194139194,0.6720647773279352,0.0,ILLUSTRATIVE - not derived from operator financial data,2517.33,2504.21,13.12,0.5,False,False,2.2,24.200000000000003
leo_ntn,leo_hidden_in_rain,4,UT00,rf_subsystem,False,3.0,154.0,0.0,3.0,170.0,11,100,True,True,False,False,175.0,154.0,154.0,157.0,163.0,157.0,157.0,,,3.0,3.0,3.0,3.0,0.0,0.0,185,12,10,394,0.9390862944162437,0.9487179487179487,0.9438775510204082,0.029556650246305417,0.05128205128205128,86,0,21,494,1.0,0.8037383177570093,0.8911917098445596,0.0,0.19626168224299065,107,337,0,157,0.240990990990991,1.0,0.38838475499092556,0.6821862348178138,0.0,ILLUSTRATIVE - not derived from operator financial data,2529.53,2516.41,13.12,0.5,False,False,2.2,24.200000000000003
leo_ntn,leo_hidden_in_rain,5,UT00,rf_subsystem,False,2.0,160.0,0.0,8.0,164.0,0,94,True,True,False,False,175.0,160.0,160.0,162.0,168.0,161.0,162.0,,,2.0,2.0,1.0,1.0,-1.0,0.0,180,0,15,406,1.0,0.9230769230769231,0.9600000000000001,0.0,0.07692307692307693,86,0,21,494,1.0,0.8037383177570093,0.8911917098445596,0.0,0.19626168224299065,107,332,0,162,0.2437357630979499,1.0,0.39194139194139194,0.6720647773279352,0.0,ILLUSTRATIVE - not derived from operator financial data,2506.4,2497.65,8.75,0.3,False,False,2.2,24.200000000000003
leo_ntn,leo_hidden_in_rain,6,UT00,rf_subsystem,False,6.0,155.0,0.0,8.0,165.0,1,97,True,True,False,False,175.0,155.0,155.0,161.0,167.0,157.0,161.0,,,6.0,6.0,2.0,2.0,-4.0,0.0,184,0,11,406,1.0,0.9435897435897436,0.9709762532981531,0.0,0.05641025641025641,86,0,21,494,1.0,0.8037383177570093,0.8911917098445596,0.0,0.19626168224299065,107,333,0,161,0.2431818181818182,1.0,0.3912248628884827,0.6740890688259109,0.0,ILLUSTRATIVE - not derived from operator financial data,2515.87,2489.62,26.25,1.0,False,False,2.2,24.200000000000003
leo_ntn,leo_hidden_in_rain,7,UT00,rf_subsystem,False,7.0,155.0,0.0,8.0,165.0,5,99,True,True,False,False,175.0,155.0,155.0,162.0,168.0,157.0,162.0,,,7.0,7.0,2.0,2.0,-5.0,0.0,185,5,10,401,0.9736842105263158,0.9487179487179487,0.9610389610389611,0.012315270935960592,0.05128205128205128,86,0,21,494,1.0,0.8037383177570093,0.8911917098445596,0.0,0.19626168224299065,107,332,0,162,0.2437357630979499,1.0,0.39194139194139194,0.6720647773279352,0.0,ILLUSTRATIVE - not derived from operator financial data,2515.87,2485.25,30.62,1.2,False,False,2.2,24.200000000000003
leo_ntn,leo_hidden_in_rain,8,UT00,rf_subsystem,False,7.0,155.0,0.0,10.0,162.0,0,97,True,True,False,False,175.0,155.0,155.0,162.0,168.0,157.0,162.0,,,7.0,7.0,2.0,2.0,-5.0,0.0,183,0,12,406,1.0,0.9384615384615385,0.9682539682539683,0.0,0.06153846153846154,86,0,21,494,1.0,0.8037383177570093,0.8911917098445596,0.0,0.19626168224299065,107,332,0,162,0.2437357630979499,1.0,0.39194139194139194,0.6720647773279352,0.0,ILLUSTRATIVE - not derived from operator financial data,2500.93,2470.32,30.61,1.2,False,False,2.2,24.200000000000003
leo_ntn,leo_hidden_in_rain,9,UT00,rf_subsystem,False,6.0,156.0,0.0,7.0,166.0,0,95,True,True,False,False,175.0,156.0,156.0,162.0,168.0,157.0,162.0,,,6.0,6.0,1.0,1.0,-5.0,0.0,181,0,14,406,1.0,0.9282051282051282,0.9627659574468085,0.0,0.07179487179487179,86,0,21,494,1.0,0.8037383177570093,0.8911917098445596,0.0,0.19626168224299065,107,332,0,162,0.2437357630979499,1.0,0.39194139194139194,0.6720647773279352,0.0,ILLUSTRATIVE - not derived from operator financial data,2518.6,2492.36,26.24,1.0,False,False,2.2,24.200000000000003
leo_ntn,leo_hidden_in_rain,10,UT00,rf_subsystem,False,7.0,155.0,0.0,7.0,166.0,2,97,True,True,False,False,175.0,155.0,155.0,162.0,168.0,157.0,162.0,,,7.0,7.0,2.0,2.0,-5.0,0.0,185,0,10,406,1.0,0.9487179487179487,0.9736842105263158,0.0,0.05128205128205128,86,0,21,494,1.0,0.8037383177570093,0.8911917098445596,0.0,0.19626168224299065,107,332,0,162,0.2437357630979499,1.0,0.39194139194139194,0.6720647773279352,0.0,ILLUSTRATIVE - not derived from operator financial data,2518.6,2487.98,30.62,1.2,False,False,2.2,24.200000000000003
leo_ntn,leo_hidden_in_rain,11,UT00,rf_subsystem,False,7.0,155.0,0.0,9.0,164.0,1,96,True,True,False,False,175.0,155.0,155.0,162.0,168.0,157.0,162.0,,,7.0,7.0,2.0,2.0,-5.0,0.0,183,0,12,406,1.0,0.9384615384615385,0.9682539682539683,0.0,0.06153846153846154,86,0,21,494,1.0,0.8037383177570093,0.8911917098445596,0.0,0.19626168224299065,107,332,0,162,0.2437357630979499,1.0,0.39194139194139194,0.6720647773279352,0.0,ILLUSTRATIVE - not derived from operator financial data,2513.13,2482.52,30.61,1.2,False,False,2.2,24.200000000000003
leo_ntn,leo_hidden_in_rain,12,UT00,rf_subsystem,False,7.0,155.0,0.0,9.0,164.0,1,99,True,True,False,False,175.0,155.0,155.0,162.0,168.0,157.0,162.0,,,7.0,7.0,2.0,2.0,-5.0,0.0,185,1,10,405,0.9946236559139785,0.9487179487179487,0.9711286089238845,0.0024630541871921183,0.05128205128205128,86,0,21,494,1.0,0.8037383177570093,0.8911917098445596,0.0,0.19626168224299065,107,332,0,162,0.2437357630979499,1.0,0.39194139194139194,0.6720647773279352,0.0,ILLUSTRATIVE - not derived from operator financial data,2513.13,2482.52,30.61,1.2,False,False,2.2,24.200000000000003
leo_ntn,leo_hidden_in_rain,13,UT00,rf_subsystem,False,7.0,155.0,0.0,6.0,166.0,0,99,True,True,False,False,175.0,155.0,155.0,162.0,168.0,161.0,162.0,,,7.0,7.0,6.0,6.0,-1.0,0.0,185,0,10,406,1.0,0.9487179487179487,0.9736842105263158,0.0,0.05128205128205128,86,0,21,494,1.0,0.8037383177570093,0.8911917098445596,0.0,0.19626168224299065,107,332,0,162,0.2437357630979499,1.0,0.39194139194139194,0.6720647773279352,0.0,ILLUSTRATIVE - not derived from operator financial data,2511.87,2481.25,30.62,1.2,False,False,2.2,24.200000000000003
leo_ntn,leo_hidden_in_rain,14,UT00,rf_subsystem,False,7.0,155.0,0.0,8.0,165.0,11,99,True,True,False,False,175.0,155.0,155.0,162.0,168.0,157.0,162.0,,,7.0,7.0,2.0,2.0,-5.0,0.0,185,11,10,395,0.9438775510204082,0.9487179487179487,0.9462915601023018,0.027093596059113302,0.05128205128205128,86,0,21,494,1.0,0.8037383177570093,0.8911917098445596,0.0,0.19626168224299065,107,332,0,162,0.2437357630979499,1.0,0.39194139194139194,0.6720647773279352,0.0,ILLUSTRATIVE - not derived from operator financial data,2515.87,2485.25,30.62,1.2,False,False,2.2,24.200000000000003
leo_ntn,leo_hidden_in_rain,15,UT00,rf_subsystem,False,5.0,157.0,0.0,9.0,164.0,3,95,True,True,False,False,175.0,157.0,157.0,162.0,168.0,157.0,162.0,,,5.0,5.0,0.0,0.0,-5.0,0.0,181,3,14,403,0.9836956521739131,0.9282051282051282,0.9551451187335093,0.007389162561576354,0.07179487179487179,86,0,21,494,1.0,0.8037383177570093,0.8911917098445596,0.0,0.19626168224299065,107,332,0,162,0.2437357630979499,1.0,0.39194139194139194,0.6720647773279352,0.0,ILLUSTRATIVE - not derived from operator financial data,2513.13,2491.26,21.87,0.9,False,False,2.2,24.200000000000003
